2026-06-01 02:52:46.301  INFO 24624 --- [restartedMain] com.sisol.salud.SisolSaludApplication    : Starting SisolSaludApplication using Java 21.0.10 with PID 24624 (C:\Users\fabri\OneDrive\Desktop\Repositorios\Proyecto-Integrador\target\classes started by fabri in C:\Users\fabri\OneDrive\Desktop\Repositorios\Proyecto-Integrador)
2026-06-01 02:52:46.302 DEBUG 24624 --- [restartedMain] com.sisol.salud.SisolSaludApplication    : Running with Spring Boot v3.5.9, Spring v6.2.15
2026-06-01 02:52:46.302  INFO 24624 --- [restartedMain] com.sisol.salud.SisolSaludApplication    : No active profile set, falling back to 1 default profile: "default"
2026-06-01 02:52:46.581  INFO 24624 --- [restartedMain] .s.d.r.c.RepositoryConfigurationDelegate : Bootstrapping Spring Data JPA repositories in DEFAULT mode.
2026-06-01 02:52:46.604  INFO 24624 --- [restartedMain] .s.d.r.c.RepositoryConfigurationDelegate : Finished Spring Data repository scanning in 22 ms. Found 7 JPA repository interfaces.
2026-06-01 02:52:46.674  INFO 24624 --- [restartedMain] o.s.b.w.embedded.tomcat.TomcatWebServer  : Tomcat initialized with port 8080 (http)
2026-06-01 02:52:46.675  INFO 24624 --- [restartedMain] o.apache.catalina.core.StandardService   : Starting service [Tomcat]
2026-06-01 02:52:46.675  INFO 24624 --- [restartedMain] o.apache.catalina.core.StandardEngine    : Starting Servlet engine: [Apache Tomcat/10.1.50]
2026-06-01 02:52:46.693  INFO 24624 --- [restartedMain] o.a.c.c.C.[Tomcat].[localhost].[/]       : Initializing Spring embedded WebApplicationContext
2026-06-01 02:52:46.693  INFO 24624 --- [restartedMain] w.s.c.ServletWebServerApplicationContext : Root WebApplicationContext: initialization completed in 389 ms
2026-06-01 02:52:46.725  INFO 24624 --- [restartedMain] o.hibernate.jpa.internal.util.LogHelper  : HHH000204: Processing PersistenceUnitInfo [name: default]
2026-06-01 02:52:46.731  INFO 24624 --- [restartedMain] o.h.c.internal.RegionFactoryInitiator    : HHH000026: Second-level cache disabled
2026-06-01 02:52:46.734  INFO 24624 --- [restartedMain] o.h.e.boot.internal.EnversServiceImpl    : Envers integration enabled? : true
2026-06-01 02:52:46.741  INFO 24624 --- [restartedMain] o.s.o.j.p.SpringPersistenceUnitInfo      : No LoadTimeWeaver setup: ignoring JPA class transformer
2026-06-01 02:52:46.742  INFO 24624 --- [restartedMain] com.zaxxer.hikari.HikariDataSource       : HikariPool-2 - Starting...
2026-06-01 02:52:46.746  INFO 24624 --- [restartedMain] com.zaxxer.hikari.pool.HikariPool        : HikariPool-2 - Added connection com.mysql.cj.jdbc.ConnectionImpl@5d6988ce
2026-06-01 02:52:46.746  INFO 24624 --- [restartedMain] com.zaxxer.hikari.HikariDataSource       : HikariPool-2 - Start completed.
2026-06-01 02:52:46.747  WARN 24624 --- [restartedMain] org.hibernate.orm.deprecation            : HHH90000025: MySQLDialect does not need to be specified explicitly using 'hibernate.dialect' (remove the property setting and it will be selected by default)
2026-06-01 02:52:46.747  INFO 24624 --- [restartedMain] org.hibernate.orm.connections.pooling    : HHH10001005: Database info:
	Database JDBC URL [Connecting through datasource 'HikariDataSource (HikariPool-2)']
	Database driver: undefined/unknown
	Database version: 8.0.45
	Autocommit mode: undefined/unknown
	Isolation level: undefined/unknown
	Minimum pool size: undefined/unknown
	Maximum pool size: undefined/unknown
2026-06-01 02:52:46.783  INFO 24624 --- [restartedMain] o.h.e.c.i.m.AuditMetadataGenerator       : Adding properties for entity: com.sisol.salud.model.entity.Cita
2026-06-01 02:52:46.783  INFO 24624 --- [restartedMain] o.h.e.c.i.m.AuditMetadataGenerator       : Adding properties for entity: com.sisol.salud.model.entity.Paciente
2026-06-01 02:52:46.783  INFO 24624 --- [restartedMain] o.h.e.c.i.m.AuditMetadataGenerator       : Adding properties for entity: com.sisol.salud.model.entity.Especialidad
2026-06-01 02:52:46.784  INFO 24624 --- [restartedMain] o.h.e.c.i.m.AuditMetadataGenerator       : Adding properties for entity: com.sisol.salud.model.entity.Medico
2026-06-01 02:52:46.784  INFO 24624 --- [restartedMain] o.h.e.c.i.m.AuditMetadataGenerator       : Adding properties for entity: com.sisol.salud.model.entity.Usuario
2026-06-01 02:52:46.911  INFO 24624 --- [restartedMain] o.h.e.t.j.p.i.JtaPlatformInitiator       : HHH000489: No JTA platform available (set 'hibernate.transaction.jta.platform' to enable JTA platform integration)
2026-06-01 02:52:46.960  INFO 24624 --- [restartedMain] j.LocalContainerEntityManagerFactoryBean : Initialized JPA EntityManagerFactory for persistence unit 'default'
2026-06-01 02:52:46.986 DEBUG 24624 --- [restartedMain] c.s.s.s.jwt.JwtAuthenticationFilter      : Filter 'jwtAuthenticationFilter' configured for use
2026-06-01 02:52:47.007  INFO 24624 --- [restartedMain] eAuthenticationProviderManagerConfigurer : Global AuthenticationManager configured with AuthenticationProvider bean with name authenticationProvider
2026-06-01 02:52:47.008  WARN 24624 --- [restartedMain] r$InitializeUserDetailsManagerConfigurer : Global AuthenticationManager configured with an AuthenticationProvider bean. UserDetailsService beans will not be used by Spring Security for automatically configuring username/password login. Consider removing the AuthenticationProvider bean. Alternatively, consider using the UserDetailsService in a manually instantiated DaoAuthenticationProvider. If the current configuration is intentional, to turn off this warning, increase the logging level of 'org.springframework.security.config.annotation.authentication.configuration.InitializeUserDetailsBeanManagerConfigurer' to ERROR
2026-06-01 02:52:47.116  WARN 24624 --- [restartedMain] JpaBaseConfiguration$JpaWebConfiguration : spring.jpa.open-in-view is enabled by default. Therefore, database queries may be performed during view rendering. Explicitly configure spring.jpa.open-in-view to disable this warning
2026-06-01 02:52:47.122  INFO 24624 --- [restartedMain] o.s.b.a.w.s.WelcomePageHandlerMapping    : Adding welcome page template: index
2026-06-01 02:52:47.180  INFO 24624 --- [restartedMain] o.s.b.a.e.web.EndpointLinksResolver      : Exposing 5 endpoints beneath base path '/actuator'
2026-06-01 02:52:47.257  INFO 24624 --- [restartedMain] o.s.b.d.a.OptionalLiveReloadServer       : LiveReload server is running on port 35729
2026-06-01 02:52:47.269  INFO 24624 --- [restartedMain] o.s.b.w.embedded.tomcat.TomcatWebServer  : Tomcat started on port 8080 (http) with context path '/'
2026-06-01 02:52:47.274  INFO 24624 --- [restartedMain] com.sisol.salud.SisolSaludApplication    : Started SisolSaludApplication in 1.017 seconds (process running for 1675.582)
2026-06-01 02:52:47.276  INFO 24624 --- [restartedMain] .ConditionEvaluationDeltaLoggingListener : Condition evaluation unchanged
2026-06-01 02:54:28.375  INFO 24624 --- [http-nio-8080-exec-1] o.a.c.c.C.[Tomcat].[localhost].[/]       : Initializing Spring DispatcherServlet 'dispatcherServlet'
2026-06-01 02:54:28.375  INFO 24624 --- [http-nio-8080-exec-1] o.s.web.servlet.DispatcherServlet        : Initializing Servlet 'dispatcherServlet'
2026-06-01 02:54:28.376  INFO 24624 --- [http-nio-8080-exec-1] o.s.web.servlet.DispatcherServlet        : Completed initialization in 1 ms
2026-06-01 03:03:03.577 DEBUG 24624 --- [http-nio-8080-exec-3] org.hibernate.SQL                        : 
    select
        m1_0.id,
        m1_0.created_at,
        m1_0.especialidad_id,
        m1_0.numero_colegiatura,
        m1_0.updated_at,
        m1_0.usuario_id 
    from
        medicos m1_0
2026-06-01 03:03:03.582 DEBUG 24624 --- [http-nio-8080-exec-3] org.hibernate.SQL                        : 
    select
        u1_0.id,
        u1_0.activo,
        u1_0.apellido,
        u1_0.created_at,
        u1_0.dni,
        u1_0.email,
        u1_0.nombre,
        u1_0.password,
        u1_0.rol,
        u1_0.telefono,
        u1_0.updated_at 
    from
        usuarios u1_0 
    where
        u1_0.id=?
2026-06-01 03:03:03.585 DEBUG 24624 --- [http-nio-8080-exec-3] org.hibernate.SQL                        : 
    select
        e1_0.id,
        e1_0.activo,
        e1_0.created_at,
        e1_0.descripcion,
        e1_0.nombre 
    from
        especialidades e1_0 
    where
        e1_0.id=?
2026-06-01 03:03:03.588 DEBUG 24624 --- [http-nio-8080-exec-3] org.hibernate.SQL                        : 
    select
        u1_0.id,
        u1_0.activo,
        u1_0.apellido,
        u1_0.created_at,
        u1_0.dni,
        u1_0.email,
        u1_0.nombre,
        u1_0.password,
        u1_0.rol,
        u1_0.telefono,
        u1_0.updated_at 
    from
        usuarios u1_0 
    where
        u1_0.id=?
2026-06-01 03:03:03.590 DEBUG 24624 --- [http-nio-8080-exec-3] org.hibernate.SQL                        : 
    select
        e1_0.id,
        e1_0.activo,
        e1_0.created_at,
        e1_0.descripcion,
        e1_0.nombre 
    from
        especialidades e1_0 
    where
        e1_0.id=?
2026-06-01 03:03:03.594 DEBUG 24624 --- [http-nio-8080-exec-3] org.hibernate.SQL                        : 
    select
        u1_0.id,
        u1_0.activo,
        u1_0.apellido,
        u1_0.created_at,
        u1_0.dni,
        u1_0.email,
        u1_0.nombre,
        u1_0.password,
        u1_0.rol,
        u1_0.telefono,
        u1_0.updated_at 
    from
        usuarios u1_0 
    where
        u1_0.id=?
2026-06-01 03:03:03.596 DEBUG 24624 --- [http-nio-8080-exec-3] org.hibernate.SQL                        : 
    select
        e1_0.id,
        e1_0.activo,
        e1_0.created_at,
        e1_0.descripcion,
        e1_0.nombre 
    from
        especialidades e1_0 
    where
        e1_0.id=?
2026-06-01 03:03:03.599 DEBUG 24624 --- [http-nio-8080-exec-3] org.hibernate.SQL                        : 
    select
        e1_0.id,
        e1_0.activo,
        e1_0.created_at,
        e1_0.descripcion,
        e1_0.nombre 
    from
        especialidades e1_0
2026-06-01 03:03:26.573  WARN 24624 --- [http-nio-8080-exec-8] .m.m.a.ExceptionHandlerExceptionResolver : Resolved [org.springframework.web.servlet.resource.NoResourceFoundException: No static resource img/hospital-bg.jpg.]
2026-06-01 03:19:42.944 DEBUG 24624 --- [http-nio-8080-exec-1] org.hibernate.SQL                        : 
    select
        m1_0.id,
        m1_0.created_at,
        m1_0.especialidad_id,
        m1_0.numero_colegiatura,
        m1_0.updated_at,
        m1_0.usuario_id 
    from
        medicos m1_0
2026-06-01 03:19:42.949 DEBUG 24624 --- [http-nio-8080-exec-1] org.hibernate.SQL                        : 
    select
        u1_0.id,
        u1_0.activo,
        u1_0.apellido,
        u1_0.created_at,
        u1_0.dni,
        u1_0.email,
        u1_0.nombre,
        u1_0.password,
        u1_0.rol,
        u1_0.telefono,
        u1_0.updated_at 
    from
        usuarios u1_0 
    where
        u1_0.id=?
2026-06-01 03:19:42.951 DEBUG 24624 --- [http-nio-8080-exec-1] org.hibernate.SQL                        : 
    select
        e1_0.id,
        e1_0.activo,
        e1_0.created_at,
        e1_0.descripcion,
        e1_0.nombre 
    from
        especialidades e1_0 
    where
        e1_0.id=?
2026-06-01 03:19:42.954 DEBUG 24624 --- [http-nio-8080-exec-1] org.hibernate.SQL                        : 
    select
        u1_0.id,
        u1_0.activo,
        u1_0.apellido,
        u1_0.created_at,
        u1_0.dni,
        u1_0.email,
        u1_0.nombre,
        u1_0.password,
        u1_0.rol,
        u1_0.telefono,
        u1_0.updated_at 
    from
        usuarios u1_0 
    where
        u1_0.id=?
2026-06-01 03:19:42.956 DEBUG 24624 --- [http-nio-8080-exec-1] org.hibernate.SQL                        : 
    select
        e1_0.id,
        e1_0.activo,
        e1_0.created_at,
        e1_0.descripcion,
        e1_0.nombre 
    from
        especialidades e1_0 
    where
        e1_0.id=?
2026-06-01 03:19:42.959 DEBUG 24624 --- [http-nio-8080-exec-1] org.hibernate.SQL                        : 
    select
        u1_0.id,
        u1_0.activo,
        u1_0.apellido,
        u1_0.created_at,
        u1_0.dni,
        u1_0.email,
        u1_0.nombre,
        u1_0.password,
        u1_0.rol,
        u1_0.telefono,
        u1_0.updated_at 
    from
        usuarios u1_0 
    where
        u1_0.id=?
2026-06-01 03:19:42.961 DEBUG 24624 --- [http-nio-8080-exec-1] org.hibernate.SQL                        : 
    select
        e1_0.id,
        e1_0.activo,
        e1_0.created_at,
        e1_0.descripcion,
        e1_0.nombre 
    from
        especialidades e1_0 
    where
        e1_0.id=?
2026-06-01 03:19:42.964 DEBUG 24624 --- [http-nio-8080-exec-1] org.hibernate.SQL                        : 
    select
        e1_0.id,
        e1_0.activo,
        e1_0.created_at,
        e1_0.descripcion,
        e1_0.nombre 
    from
        especialidades e1_0
2026-06-01 03:22:41.695 DEBUG 24624 --- [http-nio-8080-exec-5] org.hibernate.SQL                        : 
    select
        m1_0.id,
        m1_0.created_at,
        m1_0.especialidad_id,
        m1_0.numero_colegiatura,
        m1_0.updated_at,
        m1_0.usuario_id 
    from
        medicos m1_0
2026-06-01 03:22:41.697 DEBUG 24624 --- [http-nio-8080-exec-5] org.hibernate.SQL                        : 
    select
        u1_0.id,
        u1_0.activo,
        u1_0.apellido,
        u1_0.created_at,
        u1_0.dni,
        u1_0.email,
        u1_0.nombre,
        u1_0.password,
        u1_0.rol,
        u1_0.telefono,
        u1_0.updated_at 
    from
        usuarios u1_0 
    where
        u1_0.id=?
2026-06-01 03:22:41.697 DEBUG 24624 --- [http-nio-8080-exec-5] org.hibernate.SQL                        : 
    select
        e1_0.id,
        e1_0.activo,
        e1_0.created_at,
        e1_0.descripcion,
        e1_0.nombre 
    from
        especialidades e1_0 
    where
        e1_0.id=?
2026-06-01 03:22:41.699 DEBUG 24624 --- [http-nio-8080-exec-5] org.hibernate.SQL                        : 
    select
        u1_0.id,
        u1_0.activo,
        u1_0.apellido,
        u1_0.created_at,
        u1_0.dni,
        u1_0.email,
        u1_0.nombre,
        u1_0.password,
        u1_0.rol,
        u1_0.telefono,
        u1_0.updated_at 
    from
        usuarios u1_0 
    where
        u1_0.id=?
2026-06-01 03:22:41.701 DEBUG 24624 --- [http-nio-8080-exec-5] org.hibernate.SQL                        : 
    select
        e1_0.id,
        e1_0.activo,
        e1_0.created_at,
        e1_0.descripcion,
        e1_0.nombre 
    from
        especialidades e1_0 
    where
        e1_0.id=?
2026-06-01 03:22:41.702 DEBUG 24624 --- [http-nio-8080-exec-5] org.hibernate.SQL                        : 
    select
        u1_0.id,
        u1_0.activo,
        u1_0.apellido,
        u1_0.created_at,
        u1_0.dni,
        u1_0.email,
        u1_0.nombre,
        u1_0.password,
        u1_0.rol,
        u1_0.telefono,
        u1_0.updated_at 
    from
        usuarios u1_0 
    where
        u1_0.id=?
2026-06-01 03:22:41.703 DEBUG 24624 --- [http-nio-8080-exec-5] org.hibernate.SQL                        : 
    select
        e1_0.id,
        e1_0.activo,
        e1_0.created_at,
        e1_0.descripcion,
        e1_0.nombre 
    from
        especialidades e1_0 
    where
        e1_0.id=?
2026-06-01 03:22:41.705 DEBUG 24624 --- [http-nio-8080-exec-5] org.hibernate.SQL                        : 
    select
        e1_0.id,
        e1_0.activo,
        e1_0.created_at,
        e1_0.descripcion,
        e1_0.nombre 
    from
        especialidades e1_0
2026-06-01 03:23:25.071 DEBUG 24624 --- [http-nio-8080-exec-9] org.hibernate.SQL                        : 
    select
        m1_0.id,
        m1_0.created_at,
        m1_0.especialidad_id,
        m1_0.numero_colegiatura,
        m1_0.updated_at,
        m1_0.usuario_id 
    from
        medicos m1_0
2026-06-01 03:23:25.073 DEBUG 24624 --- [http-nio-8080-exec-9] org.hibernate.SQL                        : 
    select
        u1_0.id,
        u1_0.activo,
        u1_0.apellido,
        u1_0.created_at,
        u1_0.dni,
        u1_0.email,
        u1_0.nombre,
        u1_0.password,
        u1_0.rol,
        u1_0.telefono,
        u1_0.updated_at 
    from
        usuarios u1_0 
    where
        u1_0.id=?
2026-06-01 03:23:25.075 DEBUG 24624 --- [http-nio-8080-exec-9] org.hibernate.SQL                        : 
    select
        e1_0.id,
        e1_0.activo,
        e1_0.created_at,
        e1_0.descripcion,
        e1_0.nombre 
    from
        especialidades e1_0 
    where
        e1_0.id=?
2026-06-01 03:23:25.076 DEBUG 24624 --- [http-nio-8080-exec-9] org.hibernate.SQL                        : 
    select
        u1_0.id,
        u1_0.activo,
        u1_0.apellido,
        u1_0.created_at,
        u1_0.dni,
        u1_0.email,
        u1_0.nombre,
        u1_0.password,
        u1_0.rol,
        u1_0.telefono,
        u1_0.updated_at 
    from
        usuarios u1_0 
    where
        u1_0.id=?
2026-06-01 03:23:25.077 DEBUG 24624 --- [http-nio-8080-exec-9] org.hibernate.SQL                        : 
    select
        e1_0.id,
        e1_0.activo,
        e1_0.created_at,
        e1_0.descripcion,
        e1_0.nombre 
    from
        especialidades e1_0 
    where
        e1_0.id=?
2026-06-01 03:23:25.078 DEBUG 24624 --- [http-nio-8080-exec-9] org.hibernate.SQL                        : 
    select
        u1_0.id,
        u1_0.activo,
        u1_0.apellido,
        u1_0.created_at,
        u1_0.dni,
        u1_0.email,
        u1_0.nombre,
        u1_0.password,
        u1_0.rol,
        u1_0.telefono,
        u1_0.updated_at 
    from
        usuarios u1_0 
    where
        u1_0.id=?
2026-06-01 03:23:25.079 DEBUG 24624 --- [http-nio-8080-exec-9] org.hibernate.SQL                        : 
    select
        e1_0.id,
        e1_0.activo,
        e1_0.created_at,
        e1_0.descripcion,
        e1_0.nombre 
    from
        especialidades e1_0 
    where
        e1_0.id=?
2026-06-01 03:23:25.082 DEBUG 24624 --- [http-nio-8080-exec-9] org.hibernate.SQL                        : 
    select
        e1_0.id,
        e1_0.activo,
        e1_0.created_at,
        e1_0.descripcion,
        e1_0.nombre 
    from
        especialidades e1_0
2026-06-01 03:23:37.936 DEBUG 24624 --- [http-nio-8080-exec-5] org.hibernate.SQL                        : 
    select
        m1_0.id,
        m1_0.created_at,
        m1_0.especialidad_id,
        m1_0.numero_colegiatura,
        m1_0.updated_at,
        m1_0.usuario_id 
    from
        medicos m1_0
2026-06-01 03:23:37.938 DEBUG 24624 --- [http-nio-8080-exec-5] org.hibernate.SQL                        : 
    select
        u1_0.id,
        u1_0.activo,
        u1_0.apellido,
        u1_0.created_at,
        u1_0.dni,
        u1_0.email,
        u1_0.nombre,
        u1_0.password,
        u1_0.rol,
        u1_0.telefono,
        u1_0.updated_at 
    from
        usuarios u1_0 
    where
        u1_0.id=?
2026-06-01 03:23:37.940 DEBUG 24624 --- [http-nio-8080-exec-5] org.hibernate.SQL                        : 
    select
        e1_0.id,
        e1_0.activo,
        e1_0.created_at,
        e1_0.descripcion,
        e1_0.nombre 
    from
        especialidades e1_0 
    where
        e1_0.id=?
2026-06-01 03:23:37.941 DEBUG 24624 --- [http-nio-8080-exec-5] org.hibernate.SQL                        : 
    select
        u1_0.id,
        u1_0.activo,
        u1_0.apellido,
        u1_0.created_at,
        u1_0.dni,
        u1_0.email,
        u1_0.nombre,
        u1_0.password,
        u1_0.rol,
        u1_0.telefono,
        u1_0.updated_at 
    from
        usuarios u1_0 
    where
        u1_0.id=?
2026-06-01 03:23:37.943 DEBUG 24624 --- [http-nio-8080-exec-5] org.hibernate.SQL                        : 
    select
        e1_0.id,
        e1_0.activo,
        e1_0.created_at,
        e1_0.descripcion,
        e1_0.nombre 
    from
        especialidades e1_0 
    where
        e1_0.id=?
2026-06-01 03:23:37.944 DEBUG 24624 --- [http-nio-8080-exec-5] org.hibernate.SQL                        : 
    select
        u1_0.id,
        u1_0.activo,
        u1_0.apellido,
        u1_0.created_at,
        u1_0.dni,
        u1_0.email,
        u1_0.nombre,
        u1_0.password,
        u1_0.rol,
        u1_0.telefono,
        u1_0.updated_at 
    from
        usuarios u1_0 
    where
        u1_0.id=?
2026-06-01 03:23:37.945 DEBUG 24624 --- [http-nio-8080-exec-5] org.hibernate.SQL                        : 
    select
        e1_0.id,
        e1_0.activo,
        e1_0.created_at,
        e1_0.descripcion,
        e1_0.nombre 
    from
        especialidades e1_0 
    where
        e1_0.id=?
2026-06-01 03:23:37.947 DEBUG 24624 --- [http-nio-8080-exec-5] org.hibernate.SQL                        : 
    select
        e1_0.id,
        e1_0.activo,
        e1_0.created_at,
        e1_0.descripcion,
        e1_0.nombre 
    from
        especialidades e1_0
2026-06-01 03:23:39.894 DEBUG 24624 --- [http-nio-8080-exec-6] org.hibernate.SQL                        : 
    select
        m1_0.id,
        m1_0.created_at,
        m1_0.especialidad_id,
        m1_0.numero_colegiatura,
        m1_0.updated_at,
        m1_0.usuario_id 
    from
        medicos m1_0
2026-06-01 03:23:39.896 DEBUG 24624 --- [http-nio-8080-exec-6] org.hibernate.SQL                        : 
    select
        u1_0.id,
        u1_0.activo,
        u1_0.apellido,
        u1_0.created_at,
        u1_0.dni,
        u1_0.email,
        u1_0.nombre,
        u1_0.password,
        u1_0.rol,
        u1_0.telefono,
        u1_0.updated_at 
    from
        usuarios u1_0 
    where
        u1_0.id=?
2026-06-01 03:23:39.897 DEBUG 24624 --- [http-nio-8080-exec-6] org.hibernate.SQL                        : 
    select
        e1_0.id,
        e1_0.activo,
        e1_0.created_at,
        e1_0.descripcion,
        e1_0.nombre 
    from
        especialidades e1_0 
    where
        e1_0.id=?
2026-06-01 03:23:39.898 DEBUG 24624 --- [http-nio-8080-exec-6] org.hibernate.SQL                        : 
    select
        u1_0.id,
        u1_0.activo,
        u1_0.apellido,
        u1_0.created_at,
        u1_0.dni,
        u1_0.email,
        u1_0.nombre,
        u1_0.password,
        u1_0.rol,
        u1_0.telefono,
        u1_0.updated_at 
    from
        usuarios u1_0 
    where
        u1_0.id=?
2026-06-01 03:23:39.899 DEBUG 24624 --- [http-nio-8080-exec-6] org.hibernate.SQL                        : 
    select
        e1_0.id,
        e1_0.activo,
        e1_0.created_at,
        e1_0.descripcion,
        e1_0.nombre 
    from
        especialidades e1_0 
    where
        e1_0.id=?
2026-06-01 03:23:39.901 DEBUG 24624 --- [http-nio-8080-exec-6] org.hibernate.SQL                        : 
    select
        u1_0.id,
        u1_0.activo,
        u1_0.apellido,
        u1_0.created_at,
        u1_0.dni,
        u1_0.email,
        u1_0.nombre,
        u1_0.password,
        u1_0.rol,
        u1_0.telefono,
        u1_0.updated_at 
    from
        usuarios u1_0 
    where
        u1_0.id=?
2026-06-01 03:23:39.902 DEBUG 24624 --- [http-nio-8080-exec-6] org.hibernate.SQL                        : 
    select
        e1_0.id,
        e1_0.activo,
        e1_0.created_at,
        e1_0.descripcion,
        e1_0.nombre 
    from
        especialidades e1_0 
    where
        e1_0.id=?
2026-06-01 03:23:39.904 DEBUG 24624 --- [http-nio-8080-exec-6] org.hibernate.SQL                        : 
    select
        e1_0.id,
        e1_0.activo,
        e1_0.created_at,
        e1_0.descripcion,
        e1_0.nombre 
    from
        especialidades e1_0
2026-06-01 03:23:40.992 DEBUG 24624 --- [http-nio-8080-exec-10] org.hibernate.SQL                        : 
    select
        m1_0.id,
        m1_0.created_at,
        m1_0.especialidad_id,
        m1_0.numero_colegiatura,
        m1_0.updated_at,
        m1_0.usuario_id 
    from
        medicos m1_0
2026-06-01 03:23:40.994 DEBUG 24624 --- [http-nio-8080-exec-10] org.hibernate.SQL                        : 
    select
        u1_0.id,
        u1_0.activo,
        u1_0.apellido,
        u1_0.created_at,
        u1_0.dni,
        u1_0.email,
        u1_0.nombre,
        u1_0.password,
        u1_0.rol,
        u1_0.telefono,
        u1_0.updated_at 
    from
        usuarios u1_0 
    where
        u1_0.id=?
2026-06-01 03:23:40.995 DEBUG 24624 --- [http-nio-8080-exec-10] org.hibernate.SQL                        : 
    select
        e1_0.id,
        e1_0.activo,
        e1_0.created_at,
        e1_0.descripcion,
        e1_0.nombre 
    from
        especialidades e1_0 
    where
        e1_0.id=?
2026-06-01 03:23:40.997 DEBUG 24624 --- [http-nio-8080-exec-10] org.hibernate.SQL                        : 
    select
        u1_0.id,
        u1_0.activo,
        u1_0.apellido,
        u1_0.created_at,
        u1_0.dni,
        u1_0.email,
        u1_0.nombre,
        u1_0.password,
        u1_0.rol,
        u1_0.telefono,
        u1_0.updated_at 
    from
        usuarios u1_0 
    where
        u1_0.id=?
2026-06-01 03:23:40.997 DEBUG 24624 --- [http-nio-8080-exec-10] org.hibernate.SQL                        : 
    select
        e1_0.id,
        e1_0.activo,
        e1_0.created_at,
        e1_0.descripcion,
        e1_0.nombre 
    from
        especialidades e1_0 
    where
        e1_0.id=?
2026-06-01 03:23:40.999 DEBUG 24624 --- [http-nio-8080-exec-10] org.hibernate.SQL                        : 
    select
        u1_0.id,
        u1_0.activo,
        u1_0.apellido,
        u1_0.created_at,
        u1_0.dni,
        u1_0.email,
        u1_0.nombre,
        u1_0.password,
        u1_0.rol,
        u1_0.telefono,
        u1_0.updated_at 
    from
        usuarios u1_0 
    where
        u1_0.id=?
2026-06-01 03:23:41.000 DEBUG 24624 --- [http-nio-8080-exec-10] org.hibernate.SQL                        : 
    select
        e1_0.id,
        e1_0.activo,
        e1_0.created_at,
        e1_0.descripcion,
        e1_0.nombre 
    from
        especialidades e1_0 
    where
        e1_0.id=?
2026-06-01 03:23:41.002 DEBUG 24624 --- [http-nio-8080-exec-10] org.hibernate.SQL                        : 
    select
        e1_0.id,
        e1_0.activo,
        e1_0.created_at,
        e1_0.descripcion,
        e1_0.nombre 
    from
        especialidades e1_0
2026-06-01 03:24:08.128 DEBUG 24624 --- [http-nio-8080-exec-9] org.hibernate.SQL                        : 
    select
        m1_0.id,
        m1_0.created_at,
        m1_0.especialidad_id,
        m1_0.numero_colegiatura,
        m1_0.updated_at,
        m1_0.usuario_id 
    from
        medicos m1_0
2026-06-01 03:24:08.130 DEBUG 24624 --- [http-nio-8080-exec-9] org.hibernate.SQL                        : 
    select
        u1_0.id,
        u1_0.activo,
        u1_0.apellido,
        u1_0.created_at,
        u1_0.dni,
        u1_0.email,
        u1_0.nombre,
        u1_0.password,
        u1_0.rol,
        u1_0.telefono,
        u1_0.updated_at 
    from
        usuarios u1_0 
    where
        u1_0.id=?
2026-06-01 03:24:08.132 DEBUG 24624 --- [http-nio-8080-exec-9] org.hibernate.SQL                        : 
    select
        e1_0.id,
        e1_0.activo,
        e1_0.created_at,
        e1_0.descripcion,
        e1_0.nombre 
    from
        especialidades e1_0 
    where
        e1_0.id=?
2026-06-01 03:24:08.133 DEBUG 24624 --- [http-nio-8080-exec-9] org.hibernate.SQL                        : 
    select
        u1_0.id,
        u1_0.activo,
        u1_0.apellido,
        u1_0.created_at,
        u1_0.dni,
        u1_0.email,
        u1_0.nombre,
        u1_0.password,
        u1_0.rol,
        u1_0.telefono,
        u1_0.updated_at 
    from
        usuarios u1_0 
    where
        u1_0.id=?
2026-06-01 03:24:08.134 DEBUG 24624 --- [http-nio-8080-exec-9] org.hibernate.SQL                        : 
    select
        e1_0.id,
        e1_0.activo,
        e1_0.created_at,
        e1_0.descripcion,
        e1_0.nombre 
    from
        especialidades e1_0 
    where
        e1_0.id=?
2026-06-01 03:24:08.135 DEBUG 24624 --- [http-nio-8080-exec-9] org.hibernate.SQL                        : 
    select
        u1_0.id,
        u1_0.activo,
        u1_0.apellido,
        u1_0.created_at,
        u1_0.dni,
        u1_0.email,
        u1_0.nombre,
        u1_0.password,
        u1_0.rol,
        u1_0.telefono,
        u1_0.updated_at 
    from
        usuarios u1_0 
    where
        u1_0.id=?
2026-06-01 03:24:08.137 DEBUG 24624 --- [http-nio-8080-exec-9] org.hibernate.SQL                        : 
    select
        e1_0.id,
        e1_0.activo,
        e1_0.created_at,
        e1_0.descripcion,
        e1_0.nombre 
    from
        especialidades e1_0 
    where
        e1_0.id=?
2026-06-01 03:24:08.139 DEBUG 24624 --- [http-nio-8080-exec-9] org.hibernate.SQL                        : 
    select
        e1_0.id,
        e1_0.activo,
        e1_0.created_at,
        e1_0.descripcion,
        e1_0.nombre 
    from
        especialidades e1_0
2026-06-01 03:36:43.997 DEBUG 24624 --- [http-nio-8080-exec-1] org.hibernate.SQL                        : 
    select
        m1_0.id,
        m1_0.created_at,
        m1_0.especialidad_id,
        m1_0.numero_colegiatura,
        m1_0.updated_at,
        m1_0.usuario_id 
    from
        medicos m1_0
2026-06-01 03:36:44.000 DEBUG 24624 --- [http-nio-8080-exec-1] org.hibernate.SQL                        : 
    select
        u1_0.id,
        u1_0.activo,
        u1_0.apellido,
        u1_0.created_at,
        u1_0.dni,
        u1_0.email,
        u1_0.nombre,
        u1_0.password,
        u1_0.rol,
        u1_0.telefono,
        u1_0.updated_at 
    from
        usuarios u1_0 
    where
        u1_0.id=?
2026-06-01 03:36:44.001 DEBUG 24624 --- [http-nio-8080-exec-1] org.hibernate.SQL                        : 
    select
        e1_0.id,
        e1_0.activo,
        e1_0.created_at,
        e1_0.descripcion,
        e1_0.nombre 
    from
        especialidades e1_0 
    where
        e1_0.id=?
2026-06-01 03:36:44.002 DEBUG 24624 --- [http-nio-8080-exec-1] org.hibernate.SQL                        : 
    select
        u1_0.id,
        u1_0.activo,
        u1_0.apellido,
        u1_0.created_at,
        u1_0.dni,
        u1_0.email,
        u1_0.nombre,
        u1_0.password,
        u1_0.rol,
        u1_0.telefono,
        u1_0.updated_at 
    from
        usuarios u1_0 
    where
        u1_0.id=?
2026-06-01 03:36:44.003 DEBUG 24624 --- [http-nio-8080-exec-1] org.hibernate.SQL                        : 
    select
        e1_0.id,
        e1_0.activo,
        e1_0.created_at,
        e1_0.descripcion,
        e1_0.nombre 
    from
        especialidades e1_0 
    where
        e1_0.id=?
2026-06-01 03:36:44.004 DEBUG 24624 --- [http-nio-8080-exec-1] org.hibernate.SQL                        : 
    select
        u1_0.id,
        u1_0.activo,
        u1_0.apellido,
        u1_0.created_at,
        u1_0.dni,
        u1_0.email,
        u1_0.nombre,
        u1_0.password,
        u1_0.rol,
        u1_0.telefono,
        u1_0.updated_at 
    from
        usuarios u1_0 
    where
        u1_0.id=?
2026-06-01 03:36:44.005 DEBUG 24624 --- [http-nio-8080-exec-1] org.hibernate.SQL                        : 
    select
        e1_0.id,
        e1_0.activo,
        e1_0.created_at,
        e1_0.descripcion,
        e1_0.nombre 
    from
        especialidades e1_0 
    where
        e1_0.id=?
2026-06-01 03:36:44.008 DEBUG 24624 --- [http-nio-8080-exec-1] org.hibernate.SQL                        : 
    select
        e1_0.id,
        e1_0.activo,
        e1_0.created_at,
        e1_0.descripcion,
        e1_0.nombre 
    from
        especialidades e1_0
2026-06-01 03:38:53.967 DEBUG 24624 --- [http-nio-8080-exec-6] org.hibernate.SQL                        : 
    select
        m1_0.id,
        m1_0.created_at,
        m1_0.especialidad_id,
        m1_0.numero_colegiatura,
        m1_0.updated_at,
        m1_0.usuario_id 
    from
        medicos m1_0
2026-06-01 03:38:53.971 DEBUG 24624 --- [http-nio-8080-exec-6] org.hibernate.SQL                        : 
    select
        u1_0.id,
        u1_0.activo,
        u1_0.apellido,
        u1_0.created_at,
        u1_0.dni,
        u1_0.email,
        u1_0.nombre,
        u1_0.password,
        u1_0.rol,
        u1_0.telefono,
        u1_0.updated_at 
    from
        usuarios u1_0 
    where
        u1_0.id=?
2026-06-01 03:38:53.973 DEBUG 24624 --- [http-nio-8080-exec-6] org.hibernate.SQL                        : 
    select
        e1_0.id,
        e1_0.activo,
        e1_0.created_at,
        e1_0.descripcion,
        e1_0.nombre 
    from
        especialidades e1_0 
    where
        e1_0.id=?
2026-06-01 03:38:53.975 DEBUG 24624 --- [http-nio-8080-exec-6] org.hibernate.SQL                        : 
    select
        u1_0.id,
        u1_0.activo,
        u1_0.apellido,
        u1_0.created_at,
        u1_0.dni,
        u1_0.email,
        u1_0.nombre,
        u1_0.password,
        u1_0.rol,
        u1_0.telefono,
        u1_0.updated_at 
    from
        usuarios u1_0 
    where
        u1_0.id=?
2026-06-01 03:38:53.977 DEBUG 24624 --- [http-nio-8080-exec-6] org.hibernate.SQL                        : 
    select
        e1_0.id,
        e1_0.activo,
        e1_0.created_at,
        e1_0.descripcion,
        e1_0.nombre 
    from
        especialidades e1_0 
    where
        e1_0.id=?
2026-06-01 03:38:53.978 DEBUG 24624 --- [http-nio-8080-exec-6] org.hibernate.SQL                        : 
    select
        u1_0.id,
        u1_0.activo,
        u1_0.apellido,
        u1_0.created_at,
        u1_0.dni,
        u1_0.email,
        u1_0.nombre,
        u1_0.password,
        u1_0.rol,
        u1_0.telefono,
        u1_0.updated_at 
    from
        usuarios u1_0 
    where
        u1_0.id=?
2026-06-01 03:38:53.981 DEBUG 24624 --- [http-nio-8080-exec-6] org.hibernate.SQL                        : 
    select
        e1_0.id,
        e1_0.activo,
        e1_0.created_at,
        e1_0.descripcion,
        e1_0.nombre 
    from
        especialidades e1_0 
    where
        e1_0.id=?
2026-06-01 03:38:53.984 DEBUG 24624 --- [http-nio-8080-exec-6] org.hibernate.SQL                        : 
    select
        e1_0.id,
        e1_0.activo,
        e1_0.created_at,
        e1_0.descripcion,
        e1_0.nombre 
    from
        especialidades e1_0
2026-06-01 03:39:11.788  WARN 24624 --- [http-nio-8080-exec-1] .m.m.a.ExceptionHandlerExceptionResolver : Resolved [org.springframework.web.servlet.resource.NoResourceFoundException: No static resource img/hospital-bg.jpg.]
2026-06-01 03:39:50.070 DEBUG 24624 --- [http-nio-8080-exec-9] org.hibernate.SQL                        : 
    select
        m1_0.id,
        m1_0.created_at,
        m1_0.especialidad_id,
        m1_0.numero_colegiatura,
        m1_0.updated_at,
        m1_0.usuario_id 
    from
        medicos m1_0
2026-06-01 03:39:50.074 DEBUG 24624 --- [http-nio-8080-exec-9] org.hibernate.SQL                        : 
    select
        u1_0.id,
        u1_0.activo,
        u1_0.apellido,
        u1_0.created_at,
        u1_0.dni,
        u1_0.email,
        u1_0.nombre,
        u1_0.password,
        u1_0.rol,
        u1_0.telefono,
        u1_0.updated_at 
    from
        usuarios u1_0 
    where
        u1_0.id=?
2026-06-01 03:39:50.075 DEBUG 24624 --- [http-nio-8080-exec-9] org.hibernate.SQL                        : 
    select
        e1_0.id,
        e1_0.activo,
        e1_0.created_at,
        e1_0.descripcion,
        e1_0.nombre 
    from
        especialidades e1_0 
    where
        e1_0.id=?
2026-06-01 03:39:50.076 DEBUG 24624 --- [http-nio-8080-exec-9] org.hibernate.SQL                        : 
    select
        u1_0.id,
        u1_0.activo,
        u1_0.apellido,
        u1_0.created_at,
        u1_0.dni,
        u1_0.email,
        u1_0.nombre,
        u1_0.password,
        u1_0.rol,
        u1_0.telefono,
        u1_0.updated_at 
    from
        usuarios u1_0 
    where
        u1_0.id=?
2026-06-01 03:39:50.078 DEBUG 24624 --- [http-nio-8080-exec-9] org.hibernate.SQL                        : 
    select
        e1_0.id,
        e1_0.activo,
        e1_0.created_at,
        e1_0.descripcion,
        e1_0.nombre 
    from
        especialidades e1_0 
    where
        e1_0.id=?
2026-06-01 03:39:50.079 DEBUG 24624 --- [http-nio-8080-exec-9] org.hibernate.SQL                        : 
    select
        u1_0.id,
        u1_0.activo,
        u1_0.apellido,
        u1_0.created_at,
        u1_0.dni,
        u1_0.email,
        u1_0.nombre,
        u1_0.password,
        u1_0.rol,
        u1_0.telefono,
        u1_0.updated_at 
    from
        usuarios u1_0 
    where
        u1_0.id=?
2026-06-01 03:39:50.080 DEBUG 24624 --- [http-nio-8080-exec-9] org.hibernate.SQL                        : 
    select
        e1_0.id,
        e1_0.activo,
        e1_0.created_at,
        e1_0.descripcion,
        e1_0.nombre 
    from
        especialidades e1_0 
    where
        e1_0.id=?
2026-06-01 03:39:50.082 DEBUG 24624 --- [http-nio-8080-exec-9] org.hibernate.SQL                        : 
    select
        e1_0.id,
        e1_0.activo,
        e1_0.created_at,
        e1_0.descripcion,
        e1_0.nombre 
    from
        especialidades e1_0
2026-06-01 03:40:43.375  WARN 24624 --- [http-nio-8080-exec-10] .m.m.a.ExceptionHandlerExceptionResolver : Resolved [org.springframework.web.servlet.resource.NoResourceFoundException: No static resource img/hospital-bg.jpg.]
2026-06-01 03:49:35.093 DEBUG 24624 --- [http-nio-8080-exec-3] org.hibernate.SQL                        : 
    select
        m1_0.id,
        m1_0.created_at,
        m1_0.especialidad_id,
        m1_0.numero_colegiatura,
        m1_0.updated_at,
        m1_0.usuario_id 
    from
        medicos m1_0
2026-06-01 03:49:35.098 DEBUG 24624 --- [http-nio-8080-exec-3] org.hibernate.SQL                        : 
    select
        u1_0.id,
        u1_0.activo,
        u1_0.apellido,
        u1_0.created_at,
        u1_0.dni,
        u1_0.email,
        u1_0.nombre,
        u1_0.password,
        u1_0.rol,
        u1_0.telefono,
        u1_0.updated_at 
    from
        usuarios u1_0 
    where
        u1_0.id=?
2026-06-01 03:49:35.099 DEBUG 24624 --- [http-nio-8080-exec-3] org.hibernate.SQL                        : 
    select
        e1_0.id,
        e1_0.activo,
        e1_0.created_at,
        e1_0.descripcion,
        e1_0.nombre 
    from
        especialidades e1_0 
    where
        e1_0.id=?
2026-06-01 03:49:35.101 DEBUG 24624 --- [http-nio-8080-exec-3] org.hibernate.SQL                        : 
    select
        u1_0.id,
        u1_0.activo,
        u1_0.apellido,
        u1_0.created_at,
        u1_0.dni,
        u1_0.email,
        u1_0.nombre,
        u1_0.password,
        u1_0.rol,
        u1_0.telefono,
        u1_0.updated_at 
    from
        usuarios u1_0 
    where
        u1_0.id=?
2026-06-01 03:49:35.103 DEBUG 24624 --- [http-nio-8080-exec-3] org.hibernate.SQL                        : 
    select
        e1_0.id,
        e1_0.activo,
        e1_0.created_at,
        e1_0.descripcion,
        e1_0.nombre 
    from
        especialidades e1_0 
    where
        e1_0.id=?
2026-06-01 03:49:35.104 DEBUG 24624 --- [http-nio-8080-exec-3] org.hibernate.SQL                        : 
    select
        u1_0.id,
        u1_0.activo,
        u1_0.apellido,
        u1_0.created_at,
        u1_0.dni,
        u1_0.email,
        u1_0.nombre,
        u1_0.password,
        u1_0.rol,
        u1_0.telefono,
        u1_0.updated_at 
    from
        usuarios u1_0 
    where
        u1_0.id=?
2026-06-01 03:49:35.107 DEBUG 24624 --- [http-nio-8080-exec-3] org.hibernate.SQL                        : 
    select
        e1_0.id,
        e1_0.activo,
        e1_0.created_at,
        e1_0.descripcion,
        e1_0.nombre 
    from
        especialidades e1_0 
    where
        e1_0.id=?
2026-06-01 03:49:35.110 DEBUG 24624 --- [http-nio-8080-exec-3] org.hibernate.SQL                        : 
    select
        e1_0.id,
        e1_0.activo,
        e1_0.created_at,
        e1_0.descripcion,
        e1_0.nombre 
    from
        especialidades e1_0
2026-06-01 03:55:32.197 DEBUG 24624 --- [http-nio-8080-exec-7] org.hibernate.SQL                        : 
    select
        m1_0.id,
        m1_0.created_at,
        m1_0.especialidad_id,
        m1_0.numero_colegiatura,
        m1_0.updated_at,
        m1_0.usuario_id 
    from
        medicos m1_0
2026-06-01 03:55:32.201 DEBUG 24624 --- [http-nio-8080-exec-7] org.hibernate.SQL                        : 
    select
        u1_0.id,
        u1_0.activo,
        u1_0.apellido,
        u1_0.created_at,
        u1_0.dni,
        u1_0.email,
        u1_0.nombre,
        u1_0.password,
        u1_0.rol,
        u1_0.telefono,
        u1_0.updated_at 
    from
        usuarios u1_0 
    where
        u1_0.id=?
2026-06-01 03:55:32.203 DEBUG 24624 --- [http-nio-8080-exec-7] org.hibernate.SQL                        : 
    select
        e1_0.id,
        e1_0.activo,
        e1_0.created_at,
        e1_0.descripcion,
        e1_0.nombre 
    from
        especialidades e1_0 
    where
        e1_0.id=?
2026-06-01 03:55:32.204 DEBUG 24624 --- [http-nio-8080-exec-7] org.hibernate.SQL                        : 
    select
        u1_0.id,
        u1_0.activo,
        u1_0.apellido,
        u1_0.created_at,
        u1_0.dni,
        u1_0.email,
        u1_0.nombre,
        u1_0.password,
        u1_0.rol,
        u1_0.telefono,
        u1_0.updated_at 
    from
        usuarios u1_0 
    where
        u1_0.id=?
2026-06-01 03:55:32.208 DEBUG 24624 --- [http-nio-8080-exec-7] org.hibernate.SQL                        : 
    select
        e1_0.id,
        e1_0.activo,
        e1_0.created_at,
        e1_0.descripcion,
        e1_0.nombre 
    from
        especialidades e1_0 
    where
        e1_0.id=?
2026-06-01 03:55:32.213 DEBUG 24624 --- [http-nio-8080-exec-7] org.hibernate.SQL                        : 
    select
        u1_0.id,
        u1_0.activo,
        u1_0.apellido,
        u1_0.created_at,
        u1_0.dni,
        u1_0.email,
        u1_0.nombre,
        u1_0.password,
        u1_0.rol,
        u1_0.telefono,
        u1_0.updated_at 
    from
        usuarios u1_0 
    where
        u1_0.id=?
2026-06-01 03:55:32.214 DEBUG 24624 --- [http-nio-8080-exec-7] org.hibernate.SQL                        : 
    select
        e1_0.id,
        e1_0.activo,
        e1_0.created_at,
        e1_0.descripcion,
        e1_0.nombre 
    from
        especialidades e1_0 
    where
        e1_0.id=?
2026-06-01 03:55:32.218 DEBUG 24624 --- [http-nio-8080-exec-7] org.hibernate.SQL                        : 
    select
        e1_0.id,
        e1_0.activo,
        e1_0.created_at,
        e1_0.descripcion,
        e1_0.nombre 
    from
        especialidades e1_0
2026-06-01 04:01:53.982  INFO 24624 --- [http-nio-8080-exec-8] com.sisol.salud.service.AuthService      : Intento de inicio de sesión para el usuario: null
2026-06-01 04:01:54.076 DEBUG 24624 --- [http-nio-8080-exec-8] org.hibernate.SQL                        : 
    select
        u1_0.id,
        u1_0.activo,
        u1_0.apellido,
        u1_0.created_at,
        u1_0.dni,
        u1_0.email,
        u1_0.nombre,
        u1_0.password,
        u1_0.rol,
        u1_0.telefono,
        u1_0.updated_at 
    from
        usuarios u1_0 
    where
        u1_0.email=?
2026-06-01 04:14:55.605 DEBUG 24624 --- [http-nio-8080-exec-7] org.hibernate.SQL                        : 
    select
        m1_0.id,
        m1_0.created_at,
        m1_0.especialidad_id,
        m1_0.numero_colegiatura,
        m1_0.updated_at,
        m1_0.usuario_id 
    from
        medicos m1_0
2026-06-01 04:14:55.609 DEBUG 24624 --- [http-nio-8080-exec-7] org.hibernate.SQL                        : 
    select
        u1_0.id,
        u1_0.activo,
        u1_0.apellido,
        u1_0.created_at,
        u1_0.dni,
        u1_0.email,
        u1_0.nombre,
        u1_0.password,
        u1_0.rol,
        u1_0.telefono,
        u1_0.updated_at 
    from
        usuarios u1_0 
    where
        u1_0.id=?
2026-06-01 04:14:55.610 DEBUG 24624 --- [http-nio-8080-exec-7] org.hibernate.SQL                        : 
    select
        e1_0.id,
        e1_0.activo,
        e1_0.created_at,
        e1_0.descripcion,
        e1_0.nombre 
    from
        especialidades e1_0 
    where
        e1_0.id=?
2026-06-01 04:14:55.612 DEBUG 24624 --- [http-nio-8080-exec-7] org.hibernate.SQL                        : 
    select
        u1_0.id,
        u1_0.activo,
        u1_0.apellido,
        u1_0.created_at,
        u1_0.dni,
        u1_0.email,
        u1_0.nombre,
        u1_0.password,
        u1_0.rol,
        u1_0.telefono,
        u1_0.updated_at 
    from
        usuarios u1_0 
    where
        u1_0.id=?
2026-06-01 04:14:55.614 DEBUG 24624 --- [http-nio-8080-exec-7] org.hibernate.SQL                        : 
    select
        e1_0.id,
        e1_0.activo,
        e1_0.created_at,
        e1_0.descripcion,
        e1_0.nombre 
    from
        especialidades e1_0 
    where
        e1_0.id=?
2026-06-01 04:14:55.616 DEBUG 24624 --- [http-nio-8080-exec-7] org.hibernate.SQL                        : 
    select
        u1_0.id,
        u1_0.activo,
        u1_0.apellido,
        u1_0.created_at,
        u1_0.dni,
        u1_0.email,
        u1_0.nombre,
        u1_0.password,
        u1_0.rol,
        u1_0.telefono,
        u1_0.updated_at 
    from
        usuarios u1_0 
    where
        u1_0.id=?
2026-06-01 04:14:55.618 DEBUG 24624 --- [http-nio-8080-exec-7] org.hibernate.SQL                        : 
    select
        e1_0.id,
        e1_0.activo,
        e1_0.created_at,
        e1_0.descripcion,
        e1_0.nombre 
    from
        especialidades e1_0 
    where
        e1_0.id=?
2026-06-01 04:14:55.622 DEBUG 24624 --- [http-nio-8080-exec-7] org.hibernate.SQL                        : 
    select
        e1_0.id,
        e1_0.activo,
        e1_0.created_at,
        e1_0.descripcion,
        e1_0.nombre 
    from
        especialidades e1_0
2026-06-01 04:14:58.276 DEBUG 24624 --- [http-nio-8080-exec-6] org.hibernate.SQL                        : 
    select
        m1_0.id,
        m1_0.created_at,
        m1_0.especialidad_id,
        m1_0.numero_colegiatura,
        m1_0.updated_at,
        m1_0.usuario_id 
    from
        medicos m1_0 
    join
        usuarios u1_0 
            on u1_0.id=m1_0.usuario_id 
    where
        (
            ? is null 
            or lower(u1_0.nombre) like lower(concat('%', ?, '%')) escape '' 
            or lower(u1_0.apellido) like lower(concat('%', ?, '%')) escape ''
        ) 
        and (
            ? is null 
            or m1_0.especialidad_id=?
        )
2026-06-01 04:14:58.279 DEBUG 24624 --- [http-nio-8080-exec-6] org.hibernate.SQL                        : 
    select
        u1_0.id,
        u1_0.activo,
        u1_0.apellido,
        u1_0.created_at,
        u1_0.dni,
        u1_0.email,
        u1_0.nombre,
        u1_0.password,
        u1_0.rol,
        u1_0.telefono,
        u1_0.updated_at 
    from
        usuarios u1_0 
    where
        u1_0.id=?
2026-06-01 04:14:58.281 DEBUG 24624 --- [http-nio-8080-exec-6] org.hibernate.SQL                        : 
    select
        e1_0.id,
        e1_0.activo,
        e1_0.created_at,
        e1_0.descripcion,
        e1_0.nombre 
    from
        especialidades e1_0 
    where
        e1_0.id=?
2026-06-01 04:14:58.284 DEBUG 24624 --- [http-nio-8080-exec-6] org.hibernate.SQL                        : 
    select
        e1_0.id,
        e1_0.activo,
        e1_0.created_at,
        e1_0.descripcion,
        e1_0.nombre 
    from
        especialidades e1_0
2026-06-01 04:15:00.105 DEBUG 24624 --- [http-nio-8080-exec-9] org.hibernate.SQL                        : 
    select
        m1_0.id,
        m1_0.created_at,
        m1_0.especialidad_id,
        m1_0.numero_colegiatura,
        m1_0.updated_at,
        m1_0.usuario_id 
    from
        medicos m1_0
2026-06-01 04:15:00.108 DEBUG 24624 --- [http-nio-8080-exec-9] org.hibernate.SQL                        : 
    select
        u1_0.id,
        u1_0.activo,
        u1_0.apellido,
        u1_0.created_at,
        u1_0.dni,
        u1_0.email,
        u1_0.nombre,
        u1_0.password,
        u1_0.rol,
        u1_0.telefono,
        u1_0.updated_at 
    from
        usuarios u1_0 
    where
        u1_0.id=?
2026-06-01 04:15:00.109 DEBUG 24624 --- [http-nio-8080-exec-9] org.hibernate.SQL                        : 
    select
        e1_0.id,
        e1_0.activo,
        e1_0.created_at,
        e1_0.descripcion,
        e1_0.nombre 
    from
        especialidades e1_0 
    where
        e1_0.id=?
2026-06-01 04:15:00.111 DEBUG 24624 --- [http-nio-8080-exec-9] org.hibernate.SQL                        : 
    select
        u1_0.id,
        u1_0.activo,
        u1_0.apellido,
        u1_0.created_at,
        u1_0.dni,
        u1_0.email,
        u1_0.nombre,
        u1_0.password,
        u1_0.rol,
        u1_0.telefono,
        u1_0.updated_at 
    from
        usuarios u1_0 
    where
        u1_0.id=?
2026-06-01 04:15:00.113 DEBUG 24624 --- [http-nio-8080-exec-9] org.hibernate.SQL                        : 
    select
        e1_0.id,
        e1_0.activo,
        e1_0.created_at,
        e1_0.descripcion,
        e1_0.nombre 
    from
        especialidades e1_0 
    where
        e1_0.id=?
2026-06-01 04:15:00.114 DEBUG 24624 --- [http-nio-8080-exec-9] org.hibernate.SQL                        : 
    select
        u1_0.id,
        u1_0.activo,
        u1_0.apellido,
        u1_0.created_at,
        u1_0.dni,
        u1_0.email,
        u1_0.nombre,
        u1_0.password,
        u1_0.rol,
        u1_0.telefono,
        u1_0.updated_at 
    from
        usuarios u1_0 
    where
        u1_0.id=?
2026-06-01 04:15:00.117 DEBUG 24624 --- [http-nio-8080-exec-9] org.hibernate.SQL                        : 
    select
        e1_0.id,
        e1_0.activo,
        e1_0.created_at,
        e1_0.descripcion,
        e1_0.nombre 
    from
        especialidades e1_0 
    where
        e1_0.id=?
2026-06-01 04:15:00.121 DEBUG 24624 --- [http-nio-8080-exec-9] org.hibernate.SQL                        : 
    select
        e1_0.id,
        e1_0.activo,
        e1_0.created_at,
        e1_0.descripcion,
        e1_0.nombre 
    from
        especialidades e1_0
2026-06-01 04:15:05.199 DEBUG 24624 --- [http-nio-8080-exec-1] org.hibernate.SQL                        : 
    select
        m1_0.id,
        m1_0.created_at,
        m1_0.especialidad_id,
        m1_0.numero_colegiatura,
        m1_0.updated_at,
        m1_0.usuario_id 
    from
        medicos m1_0 
    join
        usuarios u1_0 
            on u1_0.id=m1_0.usuario_id 
    where
        (
            ? is null 
            or lower(u1_0.nombre) like lower(concat('%', ?, '%')) escape '' 
            or lower(u1_0.apellido) like lower(concat('%', ?, '%')) escape ''
        ) 
        and (
            ? is null 
            or m1_0.especialidad_id=?
        )
2026-06-01 04:15:05.203 DEBUG 24624 --- [http-nio-8080-exec-1] org.hibernate.SQL                        : 
    select
        u1_0.id,
        u1_0.activo,
        u1_0.apellido,
        u1_0.created_at,
        u1_0.dni,
        u1_0.email,
        u1_0.nombre,
        u1_0.password,
        u1_0.rol,
        u1_0.telefono,
        u1_0.updated_at 
    from
        usuarios u1_0 
    where
        u1_0.id=?
2026-06-01 04:15:05.205 DEBUG 24624 --- [http-nio-8080-exec-1] org.hibernate.SQL                        : 
    select
        e1_0.id,
        e1_0.activo,
        e1_0.created_at,
        e1_0.descripcion,
        e1_0.nombre 
    from
        especialidades e1_0 
    where
        e1_0.id=?
2026-06-01 04:15:05.208 DEBUG 24624 --- [http-nio-8080-exec-1] org.hibernate.SQL                        : 
    select
        e1_0.id,
        e1_0.activo,
        e1_0.created_at,
        e1_0.descripcion,
        e1_0.nombre 
    from
        especialidades e1_0
2026-06-01 04:15:08.621 DEBUG 24624 --- [http-nio-8080-exec-8] org.hibernate.SQL                        : 
    select
        m1_0.id,
        m1_0.created_at,
        m1_0.especialidad_id,
        m1_0.numero_colegiatura,
        m1_0.updated_at,
        m1_0.usuario_id 
    from
        medicos m1_0 
    join
        usuarios u1_0 
            on u1_0.id=m1_0.usuario_id 
    where
        (
            ? is null 
            or lower(u1_0.nombre) like lower(concat('%', ?, '%')) escape '' 
            or lower(u1_0.apellido) like lower(concat('%', ?, '%')) escape ''
        ) 
        and (
            ? is null 
            or m1_0.especialidad_id=?
        )
2026-06-01 04:15:08.625 DEBUG 24624 --- [http-nio-8080-exec-8] org.hibernate.SQL                        : 
    select
        e1_0.id,
        e1_0.activo,
        e1_0.created_at,
        e1_0.descripcion,
        e1_0.nombre 
    from
        especialidades e1_0
2026-06-01 04:15:13.492 DEBUG 24624 --- [http-nio-8080-exec-6] org.hibernate.SQL                        : 
    select
        m1_0.id,
        m1_0.created_at,
        m1_0.especialidad_id,
        m1_0.numero_colegiatura,
        m1_0.updated_at,
        m1_0.usuario_id 
    from
        medicos m1_0 
    join
        usuarios u1_0 
            on u1_0.id=m1_0.usuario_id 
    where
        (
            ? is null 
            or lower(u1_0.nombre) like lower(concat('%', ?, '%')) escape '' 
            or lower(u1_0.apellido) like lower(concat('%', ?, '%')) escape ''
        ) 
        and (
            ? is null 
            or m1_0.especialidad_id=?
        )
2026-06-01 04:15:13.495 DEBUG 24624 --- [http-nio-8080-exec-6] org.hibernate.SQL                        : 
    select
        u1_0.id,
        u1_0.activo,
        u1_0.apellido,
        u1_0.created_at,
        u1_0.dni,
        u1_0.email,
        u1_0.nombre,
        u1_0.password,
        u1_0.rol,
        u1_0.telefono,
        u1_0.updated_at 
    from
        usuarios u1_0 
    where
        u1_0.id=?
2026-06-01 04:15:13.497 DEBUG 24624 --- [http-nio-8080-exec-6] org.hibernate.SQL                        : 
    select
        e1_0.id,
        e1_0.activo,
        e1_0.created_at,
        e1_0.descripcion,
        e1_0.nombre 
    from
        especialidades e1_0 
    where
        e1_0.id=?
2026-06-01 04:15:13.503 DEBUG 24624 --- [http-nio-8080-exec-6] org.hibernate.SQL                        : 
    select
        e1_0.id,
        e1_0.activo,
        e1_0.created_at,
        e1_0.descripcion,
        e1_0.nombre 
    from
        especialidades e1_0
2026-06-01 04:15:19.902 DEBUG 24624 --- [http-nio-8080-exec-9] org.hibernate.SQL                        : 
    select
        m1_0.id,
        m1_0.created_at,
        m1_0.especialidad_id,
        m1_0.numero_colegiatura,
        m1_0.updated_at,
        m1_0.usuario_id 
    from
        medicos m1_0 
    join
        usuarios u1_0 
            on u1_0.id=m1_0.usuario_id 
    where
        (
            ? is null 
            or lower(u1_0.nombre) like lower(concat('%', ?, '%')) escape '' 
            or lower(u1_0.apellido) like lower(concat('%', ?, '%')) escape ''
        ) 
        and (
            ? is null 
            or m1_0.especialidad_id=?
        )
2026-06-01 04:15:19.905 DEBUG 24624 --- [http-nio-8080-exec-9] org.hibernate.SQL                        : 
    select
        e1_0.id,
        e1_0.activo,
        e1_0.created_at,
        e1_0.descripcion,
        e1_0.nombre 
    from
        especialidades e1_0
2026-06-01 04:15:21.533 DEBUG 24624 --- [http-nio-8080-exec-5] org.hibernate.SQL                        : 
    select
        m1_0.id,
        m1_0.created_at,
        m1_0.especialidad_id,
        m1_0.numero_colegiatura,
        m1_0.updated_at,
        m1_0.usuario_id 
    from
        medicos m1_0 
    join
        usuarios u1_0 
            on u1_0.id=m1_0.usuario_id 
    where
        (
            ? is null 
            or lower(u1_0.nombre) like lower(concat('%', ?, '%')) escape '' 
            or lower(u1_0.apellido) like lower(concat('%', ?, '%')) escape ''
        ) 
        and (
            ? is null 
            or m1_0.especialidad_id=?
        )
2026-06-01 04:15:21.536 DEBUG 24624 --- [http-nio-8080-exec-5] org.hibernate.SQL                        : 
    select
        u1_0.id,
        u1_0.activo,
        u1_0.apellido,
        u1_0.created_at,
        u1_0.dni,
        u1_0.email,
        u1_0.nombre,
        u1_0.password,
        u1_0.rol,
        u1_0.telefono,
        u1_0.updated_at 
    from
        usuarios u1_0 
    where
        u1_0.id=?
2026-06-01 04:15:21.538 DEBUG 24624 --- [http-nio-8080-exec-5] org.hibernate.SQL                        : 
    select
        e1_0.id,
        e1_0.activo,
        e1_0.created_at,
        e1_0.descripcion,
        e1_0.nombre 
    from
        especialidades e1_0 
    where
        e1_0.id=?
2026-06-01 04:15:21.541 DEBUG 24624 --- [http-nio-8080-exec-5] org.hibernate.SQL                        : 
    select
        e1_0.id,
        e1_0.activo,
        e1_0.created_at,
        e1_0.descripcion,
        e1_0.nombre 
    from
        especialidades e1_0
2026-06-01 04:16:23.678 DEBUG 24624 --- [http-nio-8080-exec-7] org.hibernate.SQL                        : 
    select
        m1_0.id,
        m1_0.created_at,
        m1_0.especialidad_id,
        m1_0.numero_colegiatura,
        m1_0.updated_at,
        m1_0.usuario_id 
    from
        medicos m1_0
2026-06-01 04:16:23.682 DEBUG 24624 --- [http-nio-8080-exec-7] org.hibernate.SQL                        : 
    select
        u1_0.id,
        u1_0.activo,
        u1_0.apellido,
        u1_0.created_at,
        u1_0.dni,
        u1_0.email,
        u1_0.nombre,
        u1_0.password,
        u1_0.rol,
        u1_0.telefono,
        u1_0.updated_at 
    from
        usuarios u1_0 
    where
        u1_0.id=?
2026-06-01 04:16:23.683 DEBUG 24624 --- [http-nio-8080-exec-7] org.hibernate.SQL                        : 
    select
        e1_0.id,
        e1_0.activo,
        e1_0.created_at,
        e1_0.descripcion,
        e1_0.nombre 
    from
        especialidades e1_0 
    where
        e1_0.id=?
2026-06-01 04:16:23.686 DEBUG 24624 --- [http-nio-8080-exec-7] org.hibernate.SQL                        : 
    select
        u1_0.id,
        u1_0.activo,
        u1_0.apellido,
        u1_0.created_at,
        u1_0.dni,
        u1_0.email,
        u1_0.nombre,
        u1_0.password,
        u1_0.rol,
        u1_0.telefono,
        u1_0.updated_at 
    from
        usuarios u1_0 
    where
        u1_0.id=?
2026-06-01 04:16:23.687 DEBUG 24624 --- [http-nio-8080-exec-7] org.hibernate.SQL                        : 
    select
        e1_0.id,
        e1_0.activo,
        e1_0.created_at,
        e1_0.descripcion,
        e1_0.nombre 
    from
        especialidades e1_0 
    where
        e1_0.id=?
2026-06-01 04:16:23.689 DEBUG 24624 --- [http-nio-8080-exec-7] org.hibernate.SQL                        : 
    select
        u1_0.id,
        u1_0.activo,
        u1_0.apellido,
        u1_0.created_at,
        u1_0.dni,
        u1_0.email,
        u1_0.nombre,
        u1_0.password,
        u1_0.rol,
        u1_0.telefono,
        u1_0.updated_at 
    from
        usuarios u1_0 
    where
        u1_0.id=?
2026-06-01 04:16:23.691 DEBUG 24624 --- [http-nio-8080-exec-7] org.hibernate.SQL                        : 
    select
        e1_0.id,
        e1_0.activo,
        e1_0.created_at,
        e1_0.descripcion,
        e1_0.nombre 
    from
        especialidades e1_0 
    where
        e1_0.id=?
2026-06-01 04:16:23.696 DEBUG 24624 --- [http-nio-8080-exec-7] org.hibernate.SQL                        : 
    select
        e1_0.id,
        e1_0.activo,
        e1_0.created_at,
        e1_0.descripcion,
        e1_0.nombre 
    from
        especialidades e1_0
2026-06-01 04:22:34.055  INFO 24624 --- [File Watcher] rtingClassPathChangeChangedEventListener : Restarting due to 15 class path changes (0 additions, 1 deletion, 14 modifications)
2026-06-01 04:22:34.061  INFO 24624 --- [Thread-7] o.s.b.w.e.tomcat.GracefulShutdown        : Commencing graceful shutdown. Waiting for active requests to complete
2026-06-01 04:22:34.066  INFO 24624 --- [tomcat-shutdown] o.s.b.w.e.tomcat.GracefulShutdown        : Graceful shutdown complete
2026-06-01 04:22:34.069  INFO 24624 --- [Thread-7] j.LocalContainerEntityManagerFactoryBean : Closing JPA EntityManagerFactory for persistence unit 'default'
2026-06-01 04:22:34.069  INFO 24624 --- [Thread-7] com.zaxxer.hikari.HikariDataSource       : HikariPool-2 - Shutdown initiated...
2026-06-01 04:22:34.070  INFO 24624 --- [Thread-7] com.zaxxer.hikari.HikariDataSource       : HikariPool-2 - Shutdown completed.
2026-06-01 04:22:34.154  INFO 24624 --- [restartedMain] com.sisol.salud.SisolSaludApplication    : Starting SisolSaludApplication using Java 21.0.10 with PID 24624 (C:\Users\fabri\OneDrive\Desktop\Repositorios\Proyecto-Integrador\target\classes started by fabri in C:\Users\fabri\OneDrive\Desktop\Repositorios\Proyecto-Integrador)
2026-06-01 04:22:34.154 DEBUG 24624 --- [restartedMain] com.sisol.salud.SisolSaludApplication    : Running with Spring Boot v3.5.9, Spring v6.2.15
2026-06-01 04:22:34.154  INFO 24624 --- [restartedMain] com.sisol.salud.SisolSaludApplication    : No active profile set, falling back to 1 default profile: "default"
2026-06-01 04:22:34.395  INFO 24624 --- [restartedMain] .s.d.r.c.RepositoryConfigurationDelegate : Bootstrapping Spring Data JPA repositories in DEFAULT mode.
2026-06-01 04:22:34.413  INFO 24624 --- [restartedMain] .s.d.r.c.RepositoryConfigurationDelegate : Finished Spring Data repository scanning in 17 ms. Found 7 JPA repository interfaces.
2026-06-01 04:22:34.493  INFO 24624 --- [restartedMain] o.s.b.w.embedded.tomcat.TomcatWebServer  : Tomcat initialized with port 8080 (http)
2026-06-01 04:22:34.495  INFO 24624 --- [restartedMain] o.apache.catalina.core.StandardService   : Starting service [Tomcat]
2026-06-01 04:22:34.495  INFO 24624 --- [restartedMain] o.apache.catalina.core.StandardEngine    : Starting Servlet engine: [Apache Tomcat/10.1.50]
2026-06-01 04:22:34.512  INFO 24624 --- [restartedMain] o.a.c.c.C.[Tomcat].[localhost].[/]       : Initializing Spring embedded WebApplicationContext
2026-06-01 04:22:34.512  INFO 24624 --- [restartedMain] w.s.c.ServletWebServerApplicationContext : Root WebApplicationContext: initialization completed in 351 ms
2026-06-01 04:22:34.552  INFO 24624 --- [restartedMain] o.hibernate.jpa.internal.util.LogHelper  : HHH000204: Processing PersistenceUnitInfo [name: default]
2026-06-01 04:22:34.557  INFO 24624 --- [restartedMain] o.h.c.internal.RegionFactoryInitiator    : HHH000026: Second-level cache disabled
2026-06-01 04:22:34.560  INFO 24624 --- [restartedMain] o.h.e.boot.internal.EnversServiceImpl    : Envers integration enabled? : true
2026-06-01 04:22:34.568  INFO 24624 --- [restartedMain] o.s.o.j.p.SpringPersistenceUnitInfo      : No LoadTimeWeaver setup: ignoring JPA class transformer
2026-06-01 04:22:34.569  INFO 24624 --- [restartedMain] com.zaxxer.hikari.HikariDataSource       : HikariPool-3 - Starting...
2026-06-01 04:22:34.573  INFO 24624 --- [restartedMain] com.zaxxer.hikari.pool.HikariPool        : HikariPool-3 - Added connection com.mysql.cj.jdbc.ConnectionImpl@5ce183bf
2026-06-01 04:22:34.574  INFO 24624 --- [restartedMain] com.zaxxer.hikari.HikariDataSource       : HikariPool-3 - Start completed.
2026-06-01 04:22:34.575  WARN 24624 --- [restartedMain] org.hibernate.orm.deprecation            : HHH90000025: MySQLDialect does not need to be specified explicitly using 'hibernate.dialect' (remove the property setting and it will be selected by default)
2026-06-01 04:22:34.576  INFO 24624 --- [restartedMain] org.hibernate.orm.connections.pooling    : HHH10001005: Database info:
	Database JDBC URL [Connecting through datasource 'HikariDataSource (HikariPool-3)']
	Database driver: undefined/unknown
	Database version: 8.0.45
	Autocommit mode: undefined/unknown
	Isolation level: undefined/unknown
	Minimum pool size: undefined/unknown
	Maximum pool size: undefined/unknown
2026-06-01 04:22:34.622  INFO 24624 --- [restartedMain] o.h.e.c.i.m.AuditMetadataGenerator       : Adding properties for entity: com.sisol.salud.model.entity.Cita
2026-06-01 04:22:34.622  INFO 24624 --- [restartedMain] o.h.e.c.i.m.AuditMetadataGenerator       : Adding properties for entity: com.sisol.salud.model.entity.Paciente
2026-06-01 04:22:34.623  INFO 24624 --- [restartedMain] o.h.e.c.i.m.AuditMetadataGenerator       : Adding properties for entity: com.sisol.salud.model.entity.Especialidad
2026-06-01 04:22:34.623  INFO 24624 --- [restartedMain] o.h.e.c.i.m.AuditMetadataGenerator       : Adding properties for entity: com.sisol.salud.model.entity.Medico
2026-06-01 04:22:34.623  INFO 24624 --- [restartedMain] o.h.e.c.i.m.AuditMetadataGenerator       : Adding properties for entity: com.sisol.salud.model.entity.Usuario
2026-06-01 04:22:34.744  INFO 24624 --- [restartedMain] o.h.e.t.j.p.i.JtaPlatformInitiator       : HHH000489: No JTA platform available (set 'hibernate.transaction.jta.platform' to enable JTA platform integration)
2026-06-01 04:22:34.787  INFO 24624 --- [restartedMain] j.LocalContainerEntityManagerFactoryBean : Initialized JPA EntityManagerFactory for persistence unit 'default'
2026-06-01 04:22:34.823 DEBUG 24624 --- [restartedMain] c.s.s.s.jwt.JwtAuthenticationFilter      : Filter 'jwtAuthenticationFilter' configured for use
2026-06-01 04:22:34.865  INFO 24624 --- [restartedMain] eAuthenticationProviderManagerConfigurer : Global AuthenticationManager configured with AuthenticationProvider bean with name authenticationProvider
2026-06-01 04:22:34.865  WARN 24624 --- [restartedMain] r$InitializeUserDetailsManagerConfigurer : Global AuthenticationManager configured with an AuthenticationProvider bean. UserDetailsService beans will not be used by Spring Security for automatically configuring username/password login. Consider removing the AuthenticationProvider bean. Alternatively, consider using the UserDetailsService in a manually instantiated DaoAuthenticationProvider. If the current configuration is intentional, to turn off this warning, increase the logging level of 'org.springframework.security.config.annotation.authentication.configuration.InitializeUserDetailsBeanManagerConfigurer' to ERROR
2026-06-01 04:22:34.940  WARN 24624 --- [restartedMain] JpaBaseConfiguration$JpaWebConfiguration : spring.jpa.open-in-view is enabled by default. Therefore, database queries may be performed during view rendering. Explicitly configure spring.jpa.open-in-view to disable this warning
2026-06-01 04:22:34.946  INFO 24624 --- [restartedMain] o.s.b.a.w.s.WelcomePageHandlerMapping    : Adding welcome page template: index
2026-06-01 04:22:35.003  INFO 24624 --- [restartedMain] o.s.b.a.e.web.EndpointLinksResolver      : Exposing 5 endpoints beneath base path '/actuator'
2026-06-01 04:22:35.096  INFO 24624 --- [restartedMain] o.s.b.d.a.OptionalLiveReloadServer       : LiveReload server is running on port 35729
2026-06-01 04:22:35.110  INFO 24624 --- [restartedMain] o.s.b.w.embedded.tomcat.TomcatWebServer  : Tomcat started on port 8080 (http) with context path '/'
2026-06-01 04:22:35.115  INFO 24624 --- [restartedMain] com.sisol.salud.SisolSaludApplication    : Started SisolSaludApplication in 0.994 seconds (process running for 7063.423)
2026-06-01 04:22:35.116  INFO 24624 --- [restartedMain] .ConditionEvaluationDeltaLoggingListener : Condition evaluation unchanged
2026-06-01 04:22:39.049  INFO 24624 --- [File Watcher] rtingClassPathChangeChangedEventListener : Restarting due to 15 class path changes (1 addition, 0 deletions, 14 modifications)
2026-06-01 04:22:39.050  INFO 24624 --- [Thread-11] o.s.b.w.e.tomcat.GracefulShutdown        : Commencing graceful shutdown. Waiting for active requests to complete
2026-06-01 04:22:39.054  INFO 24624 --- [tomcat-shutdown] o.s.b.w.e.tomcat.GracefulShutdown        : Graceful shutdown complete
2026-06-01 04:22:39.056  INFO 24624 --- [Thread-11] j.LocalContainerEntityManagerFactoryBean : Closing JPA EntityManagerFactory for persistence unit 'default'
2026-06-01 04:22:39.056  INFO 24624 --- [Thread-11] com.zaxxer.hikari.HikariDataSource       : HikariPool-3 - Shutdown initiated...
2026-06-01 04:22:39.058  INFO 24624 --- [Thread-11] com.zaxxer.hikari.HikariDataSource       : HikariPool-3 - Shutdown completed.
2026-06-01 04:22:39.122  INFO 24624 --- [restartedMain] com.sisol.salud.SisolSaludApplication    : Starting SisolSaludApplication using Java 21.0.10 with PID 24624 (C:\Users\fabri\OneDrive\Desktop\Repositorios\Proyecto-Integrador\target\classes started by fabri in C:\Users\fabri\OneDrive\Desktop\Repositorios\Proyecto-Integrador)
2026-06-01 04:22:39.122 DEBUG 24624 --- [restartedMain] com.sisol.salud.SisolSaludApplication    : Running with Spring Boot v3.5.9, Spring v6.2.15
2026-06-01 04:22:39.122  INFO 24624 --- [restartedMain] com.sisol.salud.SisolSaludApplication    : No active profile set, falling back to 1 default profile: "default"
2026-06-01 04:22:39.294  INFO 24624 --- [restartedMain] .s.d.r.c.RepositoryConfigurationDelegate : Bootstrapping Spring Data JPA repositories in DEFAULT mode.
2026-06-01 04:22:39.315  INFO 24624 --- [restartedMain] .s.d.r.c.RepositoryConfigurationDelegate : Finished Spring Data repository scanning in 20 ms. Found 7 JPA repository interfaces.
2026-06-01 04:22:39.364  INFO 24624 --- [restartedMain] o.s.b.w.embedded.tomcat.TomcatWebServer  : Tomcat initialized with port 8080 (http)
2026-06-01 04:22:39.364  INFO 24624 --- [restartedMain] o.apache.catalina.core.StandardService   : Starting service [Tomcat]
2026-06-01 04:22:39.364  INFO 24624 --- [restartedMain] o.apache.catalina.core.StandardEngine    : Starting Servlet engine: [Apache Tomcat/10.1.50]
2026-06-01 04:22:39.380  INFO 24624 --- [restartedMain] o.a.c.c.C.[Tomcat].[localhost].[/]       : Initializing Spring embedded WebApplicationContext
2026-06-01 04:22:39.380  INFO 24624 --- [restartedMain] w.s.c.ServletWebServerApplicationContext : Root WebApplicationContext: initialization completed in 255 ms
2026-06-01 04:22:39.404  INFO 24624 --- [restartedMain] o.hibernate.jpa.internal.util.LogHelper  : HHH000204: Processing PersistenceUnitInfo [name: default]
2026-06-01 04:22:39.409  INFO 24624 --- [restartedMain] o.h.c.internal.RegionFactoryInitiator    : HHH000026: Second-level cache disabled
2026-06-01 04:22:39.411  INFO 24624 --- [restartedMain] o.h.e.boot.internal.EnversServiceImpl    : Envers integration enabled? : true
2026-06-01 04:22:39.415  INFO 24624 --- [restartedMain] o.s.o.j.p.SpringPersistenceUnitInfo      : No LoadTimeWeaver setup: ignoring JPA class transformer
2026-06-01 04:22:39.415  INFO 24624 --- [restartedMain] com.zaxxer.hikari.HikariDataSource       : HikariPool-4 - Starting...
2026-06-01 04:22:39.417  INFO 24624 --- [restartedMain] com.zaxxer.hikari.pool.HikariPool        : HikariPool-4 - Added connection com.mysql.cj.jdbc.ConnectionImpl@52e7126a
2026-06-01 04:22:39.419  INFO 24624 --- [restartedMain] com.zaxxer.hikari.HikariDataSource       : HikariPool-4 - Start completed.
2026-06-01 04:22:39.420  WARN 24624 --- [restartedMain] org.hibernate.orm.deprecation            : HHH90000025: MySQLDialect does not need to be specified explicitly using 'hibernate.dialect' (remove the property setting and it will be selected by default)
2026-06-01 04:22:39.420  INFO 24624 --- [restartedMain] org.hibernate.orm.connections.pooling    : HHH10001005: Database info:
	Database JDBC URL [Connecting through datasource 'HikariDataSource (HikariPool-4)']
	Database driver: undefined/unknown
	Database version: 8.0.45
	Autocommit mode: undefined/unknown
	Isolation level: undefined/unknown
	Minimum pool size: undefined/unknown
	Maximum pool size: undefined/unknown
2026-06-01 04:22:39.442  INFO 24624 --- [restartedMain] o.h.e.c.i.m.AuditMetadataGenerator       : Adding properties for entity: com.sisol.salud.model.entity.Cita
2026-06-01 04:22:39.442  INFO 24624 --- [restartedMain] o.h.e.c.i.m.AuditMetadataGenerator       : Adding properties for entity: com.sisol.salud.model.entity.Paciente
2026-06-01 04:22:39.442  INFO 24624 --- [restartedMain] o.h.e.c.i.m.AuditMetadataGenerator       : Adding properties for entity: com.sisol.salud.model.entity.Especialidad
2026-06-01 04:22:39.442  INFO 24624 --- [restartedMain] o.h.e.c.i.m.AuditMetadataGenerator       : Adding properties for entity: com.sisol.salud.model.entity.Medico
2026-06-01 04:22:39.442  INFO 24624 --- [restartedMain] o.h.e.c.i.m.AuditMetadataGenerator       : Adding properties for entity: com.sisol.salud.model.entity.Usuario
2026-06-01 04:22:39.522  INFO 24624 --- [restartedMain] o.h.e.t.j.p.i.JtaPlatformInitiator       : HHH000489: No JTA platform available (set 'hibernate.transaction.jta.platform' to enable JTA platform integration)
2026-06-01 04:22:39.556  INFO 24624 --- [restartedMain] j.LocalContainerEntityManagerFactoryBean : Initialized JPA EntityManagerFactory for persistence unit 'default'
2026-06-01 04:22:39.577 DEBUG 24624 --- [restartedMain] c.s.s.s.jwt.JwtAuthenticationFilter      : Filter 'jwtAuthenticationFilter' configured for use
2026-06-01 04:22:39.595  INFO 24624 --- [restartedMain] eAuthenticationProviderManagerConfigurer : Global AuthenticationManager configured with AuthenticationProvider bean with name authenticationProvider
2026-06-01 04:22:39.595  WARN 24624 --- [restartedMain] r$InitializeUserDetailsManagerConfigurer : Global AuthenticationManager configured with an AuthenticationProvider bean. UserDetailsService beans will not be used by Spring Security for automatically configuring username/password login. Consider removing the AuthenticationProvider bean. Alternatively, consider using the UserDetailsService in a manually instantiated DaoAuthenticationProvider. If the current configuration is intentional, to turn off this warning, increase the logging level of 'org.springframework.security.config.annotation.authentication.configuration.InitializeUserDetailsBeanManagerConfigurer' to ERROR
2026-06-01 04:22:39.685  WARN 24624 --- [restartedMain] JpaBaseConfiguration$JpaWebConfiguration : spring.jpa.open-in-view is enabled by default. Therefore, database queries may be performed during view rendering. Explicitly configure spring.jpa.open-in-view to disable this warning
2026-06-01 04:22:39.689  INFO 24624 --- [restartedMain] o.s.b.a.w.s.WelcomePageHandlerMapping    : Adding welcome page template: index
2026-06-01 04:22:39.726  INFO 24624 --- [restartedMain] o.s.b.a.e.web.EndpointLinksResolver      : Exposing 5 endpoints beneath base path '/actuator'
2026-06-01 04:22:39.781  INFO 24624 --- [restartedMain] o.s.b.d.a.OptionalLiveReloadServer       : LiveReload server is running on port 35729
2026-06-01 04:22:39.789  INFO 24624 --- [restartedMain] o.s.b.w.embedded.tomcat.TomcatWebServer  : Tomcat started on port 8080 (http) with context path '/'
2026-06-01 04:22:39.793  INFO 24624 --- [restartedMain] com.sisol.salud.SisolSaludApplication    : Started SisolSaludApplication in 0.691 seconds (process running for 7068.101)
2026-06-01 04:22:39.794  INFO 24624 --- [restartedMain] .ConditionEvaluationDeltaLoggingListener : Condition evaluation unchanged
2026-06-01 04:27:02.286  INFO 24624 --- [File Watcher] rtingClassPathChangeChangedEventListener : Restarting due to 1 class path change (0 additions, 0 deletions, 1 modification)
2026-06-01 04:27:02.288  INFO 24624 --- [Thread-15] o.s.b.w.e.tomcat.GracefulShutdown        : Commencing graceful shutdown. Waiting for active requests to complete
2026-06-01 04:27:02.293  INFO 24624 --- [tomcat-shutdown] o.s.b.w.e.tomcat.GracefulShutdown        : Graceful shutdown complete
2026-06-01 04:27:02.295  INFO 24624 --- [Thread-15] j.LocalContainerEntityManagerFactoryBean : Closing JPA EntityManagerFactory for persistence unit 'default'
2026-06-01 04:27:02.296  INFO 24624 --- [Thread-15] com.zaxxer.hikari.HikariDataSource       : HikariPool-4 - Shutdown initiated...
2026-06-01 04:27:02.297  INFO 24624 --- [Thread-15] com.zaxxer.hikari.HikariDataSource       : HikariPool-4 - Shutdown completed.
2026-06-01 04:27:02.366  INFO 24624 --- [restartedMain] com.sisol.salud.SisolSaludApplication    : Starting SisolSaludApplication using Java 21.0.10 with PID 24624 (C:\Users\fabri\OneDrive\Desktop\Repositorios\Proyecto-Integrador\target\classes started by fabri in C:\Users\fabri\OneDrive\Desktop\Repositorios\Proyecto-Integrador)
2026-06-01 04:27:02.366 DEBUG 24624 --- [restartedMain] com.sisol.salud.SisolSaludApplication    : Running with Spring Boot v3.5.9, Spring v6.2.15
2026-06-01 04:27:02.366  INFO 24624 --- [restartedMain] com.sisol.salud.SisolSaludApplication    : No active profile set, falling back to 1 default profile: "default"
2026-06-01 04:27:02.594  INFO 24624 --- [restartedMain] .s.d.r.c.RepositoryConfigurationDelegate : Bootstrapping Spring Data JPA repositories in DEFAULT mode.
2026-06-01 04:27:02.623  INFO 24624 --- [restartedMain] .s.d.r.c.RepositoryConfigurationDelegate : Finished Spring Data repository scanning in 28 ms. Found 7 JPA repository interfaces.
2026-06-01 04:27:02.688  INFO 24624 --- [restartedMain] o.s.b.w.embedded.tomcat.TomcatWebServer  : Tomcat initialized with port 8080 (http)
2026-06-01 04:27:02.688  INFO 24624 --- [restartedMain] o.apache.catalina.core.StandardService   : Starting service [Tomcat]
2026-06-01 04:27:02.689  INFO 24624 --- [restartedMain] o.apache.catalina.core.StandardEngine    : Starting Servlet engine: [Apache Tomcat/10.1.50]
2026-06-01 04:27:02.703  INFO 24624 --- [restartedMain] o.a.c.c.C.[Tomcat].[localhost].[/]       : Initializing Spring embedded WebApplicationContext
2026-06-01 04:27:02.704  INFO 24624 --- [restartedMain] w.s.c.ServletWebServerApplicationContext : Root WebApplicationContext: initialization completed in 337 ms
2026-06-01 04:27:02.734  INFO 24624 --- [restartedMain] o.hibernate.jpa.internal.util.LogHelper  : HHH000204: Processing PersistenceUnitInfo [name: default]
2026-06-01 04:27:02.742  INFO 24624 --- [restartedMain] o.h.c.internal.RegionFactoryInitiator    : HHH000026: Second-level cache disabled
2026-06-01 04:27:02.746  INFO 24624 --- [restartedMain] o.h.e.boot.internal.EnversServiceImpl    : Envers integration enabled? : true
2026-06-01 04:27:02.751  INFO 24624 --- [restartedMain] o.s.o.j.p.SpringPersistenceUnitInfo      : No LoadTimeWeaver setup: ignoring JPA class transformer
2026-06-01 04:27:02.752  INFO 24624 --- [restartedMain] com.zaxxer.hikari.HikariDataSource       : HikariPool-5 - Starting...
2026-06-01 04:27:02.756  INFO 24624 --- [restartedMain] com.zaxxer.hikari.pool.HikariPool        : HikariPool-5 - Added connection com.mysql.cj.jdbc.ConnectionImpl@2a24e54a
2026-06-01 04:27:02.756  INFO 24624 --- [restartedMain] com.zaxxer.hikari.HikariDataSource       : HikariPool-5 - Start completed.
2026-06-01 04:27:02.757  WARN 24624 --- [restartedMain] org.hibernate.orm.deprecation            : HHH90000025: MySQLDialect does not need to be specified explicitly using 'hibernate.dialect' (remove the property setting and it will be selected by default)
2026-06-01 04:27:02.757  INFO 24624 --- [restartedMain] org.hibernate.orm.connections.pooling    : HHH10001005: Database info:
	Database JDBC URL [Connecting through datasource 'HikariDataSource (HikariPool-5)']
	Database driver: undefined/unknown
	Database version: 8.0.45
	Autocommit mode: undefined/unknown
	Isolation level: undefined/unknown
	Minimum pool size: undefined/unknown
	Maximum pool size: undefined/unknown
2026-06-01 04:27:02.789  INFO 24624 --- [restartedMain] o.h.e.c.i.m.AuditMetadataGenerator       : Adding properties for entity: com.sisol.salud.model.entity.Cita
2026-06-01 04:27:02.790  INFO 24624 --- [restartedMain] o.h.e.c.i.m.AuditMetadataGenerator       : Adding properties for entity: com.sisol.salud.model.entity.Paciente
2026-06-01 04:27:02.790  INFO 24624 --- [restartedMain] o.h.e.c.i.m.AuditMetadataGenerator       : Adding properties for entity: com.sisol.salud.model.entity.Especialidad
2026-06-01 04:27:02.790  INFO 24624 --- [restartedMain] o.h.e.c.i.m.AuditMetadataGenerator       : Adding properties for entity: com.sisol.salud.model.entity.Medico
2026-06-01 04:27:02.790  INFO 24624 --- [restartedMain] o.h.e.c.i.m.AuditMetadataGenerator       : Adding properties for entity: com.sisol.salud.model.entity.Usuario
2026-06-01 04:27:02.895  INFO 24624 --- [restartedMain] o.h.e.t.j.p.i.JtaPlatformInitiator       : HHH000489: No JTA platform available (set 'hibernate.transaction.jta.platform' to enable JTA platform integration)
2026-06-01 04:27:02.936  INFO 24624 --- [restartedMain] j.LocalContainerEntityManagerFactoryBean : Initialized JPA EntityManagerFactory for persistence unit 'default'
2026-06-01 04:27:02.961 DEBUG 24624 --- [restartedMain] c.s.s.s.jwt.JwtAuthenticationFilter      : Filter 'jwtAuthenticationFilter' configured for use
2026-06-01 04:27:02.997  INFO 24624 --- [restartedMain] eAuthenticationProviderManagerConfigurer : Global AuthenticationManager configured with AuthenticationProvider bean with name authenticationProvider
2026-06-01 04:27:02.997  WARN 24624 --- [restartedMain] r$InitializeUserDetailsManagerConfigurer : Global AuthenticationManager configured with an AuthenticationProvider bean. UserDetailsService beans will not be used by Spring Security for automatically configuring username/password login. Consider removing the AuthenticationProvider bean. Alternatively, consider using the UserDetailsService in a manually instantiated DaoAuthenticationProvider. If the current configuration is intentional, to turn off this warning, increase the logging level of 'org.springframework.security.config.annotation.authentication.configuration.InitializeUserDetailsBeanManagerConfigurer' to ERROR
2026-06-01 04:27:03.097  WARN 24624 --- [restartedMain] JpaBaseConfiguration$JpaWebConfiguration : spring.jpa.open-in-view is enabled by default. Therefore, database queries may be performed during view rendering. Explicitly configure spring.jpa.open-in-view to disable this warning
2026-06-01 04:27:03.101  INFO 24624 --- [restartedMain] o.s.b.a.w.s.WelcomePageHandlerMapping    : Adding welcome page template: index
2026-06-01 04:27:03.156  INFO 24624 --- [restartedMain] o.s.b.a.e.web.EndpointLinksResolver      : Exposing 5 endpoints beneath base path '/actuator'
2026-06-01 04:27:03.264  WARN 24624 --- [restartedMain] ConfigServletWebServerApplicationContext : Exception encountered during context initialization - cancelling refresh attempt: org.springframework.beans.factory.BeanCreationException: Error creating bean with name 'dataSourceScriptDatabaseInitializer' defined in class path resource [org/springframework/boot/autoconfigure/sql/init/DataSourceInitializationConfiguration.class]: Failed to execute SQL script statement #2 of file [C:\Users\fabri\OneDrive\Desktop\Repositorios\Proyecto-Integrador\target\classes\data.sql]: INSERT IGNORE INTO especialidades (nombre, descripcion, costo, activo, created_at) VALUES ('Medicina General', 'Atención primaria y diagnóstico general de enfermedades comunes', 30.00, true, NOW()), ('Pediatría', 'Atención médica especializada para niños y adolescentes', 40.00, true, NOW()), ('Ginecología', 'Salud reproductiva y atención integral de la mujer', 50.00, true, NOW()), ('Cardiología', 'Diagnóstico y tratamiento de enfermedades del corazón', 60.00, true, NOW()), ('Dermatología', 'Tratamiento de enfermedades de la piel, cabello y uñas', 45.00, true, NOW()), ('Traumatología', 'Lesiones del sistema músculo-esquelético y ortopedia', 50.00, true, NOW()), ('Oftalmología', 'Diagnóstico y tratamiento de enfermedades de los ojos', 40.00, true, NOW()), ('Neurología', 'Enfermedades del sistema nervioso central y periférico', 70.00, true, NOW()), ('Otorrinolaringología', 'Enfermedades del oído, nariz y garganta', 45.00, true, NOW()), ('Psiquiatría', 'Diagnóstico y tratamiento de trastornos mentales', 50.00, true, NOW())
2026-06-01 04:27:03.264  INFO 24624 --- [restartedMain] j.LocalContainerEntityManagerFactoryBean : Closing JPA EntityManagerFactory for persistence unit 'default'
2026-06-01 04:27:03.265  INFO 24624 --- [restartedMain] com.zaxxer.hikari.HikariDataSource       : HikariPool-5 - Shutdown initiated...
2026-06-01 04:27:03.266  INFO 24624 --- [restartedMain] com.zaxxer.hikari.HikariDataSource       : HikariPool-5 - Shutdown completed.
2026-06-01 04:27:03.267  INFO 24624 --- [restartedMain] o.apache.catalina.core.StandardService   : Stopping service [Tomcat]
2026-06-01 04:27:03.271  INFO 24624 --- [restartedMain] .s.b.a.l.ConditionEvaluationReportLogger : 

Error starting ApplicationContext. To display the condition evaluation report re-run your application with 'debug' enabled.
2026-06-01 04:27:03.283 ERROR 24624 --- [restartedMain] o.s.boot.SpringApplication               : Application run failed

org.springframework.beans.factory.BeanCreationException: Error creating bean with name 'dataSourceScriptDatabaseInitializer' defined in class path resource [org/springframework/boot/autoconfigure/sql/init/DataSourceInitializationConfiguration.class]: Failed to execute SQL script statement #2 of file [C:\Users\fabri\OneDrive\Desktop\Repositorios\Proyecto-Integrador\target\classes\data.sql]: INSERT IGNORE INTO especialidades (nombre, descripcion, costo, activo, created_at) VALUES ('Medicina General', 'Atención primaria y diagnóstico general de enfermedades comunes', 30.00, true, NOW()), ('Pediatría', 'Atención médica especializada para niños y adolescentes', 40.00, true, NOW()), ('Ginecología', 'Salud reproductiva y atención integral de la mujer', 50.00, true, NOW()), ('Cardiología', 'Diagnóstico y tratamiento de enfermedades del corazón', 60.00, true, NOW()), ('Dermatología', 'Tratamiento de enfermedades de la piel, cabello y uñas', 45.00, true, NOW()), ('Traumatología', 'Lesiones del sistema músculo-esquelético y ortopedia', 50.00, true, NOW()), ('Oftalmología', 'Diagnóstico y tratamiento de enfermedades de los ojos', 40.00, true, NOW()), ('Neurología', 'Enfermedades del sistema nervioso central y periférico', 70.00, true, NOW()), ('Otorrinolaringología', 'Enfermedades del oído, nariz y garganta', 45.00, true, NOW()), ('Psiquiatría', 'Diagnóstico y tratamiento de trastornos mentales', 50.00, true, NOW())
	at org.springframework.beans.factory.support.AbstractAutowireCapableBeanFactory.initializeBean(AbstractAutowireCapableBeanFactory.java:1826)
	at org.springframework.beans.factory.support.AbstractAutowireCapableBeanFactory.doCreateBean(AbstractAutowireCapableBeanFactory.java:607)
	at org.springframework.beans.factory.support.AbstractAutowireCapableBeanFactory.createBean(AbstractAutowireCapableBeanFactory.java:529)
	at org.springframework.beans.factory.support.AbstractBeanFactory.lambda$doGetBean$0(AbstractBeanFactory.java:339)
	at org.springframework.beans.factory.support.DefaultSingletonBeanRegistry.getSingleton(DefaultSingletonBeanRegistry.java:373)
	at org.springframework.beans.factory.support.AbstractBeanFactory.doGetBean(AbstractBeanFactory.java:337)
	at org.springframework.beans.factory.support.AbstractBeanFactory.getBean(AbstractBeanFactory.java:202)
	at org.springframework.beans.factory.support.AbstractBeanFactory.doGetBean(AbstractBeanFactory.java:315)
	at org.springframework.beans.factory.support.AbstractBeanFactory.getBean(AbstractBeanFactory.java:202)
	at org.springframework.beans.factory.support.DefaultListableBeanFactory.instantiateSingleton(DefaultListableBeanFactory.java:1228)
	at org.springframework.beans.factory.support.DefaultListableBeanFactory.preInstantiateSingleton(DefaultListableBeanFactory.java:1194)
	at org.springframework.beans.factory.support.DefaultListableBeanFactory.preInstantiateSingletons(DefaultListableBeanFactory.java:1130)
	at org.springframework.context.support.AbstractApplicationContext.finishBeanFactoryInitialization(AbstractApplicationContext.java:990)
	at org.springframework.context.support.AbstractApplicationContext.refresh(AbstractApplicationContext.java:627)
	at org.springframework.boot.web.servlet.context.ServletWebServerApplicationContext.refresh(ServletWebServerApplicationContext.java:146)
	at org.springframework.boot.SpringApplication.refresh(SpringApplication.java:752)
	at org.springframework.boot.SpringApplication.refreshContext(SpringApplication.java:439)
	at org.springframework.boot.SpringApplication.run(SpringApplication.java:318)
	at org.springframework.boot.SpringApplication.run(SpringApplication.java:1361)
	at org.springframework.boot.SpringApplication.run(SpringApplication.java:1350)
	at com.sisol.salud.SisolSaludApplication.main(SisolSaludApplication.java:12)
	at java.base/jdk.internal.reflect.DirectMethodHandleAccessor.invoke(Unknown Source)
	at java.base/java.lang.reflect.Method.invoke(Unknown Source)
	at org.springframework.boot.devtools.restart.RestartLauncher.run(RestartLauncher.java:50)
Caused by: org.springframework.jdbc.datasource.init.ScriptStatementFailedException: Failed to execute SQL script statement #2 of file [C:\Users\fabri\OneDrive\Desktop\Repositorios\Proyecto-Integrador\target\classes\data.sql]: INSERT IGNORE INTO especialidades (nombre, descripcion, costo, activo, created_at) VALUES ('Medicina General', 'Atención primaria y diagnóstico general de enfermedades comunes', 30.00, true, NOW()), ('Pediatría', 'Atención médica especializada para niños y adolescentes', 40.00, true, NOW()), ('Ginecología', 'Salud reproductiva y atención integral de la mujer', 50.00, true, NOW()), ('Cardiología', 'Diagnóstico y tratamiento de enfermedades del corazón', 60.00, true, NOW()), ('Dermatología', 'Tratamiento de enfermedades de la piel, cabello y uñas', 45.00, true, NOW()), ('Traumatología', 'Lesiones del sistema músculo-esquelético y ortopedia', 50.00, true, NOW()), ('Oftalmología', 'Diagnóstico y tratamiento de enfermedades de los ojos', 40.00, true, NOW()), ('Neurología', 'Enfermedades del sistema nervioso central y periférico', 70.00, true, NOW()), ('Otorrinolaringología', 'Enfermedades del oído, nariz y garganta', 45.00, true, NOW()), ('Psiquiatría', 'Diagnóstico y tratamiento de trastornos mentales', 50.00, true, NOW())
	at org.springframework.jdbc.datasource.init.ScriptUtils.executeSqlScript(ScriptUtils.java:293)
	at org.springframework.jdbc.datasource.init.ResourceDatabasePopulator.populate(ResourceDatabasePopulator.java:254)
	at org.springframework.jdbc.datasource.init.DatabasePopulatorUtils.execute(DatabasePopulatorUtils.java:54)
	at org.springframework.boot.jdbc.init.DataSourceScriptDatabaseInitializer.runScripts(DataSourceScriptDatabaseInitializer.java:87)
	at org.springframework.boot.sql.init.AbstractScriptDatabaseInitializer.runScripts(AbstractScriptDatabaseInitializer.java:146)
	at org.springframework.boot.sql.init.AbstractScriptDatabaseInitializer.applyScripts(AbstractScriptDatabaseInitializer.java:108)
	at org.springframework.boot.sql.init.AbstractScriptDatabaseInitializer.applyDataScripts(AbstractScriptDatabaseInitializer.java:102)
	at org.springframework.boot.sql.init.AbstractScriptDatabaseInitializer.initializeDatabase(AbstractScriptDatabaseInitializer.java:77)
	at org.springframework.boot.sql.init.AbstractScriptDatabaseInitializer.afterPropertiesSet(AbstractScriptDatabaseInitializer.java:66)
	at org.springframework.beans.factory.support.AbstractAutowireCapableBeanFactory.invokeInitMethods(AbstractAutowireCapableBeanFactory.java:1873)
	at org.springframework.beans.factory.support.AbstractAutowireCapableBeanFactory.initializeBean(AbstractAutowireCapableBeanFactory.java:1822)
	... 23 common frames omitted
Caused by: java.sql.SQLSyntaxErrorException: Unknown column 'costo' in 'field list'
	at com.mysql.cj.jdbc.exceptions.SQLError.createSQLException(SQLError.java:112)
	at com.mysql.cj.jdbc.exceptions.SQLExceptionsMapping.translateException(SQLExceptionsMapping.java:114)
	at com.mysql.cj.jdbc.StatementImpl.executeInternal(StatementImpl.java:837)
	at com.mysql.cj.jdbc.StatementImpl.execute(StatementImpl.java:685)
	at com.zaxxer.hikari.pool.ProxyStatement.execute(ProxyStatement.java:95)
	at com.zaxxer.hikari.pool.HikariProxyStatement.execute(HikariProxyStatement.java)
	at org.springframework.jdbc.datasource.init.ScriptUtils.executeSqlScript(ScriptUtils.java:261)
	... 33 common frames omitted

2026-06-01 04:27:14.011  INFO 24624 --- [restartedMain] com.sisol.salud.SisolSaludApplication    : Starting SisolSaludApplication using Java 21.0.10 with PID 24624 (C:\Users\fabri\OneDrive\Desktop\Repositorios\Proyecto-Integrador\target\classes started by fabri in C:\Users\fabri\OneDrive\Desktop\Repositorios\Proyecto-Integrador)
2026-06-01 04:27:14.011 DEBUG 24624 --- [restartedMain] com.sisol.salud.SisolSaludApplication    : Running with Spring Boot v3.5.9, Spring v6.2.15
2026-06-01 04:27:14.011  INFO 24624 --- [restartedMain] com.sisol.salud.SisolSaludApplication    : No active profile set, falling back to 1 default profile: "default"
2026-06-01 04:27:14.215  INFO 24624 --- [restartedMain] .s.d.r.c.RepositoryConfigurationDelegate : Bootstrapping Spring Data JPA repositories in DEFAULT mode.
2026-06-01 04:27:14.231  INFO 24624 --- [restartedMain] .s.d.r.c.RepositoryConfigurationDelegate : Finished Spring Data repository scanning in 15 ms. Found 7 JPA repository interfaces.
2026-06-01 04:27:14.274  INFO 24624 --- [restartedMain] o.s.b.w.embedded.tomcat.TomcatWebServer  : Tomcat initialized with port 8080 (http)
2026-06-01 04:27:14.275  INFO 24624 --- [restartedMain] o.apache.catalina.core.StandardService   : Starting service [Tomcat]
2026-06-01 04:27:14.275  INFO 24624 --- [restartedMain] o.apache.catalina.core.StandardEngine    : Starting Servlet engine: [Apache Tomcat/10.1.50]
2026-06-01 04:27:14.291  INFO 24624 --- [restartedMain] o.a.c.c.C.[Tomcat-1].[localhost].[/]     : Initializing Spring embedded WebApplicationContext
2026-06-01 04:27:14.291  INFO 24624 --- [restartedMain] w.s.c.ServletWebServerApplicationContext : Root WebApplicationContext: initialization completed in 279 ms
2026-06-01 04:27:14.315  INFO 24624 --- [restartedMain] o.hibernate.jpa.internal.util.LogHelper  : HHH000204: Processing PersistenceUnitInfo [name: default]
2026-06-01 04:27:14.320  INFO 24624 --- [restartedMain] o.h.c.internal.RegionFactoryInitiator    : HHH000026: Second-level cache disabled
2026-06-01 04:27:14.323  INFO 24624 --- [restartedMain] o.h.e.boot.internal.EnversServiceImpl    : Envers integration enabled? : true
2026-06-01 04:27:14.327  INFO 24624 --- [restartedMain] o.s.o.j.p.SpringPersistenceUnitInfo      : No LoadTimeWeaver setup: ignoring JPA class transformer
2026-06-01 04:27:14.328  INFO 24624 --- [restartedMain] com.zaxxer.hikari.HikariDataSource       : HikariPool-6 - Starting...
2026-06-01 04:27:14.331  INFO 24624 --- [restartedMain] com.zaxxer.hikari.pool.HikariPool        : HikariPool-6 - Added connection com.mysql.cj.jdbc.ConnectionImpl@3bab31a9
2026-06-01 04:27:14.331  INFO 24624 --- [restartedMain] com.zaxxer.hikari.HikariDataSource       : HikariPool-6 - Start completed.
2026-06-01 04:27:14.332  WARN 24624 --- [restartedMain] org.hibernate.orm.deprecation            : HHH90000025: MySQLDialect does not need to be specified explicitly using 'hibernate.dialect' (remove the property setting and it will be selected by default)
2026-06-01 04:27:14.332  INFO 24624 --- [restartedMain] org.hibernate.orm.connections.pooling    : HHH10001005: Database info:
	Database JDBC URL [Connecting through datasource 'HikariDataSource (HikariPool-6)']
	Database driver: undefined/unknown
	Database version: 8.0.45
	Autocommit mode: undefined/unknown
	Isolation level: undefined/unknown
	Minimum pool size: undefined/unknown
	Maximum pool size: undefined/unknown
2026-06-01 04:27:14.351  INFO 24624 --- [restartedMain] o.h.e.c.i.m.AuditMetadataGenerator       : Adding properties for entity: com.sisol.salud.model.entity.Cita
2026-06-01 04:27:14.351  INFO 24624 --- [restartedMain] o.h.e.c.i.m.AuditMetadataGenerator       : Adding properties for entity: com.sisol.salud.model.entity.Paciente
2026-06-01 04:27:14.352  INFO 24624 --- [restartedMain] o.h.e.c.i.m.AuditMetadataGenerator       : Adding properties for entity: com.sisol.salud.model.entity.Especialidad
2026-06-01 04:27:14.352  INFO 24624 --- [restartedMain] o.h.e.c.i.m.AuditMetadataGenerator       : Adding properties for entity: com.sisol.salud.model.entity.Medico
2026-06-01 04:27:14.352  INFO 24624 --- [restartedMain] o.h.e.c.i.m.AuditMetadataGenerator       : Adding properties for entity: com.sisol.salud.model.entity.Usuario
2026-06-01 04:27:14.408  INFO 24624 --- [restartedMain] o.h.e.t.j.p.i.JtaPlatformInitiator       : HHH000489: No JTA platform available (set 'hibernate.transaction.jta.platform' to enable JTA platform integration)
2026-06-01 04:27:14.441  INFO 24624 --- [restartedMain] j.LocalContainerEntityManagerFactoryBean : Initialized JPA EntityManagerFactory for persistence unit 'default'
2026-06-01 04:27:14.463 DEBUG 24624 --- [restartedMain] c.s.s.s.jwt.JwtAuthenticationFilter      : Filter 'jwtAuthenticationFilter' configured for use
2026-06-01 04:27:14.478  INFO 24624 --- [restartedMain] eAuthenticationProviderManagerConfigurer : Global AuthenticationManager configured with AuthenticationProvider bean with name authenticationProvider
2026-06-01 04:27:14.478  WARN 24624 --- [restartedMain] r$InitializeUserDetailsManagerConfigurer : Global AuthenticationManager configured with an AuthenticationProvider bean. UserDetailsService beans will not be used by Spring Security for automatically configuring username/password login. Consider removing the AuthenticationProvider bean. Alternatively, consider using the UserDetailsService in a manually instantiated DaoAuthenticationProvider. If the current configuration is intentional, to turn off this warning, increase the logging level of 'org.springframework.security.config.annotation.authentication.configuration.InitializeUserDetailsBeanManagerConfigurer' to ERROR
2026-06-01 04:27:14.544  WARN 24624 --- [restartedMain] JpaBaseConfiguration$JpaWebConfiguration : spring.jpa.open-in-view is enabled by default. Therefore, database queries may be performed during view rendering. Explicitly configure spring.jpa.open-in-view to disable this warning
2026-06-01 04:27:14.551  INFO 24624 --- [restartedMain] o.s.b.a.w.s.WelcomePageHandlerMapping    : Adding welcome page template: index
2026-06-01 04:27:14.587  INFO 24624 --- [restartedMain] o.s.b.a.e.web.EndpointLinksResolver      : Exposing 5 endpoints beneath base path '/actuator'
2026-06-01 04:27:14.638  WARN 24624 --- [restartedMain] ConfigServletWebServerApplicationContext : Exception encountered during context initialization - cancelling refresh attempt: org.springframework.beans.factory.BeanCreationException: Error creating bean with name 'dataSourceScriptDatabaseInitializer' defined in class path resource [org/springframework/boot/autoconfigure/sql/init/DataSourceInitializationConfiguration.class]: Failed to execute SQL script statement #2 of file [C:\Users\fabri\OneDrive\Desktop\Repositorios\Proyecto-Integrador\target\classes\data.sql]: INSERT IGNORE INTO especialidades (nombre, descripcion, costo, activo, created_at) VALUES ('Medicina General', 'Atención primaria y diagnóstico general de enfermedades comunes', 30.00, true, NOW()), ('Pediatría', 'Atención médica especializada para niños y adolescentes', 40.00, true, NOW()), ('Ginecología', 'Salud reproductiva y atención integral de la mujer', 50.00, true, NOW()), ('Cardiología', 'Diagnóstico y tratamiento de enfermedades del corazón', 60.00, true, NOW()), ('Dermatología', 'Tratamiento de enfermedades de la piel, cabello y uñas', 45.00, true, NOW()), ('Traumatología', 'Lesiones del sistema músculo-esquelético y ortopedia', 50.00, true, NOW()), ('Oftalmología', 'Diagnóstico y tratamiento de enfermedades de los ojos', 40.00, true, NOW()), ('Neurología', 'Enfermedades del sistema nervioso central y periférico', 70.00, true, NOW()), ('Otorrinolaringología', 'Enfermedades del oído, nariz y garganta', 45.00, true, NOW()), ('Psiquiatría', 'Diagnóstico y tratamiento de trastornos mentales', 50.00, true, NOW())
2026-06-01 04:27:14.639  INFO 24624 --- [restartedMain] j.LocalContainerEntityManagerFactoryBean : Closing JPA EntityManagerFactory for persistence unit 'default'
2026-06-01 04:27:14.639  INFO 24624 --- [restartedMain] com.zaxxer.hikari.HikariDataSource       : HikariPool-6 - Shutdown initiated...
2026-06-01 04:27:14.675  INFO 24624 --- [restartedMain] com.zaxxer.hikari.HikariDataSource       : HikariPool-6 - Shutdown completed.
2026-06-01 04:27:14.676  INFO 24624 --- [restartedMain] o.apache.catalina.core.StandardService   : Stopping service [Tomcat]
2026-06-01 04:27:14.678  INFO 24624 --- [restartedMain] .s.b.a.l.ConditionEvaluationReportLogger : 

Error starting ApplicationContext. To display the condition evaluation report re-run your application with 'debug' enabled.
2026-06-01 04:27:14.681 ERROR 24624 --- [restartedMain] o.s.boot.SpringApplication               : Application run failed

org.springframework.beans.factory.BeanCreationException: Error creating bean with name 'dataSourceScriptDatabaseInitializer' defined in class path resource [org/springframework/boot/autoconfigure/sql/init/DataSourceInitializationConfiguration.class]: Failed to execute SQL script statement #2 of file [C:\Users\fabri\OneDrive\Desktop\Repositorios\Proyecto-Integrador\target\classes\data.sql]: INSERT IGNORE INTO especialidades (nombre, descripcion, costo, activo, created_at) VALUES ('Medicina General', 'Atención primaria y diagnóstico general de enfermedades comunes', 30.00, true, NOW()), ('Pediatría', 'Atención médica especializada para niños y adolescentes', 40.00, true, NOW()), ('Ginecología', 'Salud reproductiva y atención integral de la mujer', 50.00, true, NOW()), ('Cardiología', 'Diagnóstico y tratamiento de enfermedades del corazón', 60.00, true, NOW()), ('Dermatología', 'Tratamiento de enfermedades de la piel, cabello y uñas', 45.00, true, NOW()), ('Traumatología', 'Lesiones del sistema músculo-esquelético y ortopedia', 50.00, true, NOW()), ('Oftalmología', 'Diagnóstico y tratamiento de enfermedades de los ojos', 40.00, true, NOW()), ('Neurología', 'Enfermedades del sistema nervioso central y periférico', 70.00, true, NOW()), ('Otorrinolaringología', 'Enfermedades del oído, nariz y garganta', 45.00, true, NOW()), ('Psiquiatría', 'Diagnóstico y tratamiento de trastornos mentales', 50.00, true, NOW())
	at org.springframework.beans.factory.support.AbstractAutowireCapableBeanFactory.initializeBean(AbstractAutowireCapableBeanFactory.java:1826)
	at org.springframework.beans.factory.support.AbstractAutowireCapableBeanFactory.doCreateBean(AbstractAutowireCapableBeanFactory.java:607)
	at org.springframework.beans.factory.support.AbstractAutowireCapableBeanFactory.createBean(AbstractAutowireCapableBeanFactory.java:529)
	at org.springframework.beans.factory.support.AbstractBeanFactory.lambda$doGetBean$0(AbstractBeanFactory.java:339)
	at org.springframework.beans.factory.support.DefaultSingletonBeanRegistry.getSingleton(DefaultSingletonBeanRegistry.java:373)
	at org.springframework.beans.factory.support.AbstractBeanFactory.doGetBean(AbstractBeanFactory.java:337)
	at org.springframework.beans.factory.support.AbstractBeanFactory.getBean(AbstractBeanFactory.java:202)
	at org.springframework.beans.factory.support.AbstractBeanFactory.doGetBean(AbstractBeanFactory.java:315)
	at org.springframework.beans.factory.support.AbstractBeanFactory.getBean(AbstractBeanFactory.java:202)
	at org.springframework.beans.factory.support.DefaultListableBeanFactory.instantiateSingleton(DefaultListableBeanFactory.java:1228)
	at org.springframework.beans.factory.support.DefaultListableBeanFactory.preInstantiateSingleton(DefaultListableBeanFactory.java:1194)
	at org.springframework.beans.factory.support.DefaultListableBeanFactory.preInstantiateSingletons(DefaultListableBeanFactory.java:1130)
	at org.springframework.context.support.AbstractApplicationContext.finishBeanFactoryInitialization(AbstractApplicationContext.java:990)
	at org.springframework.context.support.AbstractApplicationContext.refresh(AbstractApplicationContext.java:627)
	at org.springframework.boot.web.servlet.context.ServletWebServerApplicationContext.refresh(ServletWebServerApplicationContext.java:146)
	at org.springframework.boot.SpringApplication.refresh(SpringApplication.java:752)
	at org.springframework.boot.SpringApplication.refreshContext(SpringApplication.java:439)
	at org.springframework.boot.SpringApplication.run(SpringApplication.java:318)
	at org.springframework.boot.SpringApplication.run(SpringApplication.java:1361)
	at org.springframework.boot.SpringApplication.run(SpringApplication.java:1350)
	at com.sisol.salud.SisolSaludApplication.main(SisolSaludApplication.java:12)
	at java.base/jdk.internal.reflect.DirectMethodHandleAccessor.invoke(Unknown Source)
	at java.base/java.lang.reflect.Method.invoke(Unknown Source)
	at org.springframework.boot.devtools.restart.RestartLauncher.run(RestartLauncher.java:50)
Caused by: org.springframework.jdbc.datasource.init.ScriptStatementFailedException: Failed to execute SQL script statement #2 of file [C:\Users\fabri\OneDrive\Desktop\Repositorios\Proyecto-Integrador\target\classes\data.sql]: INSERT IGNORE INTO especialidades (nombre, descripcion, costo, activo, created_at) VALUES ('Medicina General', 'Atención primaria y diagnóstico general de enfermedades comunes', 30.00, true, NOW()), ('Pediatría', 'Atención médica especializada para niños y adolescentes', 40.00, true, NOW()), ('Ginecología', 'Salud reproductiva y atención integral de la mujer', 50.00, true, NOW()), ('Cardiología', 'Diagnóstico y tratamiento de enfermedades del corazón', 60.00, true, NOW()), ('Dermatología', 'Tratamiento de enfermedades de la piel, cabello y uñas', 45.00, true, NOW()), ('Traumatología', 'Lesiones del sistema músculo-esquelético y ortopedia', 50.00, true, NOW()), ('Oftalmología', 'Diagnóstico y tratamiento de enfermedades de los ojos', 40.00, true, NOW()), ('Neurología', 'Enfermedades del sistema nervioso central y periférico', 70.00, true, NOW()), ('Otorrinolaringología', 'Enfermedades del oído, nariz y garganta', 45.00, true, NOW()), ('Psiquiatría', 'Diagnóstico y tratamiento de trastornos mentales', 50.00, true, NOW())
	at org.springframework.jdbc.datasource.init.ScriptUtils.executeSqlScript(ScriptUtils.java:293)
	at org.springframework.jdbc.datasource.init.ResourceDatabasePopulator.populate(ResourceDatabasePopulator.java:254)
	at org.springframework.jdbc.datasource.init.DatabasePopulatorUtils.execute(DatabasePopulatorUtils.java:54)
	at org.springframework.boot.jdbc.init.DataSourceScriptDatabaseInitializer.runScripts(DataSourceScriptDatabaseInitializer.java:87)
	at org.springframework.boot.sql.init.AbstractScriptDatabaseInitializer.runScripts(AbstractScriptDatabaseInitializer.java:146)
	at org.springframework.boot.sql.init.AbstractScriptDatabaseInitializer.applyScripts(AbstractScriptDatabaseInitializer.java:108)
	at org.springframework.boot.sql.init.AbstractScriptDatabaseInitializer.applyDataScripts(AbstractScriptDatabaseInitializer.java:102)
	at org.springframework.boot.sql.init.AbstractScriptDatabaseInitializer.initializeDatabase(AbstractScriptDatabaseInitializer.java:77)
	at org.springframework.boot.sql.init.AbstractScriptDatabaseInitializer.afterPropertiesSet(AbstractScriptDatabaseInitializer.java:66)
	at org.springframework.beans.factory.support.AbstractAutowireCapableBeanFactory.invokeInitMethods(AbstractAutowireCapableBeanFactory.java:1873)
	at org.springframework.beans.factory.support.AbstractAutowireCapableBeanFactory.initializeBean(AbstractAutowireCapableBeanFactory.java:1822)
	... 23 common frames omitted
Caused by: java.sql.SQLSyntaxErrorException: Unknown column 'costo' in 'field list'
	at com.mysql.cj.jdbc.exceptions.SQLError.createSQLException(SQLError.java:112)
	at com.mysql.cj.jdbc.exceptions.SQLExceptionsMapping.translateException(SQLExceptionsMapping.java:114)
	at com.mysql.cj.jdbc.StatementImpl.executeInternal(StatementImpl.java:837)
	at com.mysql.cj.jdbc.StatementImpl.execute(StatementImpl.java:685)
	at com.zaxxer.hikari.pool.ProxyStatement.execute(ProxyStatement.java:95)
	at com.zaxxer.hikari.pool.HikariProxyStatement.execute(HikariProxyStatement.java)
	at org.springframework.jdbc.datasource.init.ScriptUtils.executeSqlScript(ScriptUtils.java:261)
	... 33 common frames omitted

2026-06-01 04:27:18.201  INFO 24624 --- [restartedMain] com.sisol.salud.SisolSaludApplication    : Starting SisolSaludApplication using Java 21.0.10 with PID 24624 (C:\Users\fabri\OneDrive\Desktop\Repositorios\Proyecto-Integrador\target\classes started by fabri in C:\Users\fabri\OneDrive\Desktop\Repositorios\Proyecto-Integrador)
2026-06-01 04:27:18.201 DEBUG 24624 --- [restartedMain] com.sisol.salud.SisolSaludApplication    : Running with Spring Boot v3.5.9, Spring v6.2.15
2026-06-01 04:27:18.201  INFO 24624 --- [restartedMain] com.sisol.salud.SisolSaludApplication    : No active profile set, falling back to 1 default profile: "default"
2026-06-01 04:27:18.361  INFO 24624 --- [restartedMain] .s.d.r.c.RepositoryConfigurationDelegate : Bootstrapping Spring Data JPA repositories in DEFAULT mode.
2026-06-01 04:27:18.390  INFO 24624 --- [restartedMain] .s.d.r.c.RepositoryConfigurationDelegate : Finished Spring Data repository scanning in 27 ms. Found 7 JPA repository interfaces.
2026-06-01 04:27:18.433  INFO 24624 --- [restartedMain] o.s.b.w.embedded.tomcat.TomcatWebServer  : Tomcat initialized with port 8080 (http)
2026-06-01 04:27:18.433  INFO 24624 --- [restartedMain] o.apache.catalina.core.StandardService   : Starting service [Tomcat]
2026-06-01 04:27:18.434  INFO 24624 --- [restartedMain] o.apache.catalina.core.StandardEngine    : Starting Servlet engine: [Apache Tomcat/10.1.50]
2026-06-01 04:27:18.449  INFO 24624 --- [restartedMain] o.a.c.c.C.[Tomcat-2].[localhost].[/]     : Initializing Spring embedded WebApplicationContext
2026-06-01 04:27:18.450  INFO 24624 --- [restartedMain] w.s.c.ServletWebServerApplicationContext : Root WebApplicationContext: initialization completed in 248 ms
2026-06-01 04:27:18.472  INFO 24624 --- [restartedMain] o.hibernate.jpa.internal.util.LogHelper  : HHH000204: Processing PersistenceUnitInfo [name: default]
2026-06-01 04:27:18.476  INFO 24624 --- [restartedMain] o.h.c.internal.RegionFactoryInitiator    : HHH000026: Second-level cache disabled
2026-06-01 04:27:18.478  INFO 24624 --- [restartedMain] o.h.e.boot.internal.EnversServiceImpl    : Envers integration enabled? : true
2026-06-01 04:27:18.482  INFO 24624 --- [restartedMain] o.s.o.j.p.SpringPersistenceUnitInfo      : No LoadTimeWeaver setup: ignoring JPA class transformer
2026-06-01 04:27:18.482  INFO 24624 --- [restartedMain] com.zaxxer.hikari.HikariDataSource       : HikariPool-7 - Starting...
2026-06-01 04:27:18.485  INFO 24624 --- [restartedMain] com.zaxxer.hikari.pool.HikariPool        : HikariPool-7 - Added connection com.mysql.cj.jdbc.ConnectionImpl@4bb8848d
2026-06-01 04:27:18.485  INFO 24624 --- [restartedMain] com.zaxxer.hikari.HikariDataSource       : HikariPool-7 - Start completed.
2026-06-01 04:27:18.486  WARN 24624 --- [restartedMain] org.hibernate.orm.deprecation            : HHH90000025: MySQLDialect does not need to be specified explicitly using 'hibernate.dialect' (remove the property setting and it will be selected by default)
2026-06-01 04:27:18.486  INFO 24624 --- [restartedMain] org.hibernate.orm.connections.pooling    : HHH10001005: Database info:
	Database JDBC URL [Connecting through datasource 'HikariDataSource (HikariPool-7)']
	Database driver: undefined/unknown
	Database version: 8.0.45
	Autocommit mode: undefined/unknown
	Isolation level: undefined/unknown
	Minimum pool size: undefined/unknown
	Maximum pool size: undefined/unknown
2026-06-01 04:27:18.509  INFO 24624 --- [restartedMain] o.h.e.c.i.m.AuditMetadataGenerator       : Adding properties for entity: com.sisol.salud.model.entity.Cita
2026-06-01 04:27:18.509  INFO 24624 --- [restartedMain] o.h.e.c.i.m.AuditMetadataGenerator       : Adding properties for entity: com.sisol.salud.model.entity.Paciente
2026-06-01 04:27:18.509  INFO 24624 --- [restartedMain] o.h.e.c.i.m.AuditMetadataGenerator       : Adding properties for entity: com.sisol.salud.model.entity.Especialidad
2026-06-01 04:27:18.509  INFO 24624 --- [restartedMain] o.h.e.c.i.m.AuditMetadataGenerator       : Adding properties for entity: com.sisol.salud.model.entity.Medico
2026-06-01 04:27:18.509  INFO 24624 --- [restartedMain] o.h.e.c.i.m.AuditMetadataGenerator       : Adding properties for entity: com.sisol.salud.model.entity.Usuario
2026-06-01 04:27:18.574  INFO 24624 --- [restartedMain] o.h.e.t.j.p.i.JtaPlatformInitiator       : HHH000489: No JTA platform available (set 'hibernate.transaction.jta.platform' to enable JTA platform integration)
2026-06-01 04:27:18.609  INFO 24624 --- [restartedMain] j.LocalContainerEntityManagerFactoryBean : Initialized JPA EntityManagerFactory for persistence unit 'default'
2026-06-01 04:27:18.639 DEBUG 24624 --- [restartedMain] c.s.s.s.jwt.JwtAuthenticationFilter      : Filter 'jwtAuthenticationFilter' configured for use
2026-06-01 04:27:18.655  INFO 24624 --- [restartedMain] eAuthenticationProviderManagerConfigurer : Global AuthenticationManager configured with AuthenticationProvider bean with name authenticationProvider
2026-06-01 04:27:18.655  WARN 24624 --- [restartedMain] r$InitializeUserDetailsManagerConfigurer : Global AuthenticationManager configured with an AuthenticationProvider bean. UserDetailsService beans will not be used by Spring Security for automatically configuring username/password login. Consider removing the AuthenticationProvider bean. Alternatively, consider using the UserDetailsService in a manually instantiated DaoAuthenticationProvider. If the current configuration is intentional, to turn off this warning, increase the logging level of 'org.springframework.security.config.annotation.authentication.configuration.InitializeUserDetailsBeanManagerConfigurer' to ERROR
2026-06-01 04:27:18.717  WARN 24624 --- [restartedMain] JpaBaseConfiguration$JpaWebConfiguration : spring.jpa.open-in-view is enabled by default. Therefore, database queries may be performed during view rendering. Explicitly configure spring.jpa.open-in-view to disable this warning
2026-06-01 04:27:18.722  INFO 24624 --- [restartedMain] o.s.b.a.w.s.WelcomePageHandlerMapping    : Adding welcome page template: index
2026-06-01 04:27:18.764  INFO 24624 --- [restartedMain] o.s.b.a.e.web.EndpointLinksResolver      : Exposing 5 endpoints beneath base path '/actuator'
2026-06-01 04:27:18.810  WARN 24624 --- [restartedMain] ConfigServletWebServerApplicationContext : Exception encountered during context initialization - cancelling refresh attempt: org.springframework.beans.factory.BeanCreationException: Error creating bean with name 'dataSourceScriptDatabaseInitializer' defined in class path resource [org/springframework/boot/autoconfigure/sql/init/DataSourceInitializationConfiguration.class]: Failed to execute SQL script statement #2 of file [C:\Users\fabri\OneDrive\Desktop\Repositorios\Proyecto-Integrador\target\classes\data.sql]: INSERT IGNORE INTO especialidades (nombre, descripcion, costo, activo, created_at) VALUES ('Medicina General', 'Atención primaria y diagnóstico general de enfermedades comunes', 30.00, true, NOW()), ('Pediatría', 'Atención médica especializada para niños y adolescentes', 40.00, true, NOW()), ('Ginecología', 'Salud reproductiva y atención integral de la mujer', 50.00, true, NOW()), ('Cardiología', 'Diagnóstico y tratamiento de enfermedades del corazón', 60.00, true, NOW()), ('Dermatología', 'Tratamiento de enfermedades de la piel, cabello y uñas', 45.00, true, NOW()), ('Traumatología', 'Lesiones del sistema músculo-esquelético y ortopedia', 50.00, true, NOW()), ('Oftalmología', 'Diagnóstico y tratamiento de enfermedades de los ojos', 40.00, true, NOW()), ('Neurología', 'Enfermedades del sistema nervioso central y periférico', 70.00, true, NOW()), ('Otorrinolaringología', 'Enfermedades del oído, nariz y garganta', 45.00, true, NOW()), ('Psiquiatría', 'Diagnóstico y tratamiento de trastornos mentales', 50.00, true, NOW())
2026-06-01 04:27:18.811  INFO 24624 --- [restartedMain] j.LocalContainerEntityManagerFactoryBean : Closing JPA EntityManagerFactory for persistence unit 'default'
2026-06-01 04:27:18.811  INFO 24624 --- [restartedMain] com.zaxxer.hikari.HikariDataSource       : HikariPool-7 - Shutdown initiated...
2026-06-01 04:27:18.829  INFO 24624 --- [restartedMain] com.zaxxer.hikari.HikariDataSource       : HikariPool-7 - Shutdown completed.
2026-06-01 04:27:18.830  INFO 24624 --- [restartedMain] o.apache.catalina.core.StandardService   : Stopping service [Tomcat]
2026-06-01 04:27:18.833  INFO 24624 --- [restartedMain] .s.b.a.l.ConditionEvaluationReportLogger : 

Error starting ApplicationContext. To display the condition evaluation report re-run your application with 'debug' enabled.
2026-06-01 04:27:18.835 ERROR 24624 --- [restartedMain] o.s.boot.SpringApplication               : Application run failed

org.springframework.beans.factory.BeanCreationException: Error creating bean with name 'dataSourceScriptDatabaseInitializer' defined in class path resource [org/springframework/boot/autoconfigure/sql/init/DataSourceInitializationConfiguration.class]: Failed to execute SQL script statement #2 of file [C:\Users\fabri\OneDrive\Desktop\Repositorios\Proyecto-Integrador\target\classes\data.sql]: INSERT IGNORE INTO especialidades (nombre, descripcion, costo, activo, created_at) VALUES ('Medicina General', 'Atención primaria y diagnóstico general de enfermedades comunes', 30.00, true, NOW()), ('Pediatría', 'Atención médica especializada para niños y adolescentes', 40.00, true, NOW()), ('Ginecología', 'Salud reproductiva y atención integral de la mujer', 50.00, true, NOW()), ('Cardiología', 'Diagnóstico y tratamiento de enfermedades del corazón', 60.00, true, NOW()), ('Dermatología', 'Tratamiento de enfermedades de la piel, cabello y uñas', 45.00, true, NOW()), ('Traumatología', 'Lesiones del sistema músculo-esquelético y ortopedia', 50.00, true, NOW()), ('Oftalmología', 'Diagnóstico y tratamiento de enfermedades de los ojos', 40.00, true, NOW()), ('Neurología', 'Enfermedades del sistema nervioso central y periférico', 70.00, true, NOW()), ('Otorrinolaringología', 'Enfermedades del oído, nariz y garganta', 45.00, true, NOW()), ('Psiquiatría', 'Diagnóstico y tratamiento de trastornos mentales', 50.00, true, NOW())
	at org.springframework.beans.factory.support.AbstractAutowireCapableBeanFactory.initializeBean(AbstractAutowireCapableBeanFactory.java:1826)
	at org.springframework.beans.factory.support.AbstractAutowireCapableBeanFactory.doCreateBean(AbstractAutowireCapableBeanFactory.java:607)
	at org.springframework.beans.factory.support.AbstractAutowireCapableBeanFactory.createBean(AbstractAutowireCapableBeanFactory.java:529)
	at org.springframework.beans.factory.support.AbstractBeanFactory.lambda$doGetBean$0(AbstractBeanFactory.java:339)
	at org.springframework.beans.factory.support.DefaultSingletonBeanRegistry.getSingleton(DefaultSingletonBeanRegistry.java:373)
	at org.springframework.beans.factory.support.AbstractBeanFactory.doGetBean(AbstractBeanFactory.java:337)
	at org.springframework.beans.factory.support.AbstractBeanFactory.getBean(AbstractBeanFactory.java:202)
	at org.springframework.beans.factory.support.AbstractBeanFactory.doGetBean(AbstractBeanFactory.java:315)
	at org.springframework.beans.factory.support.AbstractBeanFactory.getBean(AbstractBeanFactory.java:202)
	at org.springframework.beans.factory.support.DefaultListableBeanFactory.instantiateSingleton(DefaultListableBeanFactory.java:1228)
	at org.springframework.beans.factory.support.DefaultListableBeanFactory.preInstantiateSingleton(DefaultListableBeanFactory.java:1194)
	at org.springframework.beans.factory.support.DefaultListableBeanFactory.preInstantiateSingletons(DefaultListableBeanFactory.java:1130)
	at org.springframework.context.support.AbstractApplicationContext.finishBeanFactoryInitialization(AbstractApplicationContext.java:990)
	at org.springframework.context.support.AbstractApplicationContext.refresh(AbstractApplicationContext.java:627)
	at org.springframework.boot.web.servlet.context.ServletWebServerApplicationContext.refresh(ServletWebServerApplicationContext.java:146)
	at org.springframework.boot.SpringApplication.refresh(SpringApplication.java:752)
	at org.springframework.boot.SpringApplication.refreshContext(SpringApplication.java:439)
	at org.springframework.boot.SpringApplication.run(SpringApplication.java:318)
	at org.springframework.boot.SpringApplication.run(SpringApplication.java:1361)
	at org.springframework.boot.SpringApplication.run(SpringApplication.java:1350)
	at com.sisol.salud.SisolSaludApplication.main(SisolSaludApplication.java:12)
	at java.base/jdk.internal.reflect.DirectMethodHandleAccessor.invoke(Unknown Source)
	at java.base/java.lang.reflect.Method.invoke(Unknown Source)
	at org.springframework.boot.devtools.restart.RestartLauncher.run(RestartLauncher.java:50)
Caused by: org.springframework.jdbc.datasource.init.ScriptStatementFailedException: Failed to execute SQL script statement #2 of file [C:\Users\fabri\OneDrive\Desktop\Repositorios\Proyecto-Integrador\target\classes\data.sql]: INSERT IGNORE INTO especialidades (nombre, descripcion, costo, activo, created_at) VALUES ('Medicina General', 'Atención primaria y diagnóstico general de enfermedades comunes', 30.00, true, NOW()), ('Pediatría', 'Atención médica especializada para niños y adolescentes', 40.00, true, NOW()), ('Ginecología', 'Salud reproductiva y atención integral de la mujer', 50.00, true, NOW()), ('Cardiología', 'Diagnóstico y tratamiento de enfermedades del corazón', 60.00, true, NOW()), ('Dermatología', 'Tratamiento de enfermedades de la piel, cabello y uñas', 45.00, true, NOW()), ('Traumatología', 'Lesiones del sistema músculo-esquelético y ortopedia', 50.00, true, NOW()), ('Oftalmología', 'Diagnóstico y tratamiento de enfermedades de los ojos', 40.00, true, NOW()), ('Neurología', 'Enfermedades del sistema nervioso central y periférico', 70.00, true, NOW()), ('Otorrinolaringología', 'Enfermedades del oído, nariz y garganta', 45.00, true, NOW()), ('Psiquiatría', 'Diagnóstico y tratamiento de trastornos mentales', 50.00, true, NOW())
	at org.springframework.jdbc.datasource.init.ScriptUtils.executeSqlScript(ScriptUtils.java:293)
	at org.springframework.jdbc.datasource.init.ResourceDatabasePopulator.populate(ResourceDatabasePopulator.java:254)
	at org.springframework.jdbc.datasource.init.DatabasePopulatorUtils.execute(DatabasePopulatorUtils.java:54)
	at org.springframework.boot.jdbc.init.DataSourceScriptDatabaseInitializer.runScripts(DataSourceScriptDatabaseInitializer.java:87)
	at org.springframework.boot.sql.init.AbstractScriptDatabaseInitializer.runScripts(AbstractScriptDatabaseInitializer.java:146)
	at org.springframework.boot.sql.init.AbstractScriptDatabaseInitializer.applyScripts(AbstractScriptDatabaseInitializer.java:108)
	at org.springframework.boot.sql.init.AbstractScriptDatabaseInitializer.applyDataScripts(AbstractScriptDatabaseInitializer.java:102)
	at org.springframework.boot.sql.init.AbstractScriptDatabaseInitializer.initializeDatabase(AbstractScriptDatabaseInitializer.java:77)
	at org.springframework.boot.sql.init.AbstractScriptDatabaseInitializer.afterPropertiesSet(AbstractScriptDatabaseInitializer.java:66)
	at org.springframework.beans.factory.support.AbstractAutowireCapableBeanFactory.invokeInitMethods(AbstractAutowireCapableBeanFactory.java:1873)
	at org.springframework.beans.factory.support.AbstractAutowireCapableBeanFactory.initializeBean(AbstractAutowireCapableBeanFactory.java:1822)
	... 23 common frames omitted
Caused by: java.sql.SQLSyntaxErrorException: Unknown column 'costo' in 'field list'
	at com.mysql.cj.jdbc.exceptions.SQLError.createSQLException(SQLError.java:112)
	at com.mysql.cj.jdbc.exceptions.SQLExceptionsMapping.translateException(SQLExceptionsMapping.java:114)
	at com.mysql.cj.jdbc.StatementImpl.executeInternal(StatementImpl.java:837)
	at com.mysql.cj.jdbc.StatementImpl.execute(StatementImpl.java:685)
	at com.zaxxer.hikari.pool.ProxyStatement.execute(ProxyStatement.java:95)
	at com.zaxxer.hikari.pool.HikariProxyStatement.execute(HikariProxyStatement.java)
	at org.springframework.jdbc.datasource.init.ScriptUtils.executeSqlScript(ScriptUtils.java:261)
	... 33 common frames omitted

2026-06-01 04:27:23.402  INFO 24624 --- [restartedMain] com.sisol.salud.SisolSaludApplication    : Starting SisolSaludApplication using Java 21.0.10 with PID 24624 (C:\Users\fabri\OneDrive\Desktop\Repositorios\Proyecto-Integrador\target\classes started by fabri in C:\Users\fabri\OneDrive\Desktop\Repositorios\Proyecto-Integrador)
2026-06-01 04:27:23.403 DEBUG 24624 --- [restartedMain] com.sisol.salud.SisolSaludApplication    : Running with Spring Boot v3.5.9, Spring v6.2.15
2026-06-01 04:27:23.403  INFO 24624 --- [restartedMain] com.sisol.salud.SisolSaludApplication    : No active profile set, falling back to 1 default profile: "default"
2026-06-01 04:27:23.614  INFO 24624 --- [restartedMain] .s.d.r.c.RepositoryConfigurationDelegate : Bootstrapping Spring Data JPA repositories in DEFAULT mode.
2026-06-01 04:27:23.630  INFO 24624 --- [restartedMain] .s.d.r.c.RepositoryConfigurationDelegate : Finished Spring Data repository scanning in 16 ms. Found 7 JPA repository interfaces.
2026-06-01 04:27:23.670  INFO 24624 --- [restartedMain] o.s.b.w.embedded.tomcat.TomcatWebServer  : Tomcat initialized with port 8080 (http)
2026-06-01 04:27:23.670  INFO 24624 --- [restartedMain] o.apache.catalina.core.StandardService   : Starting service [Tomcat]
2026-06-01 04:27:23.671  INFO 24624 --- [restartedMain] o.apache.catalina.core.StandardEngine    : Starting Servlet engine: [Apache Tomcat/10.1.50]
2026-06-01 04:27:23.686  INFO 24624 --- [restartedMain] o.a.c.c.C.[Tomcat-3].[localhost].[/]     : Initializing Spring embedded WebApplicationContext
2026-06-01 04:27:23.686  INFO 24624 --- [restartedMain] w.s.c.ServletWebServerApplicationContext : Root WebApplicationContext: initialization completed in 283 ms
2026-06-01 04:27:23.708  INFO 24624 --- [restartedMain] o.hibernate.jpa.internal.util.LogHelper  : HHH000204: Processing PersistenceUnitInfo [name: default]
2026-06-01 04:27:23.713  INFO 24624 --- [restartedMain] o.h.c.internal.RegionFactoryInitiator    : HHH000026: Second-level cache disabled
2026-06-01 04:27:23.715  INFO 24624 --- [restartedMain] o.h.e.boot.internal.EnversServiceImpl    : Envers integration enabled? : true
2026-06-01 04:27:23.717  INFO 24624 --- [restartedMain] o.s.o.j.p.SpringPersistenceUnitInfo      : No LoadTimeWeaver setup: ignoring JPA class transformer
2026-06-01 04:27:23.718  INFO 24624 --- [restartedMain] com.zaxxer.hikari.HikariDataSource       : HikariPool-8 - Starting...
2026-06-01 04:27:23.721  INFO 24624 --- [restartedMain] com.zaxxer.hikari.pool.HikariPool        : HikariPool-8 - Added connection com.mysql.cj.jdbc.ConnectionImpl@1c99003
2026-06-01 04:27:23.721  INFO 24624 --- [restartedMain] com.zaxxer.hikari.HikariDataSource       : HikariPool-8 - Start completed.
2026-06-01 04:27:23.721  WARN 24624 --- [restartedMain] org.hibernate.orm.deprecation            : HHH90000025: MySQLDialect does not need to be specified explicitly using 'hibernate.dialect' (remove the property setting and it will be selected by default)
2026-06-01 04:27:23.722  INFO 24624 --- [restartedMain] org.hibernate.orm.connections.pooling    : HHH10001005: Database info:
	Database JDBC URL [Connecting through datasource 'HikariDataSource (HikariPool-8)']
	Database driver: undefined/unknown
	Database version: 8.0.45
	Autocommit mode: undefined/unknown
	Isolation level: undefined/unknown
	Minimum pool size: undefined/unknown
	Maximum pool size: undefined/unknown
2026-06-01 04:27:23.738  INFO 24624 --- [restartedMain] o.h.e.c.i.m.AuditMetadataGenerator       : Adding properties for entity: com.sisol.salud.model.entity.Cita
2026-06-01 04:27:23.739  INFO 24624 --- [restartedMain] o.h.e.c.i.m.AuditMetadataGenerator       : Adding properties for entity: com.sisol.salud.model.entity.Paciente
2026-06-01 04:27:23.739  INFO 24624 --- [restartedMain] o.h.e.c.i.m.AuditMetadataGenerator       : Adding properties for entity: com.sisol.salud.model.entity.Especialidad
2026-06-01 04:27:23.739  INFO 24624 --- [restartedMain] o.h.e.c.i.m.AuditMetadataGenerator       : Adding properties for entity: com.sisol.salud.model.entity.Medico
2026-06-01 04:27:23.740  INFO 24624 --- [restartedMain] o.h.e.c.i.m.AuditMetadataGenerator       : Adding properties for entity: com.sisol.salud.model.entity.Usuario
2026-06-01 04:27:23.790  INFO 24624 --- [restartedMain] o.h.e.t.j.p.i.JtaPlatformInitiator       : HHH000489: No JTA platform available (set 'hibernate.transaction.jta.platform' to enable JTA platform integration)
2026-06-01 04:27:23.798 DEBUG 24624 --- [restartedMain] org.hibernate.SQL                        : 
    alter table especialidades 
       add column costo decimal(10,2) not null
2026-06-01 04:27:23.830 DEBUG 24624 --- [restartedMain] org.hibernate.SQL                        : 
    alter table especialidades_aud 
       add column costo decimal(10,2)
2026-06-01 04:27:23.885  INFO 24624 --- [restartedMain] j.LocalContainerEntityManagerFactoryBean : Initialized JPA EntityManagerFactory for persistence unit 'default'
2026-06-01 04:27:23.904 DEBUG 24624 --- [restartedMain] c.s.s.s.jwt.JwtAuthenticationFilter      : Filter 'jwtAuthenticationFilter' configured for use
2026-06-01 04:27:23.918  INFO 24624 --- [restartedMain] eAuthenticationProviderManagerConfigurer : Global AuthenticationManager configured with AuthenticationProvider bean with name authenticationProvider
2026-06-01 04:27:23.918  WARN 24624 --- [restartedMain] r$InitializeUserDetailsManagerConfigurer : Global AuthenticationManager configured with an AuthenticationProvider bean. UserDetailsService beans will not be used by Spring Security for automatically configuring username/password login. Consider removing the AuthenticationProvider bean. Alternatively, consider using the UserDetailsService in a manually instantiated DaoAuthenticationProvider. If the current configuration is intentional, to turn off this warning, increase the logging level of 'org.springframework.security.config.annotation.authentication.configuration.InitializeUserDetailsBeanManagerConfigurer' to ERROR
2026-06-01 04:27:23.980  WARN 24624 --- [restartedMain] JpaBaseConfiguration$JpaWebConfiguration : spring.jpa.open-in-view is enabled by default. Therefore, database queries may be performed during view rendering. Explicitly configure spring.jpa.open-in-view to disable this warning
2026-06-01 04:27:23.985  INFO 24624 --- [restartedMain] o.s.b.a.w.s.WelcomePageHandlerMapping    : Adding welcome page template: index
2026-06-01 04:27:24.034  INFO 24624 --- [restartedMain] o.s.b.a.e.web.EndpointLinksResolver      : Exposing 5 endpoints beneath base path '/actuator'
2026-06-01 04:27:24.085  INFO 24624 --- [restartedMain] o.s.b.d.a.OptionalLiveReloadServer       : LiveReload server is running on port 35729
2026-06-01 04:27:24.096  INFO 24624 --- [restartedMain] o.s.b.w.embedded.tomcat.TomcatWebServer  : Tomcat started on port 8080 (http) with context path '/'
2026-06-01 04:27:24.100  INFO 24624 --- [restartedMain] com.sisol.salud.SisolSaludApplication    : Started SisolSaludApplication in 0.714 seconds (process running for 7352.408)
2026-06-01 04:27:24.101  INFO 24624 --- [restartedMain] .ConditionEvaluationDeltaLoggingListener : Condition evaluation unchanged
2026-06-01 04:27:27.588  INFO 24624 --- [File Watcher] rtingClassPathChangeChangedEventListener : Restarting due to 5 class path changes (0 additions, 1 deletion, 4 modifications)
2026-06-01 04:27:27.588  INFO 24624 --- [Thread-19] o.s.b.w.e.tomcat.GracefulShutdown        : Commencing graceful shutdown. Waiting for active requests to complete
2026-06-01 04:27:27.593  INFO 24624 --- [tomcat-shutdown] o.s.b.w.e.tomcat.GracefulShutdown        : Graceful shutdown complete
2026-06-01 04:27:27.594  INFO 24624 --- [Thread-19] j.LocalContainerEntityManagerFactoryBean : Closing JPA EntityManagerFactory for persistence unit 'default'
2026-06-01 04:27:27.594  INFO 24624 --- [Thread-19] com.zaxxer.hikari.HikariDataSource       : HikariPool-8 - Shutdown initiated...
2026-06-01 04:27:27.596  INFO 24624 --- [Thread-19] com.zaxxer.hikari.HikariDataSource       : HikariPool-8 - Shutdown completed.
2026-06-01 04:27:27.660  INFO 24624 --- [restartedMain] com.sisol.salud.SisolSaludApplication    : Starting SisolSaludApplication using Java 21.0.10 with PID 24624 (C:\Users\fabri\OneDrive\Desktop\Repositorios\Proyecto-Integrador\target\classes started by fabri in C:\Users\fabri\OneDrive\Desktop\Repositorios\Proyecto-Integrador)
2026-06-01 04:27:27.660 DEBUG 24624 --- [restartedMain] com.sisol.salud.SisolSaludApplication    : Running with Spring Boot v3.5.9, Spring v6.2.15
2026-06-01 04:27:27.660  INFO 24624 --- [restartedMain] com.sisol.salud.SisolSaludApplication    : No active profile set, falling back to 1 default profile: "default"
2026-06-01 04:27:27.815  INFO 24624 --- [restartedMain] .s.d.r.c.RepositoryConfigurationDelegate : Bootstrapping Spring Data JPA repositories in DEFAULT mode.
2026-06-01 04:27:27.831  INFO 24624 --- [restartedMain] .s.d.r.c.RepositoryConfigurationDelegate : Finished Spring Data repository scanning in 14 ms. Found 7 JPA repository interfaces.
2026-06-01 04:27:27.876  INFO 24624 --- [restartedMain] o.s.b.w.embedded.tomcat.TomcatWebServer  : Tomcat initialized with port 8080 (http)
2026-06-01 04:27:27.876  INFO 24624 --- [restartedMain] o.apache.catalina.core.StandardService   : Starting service [Tomcat]
2026-06-01 04:27:27.876  INFO 24624 --- [restartedMain] o.apache.catalina.core.StandardEngine    : Starting Servlet engine: [Apache Tomcat/10.1.50]
2026-06-01 04:27:27.890  INFO 24624 --- [restartedMain] o.a.c.c.C.[Tomcat-3].[localhost].[/]     : Initializing Spring embedded WebApplicationContext
2026-06-01 04:27:27.890  INFO 24624 --- [restartedMain] w.s.c.ServletWebServerApplicationContext : Root WebApplicationContext: initialization completed in 229 ms
2026-06-01 04:27:27.911  INFO 24624 --- [restartedMain] o.hibernate.jpa.internal.util.LogHelper  : HHH000204: Processing PersistenceUnitInfo [name: default]
2026-06-01 04:27:27.920  INFO 24624 --- [restartedMain] o.h.c.internal.RegionFactoryInitiator    : HHH000026: Second-level cache disabled
2026-06-01 04:27:27.922  INFO 24624 --- [restartedMain] o.h.e.boot.internal.EnversServiceImpl    : Envers integration enabled? : true
2026-06-01 04:27:27.925  INFO 24624 --- [restartedMain] o.s.o.j.p.SpringPersistenceUnitInfo      : No LoadTimeWeaver setup: ignoring JPA class transformer
2026-06-01 04:27:27.925  INFO 24624 --- [restartedMain] com.zaxxer.hikari.HikariDataSource       : HikariPool-9 - Starting...
2026-06-01 04:27:27.928  INFO 24624 --- [restartedMain] com.zaxxer.hikari.pool.HikariPool        : HikariPool-9 - Added connection com.mysql.cj.jdbc.ConnectionImpl@168554dd
2026-06-01 04:27:27.928  INFO 24624 --- [restartedMain] com.zaxxer.hikari.HikariDataSource       : HikariPool-9 - Start completed.
2026-06-01 04:27:27.931  WARN 24624 --- [restartedMain] org.hibernate.orm.deprecation            : HHH90000025: MySQLDialect does not need to be specified explicitly using 'hibernate.dialect' (remove the property setting and it will be selected by default)
2026-06-01 04:27:27.931  INFO 24624 --- [restartedMain] org.hibernate.orm.connections.pooling    : HHH10001005: Database info:
	Database JDBC URL [Connecting through datasource 'HikariDataSource (HikariPool-9)']
	Database driver: undefined/unknown
	Database version: 8.0.45
	Autocommit mode: undefined/unknown
	Isolation level: undefined/unknown
	Minimum pool size: undefined/unknown
	Maximum pool size: undefined/unknown
2026-06-01 04:27:27.973  INFO 24624 --- [restartedMain] o.h.e.c.i.m.AuditMetadataGenerator       : Adding properties for entity: com.sisol.salud.model.entity.Cita
2026-06-01 04:27:27.975  INFO 24624 --- [restartedMain] o.h.e.c.i.m.AuditMetadataGenerator       : Adding properties for entity: com.sisol.salud.model.entity.Paciente
2026-06-01 04:27:27.975  INFO 24624 --- [restartedMain] o.h.e.c.i.m.AuditMetadataGenerator       : Adding properties for entity: com.sisol.salud.model.entity.Especialidad
2026-06-01 04:27:27.975  INFO 24624 --- [restartedMain] o.h.e.c.i.m.AuditMetadataGenerator       : Adding properties for entity: com.sisol.salud.model.entity.Medico
2026-06-01 04:27:27.976  INFO 24624 --- [restartedMain] o.h.e.c.i.m.AuditMetadataGenerator       : Adding properties for entity: com.sisol.salud.model.entity.Usuario
2026-06-01 04:27:28.067  INFO 24624 --- [restartedMain] o.h.e.t.j.p.i.JtaPlatformInitiator       : HHH000489: No JTA platform available (set 'hibernate.transaction.jta.platform' to enable JTA platform integration)
2026-06-01 04:27:28.074 DEBUG 24624 --- [restartedMain] org.hibernate.SQL                        : 
    create table medico_especialidades (
        medico_id bigint not null,
        especialidad_id bigint not null,
        primary key (medico_id, especialidad_id)
    ) engine=InnoDB
2026-06-01 04:27:28.088 DEBUG 24624 --- [restartedMain] org.hibernate.SQL                        : 
    create table medico_especialidades_aud (
        rev integer not null,
        medico_id bigint not null,
        especialidad_id bigint not null,
        revtype tinyint,
        primary key (medico_id, rev, especialidad_id)
    ) engine=InnoDB
2026-06-01 04:27:28.108 DEBUG 24624 --- [restartedMain] org.hibernate.SQL                        : 
    alter table medico_especialidades 
       add constraint FKg053qn341nw53yhgoq1c2mjj0 
       foreign key (especialidad_id) 
       references especialidades (id)
2026-06-01 04:27:28.136 DEBUG 24624 --- [restartedMain] org.hibernate.SQL                        : 
    alter table medico_especialidades 
       add constraint FK7xw32fy03axlyq7bwcu476vl3 
       foreign key (medico_id) 
       references medicos (id)
2026-06-01 04:27:28.164 DEBUG 24624 --- [restartedMain] org.hibernate.SQL                        : 
    alter table medico_especialidades_aud 
       add constraint FK76j86sh57tifk0laqf5huqv9j 
       foreign key (rev) 
       references revinfo (rev)
2026-06-01 04:27:28.246  INFO 24624 --- [restartedMain] j.LocalContainerEntityManagerFactoryBean : Initialized JPA EntityManagerFactory for persistence unit 'default'
2026-06-01 04:27:28.266 DEBUG 24624 --- [restartedMain] c.s.s.s.jwt.JwtAuthenticationFilter      : Filter 'jwtAuthenticationFilter' configured for use
2026-06-01 04:27:28.280  INFO 24624 --- [restartedMain] eAuthenticationProviderManagerConfigurer : Global AuthenticationManager configured with AuthenticationProvider bean with name authenticationProvider
2026-06-01 04:27:28.280  WARN 24624 --- [restartedMain] r$InitializeUserDetailsManagerConfigurer : Global AuthenticationManager configured with an AuthenticationProvider bean. UserDetailsService beans will not be used by Spring Security for automatically configuring username/password login. Consider removing the AuthenticationProvider bean. Alternatively, consider using the UserDetailsService in a manually instantiated DaoAuthenticationProvider. If the current configuration is intentional, to turn off this warning, increase the logging level of 'org.springframework.security.config.annotation.authentication.configuration.InitializeUserDetailsBeanManagerConfigurer' to ERROR
2026-06-01 04:27:28.293  WARN 24624 --- [restartedMain] ConfigServletWebServerApplicationContext : Exception encountered during context initialization - cancelling refresh attempt: org.springframework.beans.factory.UnsatisfiedDependencyException: Error creating bean with name 'citaRestController' defined in file [C:\Users\fabri\OneDrive\Desktop\Repositorios\Proyecto-Integrador\target\classes\com\sisol\salud\controller\api\CitaRestController.class]: Unsatisfied dependency expressed through constructor parameter 0: Error creating bean with name 'citaService' defined in file [C:\Users\fabri\OneDrive\Desktop\Repositorios\Proyecto-Integrador\target\classes\com\sisol\salud\service\CitaService.class]: Unsatisfied dependency expressed through constructor parameter 0: Error creating bean with name 'citaRepository' defined in com.sisol.salud.repository.CitaRepository defined in @EnableJpaRepositories declared on JpaRepositoriesRegistrar.EnableJpaRepositoriesConfiguration: Could not create query for public abstract java.util.List com.sisol.salud.repository.CitaRepository.findTopEspecialidades(); Reason: Query 'SELECT new com.sisol.salud.dto.response.TopEspecialidadResponse(c.medico.especialidad.nombre, COUNT(c)) FROM Cita c GROUP BY c.medico.especialidad.nombre ORDER BY COUNT(c) DESC' validation failed for method public abstract java.util.List com.sisol.salud.repository.CitaRepository.findTopEspecialidades()
2026-06-01 04:27:28.295  INFO 24624 --- [restartedMain] j.LocalContainerEntityManagerFactoryBean : Closing JPA EntityManagerFactory for persistence unit 'default'
2026-06-01 04:27:28.295  INFO 24624 --- [restartedMain] com.zaxxer.hikari.HikariDataSource       : HikariPool-9 - Shutdown initiated...
2026-06-01 04:27:28.338  INFO 24624 --- [restartedMain] com.zaxxer.hikari.HikariDataSource       : HikariPool-9 - Shutdown completed.
2026-06-01 04:27:28.338  INFO 24624 --- [restartedMain] o.apache.catalina.core.StandardService   : Stopping service [Tomcat]
2026-06-01 04:27:28.341  INFO 24624 --- [restartedMain] .s.b.a.l.ConditionEvaluationReportLogger : 

Error starting ApplicationContext. To display the condition evaluation report re-run your application with 'debug' enabled.
2026-06-01 04:27:28.343 ERROR 24624 --- [restartedMain] o.s.boot.SpringApplication               : Application run failed

org.springframework.beans.factory.UnsatisfiedDependencyException: Error creating bean with name 'citaRestController' defined in file [C:\Users\fabri\OneDrive\Desktop\Repositorios\Proyecto-Integrador\target\classes\com\sisol\salud\controller\api\CitaRestController.class]: Unsatisfied dependency expressed through constructor parameter 0: Error creating bean with name 'citaService' defined in file [C:\Users\fabri\OneDrive\Desktop\Repositorios\Proyecto-Integrador\target\classes\com\sisol\salud\service\CitaService.class]: Unsatisfied dependency expressed through constructor parameter 0: Error creating bean with name 'citaRepository' defined in com.sisol.salud.repository.CitaRepository defined in @EnableJpaRepositories declared on JpaRepositoriesRegistrar.EnableJpaRepositoriesConfiguration: Could not create query for public abstract java.util.List com.sisol.salud.repository.CitaRepository.findTopEspecialidades(); Reason: Query 'SELECT new com.sisol.salud.dto.response.TopEspecialidadResponse(c.medico.especialidad.nombre, COUNT(c)) FROM Cita c GROUP BY c.medico.especialidad.nombre ORDER BY COUNT(c) DESC' validation failed for method public abstract java.util.List com.sisol.salud.repository.CitaRepository.findTopEspecialidades()
	at org.springframework.beans.factory.support.ConstructorResolver.createArgumentArray(ConstructorResolver.java:804)
	at org.springframework.beans.factory.support.ConstructorResolver.autowireConstructor(ConstructorResolver.java:240)
	at org.springframework.beans.factory.support.AbstractAutowireCapableBeanFactory.autowireConstructor(AbstractAutowireCapableBeanFactory.java:1395)
	at org.springframework.beans.factory.support.AbstractAutowireCapableBeanFactory.createBeanInstance(AbstractAutowireCapableBeanFactory.java:1232)
	at org.springframework.beans.factory.support.AbstractAutowireCapableBeanFactory.doCreateBean(AbstractAutowireCapableBeanFactory.java:569)
	at org.springframework.beans.factory.support.AbstractAutowireCapableBeanFactory.createBean(AbstractAutowireCapableBeanFactory.java:529)
	at org.springframework.beans.factory.support.AbstractBeanFactory.lambda$doGetBean$0(AbstractBeanFactory.java:339)
	at org.springframework.beans.factory.support.DefaultSingletonBeanRegistry.getSingleton(DefaultSingletonBeanRegistry.java:373)
	at org.springframework.beans.factory.support.AbstractBeanFactory.doGetBean(AbstractBeanFactory.java:337)
	at org.springframework.beans.factory.support.AbstractBeanFactory.getBean(AbstractBeanFactory.java:202)
	at org.springframework.beans.factory.support.DefaultListableBeanFactory.instantiateSingleton(DefaultListableBeanFactory.java:1228)
	at org.springframework.beans.factory.support.DefaultListableBeanFactory.preInstantiateSingleton(DefaultListableBeanFactory.java:1194)
	at org.springframework.beans.factory.support.DefaultListableBeanFactory.preInstantiateSingletons(DefaultListableBeanFactory.java:1130)
	at org.springframework.context.support.AbstractApplicationContext.finishBeanFactoryInitialization(AbstractApplicationContext.java:990)
	at org.springframework.context.support.AbstractApplicationContext.refresh(AbstractApplicationContext.java:627)
	at org.springframework.boot.web.servlet.context.ServletWebServerApplicationContext.refresh(ServletWebServerApplicationContext.java:146)
	at org.springframework.boot.SpringApplication.refresh(SpringApplication.java:752)
	at org.springframework.boot.SpringApplication.refreshContext(SpringApplication.java:439)
	at org.springframework.boot.SpringApplication.run(SpringApplication.java:318)
	at org.springframework.boot.SpringApplication.run(SpringApplication.java:1361)
	at org.springframework.boot.SpringApplication.run(SpringApplication.java:1350)
	at com.sisol.salud.SisolSaludApplication.main(SisolSaludApplication.java:12)
	at java.base/jdk.internal.reflect.DirectMethodHandleAccessor.invoke(Unknown Source)
	at java.base/java.lang.reflect.Method.invoke(Unknown Source)
	at org.springframework.boot.devtools.restart.RestartLauncher.run(RestartLauncher.java:50)
Caused by: org.springframework.beans.factory.UnsatisfiedDependencyException: Error creating bean with name 'citaService' defined in file [C:\Users\fabri\OneDrive\Desktop\Repositorios\Proyecto-Integrador\target\classes\com\sisol\salud\service\CitaService.class]: Unsatisfied dependency expressed through constructor parameter 0: Error creating bean with name 'citaRepository' defined in com.sisol.salud.repository.CitaRepository defined in @EnableJpaRepositories declared on JpaRepositoriesRegistrar.EnableJpaRepositoriesConfiguration: Could not create query for public abstract java.util.List com.sisol.salud.repository.CitaRepository.findTopEspecialidades(); Reason: Query 'SELECT new com.sisol.salud.dto.response.TopEspecialidadResponse(c.medico.especialidad.nombre, COUNT(c)) FROM Cita c GROUP BY c.medico.especialidad.nombre ORDER BY COUNT(c) DESC' validation failed for method public abstract java.util.List com.sisol.salud.repository.CitaRepository.findTopEspecialidades()
	at org.springframework.beans.factory.support.ConstructorResolver.createArgumentArray(ConstructorResolver.java:804)
	at org.springframework.beans.factory.support.ConstructorResolver.autowireConstructor(ConstructorResolver.java:240)
	at org.springframework.beans.factory.support.AbstractAutowireCapableBeanFactory.autowireConstructor(AbstractAutowireCapableBeanFactory.java:1395)
	at org.springframework.beans.factory.support.AbstractAutowireCapableBeanFactory.createBeanInstance(AbstractAutowireCapableBeanFactory.java:1232)
	at org.springframework.beans.factory.support.AbstractAutowireCapableBeanFactory.doCreateBean(AbstractAutowireCapableBeanFactory.java:569)
	at org.springframework.beans.factory.support.AbstractAutowireCapableBeanFactory.createBean(AbstractAutowireCapableBeanFactory.java:529)
	at org.springframework.beans.factory.support.AbstractBeanFactory.lambda$doGetBean$0(AbstractBeanFactory.java:339)
	at org.springframework.beans.factory.support.DefaultSingletonBeanRegistry.getSingleton(DefaultSingletonBeanRegistry.java:373)
	at org.springframework.beans.factory.support.AbstractBeanFactory.doGetBean(AbstractBeanFactory.java:337)
	at org.springframework.beans.factory.support.AbstractBeanFactory.getBean(AbstractBeanFactory.java:202)
	at org.springframework.beans.factory.support.DefaultListableBeanFactory.doResolveDependency(DefaultListableBeanFactory.java:1708)
	at org.springframework.beans.factory.support.DefaultListableBeanFactory.resolveDependency(DefaultListableBeanFactory.java:1653)
	at org.springframework.beans.factory.support.ConstructorResolver.resolveAutowiredArgument(ConstructorResolver.java:913)
	at org.springframework.beans.factory.support.ConstructorResolver.createArgumentArray(ConstructorResolver.java:791)
	... 24 common frames omitted
Caused by: org.springframework.beans.factory.BeanCreationException: Error creating bean with name 'citaRepository' defined in com.sisol.salud.repository.CitaRepository defined in @EnableJpaRepositories declared on JpaRepositoriesRegistrar.EnableJpaRepositoriesConfiguration: Could not create query for public abstract java.util.List com.sisol.salud.repository.CitaRepository.findTopEspecialidades(); Reason: Query 'SELECT new com.sisol.salud.dto.response.TopEspecialidadResponse(c.medico.especialidad.nombre, COUNT(c)) FROM Cita c GROUP BY c.medico.especialidad.nombre ORDER BY COUNT(c) DESC' validation failed for method public abstract java.util.List com.sisol.salud.repository.CitaRepository.findTopEspecialidades()
	at org.springframework.beans.factory.support.AbstractAutowireCapableBeanFactory.initializeBean(AbstractAutowireCapableBeanFactory.java:1826)
	at org.springframework.beans.factory.support.AbstractAutowireCapableBeanFactory.doCreateBean(AbstractAutowireCapableBeanFactory.java:607)
	at org.springframework.beans.factory.support.AbstractAutowireCapableBeanFactory.createBean(AbstractAutowireCapableBeanFactory.java:529)
	at org.springframework.beans.factory.support.AbstractBeanFactory.lambda$doGetBean$0(AbstractBeanFactory.java:339)
	at org.springframework.beans.factory.support.DefaultSingletonBeanRegistry.getSingleton(DefaultSingletonBeanRegistry.java:373)
	at org.springframework.beans.factory.support.AbstractBeanFactory.doGetBean(AbstractBeanFactory.java:337)
	at org.springframework.beans.factory.support.AbstractBeanFactory.getBean(AbstractBeanFactory.java:202)
	at org.springframework.beans.factory.support.DefaultListableBeanFactory.doResolveDependency(DefaultListableBeanFactory.java:1708)
	at org.springframework.beans.factory.support.DefaultListableBeanFactory.resolveDependency(DefaultListableBeanFactory.java:1653)
	at org.springframework.beans.factory.support.ConstructorResolver.resolveAutowiredArgument(ConstructorResolver.java:913)
	at org.springframework.beans.factory.support.ConstructorResolver.createArgumentArray(ConstructorResolver.java:791)
	... 37 common frames omitted
Caused by: org.springframework.data.repository.query.QueryCreationException: Could not create query for public abstract java.util.List com.sisol.salud.repository.CitaRepository.findTopEspecialidades(); Reason: Query 'SELECT new com.sisol.salud.dto.response.TopEspecialidadResponse(c.medico.especialidad.nombre, COUNT(c)) FROM Cita c GROUP BY c.medico.especialidad.nombre ORDER BY COUNT(c) DESC' validation failed for method public abstract java.util.List com.sisol.salud.repository.CitaRepository.findTopEspecialidades()
	at org.springframework.data.repository.query.QueryCreationException.create(QueryCreationException.java:101)
	at org.springframework.data.repository.core.support.QueryExecutorMethodInterceptor.lookupQuery(QueryExecutorMethodInterceptor.java:120)
	at org.springframework.data.repository.core.support.QueryExecutorMethodInterceptor.mapMethodsToQuery(QueryExecutorMethodInterceptor.java:104)
	at org.springframework.data.repository.core.support.QueryExecutorMethodInterceptor.lambda$new$0(QueryExecutorMethodInterceptor.java:92)
	at java.base/java.util.Optional.map(Unknown Source)
	at org.springframework.data.repository.core.support.QueryExecutorMethodInterceptor.<init>(QueryExecutorMethodInterceptor.java:92)
	at org.springframework.data.repository.core.support.RepositoryFactorySupport.getRepository(RepositoryFactorySupport.java:434)
	at org.springframework.data.repository.core.support.RepositoryFactoryBeanSupport.lambda$afterPropertiesSet$4(RepositoryFactoryBeanSupport.java:355)
	at org.springframework.data.util.Lazy.getNullable(Lazy.java:135)
	at org.springframework.data.util.Lazy.get(Lazy.java:113)
	at org.springframework.data.repository.core.support.RepositoryFactoryBeanSupport.afterPropertiesSet(RepositoryFactoryBeanSupport.java:361)
	at org.springframework.data.jpa.repository.support.JpaRepositoryFactoryBean.afterPropertiesSet(JpaRepositoryFactoryBean.java:132)
	at org.springframework.beans.factory.support.AbstractAutowireCapableBeanFactory.invokeInitMethods(AbstractAutowireCapableBeanFactory.java:1873)
	at org.springframework.beans.factory.support.AbstractAutowireCapableBeanFactory.initializeBean(AbstractAutowireCapableBeanFactory.java:1822)
	... 47 common frames omitted
Caused by: java.lang.IllegalArgumentException: Query 'SELECT new com.sisol.salud.dto.response.TopEspecialidadResponse(c.medico.especialidad.nombre, COUNT(c)) FROM Cita c GROUP BY c.medico.especialidad.nombre ORDER BY COUNT(c) DESC' validation failed for method public abstract java.util.List com.sisol.salud.repository.CitaRepository.findTopEspecialidades()
	at org.springframework.data.jpa.repository.query.SimpleJpaQuery.validateQuery(SimpleJpaQuery.java:93)
	at org.springframework.data.jpa.repository.query.SimpleJpaQuery.<init>(SimpleJpaQuery.java:67)
	at org.springframework.data.jpa.repository.query.JpaQueryFactory.fromMethodWithQueryString(JpaQueryFactory.java:49)
	at org.springframework.data.jpa.repository.query.JpaQueryLookupStrategy$DeclaredQueryLookupStrategy.resolveQuery(JpaQueryLookupStrategy.java:174)
	at org.springframework.data.jpa.repository.query.JpaQueryLookupStrategy$CreateIfNotFoundQueryLookupStrategy.resolveQuery(JpaQueryLookupStrategy.java:254)
	at org.springframework.data.jpa.repository.query.JpaQueryLookupStrategy$AbstractQueryLookupStrategy.resolveQuery(JpaQueryLookupStrategy.java:99)
	at org.springframework.data.repository.core.support.QueryExecutorMethodInterceptor.lookupQuery(QueryExecutorMethodInterceptor.java:116)
	... 59 common frames omitted
Caused by: java.lang.IllegalArgumentException: org.hibernate.query.sqm.UnknownPathException: Could not resolve attribute 'especialidad' of 'com.sisol.salud.model.entity.Medico' [SELECT new com.sisol.salud.dto.response.TopEspecialidadResponse(c.medico.especialidad.nombre, COUNT(c)) FROM Cita c GROUP BY c.medico.especialidad.nombre ORDER BY COUNT(c) DESC]
	at org.hibernate.internal.ExceptionConverterImpl.convert(ExceptionConverterImpl.java:143)
	at org.hibernate.internal.ExceptionConverterImpl.convert(ExceptionConverterImpl.java:167)
	at org.hibernate.internal.ExceptionConverterImpl.convert(ExceptionConverterImpl.java:173)
	at org.hibernate.internal.AbstractSharedSessionContract.createQuery(AbstractSharedSessionContract.java:886)
	at org.hibernate.internal.AbstractSharedSessionContract.createQuery(AbstractSharedSessionContract.java:796)
	at org.hibernate.internal.AbstractSharedSessionContract.createQuery(AbstractSharedSessionContract.java:143)
	at java.base/jdk.internal.reflect.DirectMethodHandleAccessor.invoke(Unknown Source)
	at java.base/java.lang.reflect.Method.invoke(Unknown Source)
	at org.springframework.orm.jpa.ExtendedEntityManagerCreator$ExtendedEntityManagerInvocationHandler.invoke(ExtendedEntityManagerCreator.java:364)
	at jdk.proxy20/jdk.proxy20.$Proxy299.createQuery(Unknown Source)
	at org.springframework.data.jpa.repository.query.SimpleJpaQuery.validateQuery(SimpleJpaQuery.java:88)
	... 65 common frames omitted
Caused by: org.hibernate.query.sqm.UnknownPathException: Could not resolve attribute 'especialidad' of 'com.sisol.salud.model.entity.Medico' [SELECT new com.sisol.salud.dto.response.TopEspecialidadResponse(c.medico.especialidad.nombre, COUNT(c)) FROM Cita c GROUP BY c.medico.especialidad.nombre ORDER BY COUNT(c) DESC]
	at org.hibernate.query.hql.internal.StandardHqlTranslator.translate(StandardHqlTranslator.java:88)
	at org.hibernate.query.internal.QueryInterpretationCacheStandardImpl.createHqlInterpretation(QueryInterpretationCacheStandardImpl.java:145)
	at org.hibernate.query.internal.QueryInterpretationCacheStandardImpl.resolveHqlInterpretation(QueryInterpretationCacheStandardImpl.java:132)
	at org.hibernate.query.spi.QueryEngine.interpretHql(QueryEngine.java:54)
	at org.hibernate.internal.AbstractSharedSessionContract.interpretHql(AbstractSharedSessionContract.java:832)
	at org.hibernate.internal.AbstractSharedSessionContract.createQuery(AbstractSharedSessionContract.java:878)
	... 72 common frames omitted
Caused by: org.hibernate.query.sqm.PathElementException: Could not resolve attribute 'especialidad' of 'com.sisol.salud.model.entity.Medico'
	at org.hibernate.query.sqm.SqmPathSource.getSubPathSource(SqmPathSource.java:95)
	at org.hibernate.query.sqm.tree.domain.AbstractSqmPath.get(AbstractSqmPath.java:199)
	at org.hibernate.query.sqm.tree.domain.SqmEntityValuedSimplePath.resolvePathPart(SqmEntityValuedSimplePath.java:56)
	at org.hibernate.query.hql.internal.DomainPathPart.resolvePathPart(DomainPathPart.java:42)
	at org.hibernate.query.hql.internal.BasicDotIdentifierConsumer.consumeIdentifier(BasicDotIdentifierConsumer.java:92)
	at org.hibernate.query.hql.internal.SemanticQueryBuilder.visitSimplePath(SemanticQueryBuilder.java:5432)
	at org.hibernate.query.hql.internal.SemanticQueryBuilder.visitGeneralPathFragment(SemanticQueryBuilder.java:5292)
	at org.hibernate.query.hql.internal.SemanticQueryBuilder.visitGeneralPathExpression(SemanticQueryBuilder.java:1884)
	at org.hibernate.grammars.hql.HqlParser$GeneralPathExpressionContext.accept(HqlParser.java:7882)
	at org.antlr.v4.runtime.tree.AbstractParseTreeVisitor.visitChildren(AbstractParseTreeVisitor.java:46)
	at org.hibernate.grammars.hql.HqlParserBaseVisitor.visitBarePrimaryExpression(HqlParserBaseVisitor.java:749)
	at org.hibernate.grammars.hql.HqlParser$BarePrimaryExpressionContext.accept(HqlParser.java:7331)
	at org.antlr.v4.runtime.tree.AbstractParseTreeVisitor.visitChildren(AbstractParseTreeVisitor.java:46)
	at org.hibernate.grammars.hql.HqlParserBaseVisitor.visitExpressionOrPredicate(HqlParserBaseVisitor.java:882)
	at org.hibernate.grammars.hql.HqlParser$ExpressionOrPredicateContext.accept(HqlParser.java:8114)
	at org.antlr.v4.runtime.tree.AbstractParseTreeVisitor.visitChildren(AbstractParseTreeVisitor.java:46)
	at org.hibernate.grammars.hql.HqlParserBaseVisitor.visitInstantiationArgumentExpression(HqlParserBaseVisitor.java:385)
	at org.hibernate.grammars.hql.HqlParser$InstantiationArgumentExpressionContext.accept(HqlParser.java:4228)
	at org.hibernate.query.hql.internal.SemanticQueryBuilder.visitInstantiationArgument(SemanticQueryBuilder.java:1529)
	at org.hibernate.query.hql.internal.SemanticQueryBuilder.visitInstantiation(SemanticQueryBuilder.java:1495)
	at org.hibernate.query.hql.internal.SemanticQueryBuilder.visitInstantiation(SemanticQueryBuilder.java:278)
	at org.hibernate.grammars.hql.HqlParser$InstantiationContext.accept(HqlParser.java:3977)
	at org.hibernate.query.hql.internal.SemanticQueryBuilder.visitSelectableNode(SemanticQueryBuilder.java:1451)
	at org.hibernate.query.hql.internal.SemanticQueryBuilder.visitSelection(SemanticQueryBuilder.java:1405)
	at org.hibernate.query.hql.internal.SemanticQueryBuilder.visitSelectClause(SemanticQueryBuilder.java:1398)
	at org.hibernate.query.hql.internal.SemanticQueryBuilder.visitQuery(SemanticQueryBuilder.java:1247)
	at org.hibernate.query.hql.internal.SemanticQueryBuilder.visitQuerySpecExpression(SemanticQueryBuilder.java:1029)
	at org.hibernate.query.hql.internal.SemanticQueryBuilder.visitQuerySpecExpression(SemanticQueryBuilder.java:278)
	at org.hibernate.grammars.hql.HqlParser$QuerySpecExpressionContext.accept(HqlParser.java:2077)
	at org.hibernate.query.hql.internal.SemanticQueryBuilder.visitQueryExpression(SemanticQueryBuilder.java:1063)
	at org.hibernate.query.hql.internal.SemanticQueryBuilder.visitQueryExpression(SemanticQueryBuilder.java:278)
	at org.hibernate.grammars.hql.HqlParser$QueryExpressionContext.accept(HqlParser.java:1973)
	at org.hibernate.query.hql.internal.SemanticQueryBuilder.visitSelectStatement(SemanticQueryBuilder.java:493)
	at org.hibernate.query.hql.internal.SemanticQueryBuilder.visitStatement(SemanticQueryBuilder.java:452)
	at org.hibernate.query.hql.internal.SemanticQueryBuilder.buildSemanticModel(SemanticQueryBuilder.java:325)
	at org.hibernate.query.hql.internal.StandardHqlTranslator.translate(StandardHqlTranslator.java:71)
	... 77 common frames omitted

2026-06-01 04:27:33.940  INFO 24624 --- [restartedMain] com.sisol.salud.SisolSaludApplication    : Starting SisolSaludApplication using Java 21.0.10 with PID 24624 (C:\Users\fabri\OneDrive\Desktop\Repositorios\Proyecto-Integrador\target\classes started by fabri in C:\Users\fabri\OneDrive\Desktop\Repositorios\Proyecto-Integrador)
2026-06-01 04:27:33.940 DEBUG 24624 --- [restartedMain] com.sisol.salud.SisolSaludApplication    : Running with Spring Boot v3.5.9, Spring v6.2.15
2026-06-01 04:27:33.940  INFO 24624 --- [restartedMain] com.sisol.salud.SisolSaludApplication    : No active profile set, falling back to 1 default profile: "default"
2026-06-01 04:27:34.094  INFO 24624 --- [restartedMain] .s.d.r.c.RepositoryConfigurationDelegate : Bootstrapping Spring Data JPA repositories in DEFAULT mode.
2026-06-01 04:27:34.110  INFO 24624 --- [restartedMain] .s.d.r.c.RepositoryConfigurationDelegate : Finished Spring Data repository scanning in 14 ms. Found 7 JPA repository interfaces.
2026-06-01 04:27:34.152  INFO 24624 --- [restartedMain] o.s.b.w.embedded.tomcat.TomcatWebServer  : Tomcat initialized with port 8080 (http)
2026-06-01 04:27:34.153  INFO 24624 --- [restartedMain] o.apache.catalina.core.StandardService   : Starting service [Tomcat]
2026-06-01 04:27:34.153  INFO 24624 --- [restartedMain] o.apache.catalina.core.StandardEngine    : Starting Servlet engine: [Apache Tomcat/10.1.50]
2026-06-01 04:27:34.172  INFO 24624 --- [restartedMain] o.a.c.c.C.[Tomcat-4].[localhost].[/]     : Initializing Spring embedded WebApplicationContext
2026-06-01 04:27:34.172  INFO 24624 --- [restartedMain] w.s.c.ServletWebServerApplicationContext : Root WebApplicationContext: initialization completed in 231 ms
2026-06-01 04:27:34.200  INFO 24624 --- [restartedMain] o.hibernate.jpa.internal.util.LogHelper  : HHH000204: Processing PersistenceUnitInfo [name: default]
2026-06-01 04:27:34.203  INFO 24624 --- [restartedMain] o.h.c.internal.RegionFactoryInitiator    : HHH000026: Second-level cache disabled
2026-06-01 04:27:34.205  INFO 24624 --- [restartedMain] o.h.e.boot.internal.EnversServiceImpl    : Envers integration enabled? : true
2026-06-01 04:27:34.209  INFO 24624 --- [restartedMain] o.s.o.j.p.SpringPersistenceUnitInfo      : No LoadTimeWeaver setup: ignoring JPA class transformer
2026-06-01 04:27:34.209  INFO 24624 --- [restartedMain] com.zaxxer.hikari.HikariDataSource       : HikariPool-10 - Starting...
2026-06-01 04:27:34.212  INFO 24624 --- [restartedMain] com.zaxxer.hikari.pool.HikariPool        : HikariPool-10 - Added connection com.mysql.cj.jdbc.ConnectionImpl@6559bcde
2026-06-01 04:27:34.212  INFO 24624 --- [restartedMain] com.zaxxer.hikari.HikariDataSource       : HikariPool-10 - Start completed.
2026-06-01 04:27:34.213  WARN 24624 --- [restartedMain] org.hibernate.orm.deprecation            : HHH90000025: MySQLDialect does not need to be specified explicitly using 'hibernate.dialect' (remove the property setting and it will be selected by default)
2026-06-01 04:27:34.213  INFO 24624 --- [restartedMain] org.hibernate.orm.connections.pooling    : HHH10001005: Database info:
	Database JDBC URL [Connecting through datasource 'HikariDataSource (HikariPool-10)']
	Database driver: undefined/unknown
	Database version: 8.0.45
	Autocommit mode: undefined/unknown
	Isolation level: undefined/unknown
	Minimum pool size: undefined/unknown
	Maximum pool size: undefined/unknown
2026-06-01 04:27:34.233  INFO 24624 --- [restartedMain] o.h.e.c.i.m.AuditMetadataGenerator       : Adding properties for entity: com.sisol.salud.model.entity.Cita
2026-06-01 04:27:34.234  INFO 24624 --- [restartedMain] o.h.e.c.i.m.AuditMetadataGenerator       : Adding properties for entity: com.sisol.salud.model.entity.Paciente
2026-06-01 04:27:34.234  INFO 24624 --- [restartedMain] o.h.e.c.i.m.AuditMetadataGenerator       : Adding properties for entity: com.sisol.salud.model.entity.Especialidad
2026-06-01 04:27:34.234  INFO 24624 --- [restartedMain] o.h.e.c.i.m.AuditMetadataGenerator       : Adding properties for entity: com.sisol.salud.model.entity.Medico
2026-06-01 04:27:34.234  INFO 24624 --- [restartedMain] o.h.e.c.i.m.AuditMetadataGenerator       : Adding properties for entity: com.sisol.salud.model.entity.Pago
2026-06-01 04:27:34.234  INFO 24624 --- [restartedMain] o.h.e.c.i.m.AuditMetadataGenerator       : Adding properties for entity: com.sisol.salud.model.entity.Usuario
2026-06-01 04:27:34.317  INFO 24624 --- [restartedMain] o.h.e.t.j.p.i.JtaPlatformInitiator       : HHH000489: No JTA platform available (set 'hibernate.transaction.jta.platform' to enable JTA platform integration)
2026-06-01 04:27:34.330 DEBUG 24624 --- [restartedMain] org.hibernate.SQL                        : 
    create table pagos (
        id bigint not null auto_increment,
        created_at datetime(6),
        estado_pago enum ('PAGADO','PENDIENTE','REEMBOLSADO') not null,
        fecha_pago datetime(6),
        metodo_pago enum ('EFECTIVO','PLIN','TARJETA_CREDITO','TARJETA_DEBITO','TRANSFERENCIA','YAPE') not null,
        monto decimal(10,2) not null,
        notas varchar(500),
        referencia_pago varchar(100),
        updated_at datetime(6),
        cita_id bigint not null,
        paciente_id bigint not null,
        primary key (id)
    ) engine=InnoDB
2026-06-01 04:27:34.346 DEBUG 24624 --- [restartedMain] org.hibernate.SQL                        : 
    create table pagos_aud (
        id bigint not null,
        rev integer not null,
        revtype tinyint,
        created_at datetime(6),
        estado_pago enum ('PAGADO','PENDIENTE','REEMBOLSADO'),
        fecha_pago datetime(6),
        metodo_pago enum ('EFECTIVO','PLIN','TARJETA_CREDITO','TARJETA_DEBITO','TRANSFERENCIA','YAPE'),
        monto decimal(10,2),
        notas varchar(500),
        referencia_pago varchar(100),
        updated_at datetime(6),
        cita_id bigint,
        paciente_id bigint,
        primary key (rev, id)
    ) engine=InnoDB
2026-06-01 04:27:34.359 DEBUG 24624 --- [restartedMain] org.hibernate.SQL                        : 
    alter table pagos 
       drop index UKtg86t2pgd2ruwveunl8a2mnkd
2026-06-01 04:27:34.361 DEBUG 24624 --- [restartedMain] org.hibernate.SQL                        : 
    alter table pagos 
       add constraint UKtg86t2pgd2ruwveunl8a2mnkd unique (cita_id)
2026-06-01 04:27:34.417 DEBUG 24624 --- [restartedMain] org.hibernate.SQL                        : 
    alter table pagos 
       add constraint FKdyyqrbd5gg0lhhcijte5qkt88 
       foreign key (cita_id) 
       references citas (id)
2026-06-01 04:27:34.452 DEBUG 24624 --- [restartedMain] org.hibernate.SQL                        : 
    alter table pagos 
       add constraint FKtrjk63m5s2jlwfdvx16p8ehbi 
       foreign key (paciente_id) 
       references pacientes (id)
2026-06-01 04:27:34.487 DEBUG 24624 --- [restartedMain] org.hibernate.SQL                        : 
    alter table pagos_aud 
       add constraint FKk5yir6kvro5c15qd8q5vacmtl 
       foreign key (rev) 
       references revinfo (rev)
2026-06-01 04:27:34.520  INFO 24624 --- [restartedMain] j.LocalContainerEntityManagerFactoryBean : Initialized JPA EntityManagerFactory for persistence unit 'default'
2026-06-01 04:27:34.540 DEBUG 24624 --- [restartedMain] c.s.s.s.jwt.JwtAuthenticationFilter      : Filter 'jwtAuthenticationFilter' configured for use
2026-06-01 04:27:34.553  INFO 24624 --- [restartedMain] eAuthenticationProviderManagerConfigurer : Global AuthenticationManager configured with AuthenticationProvider bean with name authenticationProvider
2026-06-01 04:27:34.553  WARN 24624 --- [restartedMain] r$InitializeUserDetailsManagerConfigurer : Global AuthenticationManager configured with an AuthenticationProvider bean. UserDetailsService beans will not be used by Spring Security for automatically configuring username/password login. Consider removing the AuthenticationProvider bean. Alternatively, consider using the UserDetailsService in a manually instantiated DaoAuthenticationProvider. If the current configuration is intentional, to turn off this warning, increase the logging level of 'org.springframework.security.config.annotation.authentication.configuration.InitializeUserDetailsBeanManagerConfigurer' to ERROR
2026-06-01 04:27:34.565  WARN 24624 --- [restartedMain] ConfigServletWebServerApplicationContext : Exception encountered during context initialization - cancelling refresh attempt: org.springframework.beans.factory.UnsatisfiedDependencyException: Error creating bean with name 'citaRestController' defined in file [C:\Users\fabri\OneDrive\Desktop\Repositorios\Proyecto-Integrador\target\classes\com\sisol\salud\controller\api\CitaRestController.class]: Unsatisfied dependency expressed through constructor parameter 0: Error creating bean with name 'citaService' defined in file [C:\Users\fabri\OneDrive\Desktop\Repositorios\Proyecto-Integrador\target\classes\com\sisol\salud\service\CitaService.class]: Unsatisfied dependency expressed through constructor parameter 0: Error creating bean with name 'citaRepository' defined in com.sisol.salud.repository.CitaRepository defined in @EnableJpaRepositories declared on JpaRepositoriesRegistrar.EnableJpaRepositoriesConfiguration: Could not create query for public abstract java.util.List com.sisol.salud.repository.CitaRepository.findTopEspecialidades(); Reason: Query 'SELECT new com.sisol.salud.dto.response.TopEspecialidadResponse(c.medico.especialidad.nombre, COUNT(c)) FROM Cita c GROUP BY c.medico.especialidad.nombre ORDER BY COUNT(c) DESC' validation failed for method public abstract java.util.List com.sisol.salud.repository.CitaRepository.findTopEspecialidades()
2026-06-01 04:27:34.566  INFO 24624 --- [restartedMain] j.LocalContainerEntityManagerFactoryBean : Closing JPA EntityManagerFactory for persistence unit 'default'
2026-06-01 04:27:34.566  INFO 24624 --- [restartedMain] com.zaxxer.hikari.HikariDataSource       : HikariPool-10 - Shutdown initiated...
2026-06-01 04:27:34.604  INFO 24624 --- [restartedMain] com.zaxxer.hikari.HikariDataSource       : HikariPool-10 - Shutdown completed.
2026-06-01 04:27:34.605  INFO 24624 --- [restartedMain] o.apache.catalina.core.StandardService   : Stopping service [Tomcat]
2026-06-01 04:27:34.608  INFO 24624 --- [restartedMain] .s.b.a.l.ConditionEvaluationReportLogger : 

Error starting ApplicationContext. To display the condition evaluation report re-run your application with 'debug' enabled.
2026-06-01 04:27:34.611 ERROR 24624 --- [restartedMain] o.s.boot.SpringApplication               : Application run failed

org.springframework.beans.factory.UnsatisfiedDependencyException: Error creating bean with name 'citaRestController' defined in file [C:\Users\fabri\OneDrive\Desktop\Repositorios\Proyecto-Integrador\target\classes\com\sisol\salud\controller\api\CitaRestController.class]: Unsatisfied dependency expressed through constructor parameter 0: Error creating bean with name 'citaService' defined in file [C:\Users\fabri\OneDrive\Desktop\Repositorios\Proyecto-Integrador\target\classes\com\sisol\salud\service\CitaService.class]: Unsatisfied dependency expressed through constructor parameter 0: Error creating bean with name 'citaRepository' defined in com.sisol.salud.repository.CitaRepository defined in @EnableJpaRepositories declared on JpaRepositoriesRegistrar.EnableJpaRepositoriesConfiguration: Could not create query for public abstract java.util.List com.sisol.salud.repository.CitaRepository.findTopEspecialidades(); Reason: Query 'SELECT new com.sisol.salud.dto.response.TopEspecialidadResponse(c.medico.especialidad.nombre, COUNT(c)) FROM Cita c GROUP BY c.medico.especialidad.nombre ORDER BY COUNT(c) DESC' validation failed for method public abstract java.util.List com.sisol.salud.repository.CitaRepository.findTopEspecialidades()
	at org.springframework.beans.factory.support.ConstructorResolver.createArgumentArray(ConstructorResolver.java:804)
	at org.springframework.beans.factory.support.ConstructorResolver.autowireConstructor(ConstructorResolver.java:240)
	at org.springframework.beans.factory.support.AbstractAutowireCapableBeanFactory.autowireConstructor(AbstractAutowireCapableBeanFactory.java:1395)
	at org.springframework.beans.factory.support.AbstractAutowireCapableBeanFactory.createBeanInstance(AbstractAutowireCapableBeanFactory.java:1232)
	at org.springframework.beans.factory.support.AbstractAutowireCapableBeanFactory.doCreateBean(AbstractAutowireCapableBeanFactory.java:569)
	at org.springframework.beans.factory.support.AbstractAutowireCapableBeanFactory.createBean(AbstractAutowireCapableBeanFactory.java:529)
	at org.springframework.beans.factory.support.AbstractBeanFactory.lambda$doGetBean$0(AbstractBeanFactory.java:339)
	at org.springframework.beans.factory.support.DefaultSingletonBeanRegistry.getSingleton(DefaultSingletonBeanRegistry.java:373)
	at org.springframework.beans.factory.support.AbstractBeanFactory.doGetBean(AbstractBeanFactory.java:337)
	at org.springframework.beans.factory.support.AbstractBeanFactory.getBean(AbstractBeanFactory.java:202)
	at org.springframework.beans.factory.support.DefaultListableBeanFactory.instantiateSingleton(DefaultListableBeanFactory.java:1228)
	at org.springframework.beans.factory.support.DefaultListableBeanFactory.preInstantiateSingleton(DefaultListableBeanFactory.java:1194)
	at org.springframework.beans.factory.support.DefaultListableBeanFactory.preInstantiateSingletons(DefaultListableBeanFactory.java:1130)
	at org.springframework.context.support.AbstractApplicationContext.finishBeanFactoryInitialization(AbstractApplicationContext.java:990)
	at org.springframework.context.support.AbstractApplicationContext.refresh(AbstractApplicationContext.java:627)
	at org.springframework.boot.web.servlet.context.ServletWebServerApplicationContext.refresh(ServletWebServerApplicationContext.java:146)
	at org.springframework.boot.SpringApplication.refresh(SpringApplication.java:752)
	at org.springframework.boot.SpringApplication.refreshContext(SpringApplication.java:439)
	at org.springframework.boot.SpringApplication.run(SpringApplication.java:318)
	at org.springframework.boot.SpringApplication.run(SpringApplication.java:1361)
	at org.springframework.boot.SpringApplication.run(SpringApplication.java:1350)
	at com.sisol.salud.SisolSaludApplication.main(SisolSaludApplication.java:12)
	at java.base/jdk.internal.reflect.DirectMethodHandleAccessor.invoke(Unknown Source)
	at java.base/java.lang.reflect.Method.invoke(Unknown Source)
	at org.springframework.boot.devtools.restart.RestartLauncher.run(RestartLauncher.java:50)
Caused by: org.springframework.beans.factory.UnsatisfiedDependencyException: Error creating bean with name 'citaService' defined in file [C:\Users\fabri\OneDrive\Desktop\Repositorios\Proyecto-Integrador\target\classes\com\sisol\salud\service\CitaService.class]: Unsatisfied dependency expressed through constructor parameter 0: Error creating bean with name 'citaRepository' defined in com.sisol.salud.repository.CitaRepository defined in @EnableJpaRepositories declared on JpaRepositoriesRegistrar.EnableJpaRepositoriesConfiguration: Could not create query for public abstract java.util.List com.sisol.salud.repository.CitaRepository.findTopEspecialidades(); Reason: Query 'SELECT new com.sisol.salud.dto.response.TopEspecialidadResponse(c.medico.especialidad.nombre, COUNT(c)) FROM Cita c GROUP BY c.medico.especialidad.nombre ORDER BY COUNT(c) DESC' validation failed for method public abstract java.util.List com.sisol.salud.repository.CitaRepository.findTopEspecialidades()
	at org.springframework.beans.factory.support.ConstructorResolver.createArgumentArray(ConstructorResolver.java:804)
	at org.springframework.beans.factory.support.ConstructorResolver.autowireConstructor(ConstructorResolver.java:240)
	at org.springframework.beans.factory.support.AbstractAutowireCapableBeanFactory.autowireConstructor(AbstractAutowireCapableBeanFactory.java:1395)
	at org.springframework.beans.factory.support.AbstractAutowireCapableBeanFactory.createBeanInstance(AbstractAutowireCapableBeanFactory.java:1232)
	at org.springframework.beans.factory.support.AbstractAutowireCapableBeanFactory.doCreateBean(AbstractAutowireCapableBeanFactory.java:569)
	at org.springframework.beans.factory.support.AbstractAutowireCapableBeanFactory.createBean(AbstractAutowireCapableBeanFactory.java:529)
	at org.springframework.beans.factory.support.AbstractBeanFactory.lambda$doGetBean$0(AbstractBeanFactory.java:339)
	at org.springframework.beans.factory.support.DefaultSingletonBeanRegistry.getSingleton(DefaultSingletonBeanRegistry.java:373)
	at org.springframework.beans.factory.support.AbstractBeanFactory.doGetBean(AbstractBeanFactory.java:337)
	at org.springframework.beans.factory.support.AbstractBeanFactory.getBean(AbstractBeanFactory.java:202)
	at org.springframework.beans.factory.support.DefaultListableBeanFactory.doResolveDependency(DefaultListableBeanFactory.java:1708)
	at org.springframework.beans.factory.support.DefaultListableBeanFactory.resolveDependency(DefaultListableBeanFactory.java:1653)
	at org.springframework.beans.factory.support.ConstructorResolver.resolveAutowiredArgument(ConstructorResolver.java:913)
	at org.springframework.beans.factory.support.ConstructorResolver.createArgumentArray(ConstructorResolver.java:791)
	... 24 common frames omitted
Caused by: org.springframework.beans.factory.BeanCreationException: Error creating bean with name 'citaRepository' defined in com.sisol.salud.repository.CitaRepository defined in @EnableJpaRepositories declared on JpaRepositoriesRegistrar.EnableJpaRepositoriesConfiguration: Could not create query for public abstract java.util.List com.sisol.salud.repository.CitaRepository.findTopEspecialidades(); Reason: Query 'SELECT new com.sisol.salud.dto.response.TopEspecialidadResponse(c.medico.especialidad.nombre, COUNT(c)) FROM Cita c GROUP BY c.medico.especialidad.nombre ORDER BY COUNT(c) DESC' validation failed for method public abstract java.util.List com.sisol.salud.repository.CitaRepository.findTopEspecialidades()
	at org.springframework.beans.factory.support.AbstractAutowireCapableBeanFactory.initializeBean(AbstractAutowireCapableBeanFactory.java:1826)
	at org.springframework.beans.factory.support.AbstractAutowireCapableBeanFactory.doCreateBean(AbstractAutowireCapableBeanFactory.java:607)
	at org.springframework.beans.factory.support.AbstractAutowireCapableBeanFactory.createBean(AbstractAutowireCapableBeanFactory.java:529)
	at org.springframework.beans.factory.support.AbstractBeanFactory.lambda$doGetBean$0(AbstractBeanFactory.java:339)
	at org.springframework.beans.factory.support.DefaultSingletonBeanRegistry.getSingleton(DefaultSingletonBeanRegistry.java:373)
	at org.springframework.beans.factory.support.AbstractBeanFactory.doGetBean(AbstractBeanFactory.java:337)
	at org.springframework.beans.factory.support.AbstractBeanFactory.getBean(AbstractBeanFactory.java:202)
	at org.springframework.beans.factory.support.DefaultListableBeanFactory.doResolveDependency(DefaultListableBeanFactory.java:1708)
	at org.springframework.beans.factory.support.DefaultListableBeanFactory.resolveDependency(DefaultListableBeanFactory.java:1653)
	at org.springframework.beans.factory.support.ConstructorResolver.resolveAutowiredArgument(ConstructorResolver.java:913)
	at org.springframework.beans.factory.support.ConstructorResolver.createArgumentArray(ConstructorResolver.java:791)
	... 37 common frames omitted
Caused by: org.springframework.data.repository.query.QueryCreationException: Could not create query for public abstract java.util.List com.sisol.salud.repository.CitaRepository.findTopEspecialidades(); Reason: Query 'SELECT new com.sisol.salud.dto.response.TopEspecialidadResponse(c.medico.especialidad.nombre, COUNT(c)) FROM Cita c GROUP BY c.medico.especialidad.nombre ORDER BY COUNT(c) DESC' validation failed for method public abstract java.util.List com.sisol.salud.repository.CitaRepository.findTopEspecialidades()
	at org.springframework.data.repository.query.QueryCreationException.create(QueryCreationException.java:101)
	at org.springframework.data.repository.core.support.QueryExecutorMethodInterceptor.lookupQuery(QueryExecutorMethodInterceptor.java:120)
	at org.springframework.data.repository.core.support.QueryExecutorMethodInterceptor.mapMethodsToQuery(QueryExecutorMethodInterceptor.java:104)
	at org.springframework.data.repository.core.support.QueryExecutorMethodInterceptor.lambda$new$0(QueryExecutorMethodInterceptor.java:92)
	at java.base/java.util.Optional.map(Unknown Source)
	at org.springframework.data.repository.core.support.QueryExecutorMethodInterceptor.<init>(QueryExecutorMethodInterceptor.java:92)
	at org.springframework.data.repository.core.support.RepositoryFactorySupport.getRepository(RepositoryFactorySupport.java:434)
	at org.springframework.data.repository.core.support.RepositoryFactoryBeanSupport.lambda$afterPropertiesSet$4(RepositoryFactoryBeanSupport.java:355)
	at org.springframework.data.util.Lazy.getNullable(Lazy.java:135)
	at org.springframework.data.util.Lazy.get(Lazy.java:113)
	at org.springframework.data.repository.core.support.RepositoryFactoryBeanSupport.afterPropertiesSet(RepositoryFactoryBeanSupport.java:361)
	at org.springframework.data.jpa.repository.support.JpaRepositoryFactoryBean.afterPropertiesSet(JpaRepositoryFactoryBean.java:132)
	at org.springframework.beans.factory.support.AbstractAutowireCapableBeanFactory.invokeInitMethods(AbstractAutowireCapableBeanFactory.java:1873)
	at org.springframework.beans.factory.support.AbstractAutowireCapableBeanFactory.initializeBean(AbstractAutowireCapableBeanFactory.java:1822)
	... 47 common frames omitted
Caused by: java.lang.IllegalArgumentException: Query 'SELECT new com.sisol.salud.dto.response.TopEspecialidadResponse(c.medico.especialidad.nombre, COUNT(c)) FROM Cita c GROUP BY c.medico.especialidad.nombre ORDER BY COUNT(c) DESC' validation failed for method public abstract java.util.List com.sisol.salud.repository.CitaRepository.findTopEspecialidades()
	at org.springframework.data.jpa.repository.query.SimpleJpaQuery.validateQuery(SimpleJpaQuery.java:93)
	at org.springframework.data.jpa.repository.query.SimpleJpaQuery.<init>(SimpleJpaQuery.java:67)
	at org.springframework.data.jpa.repository.query.JpaQueryFactory.fromMethodWithQueryString(JpaQueryFactory.java:49)
	at org.springframework.data.jpa.repository.query.JpaQueryLookupStrategy$DeclaredQueryLookupStrategy.resolveQuery(JpaQueryLookupStrategy.java:174)
	at org.springframework.data.jpa.repository.query.JpaQueryLookupStrategy$CreateIfNotFoundQueryLookupStrategy.resolveQuery(JpaQueryLookupStrategy.java:254)
	at org.springframework.data.jpa.repository.query.JpaQueryLookupStrategy$AbstractQueryLookupStrategy.resolveQuery(JpaQueryLookupStrategy.java:99)
	at org.springframework.data.repository.core.support.QueryExecutorMethodInterceptor.lookupQuery(QueryExecutorMethodInterceptor.java:116)
	... 59 common frames omitted
Caused by: java.lang.IllegalArgumentException: org.hibernate.query.sqm.UnknownPathException: Could not resolve attribute 'especialidad' of 'com.sisol.salud.model.entity.Medico' [SELECT new com.sisol.salud.dto.response.TopEspecialidadResponse(c.medico.especialidad.nombre, COUNT(c)) FROM Cita c GROUP BY c.medico.especialidad.nombre ORDER BY COUNT(c) DESC]
	at org.hibernate.internal.ExceptionConverterImpl.convert(ExceptionConverterImpl.java:143)
	at org.hibernate.internal.ExceptionConverterImpl.convert(ExceptionConverterImpl.java:167)
	at org.hibernate.internal.ExceptionConverterImpl.convert(ExceptionConverterImpl.java:173)
	at org.hibernate.internal.AbstractSharedSessionContract.createQuery(AbstractSharedSessionContract.java:886)
	at org.hibernate.internal.AbstractSharedSessionContract.createQuery(AbstractSharedSessionContract.java:796)
	at org.hibernate.internal.AbstractSharedSessionContract.createQuery(AbstractSharedSessionContract.java:143)
	at java.base/jdk.internal.reflect.DirectMethodHandleAccessor.invoke(Unknown Source)
	at java.base/java.lang.reflect.Method.invoke(Unknown Source)
	at org.springframework.orm.jpa.ExtendedEntityManagerCreator$ExtendedEntityManagerInvocationHandler.invoke(ExtendedEntityManagerCreator.java:364)
	at jdk.proxy22/jdk.proxy22.$Proxy305.createQuery(Unknown Source)
	at org.springframework.data.jpa.repository.query.SimpleJpaQuery.validateQuery(SimpleJpaQuery.java:88)
	... 65 common frames omitted
Caused by: org.hibernate.query.sqm.UnknownPathException: Could not resolve attribute 'especialidad' of 'com.sisol.salud.model.entity.Medico' [SELECT new com.sisol.salud.dto.response.TopEspecialidadResponse(c.medico.especialidad.nombre, COUNT(c)) FROM Cita c GROUP BY c.medico.especialidad.nombre ORDER BY COUNT(c) DESC]
	at org.hibernate.query.hql.internal.StandardHqlTranslator.translate(StandardHqlTranslator.java:88)
	at org.hibernate.query.internal.QueryInterpretationCacheStandardImpl.createHqlInterpretation(QueryInterpretationCacheStandardImpl.java:145)
	at org.hibernate.query.internal.QueryInterpretationCacheStandardImpl.resolveHqlInterpretation(QueryInterpretationCacheStandardImpl.java:132)
	at org.hibernate.query.spi.QueryEngine.interpretHql(QueryEngine.java:54)
	at org.hibernate.internal.AbstractSharedSessionContract.interpretHql(AbstractSharedSessionContract.java:832)
	at org.hibernate.internal.AbstractSharedSessionContract.createQuery(AbstractSharedSessionContract.java:878)
	... 72 common frames omitted
Caused by: org.hibernate.query.sqm.PathElementException: Could not resolve attribute 'especialidad' of 'com.sisol.salud.model.entity.Medico'
	at org.hibernate.query.sqm.SqmPathSource.getSubPathSource(SqmPathSource.java:95)
	at org.hibernate.query.sqm.tree.domain.AbstractSqmPath.get(AbstractSqmPath.java:199)
	at org.hibernate.query.sqm.tree.domain.SqmEntityValuedSimplePath.resolvePathPart(SqmEntityValuedSimplePath.java:56)
	at org.hibernate.query.hql.internal.DomainPathPart.resolvePathPart(DomainPathPart.java:42)
	at org.hibernate.query.hql.internal.BasicDotIdentifierConsumer.consumeIdentifier(BasicDotIdentifierConsumer.java:92)
	at org.hibernate.query.hql.internal.SemanticQueryBuilder.visitSimplePath(SemanticQueryBuilder.java:5432)
	at org.hibernate.query.hql.internal.SemanticQueryBuilder.visitGeneralPathFragment(SemanticQueryBuilder.java:5292)
	at org.hibernate.query.hql.internal.SemanticQueryBuilder.visitGeneralPathExpression(SemanticQueryBuilder.java:1884)
	at org.hibernate.grammars.hql.HqlParser$GeneralPathExpressionContext.accept(HqlParser.java:7882)
	at org.antlr.v4.runtime.tree.AbstractParseTreeVisitor.visitChildren(AbstractParseTreeVisitor.java:46)
	at org.hibernate.grammars.hql.HqlParserBaseVisitor.visitBarePrimaryExpression(HqlParserBaseVisitor.java:749)
	at org.hibernate.grammars.hql.HqlParser$BarePrimaryExpressionContext.accept(HqlParser.java:7331)
	at org.antlr.v4.runtime.tree.AbstractParseTreeVisitor.visitChildren(AbstractParseTreeVisitor.java:46)
	at org.hibernate.grammars.hql.HqlParserBaseVisitor.visitExpressionOrPredicate(HqlParserBaseVisitor.java:882)
	at org.hibernate.grammars.hql.HqlParser$ExpressionOrPredicateContext.accept(HqlParser.java:8114)
	at org.antlr.v4.runtime.tree.AbstractParseTreeVisitor.visitChildren(AbstractParseTreeVisitor.java:46)
	at org.hibernate.grammars.hql.HqlParserBaseVisitor.visitInstantiationArgumentExpression(HqlParserBaseVisitor.java:385)
	at org.hibernate.grammars.hql.HqlParser$InstantiationArgumentExpressionContext.accept(HqlParser.java:4228)
	at org.hibernate.query.hql.internal.SemanticQueryBuilder.visitInstantiationArgument(SemanticQueryBuilder.java:1529)
	at org.hibernate.query.hql.internal.SemanticQueryBuilder.visitInstantiation(SemanticQueryBuilder.java:1495)
	at org.hibernate.query.hql.internal.SemanticQueryBuilder.visitInstantiation(SemanticQueryBuilder.java:278)
	at org.hibernate.grammars.hql.HqlParser$InstantiationContext.accept(HqlParser.java:3977)
	at org.hibernate.query.hql.internal.SemanticQueryBuilder.visitSelectableNode(SemanticQueryBuilder.java:1451)
	at org.hibernate.query.hql.internal.SemanticQueryBuilder.visitSelection(SemanticQueryBuilder.java:1405)
	at org.hibernate.query.hql.internal.SemanticQueryBuilder.visitSelectClause(SemanticQueryBuilder.java:1398)
	at org.hibernate.query.hql.internal.SemanticQueryBuilder.visitQuery(SemanticQueryBuilder.java:1247)
	at org.hibernate.query.hql.internal.SemanticQueryBuilder.visitQuerySpecExpression(SemanticQueryBuilder.java:1029)
	at org.hibernate.query.hql.internal.SemanticQueryBuilder.visitQuerySpecExpression(SemanticQueryBuilder.java:278)
	at org.hibernate.grammars.hql.HqlParser$QuerySpecExpressionContext.accept(HqlParser.java:2077)
	at org.hibernate.query.hql.internal.SemanticQueryBuilder.visitQueryExpression(SemanticQueryBuilder.java:1063)
	at org.hibernate.query.hql.internal.SemanticQueryBuilder.visitQueryExpression(SemanticQueryBuilder.java:278)
	at org.hibernate.grammars.hql.HqlParser$QueryExpressionContext.accept(HqlParser.java:1973)
	at org.hibernate.query.hql.internal.SemanticQueryBuilder.visitSelectStatement(SemanticQueryBuilder.java:493)
	at org.hibernate.query.hql.internal.SemanticQueryBuilder.visitStatement(SemanticQueryBuilder.java:452)
	at org.hibernate.query.hql.internal.SemanticQueryBuilder.buildSemanticModel(SemanticQueryBuilder.java:325)
	at org.hibernate.query.hql.internal.StandardHqlTranslator.translate(StandardHqlTranslator.java:71)
	... 77 common frames omitted

2026-06-01 04:27:43.276  INFO 24624 --- [restartedMain] com.sisol.salud.SisolSaludApplication    : Starting SisolSaludApplication using Java 21.0.10 with PID 24624 (C:\Users\fabri\OneDrive\Desktop\Repositorios\Proyecto-Integrador\target\classes started by fabri in C:\Users\fabri\OneDrive\Desktop\Repositorios\Proyecto-Integrador)
2026-06-01 04:27:43.276 DEBUG 24624 --- [restartedMain] com.sisol.salud.SisolSaludApplication    : Running with Spring Boot v3.5.9, Spring v6.2.15
2026-06-01 04:27:43.276  INFO 24624 --- [restartedMain] com.sisol.salud.SisolSaludApplication    : No active profile set, falling back to 1 default profile: "default"
2026-06-01 04:27:43.451  INFO 24624 --- [restartedMain] .s.d.r.c.RepositoryConfigurationDelegate : Bootstrapping Spring Data JPA repositories in DEFAULT mode.
2026-06-01 04:27:43.468  INFO 24624 --- [restartedMain] .s.d.r.c.RepositoryConfigurationDelegate : Finished Spring Data repository scanning in 15 ms. Found 8 JPA repository interfaces.
2026-06-01 04:27:43.512  INFO 24624 --- [restartedMain] o.s.b.w.embedded.tomcat.TomcatWebServer  : Tomcat initialized with port 8080 (http)
2026-06-01 04:27:43.513  INFO 24624 --- [restartedMain] o.apache.catalina.core.StandardService   : Starting service [Tomcat]
2026-06-01 04:27:43.513  INFO 24624 --- [restartedMain] o.apache.catalina.core.StandardEngine    : Starting Servlet engine: [Apache Tomcat/10.1.50]
2026-06-01 04:27:43.527  INFO 24624 --- [restartedMain] o.a.c.c.C.[Tomcat-5].[localhost].[/]     : Initializing Spring embedded WebApplicationContext
2026-06-01 04:27:43.528  INFO 24624 --- [restartedMain] w.s.c.ServletWebServerApplicationContext : Root WebApplicationContext: initialization completed in 251 ms
2026-06-01 04:27:43.547  INFO 24624 --- [restartedMain] o.hibernate.jpa.internal.util.LogHelper  : HHH000204: Processing PersistenceUnitInfo [name: default]
2026-06-01 04:27:43.552  INFO 24624 --- [restartedMain] o.h.c.internal.RegionFactoryInitiator    : HHH000026: Second-level cache disabled
2026-06-01 04:27:43.554  INFO 24624 --- [restartedMain] o.h.e.boot.internal.EnversServiceImpl    : Envers integration enabled? : true
2026-06-01 04:27:43.557  INFO 24624 --- [restartedMain] o.s.o.j.p.SpringPersistenceUnitInfo      : No LoadTimeWeaver setup: ignoring JPA class transformer
2026-06-01 04:27:43.557  INFO 24624 --- [restartedMain] com.zaxxer.hikari.HikariDataSource       : HikariPool-11 - Starting...
2026-06-01 04:27:43.561  INFO 24624 --- [restartedMain] com.zaxxer.hikari.pool.HikariPool        : HikariPool-11 - Added connection com.mysql.cj.jdbc.ConnectionImpl@45e35c71
2026-06-01 04:27:43.561  INFO 24624 --- [restartedMain] com.zaxxer.hikari.HikariDataSource       : HikariPool-11 - Start completed.
2026-06-01 04:27:43.562  WARN 24624 --- [restartedMain] org.hibernate.orm.deprecation            : HHH90000025: MySQLDialect does not need to be specified explicitly using 'hibernate.dialect' (remove the property setting and it will be selected by default)
2026-06-01 04:27:43.562  INFO 24624 --- [restartedMain] org.hibernate.orm.connections.pooling    : HHH10001005: Database info:
	Database JDBC URL [Connecting through datasource 'HikariDataSource (HikariPool-11)']
	Database driver: undefined/unknown
	Database version: 8.0.45
	Autocommit mode: undefined/unknown
	Isolation level: undefined/unknown
	Minimum pool size: undefined/unknown
	Maximum pool size: undefined/unknown
2026-06-01 04:27:43.584  INFO 24624 --- [restartedMain] o.h.e.c.i.m.AuditMetadataGenerator       : Adding properties for entity: com.sisol.salud.model.entity.Cita
2026-06-01 04:27:43.584  INFO 24624 --- [restartedMain] o.h.e.c.i.m.AuditMetadataGenerator       : Adding properties for entity: com.sisol.salud.model.entity.Paciente
2026-06-01 04:27:43.584  INFO 24624 --- [restartedMain] o.h.e.c.i.m.AuditMetadataGenerator       : Adding properties for entity: com.sisol.salud.model.entity.Especialidad
2026-06-01 04:27:43.584  INFO 24624 --- [restartedMain] o.h.e.c.i.m.AuditMetadataGenerator       : Adding properties for entity: com.sisol.salud.model.entity.Medico
2026-06-01 04:27:43.584  INFO 24624 --- [restartedMain] o.h.e.c.i.m.AuditMetadataGenerator       : Adding properties for entity: com.sisol.salud.model.entity.Pago
2026-06-01 04:27:43.584  INFO 24624 --- [restartedMain] o.h.e.c.i.m.AuditMetadataGenerator       : Adding properties for entity: com.sisol.salud.model.entity.Usuario
2026-06-01 04:27:43.635  INFO 24624 --- [restartedMain] o.h.e.t.j.p.i.JtaPlatformInitiator       : HHH000489: No JTA platform available (set 'hibernate.transaction.jta.platform' to enable JTA platform integration)
2026-06-01 04:27:43.672  INFO 24624 --- [restartedMain] j.LocalContainerEntityManagerFactoryBean : Initialized JPA EntityManagerFactory for persistence unit 'default'
2026-06-01 04:27:43.692 DEBUG 24624 --- [restartedMain] c.s.s.s.jwt.JwtAuthenticationFilter      : Filter 'jwtAuthenticationFilter' configured for use
2026-06-01 04:27:43.705  INFO 24624 --- [restartedMain] eAuthenticationProviderManagerConfigurer : Global AuthenticationManager configured with AuthenticationProvider bean with name authenticationProvider
2026-06-01 04:27:43.705  WARN 24624 --- [restartedMain] r$InitializeUserDetailsManagerConfigurer : Global AuthenticationManager configured with an AuthenticationProvider bean. UserDetailsService beans will not be used by Spring Security for automatically configuring username/password login. Consider removing the AuthenticationProvider bean. Alternatively, consider using the UserDetailsService in a manually instantiated DaoAuthenticationProvider. If the current configuration is intentional, to turn off this warning, increase the logging level of 'org.springframework.security.config.annotation.authentication.configuration.InitializeUserDetailsBeanManagerConfigurer' to ERROR
2026-06-01 04:27:43.717  WARN 24624 --- [restartedMain] ConfigServletWebServerApplicationContext : Exception encountered during context initialization - cancelling refresh attempt: org.springframework.beans.factory.UnsatisfiedDependencyException: Error creating bean with name 'citaRestController' defined in file [C:\Users\fabri\OneDrive\Desktop\Repositorios\Proyecto-Integrador\target\classes\com\sisol\salud\controller\api\CitaRestController.class]: Unsatisfied dependency expressed through constructor parameter 0: Error creating bean with name 'citaService' defined in file [C:\Users\fabri\OneDrive\Desktop\Repositorios\Proyecto-Integrador\target\classes\com\sisol\salud\service\CitaService.class]: Unsatisfied dependency expressed through constructor parameter 0: Error creating bean with name 'citaRepository' defined in com.sisol.salud.repository.CitaRepository defined in @EnableJpaRepositories declared on JpaRepositoriesRegistrar.EnableJpaRepositoriesConfiguration: Could not create query for public abstract java.util.List com.sisol.salud.repository.CitaRepository.findTopEspecialidades(); Reason: Query 'SELECT new com.sisol.salud.dto.response.TopEspecialidadResponse(c.medico.especialidad.nombre, COUNT(c)) FROM Cita c GROUP BY c.medico.especialidad.nombre ORDER BY COUNT(c) DESC' validation failed for method public abstract java.util.List com.sisol.salud.repository.CitaRepository.findTopEspecialidades()
2026-06-01 04:27:43.717  INFO 24624 --- [restartedMain] j.LocalContainerEntityManagerFactoryBean : Closing JPA EntityManagerFactory for persistence unit 'default'
2026-06-01 04:27:43.717  INFO 24624 --- [restartedMain] com.zaxxer.hikari.HikariDataSource       : HikariPool-11 - Shutdown initiated...
2026-06-01 04:27:43.720  INFO 24624 --- [restartedMain] com.zaxxer.hikari.HikariDataSource       : HikariPool-11 - Shutdown completed.
2026-06-01 04:27:43.721  INFO 24624 --- [restartedMain] o.apache.catalina.core.StandardService   : Stopping service [Tomcat]
2026-06-01 04:27:43.724  INFO 24624 --- [restartedMain] .s.b.a.l.ConditionEvaluationReportLogger : 

Error starting ApplicationContext. To display the condition evaluation report re-run your application with 'debug' enabled.
2026-06-01 04:27:43.726 ERROR 24624 --- [restartedMain] o.s.boot.SpringApplication               : Application run failed

org.springframework.beans.factory.UnsatisfiedDependencyException: Error creating bean with name 'citaRestController' defined in file [C:\Users\fabri\OneDrive\Desktop\Repositorios\Proyecto-Integrador\target\classes\com\sisol\salud\controller\api\CitaRestController.class]: Unsatisfied dependency expressed through constructor parameter 0: Error creating bean with name 'citaService' defined in file [C:\Users\fabri\OneDrive\Desktop\Repositorios\Proyecto-Integrador\target\classes\com\sisol\salud\service\CitaService.class]: Unsatisfied dependency expressed through constructor parameter 0: Error creating bean with name 'citaRepository' defined in com.sisol.salud.repository.CitaRepository defined in @EnableJpaRepositories declared on JpaRepositoriesRegistrar.EnableJpaRepositoriesConfiguration: Could not create query for public abstract java.util.List com.sisol.salud.repository.CitaRepository.findTopEspecialidades(); Reason: Query 'SELECT new com.sisol.salud.dto.response.TopEspecialidadResponse(c.medico.especialidad.nombre, COUNT(c)) FROM Cita c GROUP BY c.medico.especialidad.nombre ORDER BY COUNT(c) DESC' validation failed for method public abstract java.util.List com.sisol.salud.repository.CitaRepository.findTopEspecialidades()
	at org.springframework.beans.factory.support.ConstructorResolver.createArgumentArray(ConstructorResolver.java:804)
	at org.springframework.beans.factory.support.ConstructorResolver.autowireConstructor(ConstructorResolver.java:240)
	at org.springframework.beans.factory.support.AbstractAutowireCapableBeanFactory.autowireConstructor(AbstractAutowireCapableBeanFactory.java:1395)
	at org.springframework.beans.factory.support.AbstractAutowireCapableBeanFactory.createBeanInstance(AbstractAutowireCapableBeanFactory.java:1232)
	at org.springframework.beans.factory.support.AbstractAutowireCapableBeanFactory.doCreateBean(AbstractAutowireCapableBeanFactory.java:569)
	at org.springframework.beans.factory.support.AbstractAutowireCapableBeanFactory.createBean(AbstractAutowireCapableBeanFactory.java:529)
	at org.springframework.beans.factory.support.AbstractBeanFactory.lambda$doGetBean$0(AbstractBeanFactory.java:339)
	at org.springframework.beans.factory.support.DefaultSingletonBeanRegistry.getSingleton(DefaultSingletonBeanRegistry.java:373)
	at org.springframework.beans.factory.support.AbstractBeanFactory.doGetBean(AbstractBeanFactory.java:337)
	at org.springframework.beans.factory.support.AbstractBeanFactory.getBean(AbstractBeanFactory.java:202)
	at org.springframework.beans.factory.support.DefaultListableBeanFactory.instantiateSingleton(DefaultListableBeanFactory.java:1228)
	at org.springframework.beans.factory.support.DefaultListableBeanFactory.preInstantiateSingleton(DefaultListableBeanFactory.java:1194)
	at org.springframework.beans.factory.support.DefaultListableBeanFactory.preInstantiateSingletons(DefaultListableBeanFactory.java:1130)
	at org.springframework.context.support.AbstractApplicationContext.finishBeanFactoryInitialization(AbstractApplicationContext.java:990)
	at org.springframework.context.support.AbstractApplicationContext.refresh(AbstractApplicationContext.java:627)
	at org.springframework.boot.web.servlet.context.ServletWebServerApplicationContext.refresh(ServletWebServerApplicationContext.java:146)
	at org.springframework.boot.SpringApplication.refresh(SpringApplication.java:752)
	at org.springframework.boot.SpringApplication.refreshContext(SpringApplication.java:439)
	at org.springframework.boot.SpringApplication.run(SpringApplication.java:318)
	at org.springframework.boot.SpringApplication.run(SpringApplication.java:1361)
	at org.springframework.boot.SpringApplication.run(SpringApplication.java:1350)
	at com.sisol.salud.SisolSaludApplication.main(SisolSaludApplication.java:12)
	at java.base/jdk.internal.reflect.DirectMethodHandleAccessor.invoke(Unknown Source)
	at java.base/java.lang.reflect.Method.invoke(Unknown Source)
	at org.springframework.boot.devtools.restart.RestartLauncher.run(RestartLauncher.java:50)
Caused by: org.springframework.beans.factory.UnsatisfiedDependencyException: Error creating bean with name 'citaService' defined in file [C:\Users\fabri\OneDrive\Desktop\Repositorios\Proyecto-Integrador\target\classes\com\sisol\salud\service\CitaService.class]: Unsatisfied dependency expressed through constructor parameter 0: Error creating bean with name 'citaRepository' defined in com.sisol.salud.repository.CitaRepository defined in @EnableJpaRepositories declared on JpaRepositoriesRegistrar.EnableJpaRepositoriesConfiguration: Could not create query for public abstract java.util.List com.sisol.salud.repository.CitaRepository.findTopEspecialidades(); Reason: Query 'SELECT new com.sisol.salud.dto.response.TopEspecialidadResponse(c.medico.especialidad.nombre, COUNT(c)) FROM Cita c GROUP BY c.medico.especialidad.nombre ORDER BY COUNT(c) DESC' validation failed for method public abstract java.util.List com.sisol.salud.repository.CitaRepository.findTopEspecialidades()
	at org.springframework.beans.factory.support.ConstructorResolver.createArgumentArray(ConstructorResolver.java:804)
	at org.springframework.beans.factory.support.ConstructorResolver.autowireConstructor(ConstructorResolver.java:240)
	at org.springframework.beans.factory.support.AbstractAutowireCapableBeanFactory.autowireConstructor(AbstractAutowireCapableBeanFactory.java:1395)
	at org.springframework.beans.factory.support.AbstractAutowireCapableBeanFactory.createBeanInstance(AbstractAutowireCapableBeanFactory.java:1232)
	at org.springframework.beans.factory.support.AbstractAutowireCapableBeanFactory.doCreateBean(AbstractAutowireCapableBeanFactory.java:569)
	at org.springframework.beans.factory.support.AbstractAutowireCapableBeanFactory.createBean(AbstractAutowireCapableBeanFactory.java:529)
	at org.springframework.beans.factory.support.AbstractBeanFactory.lambda$doGetBean$0(AbstractBeanFactory.java:339)
	at org.springframework.beans.factory.support.DefaultSingletonBeanRegistry.getSingleton(DefaultSingletonBeanRegistry.java:373)
	at org.springframework.beans.factory.support.AbstractBeanFactory.doGetBean(AbstractBeanFactory.java:337)
	at org.springframework.beans.factory.support.AbstractBeanFactory.getBean(AbstractBeanFactory.java:202)
	at org.springframework.beans.factory.support.DefaultListableBeanFactory.doResolveDependency(DefaultListableBeanFactory.java:1708)
	at org.springframework.beans.factory.support.DefaultListableBeanFactory.resolveDependency(DefaultListableBeanFactory.java:1653)
	at org.springframework.beans.factory.support.ConstructorResolver.resolveAutowiredArgument(ConstructorResolver.java:913)
	at org.springframework.beans.factory.support.ConstructorResolver.createArgumentArray(ConstructorResolver.java:791)
	... 24 common frames omitted
Caused by: org.springframework.beans.factory.BeanCreationException: Error creating bean with name 'citaRepository' defined in com.sisol.salud.repository.CitaRepository defined in @EnableJpaRepositories declared on JpaRepositoriesRegistrar.EnableJpaRepositoriesConfiguration: Could not create query for public abstract java.util.List com.sisol.salud.repository.CitaRepository.findTopEspecialidades(); Reason: Query 'SELECT new com.sisol.salud.dto.response.TopEspecialidadResponse(c.medico.especialidad.nombre, COUNT(c)) FROM Cita c GROUP BY c.medico.especialidad.nombre ORDER BY COUNT(c) DESC' validation failed for method public abstract java.util.List com.sisol.salud.repository.CitaRepository.findTopEspecialidades()
	at org.springframework.beans.factory.support.AbstractAutowireCapableBeanFactory.initializeBean(AbstractAutowireCapableBeanFactory.java:1826)
	at org.springframework.beans.factory.support.AbstractAutowireCapableBeanFactory.doCreateBean(AbstractAutowireCapableBeanFactory.java:607)
	at org.springframework.beans.factory.support.AbstractAutowireCapableBeanFactory.createBean(AbstractAutowireCapableBeanFactory.java:529)
	at org.springframework.beans.factory.support.AbstractBeanFactory.lambda$doGetBean$0(AbstractBeanFactory.java:339)
	at org.springframework.beans.factory.support.DefaultSingletonBeanRegistry.getSingleton(DefaultSingletonBeanRegistry.java:373)
	at org.springframework.beans.factory.support.AbstractBeanFactory.doGetBean(AbstractBeanFactory.java:337)
	at org.springframework.beans.factory.support.AbstractBeanFactory.getBean(AbstractBeanFactory.java:202)
	at org.springframework.beans.factory.support.DefaultListableBeanFactory.doResolveDependency(DefaultListableBeanFactory.java:1708)
	at org.springframework.beans.factory.support.DefaultListableBeanFactory.resolveDependency(DefaultListableBeanFactory.java:1653)
	at org.springframework.beans.factory.support.ConstructorResolver.resolveAutowiredArgument(ConstructorResolver.java:913)
	at org.springframework.beans.factory.support.ConstructorResolver.createArgumentArray(ConstructorResolver.java:791)
	... 37 common frames omitted
Caused by: org.springframework.data.repository.query.QueryCreationException: Could not create query for public abstract java.util.List com.sisol.salud.repository.CitaRepository.findTopEspecialidades(); Reason: Query 'SELECT new com.sisol.salud.dto.response.TopEspecialidadResponse(c.medico.especialidad.nombre, COUNT(c)) FROM Cita c GROUP BY c.medico.especialidad.nombre ORDER BY COUNT(c) DESC' validation failed for method public abstract java.util.List com.sisol.salud.repository.CitaRepository.findTopEspecialidades()
	at org.springframework.data.repository.query.QueryCreationException.create(QueryCreationException.java:101)
	at org.springframework.data.repository.core.support.QueryExecutorMethodInterceptor.lookupQuery(QueryExecutorMethodInterceptor.java:120)
	at org.springframework.data.repository.core.support.QueryExecutorMethodInterceptor.mapMethodsToQuery(QueryExecutorMethodInterceptor.java:104)
	at org.springframework.data.repository.core.support.QueryExecutorMethodInterceptor.lambda$new$0(QueryExecutorMethodInterceptor.java:92)
	at java.base/java.util.Optional.map(Unknown Source)
	at org.springframework.data.repository.core.support.QueryExecutorMethodInterceptor.<init>(QueryExecutorMethodInterceptor.java:92)
	at org.springframework.data.repository.core.support.RepositoryFactorySupport.getRepository(RepositoryFactorySupport.java:434)
	at org.springframework.data.repository.core.support.RepositoryFactoryBeanSupport.lambda$afterPropertiesSet$4(RepositoryFactoryBeanSupport.java:355)
	at org.springframework.data.util.Lazy.getNullable(Lazy.java:135)
	at org.springframework.data.util.Lazy.get(Lazy.java:113)
	at org.springframework.data.repository.core.support.RepositoryFactoryBeanSupport.afterPropertiesSet(RepositoryFactoryBeanSupport.java:361)
	at org.springframework.data.jpa.repository.support.JpaRepositoryFactoryBean.afterPropertiesSet(JpaRepositoryFactoryBean.java:132)
	at org.springframework.beans.factory.support.AbstractAutowireCapableBeanFactory.invokeInitMethods(AbstractAutowireCapableBeanFactory.java:1873)
	at org.springframework.beans.factory.support.AbstractAutowireCapableBeanFactory.initializeBean(AbstractAutowireCapableBeanFactory.java:1822)
	... 47 common frames omitted
Caused by: java.lang.IllegalArgumentException: Query 'SELECT new com.sisol.salud.dto.response.TopEspecialidadResponse(c.medico.especialidad.nombre, COUNT(c)) FROM Cita c GROUP BY c.medico.especialidad.nombre ORDER BY COUNT(c) DESC' validation failed for method public abstract java.util.List com.sisol.salud.repository.CitaRepository.findTopEspecialidades()
	at org.springframework.data.jpa.repository.query.SimpleJpaQuery.validateQuery(SimpleJpaQuery.java:93)
	at org.springframework.data.jpa.repository.query.SimpleJpaQuery.<init>(SimpleJpaQuery.java:67)
	at org.springframework.data.jpa.repository.query.JpaQueryFactory.fromMethodWithQueryString(JpaQueryFactory.java:49)
	at org.springframework.data.jpa.repository.query.JpaQueryLookupStrategy$DeclaredQueryLookupStrategy.resolveQuery(JpaQueryLookupStrategy.java:174)
	at org.springframework.data.jpa.repository.query.JpaQueryLookupStrategy$CreateIfNotFoundQueryLookupStrategy.resolveQuery(JpaQueryLookupStrategy.java:254)
	at org.springframework.data.jpa.repository.query.JpaQueryLookupStrategy$AbstractQueryLookupStrategy.resolveQuery(JpaQueryLookupStrategy.java:99)
	at org.springframework.data.repository.core.support.QueryExecutorMethodInterceptor.lookupQuery(QueryExecutorMethodInterceptor.java:116)
	... 59 common frames omitted
Caused by: java.lang.IllegalArgumentException: org.hibernate.query.sqm.UnknownPathException: Could not resolve attribute 'especialidad' of 'com.sisol.salud.model.entity.Medico' [SELECT new com.sisol.salud.dto.response.TopEspecialidadResponse(c.medico.especialidad.nombre, COUNT(c)) FROM Cita c GROUP BY c.medico.especialidad.nombre ORDER BY COUNT(c) DESC]
	at org.hibernate.internal.ExceptionConverterImpl.convert(ExceptionConverterImpl.java:143)
	at org.hibernate.internal.ExceptionConverterImpl.convert(ExceptionConverterImpl.java:167)
	at org.hibernate.internal.ExceptionConverterImpl.convert(ExceptionConverterImpl.java:173)
	at org.hibernate.internal.AbstractSharedSessionContract.createQuery(AbstractSharedSessionContract.java:886)
	at org.hibernate.internal.AbstractSharedSessionContract.createQuery(AbstractSharedSessionContract.java:796)
	at org.hibernate.internal.AbstractSharedSessionContract.createQuery(AbstractSharedSessionContract.java:143)
	at java.base/jdk.internal.reflect.DirectMethodHandleAccessor.invoke(Unknown Source)
	at java.base/java.lang.reflect.Method.invoke(Unknown Source)
	at org.springframework.orm.jpa.ExtendedEntityManagerCreator$ExtendedEntityManagerInvocationHandler.invoke(ExtendedEntityManagerCreator.java:364)
	at jdk.proxy24/jdk.proxy24.$Proxy311.createQuery(Unknown Source)
	at org.springframework.data.jpa.repository.query.SimpleJpaQuery.validateQuery(SimpleJpaQuery.java:88)
	... 65 common frames omitted
Caused by: org.hibernate.query.sqm.UnknownPathException: Could not resolve attribute 'especialidad' of 'com.sisol.salud.model.entity.Medico' [SELECT new com.sisol.salud.dto.response.TopEspecialidadResponse(c.medico.especialidad.nombre, COUNT(c)) FROM Cita c GROUP BY c.medico.especialidad.nombre ORDER BY COUNT(c) DESC]
	at org.hibernate.query.hql.internal.StandardHqlTranslator.translate(StandardHqlTranslator.java:88)
	at org.hibernate.query.internal.QueryInterpretationCacheStandardImpl.createHqlInterpretation(QueryInterpretationCacheStandardImpl.java:145)
	at org.hibernate.query.internal.QueryInterpretationCacheStandardImpl.resolveHqlInterpretation(QueryInterpretationCacheStandardImpl.java:132)
	at org.hibernate.query.spi.QueryEngine.interpretHql(QueryEngine.java:54)
	at org.hibernate.internal.AbstractSharedSessionContract.interpretHql(AbstractSharedSessionContract.java:832)
	at org.hibernate.internal.AbstractSharedSessionContract.createQuery(AbstractSharedSessionContract.java:878)
	... 72 common frames omitted
Caused by: org.hibernate.query.sqm.PathElementException: Could not resolve attribute 'especialidad' of 'com.sisol.salud.model.entity.Medico'
	at org.hibernate.query.sqm.SqmPathSource.getSubPathSource(SqmPathSource.java:95)
	at org.hibernate.query.sqm.tree.domain.AbstractSqmPath.get(AbstractSqmPath.java:199)
	at org.hibernate.query.sqm.tree.domain.SqmEntityValuedSimplePath.resolvePathPart(SqmEntityValuedSimplePath.java:56)
	at org.hibernate.query.hql.internal.DomainPathPart.resolvePathPart(DomainPathPart.java:42)
	at org.hibernate.query.hql.internal.BasicDotIdentifierConsumer.consumeIdentifier(BasicDotIdentifierConsumer.java:92)
	at org.hibernate.query.hql.internal.SemanticQueryBuilder.visitSimplePath(SemanticQueryBuilder.java:5432)
	at org.hibernate.query.hql.internal.SemanticQueryBuilder.visitGeneralPathFragment(SemanticQueryBuilder.java:5292)
	at org.hibernate.query.hql.internal.SemanticQueryBuilder.visitGeneralPathExpression(SemanticQueryBuilder.java:1884)
	at org.hibernate.grammars.hql.HqlParser$GeneralPathExpressionContext.accept(HqlParser.java:7882)
	at org.antlr.v4.runtime.tree.AbstractParseTreeVisitor.visitChildren(AbstractParseTreeVisitor.java:46)
	at org.hibernate.grammars.hql.HqlParserBaseVisitor.visitBarePrimaryExpression(HqlParserBaseVisitor.java:749)
	at org.hibernate.grammars.hql.HqlParser$BarePrimaryExpressionContext.accept(HqlParser.java:7331)
	at org.antlr.v4.runtime.tree.AbstractParseTreeVisitor.visitChildren(AbstractParseTreeVisitor.java:46)
	at org.hibernate.grammars.hql.HqlParserBaseVisitor.visitExpressionOrPredicate(HqlParserBaseVisitor.java:882)
	at org.hibernate.grammars.hql.HqlParser$ExpressionOrPredicateContext.accept(HqlParser.java:8114)
	at org.antlr.v4.runtime.tree.AbstractParseTreeVisitor.visitChildren(AbstractParseTreeVisitor.java:46)
	at org.hibernate.grammars.hql.HqlParserBaseVisitor.visitInstantiationArgumentExpression(HqlParserBaseVisitor.java:385)
	at org.hibernate.grammars.hql.HqlParser$InstantiationArgumentExpressionContext.accept(HqlParser.java:4228)
	at org.hibernate.query.hql.internal.SemanticQueryBuilder.visitInstantiationArgument(SemanticQueryBuilder.java:1529)
	at org.hibernate.query.hql.internal.SemanticQueryBuilder.visitInstantiation(SemanticQueryBuilder.java:1495)
	at org.hibernate.query.hql.internal.SemanticQueryBuilder.visitInstantiation(SemanticQueryBuilder.java:278)
	at org.hibernate.grammars.hql.HqlParser$InstantiationContext.accept(HqlParser.java:3977)
	at org.hibernate.query.hql.internal.SemanticQueryBuilder.visitSelectableNode(SemanticQueryBuilder.java:1451)
	at org.hibernate.query.hql.internal.SemanticQueryBuilder.visitSelection(SemanticQueryBuilder.java:1405)
	at org.hibernate.query.hql.internal.SemanticQueryBuilder.visitSelectClause(SemanticQueryBuilder.java:1398)
	at org.hibernate.query.hql.internal.SemanticQueryBuilder.visitQuery(SemanticQueryBuilder.java:1247)
	at org.hibernate.query.hql.internal.SemanticQueryBuilder.visitQuerySpecExpression(SemanticQueryBuilder.java:1029)
	at org.hibernate.query.hql.internal.SemanticQueryBuilder.visitQuerySpecExpression(SemanticQueryBuilder.java:278)
	at org.hibernate.grammars.hql.HqlParser$QuerySpecExpressionContext.accept(HqlParser.java:2077)
	at org.hibernate.query.hql.internal.SemanticQueryBuilder.visitQueryExpression(SemanticQueryBuilder.java:1063)
	at org.hibernate.query.hql.internal.SemanticQueryBuilder.visitQueryExpression(SemanticQueryBuilder.java:278)
	at org.hibernate.grammars.hql.HqlParser$QueryExpressionContext.accept(HqlParser.java:1973)
	at org.hibernate.query.hql.internal.SemanticQueryBuilder.visitSelectStatement(SemanticQueryBuilder.java:493)
	at org.hibernate.query.hql.internal.SemanticQueryBuilder.visitStatement(SemanticQueryBuilder.java:452)
	at org.hibernate.query.hql.internal.SemanticQueryBuilder.buildSemanticModel(SemanticQueryBuilder.java:325)
	at org.hibernate.query.hql.internal.StandardHqlTranslator.translate(StandardHqlTranslator.java:71)
	... 77 common frames omitted

2026-06-01 04:27:48.302  INFO 24624 --- [restartedMain] com.sisol.salud.SisolSaludApplication    : Starting SisolSaludApplication using Java 21.0.10 with PID 24624 (C:\Users\fabri\OneDrive\Desktop\Repositorios\Proyecto-Integrador\target\classes started by fabri in C:\Users\fabri\OneDrive\Desktop\Repositorios\Proyecto-Integrador)
2026-06-01 04:27:48.304 DEBUG 24624 --- [restartedMain] com.sisol.salud.SisolSaludApplication    : Running with Spring Boot v3.5.9, Spring v6.2.15
2026-06-01 04:27:48.304  INFO 24624 --- [restartedMain] com.sisol.salud.SisolSaludApplication    : No active profile set, falling back to 1 default profile: "default"
2026-06-01 04:27:48.453  INFO 24624 --- [restartedMain] .s.d.r.c.RepositoryConfigurationDelegate : Bootstrapping Spring Data JPA repositories in DEFAULT mode.
2026-06-01 04:27:48.470  INFO 24624 --- [restartedMain] .s.d.r.c.RepositoryConfigurationDelegate : Finished Spring Data repository scanning in 15 ms. Found 8 JPA repository interfaces.
2026-06-01 04:27:48.511  INFO 24624 --- [restartedMain] o.s.b.w.embedded.tomcat.TomcatWebServer  : Tomcat initialized with port 8080 (http)
2026-06-01 04:27:48.511  INFO 24624 --- [restartedMain] o.apache.catalina.core.StandardService   : Starting service [Tomcat]
2026-06-01 04:27:48.511  INFO 24624 --- [restartedMain] o.apache.catalina.core.StandardEngine    : Starting Servlet engine: [Apache Tomcat/10.1.50]
2026-06-01 04:27:48.525  INFO 24624 --- [restartedMain] o.a.c.c.C.[Tomcat-6].[localhost].[/]     : Initializing Spring embedded WebApplicationContext
2026-06-01 04:27:48.525  INFO 24624 --- [restartedMain] w.s.c.ServletWebServerApplicationContext : Root WebApplicationContext: initialization completed in 221 ms
2026-06-01 04:27:48.554  INFO 24624 --- [restartedMain] o.hibernate.jpa.internal.util.LogHelper  : HHH000204: Processing PersistenceUnitInfo [name: default]
2026-06-01 04:27:48.560  INFO 24624 --- [restartedMain] o.h.c.internal.RegionFactoryInitiator    : HHH000026: Second-level cache disabled
2026-06-01 04:27:48.561  INFO 24624 --- [restartedMain] o.h.e.boot.internal.EnversServiceImpl    : Envers integration enabled? : true
2026-06-01 04:27:48.575  INFO 24624 --- [restartedMain] o.s.o.j.p.SpringPersistenceUnitInfo      : No LoadTimeWeaver setup: ignoring JPA class transformer
2026-06-01 04:27:48.575  INFO 24624 --- [restartedMain] com.zaxxer.hikari.HikariDataSource       : HikariPool-12 - Starting...
2026-06-01 04:27:48.580  INFO 24624 --- [restartedMain] com.zaxxer.hikari.pool.HikariPool        : HikariPool-12 - Added connection com.mysql.cj.jdbc.ConnectionImpl@2d21b466
2026-06-01 04:27:48.580  INFO 24624 --- [restartedMain] com.zaxxer.hikari.HikariDataSource       : HikariPool-12 - Start completed.
2026-06-01 04:27:48.580  WARN 24624 --- [restartedMain] org.hibernate.orm.deprecation            : HHH90000025: MySQLDialect does not need to be specified explicitly using 'hibernate.dialect' (remove the property setting and it will be selected by default)
2026-06-01 04:27:48.582  INFO 24624 --- [restartedMain] org.hibernate.orm.connections.pooling    : HHH10001005: Database info:
	Database JDBC URL [Connecting through datasource 'HikariDataSource (HikariPool-12)']
	Database driver: undefined/unknown
	Database version: 8.0.45
	Autocommit mode: undefined/unknown
	Isolation level: undefined/unknown
	Minimum pool size: undefined/unknown
	Maximum pool size: undefined/unknown
2026-06-01 04:27:48.600  INFO 24624 --- [restartedMain] o.h.e.c.i.m.AuditMetadataGenerator       : Adding properties for entity: com.sisol.salud.model.entity.Cita
2026-06-01 04:27:48.600  INFO 24624 --- [restartedMain] o.h.e.c.i.m.AuditMetadataGenerator       : Adding properties for entity: com.sisol.salud.model.entity.Paciente
2026-06-01 04:27:48.600  INFO 24624 --- [restartedMain] o.h.e.c.i.m.AuditMetadataGenerator       : Adding properties for entity: com.sisol.salud.model.entity.Especialidad
2026-06-01 04:27:48.600  INFO 24624 --- [restartedMain] o.h.e.c.i.m.AuditMetadataGenerator       : Adding properties for entity: com.sisol.salud.model.entity.Medico
2026-06-01 04:27:48.600  INFO 24624 --- [restartedMain] o.h.e.c.i.m.AuditMetadataGenerator       : Adding properties for entity: com.sisol.salud.model.entity.Pago
2026-06-01 04:27:48.600  INFO 24624 --- [restartedMain] o.h.e.c.i.m.AuditMetadataGenerator       : Adding properties for entity: com.sisol.salud.model.entity.Usuario
2026-06-01 04:27:48.653  INFO 24624 --- [restartedMain] o.h.e.t.j.p.i.JtaPlatformInitiator       : HHH000489: No JTA platform available (set 'hibernate.transaction.jta.platform' to enable JTA platform integration)
2026-06-01 04:27:48.688  INFO 24624 --- [restartedMain] j.LocalContainerEntityManagerFactoryBean : Initialized JPA EntityManagerFactory for persistence unit 'default'
2026-06-01 04:27:48.709 DEBUG 24624 --- [restartedMain] c.s.s.s.jwt.JwtAuthenticationFilter      : Filter 'jwtAuthenticationFilter' configured for use
2026-06-01 04:27:48.723  INFO 24624 --- [restartedMain] eAuthenticationProviderManagerConfigurer : Global AuthenticationManager configured with AuthenticationProvider bean with name authenticationProvider
2026-06-01 04:27:48.723  WARN 24624 --- [restartedMain] r$InitializeUserDetailsManagerConfigurer : Global AuthenticationManager configured with an AuthenticationProvider bean. UserDetailsService beans will not be used by Spring Security for automatically configuring username/password login. Consider removing the AuthenticationProvider bean. Alternatively, consider using the UserDetailsService in a manually instantiated DaoAuthenticationProvider. If the current configuration is intentional, to turn off this warning, increase the logging level of 'org.springframework.security.config.annotation.authentication.configuration.InitializeUserDetailsBeanManagerConfigurer' to ERROR
2026-06-01 04:27:48.736  WARN 24624 --- [restartedMain] ConfigServletWebServerApplicationContext : Exception encountered during context initialization - cancelling refresh attempt: org.springframework.beans.factory.UnsatisfiedDependencyException: Error creating bean with name 'citaRestController' defined in file [C:\Users\fabri\OneDrive\Desktop\Repositorios\Proyecto-Integrador\target\classes\com\sisol\salud\controller\api\CitaRestController.class]: Unsatisfied dependency expressed through constructor parameter 0: Error creating bean with name 'citaService' defined in file [C:\Users\fabri\OneDrive\Desktop\Repositorios\Proyecto-Integrador\target\classes\com\sisol\salud\service\CitaService.class]: Unsatisfied dependency expressed through constructor parameter 0: Error creating bean with name 'citaRepository' defined in com.sisol.salud.repository.CitaRepository defined in @EnableJpaRepositories declared on JpaRepositoriesRegistrar.EnableJpaRepositoriesConfiguration: Could not create query for public abstract java.util.List com.sisol.salud.repository.CitaRepository.findTopEspecialidades(); Reason: Query 'SELECT new com.sisol.salud.dto.response.TopEspecialidadResponse(c.medico.especialidad.nombre, COUNT(c)) FROM Cita c GROUP BY c.medico.especialidad.nombre ORDER BY COUNT(c) DESC' validation failed for method public abstract java.util.List com.sisol.salud.repository.CitaRepository.findTopEspecialidades()
2026-06-01 04:27:48.736  INFO 24624 --- [restartedMain] j.LocalContainerEntityManagerFactoryBean : Closing JPA EntityManagerFactory for persistence unit 'default'
2026-06-01 04:27:48.736  INFO 24624 --- [restartedMain] com.zaxxer.hikari.HikariDataSource       : HikariPool-12 - Shutdown initiated...
2026-06-01 04:27:48.777  INFO 24624 --- [restartedMain] com.zaxxer.hikari.HikariDataSource       : HikariPool-12 - Shutdown completed.
2026-06-01 04:27:48.778  INFO 24624 --- [restartedMain] o.apache.catalina.core.StandardService   : Stopping service [Tomcat]
2026-06-01 04:27:48.780  INFO 24624 --- [restartedMain] .s.b.a.l.ConditionEvaluationReportLogger : 

Error starting ApplicationContext. To display the condition evaluation report re-run your application with 'debug' enabled.
2026-06-01 04:27:48.782 ERROR 24624 --- [restartedMain] o.s.boot.SpringApplication               : Application run failed

org.springframework.beans.factory.UnsatisfiedDependencyException: Error creating bean with name 'citaRestController' defined in file [C:\Users\fabri\OneDrive\Desktop\Repositorios\Proyecto-Integrador\target\classes\com\sisol\salud\controller\api\CitaRestController.class]: Unsatisfied dependency expressed through constructor parameter 0: Error creating bean with name 'citaService' defined in file [C:\Users\fabri\OneDrive\Desktop\Repositorios\Proyecto-Integrador\target\classes\com\sisol\salud\service\CitaService.class]: Unsatisfied dependency expressed through constructor parameter 0: Error creating bean with name 'citaRepository' defined in com.sisol.salud.repository.CitaRepository defined in @EnableJpaRepositories declared on JpaRepositoriesRegistrar.EnableJpaRepositoriesConfiguration: Could not create query for public abstract java.util.List com.sisol.salud.repository.CitaRepository.findTopEspecialidades(); Reason: Query 'SELECT new com.sisol.salud.dto.response.TopEspecialidadResponse(c.medico.especialidad.nombre, COUNT(c)) FROM Cita c GROUP BY c.medico.especialidad.nombre ORDER BY COUNT(c) DESC' validation failed for method public abstract java.util.List com.sisol.salud.repository.CitaRepository.findTopEspecialidades()
	at org.springframework.beans.factory.support.ConstructorResolver.createArgumentArray(ConstructorResolver.java:804)
	at org.springframework.beans.factory.support.ConstructorResolver.autowireConstructor(ConstructorResolver.java:240)
	at org.springframework.beans.factory.support.AbstractAutowireCapableBeanFactory.autowireConstructor(AbstractAutowireCapableBeanFactory.java:1395)
	at org.springframework.beans.factory.support.AbstractAutowireCapableBeanFactory.createBeanInstance(AbstractAutowireCapableBeanFactory.java:1232)
	at org.springframework.beans.factory.support.AbstractAutowireCapableBeanFactory.doCreateBean(AbstractAutowireCapableBeanFactory.java:569)
	at org.springframework.beans.factory.support.AbstractAutowireCapableBeanFactory.createBean(AbstractAutowireCapableBeanFactory.java:529)
	at org.springframework.beans.factory.support.AbstractBeanFactory.lambda$doGetBean$0(AbstractBeanFactory.java:339)
	at org.springframework.beans.factory.support.DefaultSingletonBeanRegistry.getSingleton(DefaultSingletonBeanRegistry.java:373)
	at org.springframework.beans.factory.support.AbstractBeanFactory.doGetBean(AbstractBeanFactory.java:337)
	at org.springframework.beans.factory.support.AbstractBeanFactory.getBean(AbstractBeanFactory.java:202)
	at org.springframework.beans.factory.support.DefaultListableBeanFactory.instantiateSingleton(DefaultListableBeanFactory.java:1228)
	at org.springframework.beans.factory.support.DefaultListableBeanFactory.preInstantiateSingleton(DefaultListableBeanFactory.java:1194)
	at org.springframework.beans.factory.support.DefaultListableBeanFactory.preInstantiateSingletons(DefaultListableBeanFactory.java:1130)
	at org.springframework.context.support.AbstractApplicationContext.finishBeanFactoryInitialization(AbstractApplicationContext.java:990)
	at org.springframework.context.support.AbstractApplicationContext.refresh(AbstractApplicationContext.java:627)
	at org.springframework.boot.web.servlet.context.ServletWebServerApplicationContext.refresh(ServletWebServerApplicationContext.java:146)
	at org.springframework.boot.SpringApplication.refresh(SpringApplication.java:752)
	at org.springframework.boot.SpringApplication.refreshContext(SpringApplication.java:439)
	at org.springframework.boot.SpringApplication.run(SpringApplication.java:318)
	at org.springframework.boot.SpringApplication.run(SpringApplication.java:1361)
	at org.springframework.boot.SpringApplication.run(SpringApplication.java:1350)
	at com.sisol.salud.SisolSaludApplication.main(SisolSaludApplication.java:12)
	at java.base/jdk.internal.reflect.DirectMethodHandleAccessor.invoke(Unknown Source)
	at java.base/java.lang.reflect.Method.invoke(Unknown Source)
	at org.springframework.boot.devtools.restart.RestartLauncher.run(RestartLauncher.java:50)
Caused by: org.springframework.beans.factory.UnsatisfiedDependencyException: Error creating bean with name 'citaService' defined in file [C:\Users\fabri\OneDrive\Desktop\Repositorios\Proyecto-Integrador\target\classes\com\sisol\salud\service\CitaService.class]: Unsatisfied dependency expressed through constructor parameter 0: Error creating bean with name 'citaRepository' defined in com.sisol.salud.repository.CitaRepository defined in @EnableJpaRepositories declared on JpaRepositoriesRegistrar.EnableJpaRepositoriesConfiguration: Could not create query for public abstract java.util.List com.sisol.salud.repository.CitaRepository.findTopEspecialidades(); Reason: Query 'SELECT new com.sisol.salud.dto.response.TopEspecialidadResponse(c.medico.especialidad.nombre, COUNT(c)) FROM Cita c GROUP BY c.medico.especialidad.nombre ORDER BY COUNT(c) DESC' validation failed for method public abstract java.util.List com.sisol.salud.repository.CitaRepository.findTopEspecialidades()
	at org.springframework.beans.factory.support.ConstructorResolver.createArgumentArray(ConstructorResolver.java:804)
	at org.springframework.beans.factory.support.ConstructorResolver.autowireConstructor(ConstructorResolver.java:240)
	at org.springframework.beans.factory.support.AbstractAutowireCapableBeanFactory.autowireConstructor(AbstractAutowireCapableBeanFactory.java:1395)
	at org.springframework.beans.factory.support.AbstractAutowireCapableBeanFactory.createBeanInstance(AbstractAutowireCapableBeanFactory.java:1232)
	at org.springframework.beans.factory.support.AbstractAutowireCapableBeanFactory.doCreateBean(AbstractAutowireCapableBeanFactory.java:569)
	at org.springframework.beans.factory.support.AbstractAutowireCapableBeanFactory.createBean(AbstractAutowireCapableBeanFactory.java:529)
	at org.springframework.beans.factory.support.AbstractBeanFactory.lambda$doGetBean$0(AbstractBeanFactory.java:339)
	at org.springframework.beans.factory.support.DefaultSingletonBeanRegistry.getSingleton(DefaultSingletonBeanRegistry.java:373)
	at org.springframework.beans.factory.support.AbstractBeanFactory.doGetBean(AbstractBeanFactory.java:337)
	at org.springframework.beans.factory.support.AbstractBeanFactory.getBean(AbstractBeanFactory.java:202)
	at org.springframework.beans.factory.support.DefaultListableBeanFactory.doResolveDependency(DefaultListableBeanFactory.java:1708)
	at org.springframework.beans.factory.support.DefaultListableBeanFactory.resolveDependency(DefaultListableBeanFactory.java:1653)
	at org.springframework.beans.factory.support.ConstructorResolver.resolveAutowiredArgument(ConstructorResolver.java:913)
	at org.springframework.beans.factory.support.ConstructorResolver.createArgumentArray(ConstructorResolver.java:791)
	... 24 common frames omitted
Caused by: org.springframework.beans.factory.BeanCreationException: Error creating bean with name 'citaRepository' defined in com.sisol.salud.repository.CitaRepository defined in @EnableJpaRepositories declared on JpaRepositoriesRegistrar.EnableJpaRepositoriesConfiguration: Could not create query for public abstract java.util.List com.sisol.salud.repository.CitaRepository.findTopEspecialidades(); Reason: Query 'SELECT new com.sisol.salud.dto.response.TopEspecialidadResponse(c.medico.especialidad.nombre, COUNT(c)) FROM Cita c GROUP BY c.medico.especialidad.nombre ORDER BY COUNT(c) DESC' validation failed for method public abstract java.util.List com.sisol.salud.repository.CitaRepository.findTopEspecialidades()
	at org.springframework.beans.factory.support.AbstractAutowireCapableBeanFactory.initializeBean(AbstractAutowireCapableBeanFactory.java:1826)
	at org.springframework.beans.factory.support.AbstractAutowireCapableBeanFactory.doCreateBean(AbstractAutowireCapableBeanFactory.java:607)
	at org.springframework.beans.factory.support.AbstractAutowireCapableBeanFactory.createBean(AbstractAutowireCapableBeanFactory.java:529)
	at org.springframework.beans.factory.support.AbstractBeanFactory.lambda$doGetBean$0(AbstractBeanFactory.java:339)
	at org.springframework.beans.factory.support.DefaultSingletonBeanRegistry.getSingleton(DefaultSingletonBeanRegistry.java:373)
	at org.springframework.beans.factory.support.AbstractBeanFactory.doGetBean(AbstractBeanFactory.java:337)
	at org.springframework.beans.factory.support.AbstractBeanFactory.getBean(AbstractBeanFactory.java:202)
	at org.springframework.beans.factory.support.DefaultListableBeanFactory.doResolveDependency(DefaultListableBeanFactory.java:1708)
	at org.springframework.beans.factory.support.DefaultListableBeanFactory.resolveDependency(DefaultListableBeanFactory.java:1653)
	at org.springframework.beans.factory.support.ConstructorResolver.resolveAutowiredArgument(ConstructorResolver.java:913)
	at org.springframework.beans.factory.support.ConstructorResolver.createArgumentArray(ConstructorResolver.java:791)
	... 37 common frames omitted
Caused by: org.springframework.data.repository.query.QueryCreationException: Could not create query for public abstract java.util.List com.sisol.salud.repository.CitaRepository.findTopEspecialidades(); Reason: Query 'SELECT new com.sisol.salud.dto.response.TopEspecialidadResponse(c.medico.especialidad.nombre, COUNT(c)) FROM Cita c GROUP BY c.medico.especialidad.nombre ORDER BY COUNT(c) DESC' validation failed for method public abstract java.util.List com.sisol.salud.repository.CitaRepository.findTopEspecialidades()
	at org.springframework.data.repository.query.QueryCreationException.create(QueryCreationException.java:101)
	at org.springframework.data.repository.core.support.QueryExecutorMethodInterceptor.lookupQuery(QueryExecutorMethodInterceptor.java:120)
	at org.springframework.data.repository.core.support.QueryExecutorMethodInterceptor.mapMethodsToQuery(QueryExecutorMethodInterceptor.java:104)
	at org.springframework.data.repository.core.support.QueryExecutorMethodInterceptor.lambda$new$0(QueryExecutorMethodInterceptor.java:92)
	at java.base/java.util.Optional.map(Unknown Source)
	at org.springframework.data.repository.core.support.QueryExecutorMethodInterceptor.<init>(QueryExecutorMethodInterceptor.java:92)
	at org.springframework.data.repository.core.support.RepositoryFactorySupport.getRepository(RepositoryFactorySupport.java:434)
	at org.springframework.data.repository.core.support.RepositoryFactoryBeanSupport.lambda$afterPropertiesSet$4(RepositoryFactoryBeanSupport.java:355)
	at org.springframework.data.util.Lazy.getNullable(Lazy.java:135)
	at org.springframework.data.util.Lazy.get(Lazy.java:113)
	at org.springframework.data.repository.core.support.RepositoryFactoryBeanSupport.afterPropertiesSet(RepositoryFactoryBeanSupport.java:361)
	at org.springframework.data.jpa.repository.support.JpaRepositoryFactoryBean.afterPropertiesSet(JpaRepositoryFactoryBean.java:132)
	at org.springframework.beans.factory.support.AbstractAutowireCapableBeanFactory.invokeInitMethods(AbstractAutowireCapableBeanFactory.java:1873)
	at org.springframework.beans.factory.support.AbstractAutowireCapableBeanFactory.initializeBean(AbstractAutowireCapableBeanFactory.java:1822)
	... 47 common frames omitted
Caused by: java.lang.IllegalArgumentException: Query 'SELECT new com.sisol.salud.dto.response.TopEspecialidadResponse(c.medico.especialidad.nombre, COUNT(c)) FROM Cita c GROUP BY c.medico.especialidad.nombre ORDER BY COUNT(c) DESC' validation failed for method public abstract java.util.List com.sisol.salud.repository.CitaRepository.findTopEspecialidades()
	at org.springframework.data.jpa.repository.query.SimpleJpaQuery.validateQuery(SimpleJpaQuery.java:93)
	at org.springframework.data.jpa.repository.query.SimpleJpaQuery.<init>(SimpleJpaQuery.java:67)
	at org.springframework.data.jpa.repository.query.JpaQueryFactory.fromMethodWithQueryString(JpaQueryFactory.java:49)
	at org.springframework.data.jpa.repository.query.JpaQueryLookupStrategy$DeclaredQueryLookupStrategy.resolveQuery(JpaQueryLookupStrategy.java:174)
	at org.springframework.data.jpa.repository.query.JpaQueryLookupStrategy$CreateIfNotFoundQueryLookupStrategy.resolveQuery(JpaQueryLookupStrategy.java:254)
	at org.springframework.data.jpa.repository.query.JpaQueryLookupStrategy$AbstractQueryLookupStrategy.resolveQuery(JpaQueryLookupStrategy.java:99)
	at org.springframework.data.repository.core.support.QueryExecutorMethodInterceptor.lookupQuery(QueryExecutorMethodInterceptor.java:116)
	... 59 common frames omitted
Caused by: java.lang.IllegalArgumentException: org.hibernate.query.sqm.UnknownPathException: Could not resolve attribute 'especialidad' of 'com.sisol.salud.model.entity.Medico' [SELECT new com.sisol.salud.dto.response.TopEspecialidadResponse(c.medico.especialidad.nombre, COUNT(c)) FROM Cita c GROUP BY c.medico.especialidad.nombre ORDER BY COUNT(c) DESC]
	at org.hibernate.internal.ExceptionConverterImpl.convert(ExceptionConverterImpl.java:143)
	at org.hibernate.internal.ExceptionConverterImpl.convert(ExceptionConverterImpl.java:167)
	at org.hibernate.internal.ExceptionConverterImpl.convert(ExceptionConverterImpl.java:173)
	at org.hibernate.internal.AbstractSharedSessionContract.createQuery(AbstractSharedSessionContract.java:886)
	at org.hibernate.internal.AbstractSharedSessionContract.createQuery(AbstractSharedSessionContract.java:796)
	at org.hibernate.internal.AbstractSharedSessionContract.createQuery(AbstractSharedSessionContract.java:143)
	at java.base/jdk.internal.reflect.DirectMethodHandleAccessor.invoke(Unknown Source)
	at java.base/java.lang.reflect.Method.invoke(Unknown Source)
	at org.springframework.orm.jpa.ExtendedEntityManagerCreator$ExtendedEntityManagerInvocationHandler.invoke(ExtendedEntityManagerCreator.java:364)
	at jdk.proxy26/jdk.proxy26.$Proxy317.createQuery(Unknown Source)
	at org.springframework.data.jpa.repository.query.SimpleJpaQuery.validateQuery(SimpleJpaQuery.java:88)
	... 65 common frames omitted
Caused by: org.hibernate.query.sqm.UnknownPathException: Could not resolve attribute 'especialidad' of 'com.sisol.salud.model.entity.Medico' [SELECT new com.sisol.salud.dto.response.TopEspecialidadResponse(c.medico.especialidad.nombre, COUNT(c)) FROM Cita c GROUP BY c.medico.especialidad.nombre ORDER BY COUNT(c) DESC]
	at org.hibernate.query.hql.internal.StandardHqlTranslator.translate(StandardHqlTranslator.java:88)
	at org.hibernate.query.internal.QueryInterpretationCacheStandardImpl.createHqlInterpretation(QueryInterpretationCacheStandardImpl.java:145)
	at org.hibernate.query.internal.QueryInterpretationCacheStandardImpl.resolveHqlInterpretation(QueryInterpretationCacheStandardImpl.java:132)
	at org.hibernate.query.spi.QueryEngine.interpretHql(QueryEngine.java:54)
	at org.hibernate.internal.AbstractSharedSessionContract.interpretHql(AbstractSharedSessionContract.java:832)
	at org.hibernate.internal.AbstractSharedSessionContract.createQuery(AbstractSharedSessionContract.java:878)
	... 72 common frames omitted
Caused by: org.hibernate.query.sqm.PathElementException: Could not resolve attribute 'especialidad' of 'com.sisol.salud.model.entity.Medico'
	at org.hibernate.query.sqm.SqmPathSource.getSubPathSource(SqmPathSource.java:95)
	at org.hibernate.query.sqm.tree.domain.AbstractSqmPath.get(AbstractSqmPath.java:199)
	at org.hibernate.query.sqm.tree.domain.SqmEntityValuedSimplePath.resolvePathPart(SqmEntityValuedSimplePath.java:56)
	at org.hibernate.query.hql.internal.DomainPathPart.resolvePathPart(DomainPathPart.java:42)
	at org.hibernate.query.hql.internal.BasicDotIdentifierConsumer.consumeIdentifier(BasicDotIdentifierConsumer.java:92)
	at org.hibernate.query.hql.internal.SemanticQueryBuilder.visitSimplePath(SemanticQueryBuilder.java:5432)
	at org.hibernate.query.hql.internal.SemanticQueryBuilder.visitGeneralPathFragment(SemanticQueryBuilder.java:5292)
	at org.hibernate.query.hql.internal.SemanticQueryBuilder.visitGeneralPathExpression(SemanticQueryBuilder.java:1884)
	at org.hibernate.grammars.hql.HqlParser$GeneralPathExpressionContext.accept(HqlParser.java:7882)
	at org.antlr.v4.runtime.tree.AbstractParseTreeVisitor.visitChildren(AbstractParseTreeVisitor.java:46)
	at org.hibernate.grammars.hql.HqlParserBaseVisitor.visitBarePrimaryExpression(HqlParserBaseVisitor.java:749)
	at org.hibernate.grammars.hql.HqlParser$BarePrimaryExpressionContext.accept(HqlParser.java:7331)
	at org.antlr.v4.runtime.tree.AbstractParseTreeVisitor.visitChildren(AbstractParseTreeVisitor.java:46)
	at org.hibernate.grammars.hql.HqlParserBaseVisitor.visitExpressionOrPredicate(HqlParserBaseVisitor.java:882)
	at org.hibernate.grammars.hql.HqlParser$ExpressionOrPredicateContext.accept(HqlParser.java:8114)
	at org.antlr.v4.runtime.tree.AbstractParseTreeVisitor.visitChildren(AbstractParseTreeVisitor.java:46)
	at org.hibernate.grammars.hql.HqlParserBaseVisitor.visitInstantiationArgumentExpression(HqlParserBaseVisitor.java:385)
	at org.hibernate.grammars.hql.HqlParser$InstantiationArgumentExpressionContext.accept(HqlParser.java:4228)
	at org.hibernate.query.hql.internal.SemanticQueryBuilder.visitInstantiationArgument(SemanticQueryBuilder.java:1529)
	at org.hibernate.query.hql.internal.SemanticQueryBuilder.visitInstantiation(SemanticQueryBuilder.java:1495)
	at org.hibernate.query.hql.internal.SemanticQueryBuilder.visitInstantiation(SemanticQueryBuilder.java:278)
	at org.hibernate.grammars.hql.HqlParser$InstantiationContext.accept(HqlParser.java:3977)
	at org.hibernate.query.hql.internal.SemanticQueryBuilder.visitSelectableNode(SemanticQueryBuilder.java:1451)
	at org.hibernate.query.hql.internal.SemanticQueryBuilder.visitSelection(SemanticQueryBuilder.java:1405)
	at org.hibernate.query.hql.internal.SemanticQueryBuilder.visitSelectClause(SemanticQueryBuilder.java:1398)
	at org.hibernate.query.hql.internal.SemanticQueryBuilder.visitQuery(SemanticQueryBuilder.java:1247)
	at org.hibernate.query.hql.internal.SemanticQueryBuilder.visitQuerySpecExpression(SemanticQueryBuilder.java:1029)
	at org.hibernate.query.hql.internal.SemanticQueryBuilder.visitQuerySpecExpression(SemanticQueryBuilder.java:278)
	at org.hibernate.grammars.hql.HqlParser$QuerySpecExpressionContext.accept(HqlParser.java:2077)
	at org.hibernate.query.hql.internal.SemanticQueryBuilder.visitQueryExpression(SemanticQueryBuilder.java:1063)
	at org.hibernate.query.hql.internal.SemanticQueryBuilder.visitQueryExpression(SemanticQueryBuilder.java:278)
	at org.hibernate.grammars.hql.HqlParser$QueryExpressionContext.accept(HqlParser.java:1973)
	at org.hibernate.query.hql.internal.SemanticQueryBuilder.visitSelectStatement(SemanticQueryBuilder.java:493)
	at org.hibernate.query.hql.internal.SemanticQueryBuilder.visitStatement(SemanticQueryBuilder.java:452)
	at org.hibernate.query.hql.internal.SemanticQueryBuilder.buildSemanticModel(SemanticQueryBuilder.java:325)
	at org.hibernate.query.hql.internal.StandardHqlTranslator.translate(StandardHqlTranslator.java:71)
	... 77 common frames omitted

2026-06-01 04:28:02.590  INFO 24624 --- [restartedMain] com.sisol.salud.SisolSaludApplication    : Starting SisolSaludApplication using Java 21.0.10 with PID 24624 (C:\Users\fabri\OneDrive\Desktop\Repositorios\Proyecto-Integrador\target\classes started by fabri in C:\Users\fabri\OneDrive\Desktop\Repositorios\Proyecto-Integrador)
2026-06-01 04:28:02.590 DEBUG 24624 --- [restartedMain] com.sisol.salud.SisolSaludApplication    : Running with Spring Boot v3.5.9, Spring v6.2.15
2026-06-01 04:28:02.590  INFO 24624 --- [restartedMain] com.sisol.salud.SisolSaludApplication    : No active profile set, falling back to 1 default profile: "default"
2026-06-01 04:28:02.732  INFO 24624 --- [restartedMain] .s.d.r.c.RepositoryConfigurationDelegate : Bootstrapping Spring Data JPA repositories in DEFAULT mode.
2026-06-01 04:28:02.747  INFO 24624 --- [restartedMain] .s.d.r.c.RepositoryConfigurationDelegate : Finished Spring Data repository scanning in 14 ms. Found 8 JPA repository interfaces.
2026-06-01 04:28:02.789  INFO 24624 --- [restartedMain] o.s.b.w.embedded.tomcat.TomcatWebServer  : Tomcat initialized with port 8080 (http)
2026-06-01 04:28:02.790  INFO 24624 --- [restartedMain] o.apache.catalina.core.StandardService   : Starting service [Tomcat]
2026-06-01 04:28:02.790  INFO 24624 --- [restartedMain] o.apache.catalina.core.StandardEngine    : Starting Servlet engine: [Apache Tomcat/10.1.50]
2026-06-01 04:28:02.803  INFO 24624 --- [restartedMain] o.a.c.c.C.[Tomcat-7].[localhost].[/]     : Initializing Spring embedded WebApplicationContext
2026-06-01 04:28:02.804  INFO 24624 --- [restartedMain] w.s.c.ServletWebServerApplicationContext : Root WebApplicationContext: initialization completed in 213 ms
2026-06-01 04:28:02.824  INFO 24624 --- [restartedMain] o.hibernate.jpa.internal.util.LogHelper  : HHH000204: Processing PersistenceUnitInfo [name: default]
2026-06-01 04:28:02.827  INFO 24624 --- [restartedMain] o.h.c.internal.RegionFactoryInitiator    : HHH000026: Second-level cache disabled
2026-06-01 04:28:02.828  INFO 24624 --- [restartedMain] o.h.e.boot.internal.EnversServiceImpl    : Envers integration enabled? : true
2026-06-01 04:28:02.832  INFO 24624 --- [restartedMain] o.s.o.j.p.SpringPersistenceUnitInfo      : No LoadTimeWeaver setup: ignoring JPA class transformer
2026-06-01 04:28:02.832  INFO 24624 --- [restartedMain] com.zaxxer.hikari.HikariDataSource       : HikariPool-13 - Starting...
2026-06-01 04:28:02.835  INFO 24624 --- [restartedMain] com.zaxxer.hikari.pool.HikariPool        : HikariPool-13 - Added connection com.mysql.cj.jdbc.ConnectionImpl@5e4bcb67
2026-06-01 04:28:02.835  INFO 24624 --- [restartedMain] com.zaxxer.hikari.HikariDataSource       : HikariPool-13 - Start completed.
2026-06-01 04:28:02.836  WARN 24624 --- [restartedMain] org.hibernate.orm.deprecation            : HHH90000025: MySQLDialect does not need to be specified explicitly using 'hibernate.dialect' (remove the property setting and it will be selected by default)
2026-06-01 04:28:02.836  INFO 24624 --- [restartedMain] org.hibernate.orm.connections.pooling    : HHH10001005: Database info:
	Database JDBC URL [Connecting through datasource 'HikariDataSource (HikariPool-13)']
	Database driver: undefined/unknown
	Database version: 8.0.45
	Autocommit mode: undefined/unknown
	Isolation level: undefined/unknown
	Minimum pool size: undefined/unknown
	Maximum pool size: undefined/unknown
2026-06-01 04:28:02.851  INFO 24624 --- [restartedMain] o.h.e.c.i.m.AuditMetadataGenerator       : Adding properties for entity: com.sisol.salud.model.entity.Cita
2026-06-01 04:28:02.851  INFO 24624 --- [restartedMain] o.h.e.c.i.m.AuditMetadataGenerator       : Adding properties for entity: com.sisol.salud.model.entity.Paciente
2026-06-01 04:28:02.851  INFO 24624 --- [restartedMain] o.h.e.c.i.m.AuditMetadataGenerator       : Adding properties for entity: com.sisol.salud.model.entity.Especialidad
2026-06-01 04:28:02.851  INFO 24624 --- [restartedMain] o.h.e.c.i.m.AuditMetadataGenerator       : Adding properties for entity: com.sisol.salud.model.entity.Medico
2026-06-01 04:28:02.851  INFO 24624 --- [restartedMain] o.h.e.c.i.m.AuditMetadataGenerator       : Adding properties for entity: com.sisol.salud.model.entity.Pago
2026-06-01 04:28:02.851  INFO 24624 --- [restartedMain] o.h.e.c.i.m.AuditMetadataGenerator       : Adding properties for entity: com.sisol.salud.model.entity.Usuario
2026-06-01 04:28:02.901  INFO 24624 --- [restartedMain] o.h.e.t.j.p.i.JtaPlatformInitiator       : HHH000489: No JTA platform available (set 'hibernate.transaction.jta.platform' to enable JTA platform integration)
2026-06-01 04:28:02.942  INFO 24624 --- [restartedMain] j.LocalContainerEntityManagerFactoryBean : Initialized JPA EntityManagerFactory for persistence unit 'default'
2026-06-01 04:28:02.960 DEBUG 24624 --- [restartedMain] c.s.s.s.jwt.JwtAuthenticationFilter      : Filter 'jwtAuthenticationFilter' configured for use
2026-06-01 04:28:02.972  INFO 24624 --- [restartedMain] eAuthenticationProviderManagerConfigurer : Global AuthenticationManager configured with AuthenticationProvider bean with name authenticationProvider
2026-06-01 04:28:02.972  WARN 24624 --- [restartedMain] r$InitializeUserDetailsManagerConfigurer : Global AuthenticationManager configured with an AuthenticationProvider bean. UserDetailsService beans will not be used by Spring Security for automatically configuring username/password login. Consider removing the AuthenticationProvider bean. Alternatively, consider using the UserDetailsService in a manually instantiated DaoAuthenticationProvider. If the current configuration is intentional, to turn off this warning, increase the logging level of 'org.springframework.security.config.annotation.authentication.configuration.InitializeUserDetailsBeanManagerConfigurer' to ERROR
2026-06-01 04:28:02.982  WARN 24624 --- [restartedMain] ConfigServletWebServerApplicationContext : Exception encountered during context initialization - cancelling refresh attempt: org.springframework.beans.factory.UnsatisfiedDependencyException: Error creating bean with name 'citaRestController' defined in file [C:\Users\fabri\OneDrive\Desktop\Repositorios\Proyecto-Integrador\target\classes\com\sisol\salud\controller\api\CitaRestController.class]: Unsatisfied dependency expressed through constructor parameter 0: Error creating bean with name 'citaService' defined in file [C:\Users\fabri\OneDrive\Desktop\Repositorios\Proyecto-Integrador\target\classes\com\sisol\salud\service\CitaService.class]: Unsatisfied dependency expressed through constructor parameter 0: Error creating bean with name 'citaRepository' defined in com.sisol.salud.repository.CitaRepository defined in @EnableJpaRepositories declared on JpaRepositoriesRegistrar.EnableJpaRepositoriesConfiguration: Could not create query for public abstract java.util.List com.sisol.salud.repository.CitaRepository.findTopEspecialidades(); Reason: Query 'SELECT new com.sisol.salud.dto.response.TopEspecialidadResponse(c.medico.especialidad.nombre, COUNT(c)) FROM Cita c GROUP BY c.medico.especialidad.nombre ORDER BY COUNT(c) DESC' validation failed for method public abstract java.util.List com.sisol.salud.repository.CitaRepository.findTopEspecialidades()
2026-06-01 04:28:02.982  INFO 24624 --- [restartedMain] j.LocalContainerEntityManagerFactoryBean : Closing JPA EntityManagerFactory for persistence unit 'default'
2026-06-01 04:28:02.983  INFO 24624 --- [restartedMain] com.zaxxer.hikari.HikariDataSource       : HikariPool-13 - Shutdown initiated...
2026-06-01 04:28:03.025  INFO 24624 --- [restartedMain] com.zaxxer.hikari.HikariDataSource       : HikariPool-13 - Shutdown completed.
2026-06-01 04:28:03.026  INFO 24624 --- [restartedMain] o.apache.catalina.core.StandardService   : Stopping service [Tomcat]
2026-06-01 04:28:03.030  INFO 24624 --- [restartedMain] .s.b.a.l.ConditionEvaluationReportLogger : 

Error starting ApplicationContext. To display the condition evaluation report re-run your application with 'debug' enabled.
2026-06-01 04:28:03.031 ERROR 24624 --- [restartedMain] o.s.boot.SpringApplication               : Application run failed

org.springframework.beans.factory.UnsatisfiedDependencyException: Error creating bean with name 'citaRestController' defined in file [C:\Users\fabri\OneDrive\Desktop\Repositorios\Proyecto-Integrador\target\classes\com\sisol\salud\controller\api\CitaRestController.class]: Unsatisfied dependency expressed through constructor parameter 0: Error creating bean with name 'citaService' defined in file [C:\Users\fabri\OneDrive\Desktop\Repositorios\Proyecto-Integrador\target\classes\com\sisol\salud\service\CitaService.class]: Unsatisfied dependency expressed through constructor parameter 0: Error creating bean with name 'citaRepository' defined in com.sisol.salud.repository.CitaRepository defined in @EnableJpaRepositories declared on JpaRepositoriesRegistrar.EnableJpaRepositoriesConfiguration: Could not create query for public abstract java.util.List com.sisol.salud.repository.CitaRepository.findTopEspecialidades(); Reason: Query 'SELECT new com.sisol.salud.dto.response.TopEspecialidadResponse(c.medico.especialidad.nombre, COUNT(c)) FROM Cita c GROUP BY c.medico.especialidad.nombre ORDER BY COUNT(c) DESC' validation failed for method public abstract java.util.List com.sisol.salud.repository.CitaRepository.findTopEspecialidades()
	at org.springframework.beans.factory.support.ConstructorResolver.createArgumentArray(ConstructorResolver.java:804)
	at org.springframework.beans.factory.support.ConstructorResolver.autowireConstructor(ConstructorResolver.java:240)
	at org.springframework.beans.factory.support.AbstractAutowireCapableBeanFactory.autowireConstructor(AbstractAutowireCapableBeanFactory.java:1395)
	at org.springframework.beans.factory.support.AbstractAutowireCapableBeanFactory.createBeanInstance(AbstractAutowireCapableBeanFactory.java:1232)
	at org.springframework.beans.factory.support.AbstractAutowireCapableBeanFactory.doCreateBean(AbstractAutowireCapableBeanFactory.java:569)
	at org.springframework.beans.factory.support.AbstractAutowireCapableBeanFactory.createBean(AbstractAutowireCapableBeanFactory.java:529)
	at org.springframework.beans.factory.support.AbstractBeanFactory.lambda$doGetBean$0(AbstractBeanFactory.java:339)
	at org.springframework.beans.factory.support.DefaultSingletonBeanRegistry.getSingleton(DefaultSingletonBeanRegistry.java:373)
	at org.springframework.beans.factory.support.AbstractBeanFactory.doGetBean(AbstractBeanFactory.java:337)
	at org.springframework.beans.factory.support.AbstractBeanFactory.getBean(AbstractBeanFactory.java:202)
	at org.springframework.beans.factory.support.DefaultListableBeanFactory.instantiateSingleton(DefaultListableBeanFactory.java:1228)
	at org.springframework.beans.factory.support.DefaultListableBeanFactory.preInstantiateSingleton(DefaultListableBeanFactory.java:1194)
	at org.springframework.beans.factory.support.DefaultListableBeanFactory.preInstantiateSingletons(DefaultListableBeanFactory.java:1130)
	at org.springframework.context.support.AbstractApplicationContext.finishBeanFactoryInitialization(AbstractApplicationContext.java:990)
	at org.springframework.context.support.AbstractApplicationContext.refresh(AbstractApplicationContext.java:627)
	at org.springframework.boot.web.servlet.context.ServletWebServerApplicationContext.refresh(ServletWebServerApplicationContext.java:146)
	at org.springframework.boot.SpringApplication.refresh(SpringApplication.java:752)
	at org.springframework.boot.SpringApplication.refreshContext(SpringApplication.java:439)
	at org.springframework.boot.SpringApplication.run(SpringApplication.java:318)
	at org.springframework.boot.SpringApplication.run(SpringApplication.java:1361)
	at org.springframework.boot.SpringApplication.run(SpringApplication.java:1350)
	at com.sisol.salud.SisolSaludApplication.main(SisolSaludApplication.java:12)
	at java.base/jdk.internal.reflect.DirectMethodHandleAccessor.invoke(Unknown Source)
	at java.base/java.lang.reflect.Method.invoke(Unknown Source)
	at org.springframework.boot.devtools.restart.RestartLauncher.run(RestartLauncher.java:50)
Caused by: org.springframework.beans.factory.UnsatisfiedDependencyException: Error creating bean with name 'citaService' defined in file [C:\Users\fabri\OneDrive\Desktop\Repositorios\Proyecto-Integrador\target\classes\com\sisol\salud\service\CitaService.class]: Unsatisfied dependency expressed through constructor parameter 0: Error creating bean with name 'citaRepository' defined in com.sisol.salud.repository.CitaRepository defined in @EnableJpaRepositories declared on JpaRepositoriesRegistrar.EnableJpaRepositoriesConfiguration: Could not create query for public abstract java.util.List com.sisol.salud.repository.CitaRepository.findTopEspecialidades(); Reason: Query 'SELECT new com.sisol.salud.dto.response.TopEspecialidadResponse(c.medico.especialidad.nombre, COUNT(c)) FROM Cita c GROUP BY c.medico.especialidad.nombre ORDER BY COUNT(c) DESC' validation failed for method public abstract java.util.List com.sisol.salud.repository.CitaRepository.findTopEspecialidades()
	at org.springframework.beans.factory.support.ConstructorResolver.createArgumentArray(ConstructorResolver.java:804)
	at org.springframework.beans.factory.support.ConstructorResolver.autowireConstructor(ConstructorResolver.java:240)
	at org.springframework.beans.factory.support.AbstractAutowireCapableBeanFactory.autowireConstructor(AbstractAutowireCapableBeanFactory.java:1395)
	at org.springframework.beans.factory.support.AbstractAutowireCapableBeanFactory.createBeanInstance(AbstractAutowireCapableBeanFactory.java:1232)
	at org.springframework.beans.factory.support.AbstractAutowireCapableBeanFactory.doCreateBean(AbstractAutowireCapableBeanFactory.java:569)
	at org.springframework.beans.factory.support.AbstractAutowireCapableBeanFactory.createBean(AbstractAutowireCapableBeanFactory.java:529)
	at org.springframework.beans.factory.support.AbstractBeanFactory.lambda$doGetBean$0(AbstractBeanFactory.java:339)
	at org.springframework.beans.factory.support.DefaultSingletonBeanRegistry.getSingleton(DefaultSingletonBeanRegistry.java:373)
	at org.springframework.beans.factory.support.AbstractBeanFactory.doGetBean(AbstractBeanFactory.java:337)
	at org.springframework.beans.factory.support.AbstractBeanFactory.getBean(AbstractBeanFactory.java:202)
	at org.springframework.beans.factory.support.DefaultListableBeanFactory.doResolveDependency(DefaultListableBeanFactory.java:1708)
	at org.springframework.beans.factory.support.DefaultListableBeanFactory.resolveDependency(DefaultListableBeanFactory.java:1653)
	at org.springframework.beans.factory.support.ConstructorResolver.resolveAutowiredArgument(ConstructorResolver.java:913)
	at org.springframework.beans.factory.support.ConstructorResolver.createArgumentArray(ConstructorResolver.java:791)
	... 24 common frames omitted
Caused by: org.springframework.beans.factory.BeanCreationException: Error creating bean with name 'citaRepository' defined in com.sisol.salud.repository.CitaRepository defined in @EnableJpaRepositories declared on JpaRepositoriesRegistrar.EnableJpaRepositoriesConfiguration: Could not create query for public abstract java.util.List com.sisol.salud.repository.CitaRepository.findTopEspecialidades(); Reason: Query 'SELECT new com.sisol.salud.dto.response.TopEspecialidadResponse(c.medico.especialidad.nombre, COUNT(c)) FROM Cita c GROUP BY c.medico.especialidad.nombre ORDER BY COUNT(c) DESC' validation failed for method public abstract java.util.List com.sisol.salud.repository.CitaRepository.findTopEspecialidades()
	at org.springframework.beans.factory.support.AbstractAutowireCapableBeanFactory.initializeBean(AbstractAutowireCapableBeanFactory.java:1826)
	at org.springframework.beans.factory.support.AbstractAutowireCapableBeanFactory.doCreateBean(AbstractAutowireCapableBeanFactory.java:607)
	at org.springframework.beans.factory.support.AbstractAutowireCapableBeanFactory.createBean(AbstractAutowireCapableBeanFactory.java:529)
	at org.springframework.beans.factory.support.AbstractBeanFactory.lambda$doGetBean$0(AbstractBeanFactory.java:339)
	at org.springframework.beans.factory.support.DefaultSingletonBeanRegistry.getSingleton(DefaultSingletonBeanRegistry.java:373)
	at org.springframework.beans.factory.support.AbstractBeanFactory.doGetBean(AbstractBeanFactory.java:337)
	at org.springframework.beans.factory.support.AbstractBeanFactory.getBean(AbstractBeanFactory.java:202)
	at org.springframework.beans.factory.support.DefaultListableBeanFactory.doResolveDependency(DefaultListableBeanFactory.java:1708)
	at org.springframework.beans.factory.support.DefaultListableBeanFactory.resolveDependency(DefaultListableBeanFactory.java:1653)
	at org.springframework.beans.factory.support.ConstructorResolver.resolveAutowiredArgument(ConstructorResolver.java:913)
	at org.springframework.beans.factory.support.ConstructorResolver.createArgumentArray(ConstructorResolver.java:791)
	... 37 common frames omitted
Caused by: org.springframework.data.repository.query.QueryCreationException: Could not create query for public abstract java.util.List com.sisol.salud.repository.CitaRepository.findTopEspecialidades(); Reason: Query 'SELECT new com.sisol.salud.dto.response.TopEspecialidadResponse(c.medico.especialidad.nombre, COUNT(c)) FROM Cita c GROUP BY c.medico.especialidad.nombre ORDER BY COUNT(c) DESC' validation failed for method public abstract java.util.List com.sisol.salud.repository.CitaRepository.findTopEspecialidades()
	at org.springframework.data.repository.query.QueryCreationException.create(QueryCreationException.java:101)
	at org.springframework.data.repository.core.support.QueryExecutorMethodInterceptor.lookupQuery(QueryExecutorMethodInterceptor.java:120)
	at org.springframework.data.repository.core.support.QueryExecutorMethodInterceptor.mapMethodsToQuery(QueryExecutorMethodInterceptor.java:104)
	at org.springframework.data.repository.core.support.QueryExecutorMethodInterceptor.lambda$new$0(QueryExecutorMethodInterceptor.java:92)
	at java.base/java.util.Optional.map(Unknown Source)
	at org.springframework.data.repository.core.support.QueryExecutorMethodInterceptor.<init>(QueryExecutorMethodInterceptor.java:92)
	at org.springframework.data.repository.core.support.RepositoryFactorySupport.getRepository(RepositoryFactorySupport.java:434)
	at org.springframework.data.repository.core.support.RepositoryFactoryBeanSupport.lambda$afterPropertiesSet$4(RepositoryFactoryBeanSupport.java:355)
	at org.springframework.data.util.Lazy.getNullable(Lazy.java:135)
	at org.springframework.data.util.Lazy.get(Lazy.java:113)
	at org.springframework.data.repository.core.support.RepositoryFactoryBeanSupport.afterPropertiesSet(RepositoryFactoryBeanSupport.java:361)
	at org.springframework.data.jpa.repository.support.JpaRepositoryFactoryBean.afterPropertiesSet(JpaRepositoryFactoryBean.java:132)
	at org.springframework.beans.factory.support.AbstractAutowireCapableBeanFactory.invokeInitMethods(AbstractAutowireCapableBeanFactory.java:1873)
	at org.springframework.beans.factory.support.AbstractAutowireCapableBeanFactory.initializeBean(AbstractAutowireCapableBeanFactory.java:1822)
	... 47 common frames omitted
Caused by: java.lang.IllegalArgumentException: Query 'SELECT new com.sisol.salud.dto.response.TopEspecialidadResponse(c.medico.especialidad.nombre, COUNT(c)) FROM Cita c GROUP BY c.medico.especialidad.nombre ORDER BY COUNT(c) DESC' validation failed for method public abstract java.util.List com.sisol.salud.repository.CitaRepository.findTopEspecialidades()
	at org.springframework.data.jpa.repository.query.SimpleJpaQuery.validateQuery(SimpleJpaQuery.java:93)
	at org.springframework.data.jpa.repository.query.SimpleJpaQuery.<init>(SimpleJpaQuery.java:67)
	at org.springframework.data.jpa.repository.query.JpaQueryFactory.fromMethodWithQueryString(JpaQueryFactory.java:49)
	at org.springframework.data.jpa.repository.query.JpaQueryLookupStrategy$DeclaredQueryLookupStrategy.resolveQuery(JpaQueryLookupStrategy.java:174)
	at org.springframework.data.jpa.repository.query.JpaQueryLookupStrategy$CreateIfNotFoundQueryLookupStrategy.resolveQuery(JpaQueryLookupStrategy.java:254)
	at org.springframework.data.jpa.repository.query.JpaQueryLookupStrategy$AbstractQueryLookupStrategy.resolveQuery(JpaQueryLookupStrategy.java:99)
	at org.springframework.data.repository.core.support.QueryExecutorMethodInterceptor.lookupQuery(QueryExecutorMethodInterceptor.java:116)
	... 59 common frames omitted
Caused by: java.lang.IllegalArgumentException: org.hibernate.query.sqm.UnknownPathException: Could not resolve attribute 'especialidad' of 'com.sisol.salud.model.entity.Medico' [SELECT new com.sisol.salud.dto.response.TopEspecialidadResponse(c.medico.especialidad.nombre, COUNT(c)) FROM Cita c GROUP BY c.medico.especialidad.nombre ORDER BY COUNT(c) DESC]
	at org.hibernate.internal.ExceptionConverterImpl.convert(ExceptionConverterImpl.java:143)
	at org.hibernate.internal.ExceptionConverterImpl.convert(ExceptionConverterImpl.java:167)
	at org.hibernate.internal.ExceptionConverterImpl.convert(ExceptionConverterImpl.java:173)
	at org.hibernate.internal.AbstractSharedSessionContract.createQuery(AbstractSharedSessionContract.java:886)
	at org.hibernate.internal.AbstractSharedSessionContract.createQuery(AbstractSharedSessionContract.java:796)
	at org.hibernate.internal.AbstractSharedSessionContract.createQuery(AbstractSharedSessionContract.java:143)
	at java.base/jdk.internal.reflect.DirectMethodHandleAccessor.invoke(Unknown Source)
	at java.base/java.lang.reflect.Method.invoke(Unknown Source)
	at org.springframework.orm.jpa.ExtendedEntityManagerCreator$ExtendedEntityManagerInvocationHandler.invoke(ExtendedEntityManagerCreator.java:364)
	at jdk.proxy28/jdk.proxy28.$Proxy323.createQuery(Unknown Source)
	at org.springframework.data.jpa.repository.query.SimpleJpaQuery.validateQuery(SimpleJpaQuery.java:88)
	... 65 common frames omitted
Caused by: org.hibernate.query.sqm.UnknownPathException: Could not resolve attribute 'especialidad' of 'com.sisol.salud.model.entity.Medico' [SELECT new com.sisol.salud.dto.response.TopEspecialidadResponse(c.medico.especialidad.nombre, COUNT(c)) FROM Cita c GROUP BY c.medico.especialidad.nombre ORDER BY COUNT(c) DESC]
	at org.hibernate.query.hql.internal.StandardHqlTranslator.translate(StandardHqlTranslator.java:88)
	at org.hibernate.query.internal.QueryInterpretationCacheStandardImpl.createHqlInterpretation(QueryInterpretationCacheStandardImpl.java:145)
	at org.hibernate.query.internal.QueryInterpretationCacheStandardImpl.resolveHqlInterpretation(QueryInterpretationCacheStandardImpl.java:132)
	at org.hibernate.query.spi.QueryEngine.interpretHql(QueryEngine.java:54)
	at org.hibernate.internal.AbstractSharedSessionContract.interpretHql(AbstractSharedSessionContract.java:832)
	at org.hibernate.internal.AbstractSharedSessionContract.createQuery(AbstractSharedSessionContract.java:878)
	... 72 common frames omitted
Caused by: org.hibernate.query.sqm.PathElementException: Could not resolve attribute 'especialidad' of 'com.sisol.salud.model.entity.Medico'
	at org.hibernate.query.sqm.SqmPathSource.getSubPathSource(SqmPathSource.java:95)
	at org.hibernate.query.sqm.tree.domain.AbstractSqmPath.get(AbstractSqmPath.java:199)
	at org.hibernate.query.sqm.tree.domain.SqmEntityValuedSimplePath.resolvePathPart(SqmEntityValuedSimplePath.java:56)
	at org.hibernate.query.hql.internal.DomainPathPart.resolvePathPart(DomainPathPart.java:42)
	at org.hibernate.query.hql.internal.BasicDotIdentifierConsumer.consumeIdentifier(BasicDotIdentifierConsumer.java:92)
	at org.hibernate.query.hql.internal.SemanticQueryBuilder.visitSimplePath(SemanticQueryBuilder.java:5432)
	at org.hibernate.query.hql.internal.SemanticQueryBuilder.visitGeneralPathFragment(SemanticQueryBuilder.java:5292)
	at org.hibernate.query.hql.internal.SemanticQueryBuilder.visitGeneralPathExpression(SemanticQueryBuilder.java:1884)
	at org.hibernate.grammars.hql.HqlParser$GeneralPathExpressionContext.accept(HqlParser.java:7882)
	at org.antlr.v4.runtime.tree.AbstractParseTreeVisitor.visitChildren(AbstractParseTreeVisitor.java:46)
	at org.hibernate.grammars.hql.HqlParserBaseVisitor.visitBarePrimaryExpression(HqlParserBaseVisitor.java:749)
	at org.hibernate.grammars.hql.HqlParser$BarePrimaryExpressionContext.accept(HqlParser.java:7331)
	at org.antlr.v4.runtime.tree.AbstractParseTreeVisitor.visitChildren(AbstractParseTreeVisitor.java:46)
	at org.hibernate.grammars.hql.HqlParserBaseVisitor.visitExpressionOrPredicate(HqlParserBaseVisitor.java:882)
	at org.hibernate.grammars.hql.HqlParser$ExpressionOrPredicateContext.accept(HqlParser.java:8114)
	at org.antlr.v4.runtime.tree.AbstractParseTreeVisitor.visitChildren(AbstractParseTreeVisitor.java:46)
	at org.hibernate.grammars.hql.HqlParserBaseVisitor.visitInstantiationArgumentExpression(HqlParserBaseVisitor.java:385)
	at org.hibernate.grammars.hql.HqlParser$InstantiationArgumentExpressionContext.accept(HqlParser.java:4228)
	at org.hibernate.query.hql.internal.SemanticQueryBuilder.visitInstantiationArgument(SemanticQueryBuilder.java:1529)
	at org.hibernate.query.hql.internal.SemanticQueryBuilder.visitInstantiation(SemanticQueryBuilder.java:1495)
	at org.hibernate.query.hql.internal.SemanticQueryBuilder.visitInstantiation(SemanticQueryBuilder.java:278)
	at org.hibernate.grammars.hql.HqlParser$InstantiationContext.accept(HqlParser.java:3977)
	at org.hibernate.query.hql.internal.SemanticQueryBuilder.visitSelectableNode(SemanticQueryBuilder.java:1451)
	at org.hibernate.query.hql.internal.SemanticQueryBuilder.visitSelection(SemanticQueryBuilder.java:1405)
	at org.hibernate.query.hql.internal.SemanticQueryBuilder.visitSelectClause(SemanticQueryBuilder.java:1398)
	at org.hibernate.query.hql.internal.SemanticQueryBuilder.visitQuery(SemanticQueryBuilder.java:1247)
	at org.hibernate.query.hql.internal.SemanticQueryBuilder.visitQuerySpecExpression(SemanticQueryBuilder.java:1029)
	at org.hibernate.query.hql.internal.SemanticQueryBuilder.visitQuerySpecExpression(SemanticQueryBuilder.java:278)
	at org.hibernate.grammars.hql.HqlParser$QuerySpecExpressionContext.accept(HqlParser.java:2077)
	at org.hibernate.query.hql.internal.SemanticQueryBuilder.visitQueryExpression(SemanticQueryBuilder.java:1063)
	at org.hibernate.query.hql.internal.SemanticQueryBuilder.visitQueryExpression(SemanticQueryBuilder.java:278)
	at org.hibernate.grammars.hql.HqlParser$QueryExpressionContext.accept(HqlParser.java:1973)
	at org.hibernate.query.hql.internal.SemanticQueryBuilder.visitSelectStatement(SemanticQueryBuilder.java:493)
	at org.hibernate.query.hql.internal.SemanticQueryBuilder.visitStatement(SemanticQueryBuilder.java:452)
	at org.hibernate.query.hql.internal.SemanticQueryBuilder.buildSemanticModel(SemanticQueryBuilder.java:325)
	at org.hibernate.query.hql.internal.StandardHqlTranslator.translate(StandardHqlTranslator.java:71)
	... 77 common frames omitted

2026-06-01 04:28:05.526  INFO 24624 --- [restartedMain] com.sisol.salud.SisolSaludApplication    : Starting SisolSaludApplication using Java 21.0.10 with PID 24624 (C:\Users\fabri\OneDrive\Desktop\Repositorios\Proyecto-Integrador\target\classes started by fabri in C:\Users\fabri\OneDrive\Desktop\Repositorios\Proyecto-Integrador)
2026-06-01 04:28:05.526 DEBUG 24624 --- [restartedMain] com.sisol.salud.SisolSaludApplication    : Running with Spring Boot v3.5.9, Spring v6.2.15
2026-06-01 04:28:05.526  INFO 24624 --- [restartedMain] com.sisol.salud.SisolSaludApplication    : No active profile set, falling back to 1 default profile: "default"
2026-06-01 04:28:05.682  INFO 24624 --- [restartedMain] .s.d.r.c.RepositoryConfigurationDelegate : Bootstrapping Spring Data JPA repositories in DEFAULT mode.
2026-06-01 04:28:05.700  INFO 24624 --- [restartedMain] .s.d.r.c.RepositoryConfigurationDelegate : Finished Spring Data repository scanning in 16 ms. Found 8 JPA repository interfaces.
2026-06-01 04:28:05.744  INFO 24624 --- [restartedMain] o.s.b.w.embedded.tomcat.TomcatWebServer  : Tomcat initialized with port 8080 (http)
2026-06-01 04:28:05.745  INFO 24624 --- [restartedMain] o.apache.catalina.core.StandardService   : Starting service [Tomcat]
2026-06-01 04:28:05.745  INFO 24624 --- [restartedMain] o.apache.catalina.core.StandardEngine    : Starting Servlet engine: [Apache Tomcat/10.1.50]
2026-06-01 04:28:05.759  INFO 24624 --- [restartedMain] o.a.c.c.C.[Tomcat-8].[localhost].[/]     : Initializing Spring embedded WebApplicationContext
2026-06-01 04:28:05.760  INFO 24624 --- [restartedMain] w.s.c.ServletWebServerApplicationContext : Root WebApplicationContext: initialization completed in 233 ms
2026-06-01 04:28:05.778  INFO 24624 --- [restartedMain] o.hibernate.jpa.internal.util.LogHelper  : HHH000204: Processing PersistenceUnitInfo [name: default]
2026-06-01 04:28:05.782  INFO 24624 --- [restartedMain] o.h.c.internal.RegionFactoryInitiator    : HHH000026: Second-level cache disabled
2026-06-01 04:28:05.785  INFO 24624 --- [restartedMain] o.h.e.boot.internal.EnversServiceImpl    : Envers integration enabled? : true
2026-06-01 04:28:05.787  INFO 24624 --- [restartedMain] o.s.o.j.p.SpringPersistenceUnitInfo      : No LoadTimeWeaver setup: ignoring JPA class transformer
2026-06-01 04:28:05.788  INFO 24624 --- [restartedMain] com.zaxxer.hikari.HikariDataSource       : HikariPool-14 - Starting...
2026-06-01 04:28:05.791  INFO 24624 --- [restartedMain] com.zaxxer.hikari.pool.HikariPool        : HikariPool-14 - Added connection com.mysql.cj.jdbc.ConnectionImpl@503de912
2026-06-01 04:28:05.791  INFO 24624 --- [restartedMain] com.zaxxer.hikari.HikariDataSource       : HikariPool-14 - Start completed.
2026-06-01 04:28:05.792  WARN 24624 --- [restartedMain] org.hibernate.orm.deprecation            : HHH90000025: MySQLDialect does not need to be specified explicitly using 'hibernate.dialect' (remove the property setting and it will be selected by default)
2026-06-01 04:28:05.792  INFO 24624 --- [restartedMain] org.hibernate.orm.connections.pooling    : HHH10001005: Database info:
	Database JDBC URL [Connecting through datasource 'HikariDataSource (HikariPool-14)']
	Database driver: undefined/unknown
	Database version: 8.0.45
	Autocommit mode: undefined/unknown
	Isolation level: undefined/unknown
	Minimum pool size: undefined/unknown
	Maximum pool size: undefined/unknown
2026-06-01 04:28:05.811  INFO 24624 --- [restartedMain] o.h.e.c.i.m.AuditMetadataGenerator       : Adding properties for entity: com.sisol.salud.model.entity.Cita
2026-06-01 04:28:05.811  INFO 24624 --- [restartedMain] o.h.e.c.i.m.AuditMetadataGenerator       : Adding properties for entity: com.sisol.salud.model.entity.Paciente
2026-06-01 04:28:05.811  INFO 24624 --- [restartedMain] o.h.e.c.i.m.AuditMetadataGenerator       : Adding properties for entity: com.sisol.salud.model.entity.Especialidad
2026-06-01 04:28:05.811  INFO 24624 --- [restartedMain] o.h.e.c.i.m.AuditMetadataGenerator       : Adding properties for entity: com.sisol.salud.model.entity.Medico
2026-06-01 04:28:05.811  INFO 24624 --- [restartedMain] o.h.e.c.i.m.AuditMetadataGenerator       : Adding properties for entity: com.sisol.salud.model.entity.Pago
2026-06-01 04:28:05.811  INFO 24624 --- [restartedMain] o.h.e.c.i.m.AuditMetadataGenerator       : Adding properties for entity: com.sisol.salud.model.entity.Usuario
2026-06-01 04:28:05.860  INFO 24624 --- [restartedMain] o.h.e.t.j.p.i.JtaPlatformInitiator       : HHH000489: No JTA platform available (set 'hibernate.transaction.jta.platform' to enable JTA platform integration)
2026-06-01 04:28:05.903  INFO 24624 --- [restartedMain] j.LocalContainerEntityManagerFactoryBean : Initialized JPA EntityManagerFactory for persistence unit 'default'
2026-06-01 04:28:05.922 DEBUG 24624 --- [restartedMain] c.s.s.s.jwt.JwtAuthenticationFilter      : Filter 'jwtAuthenticationFilter' configured for use
2026-06-01 04:28:05.934  INFO 24624 --- [restartedMain] eAuthenticationProviderManagerConfigurer : Global AuthenticationManager configured with AuthenticationProvider bean with name authenticationProvider
2026-06-01 04:28:05.934  WARN 24624 --- [restartedMain] r$InitializeUserDetailsManagerConfigurer : Global AuthenticationManager configured with an AuthenticationProvider bean. UserDetailsService beans will not be used by Spring Security for automatically configuring username/password login. Consider removing the AuthenticationProvider bean. Alternatively, consider using the UserDetailsService in a manually instantiated DaoAuthenticationProvider. If the current configuration is intentional, to turn off this warning, increase the logging level of 'org.springframework.security.config.annotation.authentication.configuration.InitializeUserDetailsBeanManagerConfigurer' to ERROR
2026-06-01 04:28:05.942  WARN 24624 --- [restartedMain] ConfigServletWebServerApplicationContext : Exception encountered during context initialization - cancelling refresh attempt: org.springframework.beans.factory.UnsatisfiedDependencyException: Error creating bean with name 'citaRestController' defined in file [C:\Users\fabri\OneDrive\Desktop\Repositorios\Proyecto-Integrador\target\classes\com\sisol\salud\controller\api\CitaRestController.class]: Unsatisfied dependency expressed through constructor parameter 0: Error creating bean with name 'citaService' defined in file [C:\Users\fabri\OneDrive\Desktop\Repositorios\Proyecto-Integrador\target\classes\com\sisol\salud\service\CitaService.class]: Unsatisfied dependency expressed through constructor parameter 0: Error creating bean with name 'citaRepository' defined in com.sisol.salud.repository.CitaRepository defined in @EnableJpaRepositories declared on JpaRepositoriesRegistrar.EnableJpaRepositoriesConfiguration: Could not create query for public abstract java.util.List com.sisol.salud.repository.CitaRepository.findTopEspecialidades(); Reason: Query 'SELECT new com.sisol.salud.dto.response.TopEspecialidadResponse(c.medico.especialidad.nombre, COUNT(c)) FROM Cita c GROUP BY c.medico.especialidad.nombre ORDER BY COUNT(c) DESC' validation failed for method public abstract java.util.List com.sisol.salud.repository.CitaRepository.findTopEspecialidades()
2026-06-01 04:28:05.942  INFO 24624 --- [restartedMain] j.LocalContainerEntityManagerFactoryBean : Closing JPA EntityManagerFactory for persistence unit 'default'
2026-06-01 04:28:05.948  INFO 24624 --- [restartedMain] com.zaxxer.hikari.HikariDataSource       : HikariPool-14 - Shutdown initiated...
2026-06-01 04:28:05.985  INFO 24624 --- [restartedMain] com.zaxxer.hikari.HikariDataSource       : HikariPool-14 - Shutdown completed.
2026-06-01 04:28:05.985  INFO 24624 --- [restartedMain] o.apache.catalina.core.StandardService   : Stopping service [Tomcat]
2026-06-01 04:28:05.988  INFO 24624 --- [restartedMain] .s.b.a.l.ConditionEvaluationReportLogger : 

Error starting ApplicationContext. To display the condition evaluation report re-run your application with 'debug' enabled.
2026-06-01 04:28:05.990 ERROR 24624 --- [restartedMain] o.s.boot.SpringApplication               : Application run failed

org.springframework.beans.factory.UnsatisfiedDependencyException: Error creating bean with name 'citaRestController' defined in file [C:\Users\fabri\OneDrive\Desktop\Repositorios\Proyecto-Integrador\target\classes\com\sisol\salud\controller\api\CitaRestController.class]: Unsatisfied dependency expressed through constructor parameter 0: Error creating bean with name 'citaService' defined in file [C:\Users\fabri\OneDrive\Desktop\Repositorios\Proyecto-Integrador\target\classes\com\sisol\salud\service\CitaService.class]: Unsatisfied dependency expressed through constructor parameter 0: Error creating bean with name 'citaRepository' defined in com.sisol.salud.repository.CitaRepository defined in @EnableJpaRepositories declared on JpaRepositoriesRegistrar.EnableJpaRepositoriesConfiguration: Could not create query for public abstract java.util.List com.sisol.salud.repository.CitaRepository.findTopEspecialidades(); Reason: Query 'SELECT new com.sisol.salud.dto.response.TopEspecialidadResponse(c.medico.especialidad.nombre, COUNT(c)) FROM Cita c GROUP BY c.medico.especialidad.nombre ORDER BY COUNT(c) DESC' validation failed for method public abstract java.util.List com.sisol.salud.repository.CitaRepository.findTopEspecialidades()
	at org.springframework.beans.factory.support.ConstructorResolver.createArgumentArray(ConstructorResolver.java:804)
	at org.springframework.beans.factory.support.ConstructorResolver.autowireConstructor(ConstructorResolver.java:240)
	at org.springframework.beans.factory.support.AbstractAutowireCapableBeanFactory.autowireConstructor(AbstractAutowireCapableBeanFactory.java:1395)
	at org.springframework.beans.factory.support.AbstractAutowireCapableBeanFactory.createBeanInstance(AbstractAutowireCapableBeanFactory.java:1232)
	at org.springframework.beans.factory.support.AbstractAutowireCapableBeanFactory.doCreateBean(AbstractAutowireCapableBeanFactory.java:569)
	at org.springframework.beans.factory.support.AbstractAutowireCapableBeanFactory.createBean(AbstractAutowireCapableBeanFactory.java:529)
	at org.springframework.beans.factory.support.AbstractBeanFactory.lambda$doGetBean$0(AbstractBeanFactory.java:339)
	at org.springframework.beans.factory.support.DefaultSingletonBeanRegistry.getSingleton(DefaultSingletonBeanRegistry.java:373)
	at org.springframework.beans.factory.support.AbstractBeanFactory.doGetBean(AbstractBeanFactory.java:337)
	at org.springframework.beans.factory.support.AbstractBeanFactory.getBean(AbstractBeanFactory.java:202)
	at org.springframework.beans.factory.support.DefaultListableBeanFactory.instantiateSingleton(DefaultListableBeanFactory.java:1228)
	at org.springframework.beans.factory.support.DefaultListableBeanFactory.preInstantiateSingleton(DefaultListableBeanFactory.java:1194)
	at org.springframework.beans.factory.support.DefaultListableBeanFactory.preInstantiateSingletons(DefaultListableBeanFactory.java:1130)
	at org.springframework.context.support.AbstractApplicationContext.finishBeanFactoryInitialization(AbstractApplicationContext.java:990)
	at org.springframework.context.support.AbstractApplicationContext.refresh(AbstractApplicationContext.java:627)
	at org.springframework.boot.web.servlet.context.ServletWebServerApplicationContext.refresh(ServletWebServerApplicationContext.java:146)
	at org.springframework.boot.SpringApplication.refresh(SpringApplication.java:752)
	at org.springframework.boot.SpringApplication.refreshContext(SpringApplication.java:439)
	at org.springframework.boot.SpringApplication.run(SpringApplication.java:318)
	at org.springframework.boot.SpringApplication.run(SpringApplication.java:1361)
	at org.springframework.boot.SpringApplication.run(SpringApplication.java:1350)
	at com.sisol.salud.SisolSaludApplication.main(SisolSaludApplication.java:12)
	at java.base/jdk.internal.reflect.DirectMethodHandleAccessor.invoke(Unknown Source)
	at java.base/java.lang.reflect.Method.invoke(Unknown Source)
	at org.springframework.boot.devtools.restart.RestartLauncher.run(RestartLauncher.java:50)
Caused by: org.springframework.beans.factory.UnsatisfiedDependencyException: Error creating bean with name 'citaService' defined in file [C:\Users\fabri\OneDrive\Desktop\Repositorios\Proyecto-Integrador\target\classes\com\sisol\salud\service\CitaService.class]: Unsatisfied dependency expressed through constructor parameter 0: Error creating bean with name 'citaRepository' defined in com.sisol.salud.repository.CitaRepository defined in @EnableJpaRepositories declared on JpaRepositoriesRegistrar.EnableJpaRepositoriesConfiguration: Could not create query for public abstract java.util.List com.sisol.salud.repository.CitaRepository.findTopEspecialidades(); Reason: Query 'SELECT new com.sisol.salud.dto.response.TopEspecialidadResponse(c.medico.especialidad.nombre, COUNT(c)) FROM Cita c GROUP BY c.medico.especialidad.nombre ORDER BY COUNT(c) DESC' validation failed for method public abstract java.util.List com.sisol.salud.repository.CitaRepository.findTopEspecialidades()
	at org.springframework.beans.factory.support.ConstructorResolver.createArgumentArray(ConstructorResolver.java:804)
	at org.springframework.beans.factory.support.ConstructorResolver.autowireConstructor(ConstructorResolver.java:240)
	at org.springframework.beans.factory.support.AbstractAutowireCapableBeanFactory.autowireConstructor(AbstractAutowireCapableBeanFactory.java:1395)
	at org.springframework.beans.factory.support.AbstractAutowireCapableBeanFactory.createBeanInstance(AbstractAutowireCapableBeanFactory.java:1232)
	at org.springframework.beans.factory.support.AbstractAutowireCapableBeanFactory.doCreateBean(AbstractAutowireCapableBeanFactory.java:569)
	at org.springframework.beans.factory.support.AbstractAutowireCapableBeanFactory.createBean(AbstractAutowireCapableBeanFactory.java:529)
	at org.springframework.beans.factory.support.AbstractBeanFactory.lambda$doGetBean$0(AbstractBeanFactory.java:339)
	at org.springframework.beans.factory.support.DefaultSingletonBeanRegistry.getSingleton(DefaultSingletonBeanRegistry.java:373)
	at org.springframework.beans.factory.support.AbstractBeanFactory.doGetBean(AbstractBeanFactory.java:337)
	at org.springframework.beans.factory.support.AbstractBeanFactory.getBean(AbstractBeanFactory.java:202)
	at org.springframework.beans.factory.support.DefaultListableBeanFactory.doResolveDependency(DefaultListableBeanFactory.java:1708)
	at org.springframework.beans.factory.support.DefaultListableBeanFactory.resolveDependency(DefaultListableBeanFactory.java:1653)
	at org.springframework.beans.factory.support.ConstructorResolver.resolveAutowiredArgument(ConstructorResolver.java:913)
	at org.springframework.beans.factory.support.ConstructorResolver.createArgumentArray(ConstructorResolver.java:791)
	... 24 common frames omitted
Caused by: org.springframework.beans.factory.BeanCreationException: Error creating bean with name 'citaRepository' defined in com.sisol.salud.repository.CitaRepository defined in @EnableJpaRepositories declared on JpaRepositoriesRegistrar.EnableJpaRepositoriesConfiguration: Could not create query for public abstract java.util.List com.sisol.salud.repository.CitaRepository.findTopEspecialidades(); Reason: Query 'SELECT new com.sisol.salud.dto.response.TopEspecialidadResponse(c.medico.especialidad.nombre, COUNT(c)) FROM Cita c GROUP BY c.medico.especialidad.nombre ORDER BY COUNT(c) DESC' validation failed for method public abstract java.util.List com.sisol.salud.repository.CitaRepository.findTopEspecialidades()
	at org.springframework.beans.factory.support.AbstractAutowireCapableBeanFactory.initializeBean(AbstractAutowireCapableBeanFactory.java:1826)
	at org.springframework.beans.factory.support.AbstractAutowireCapableBeanFactory.doCreateBean(AbstractAutowireCapableBeanFactory.java:607)
	at org.springframework.beans.factory.support.AbstractAutowireCapableBeanFactory.createBean(AbstractAutowireCapableBeanFactory.java:529)
	at org.springframework.beans.factory.support.AbstractBeanFactory.lambda$doGetBean$0(AbstractBeanFactory.java:339)
	at org.springframework.beans.factory.support.DefaultSingletonBeanRegistry.getSingleton(DefaultSingletonBeanRegistry.java:373)
	at org.springframework.beans.factory.support.AbstractBeanFactory.doGetBean(AbstractBeanFactory.java:337)
	at org.springframework.beans.factory.support.AbstractBeanFactory.getBean(AbstractBeanFactory.java:202)
	at org.springframework.beans.factory.support.DefaultListableBeanFactory.doResolveDependency(DefaultListableBeanFactory.java:1708)
	at org.springframework.beans.factory.support.DefaultListableBeanFactory.resolveDependency(DefaultListableBeanFactory.java:1653)
	at org.springframework.beans.factory.support.ConstructorResolver.resolveAutowiredArgument(ConstructorResolver.java:913)
	at org.springframework.beans.factory.support.ConstructorResolver.createArgumentArray(ConstructorResolver.java:791)
	... 37 common frames omitted
Caused by: org.springframework.data.repository.query.QueryCreationException: Could not create query for public abstract java.util.List com.sisol.salud.repository.CitaRepository.findTopEspecialidades(); Reason: Query 'SELECT new com.sisol.salud.dto.response.TopEspecialidadResponse(c.medico.especialidad.nombre, COUNT(c)) FROM Cita c GROUP BY c.medico.especialidad.nombre ORDER BY COUNT(c) DESC' validation failed for method public abstract java.util.List com.sisol.salud.repository.CitaRepository.findTopEspecialidades()
	at org.springframework.data.repository.query.QueryCreationException.create(QueryCreationException.java:101)
	at org.springframework.data.repository.core.support.QueryExecutorMethodInterceptor.lookupQuery(QueryExecutorMethodInterceptor.java:120)
	at org.springframework.data.repository.core.support.QueryExecutorMethodInterceptor.mapMethodsToQuery(QueryExecutorMethodInterceptor.java:104)
	at org.springframework.data.repository.core.support.QueryExecutorMethodInterceptor.lambda$new$0(QueryExecutorMethodInterceptor.java:92)
	at java.base/java.util.Optional.map(Unknown Source)
	at org.springframework.data.repository.core.support.QueryExecutorMethodInterceptor.<init>(QueryExecutorMethodInterceptor.java:92)
	at org.springframework.data.repository.core.support.RepositoryFactorySupport.getRepository(RepositoryFactorySupport.java:434)
	at org.springframework.data.repository.core.support.RepositoryFactoryBeanSupport.lambda$afterPropertiesSet$4(RepositoryFactoryBeanSupport.java:355)
	at org.springframework.data.util.Lazy.getNullable(Lazy.java:135)
	at org.springframework.data.util.Lazy.get(Lazy.java:113)
	at org.springframework.data.repository.core.support.RepositoryFactoryBeanSupport.afterPropertiesSet(RepositoryFactoryBeanSupport.java:361)
	at org.springframework.data.jpa.repository.support.JpaRepositoryFactoryBean.afterPropertiesSet(JpaRepositoryFactoryBean.java:132)
	at org.springframework.beans.factory.support.AbstractAutowireCapableBeanFactory.invokeInitMethods(AbstractAutowireCapableBeanFactory.java:1873)
	at org.springframework.beans.factory.support.AbstractAutowireCapableBeanFactory.initializeBean(AbstractAutowireCapableBeanFactory.java:1822)
	... 47 common frames omitted
Caused by: java.lang.IllegalArgumentException: Query 'SELECT new com.sisol.salud.dto.response.TopEspecialidadResponse(c.medico.especialidad.nombre, COUNT(c)) FROM Cita c GROUP BY c.medico.especialidad.nombre ORDER BY COUNT(c) DESC' validation failed for method public abstract java.util.List com.sisol.salud.repository.CitaRepository.findTopEspecialidades()
	at org.springframework.data.jpa.repository.query.SimpleJpaQuery.validateQuery(SimpleJpaQuery.java:93)
	at org.springframework.data.jpa.repository.query.SimpleJpaQuery.<init>(SimpleJpaQuery.java:67)
	at org.springframework.data.jpa.repository.query.JpaQueryFactory.fromMethodWithQueryString(JpaQueryFactory.java:49)
	at org.springframework.data.jpa.repository.query.JpaQueryLookupStrategy$DeclaredQueryLookupStrategy.resolveQuery(JpaQueryLookupStrategy.java:174)
	at org.springframework.data.jpa.repository.query.JpaQueryLookupStrategy$CreateIfNotFoundQueryLookupStrategy.resolveQuery(JpaQueryLookupStrategy.java:254)
	at org.springframework.data.jpa.repository.query.JpaQueryLookupStrategy$AbstractQueryLookupStrategy.resolveQuery(JpaQueryLookupStrategy.java:99)
	at org.springframework.data.repository.core.support.QueryExecutorMethodInterceptor.lookupQuery(QueryExecutorMethodInterceptor.java:116)
	... 59 common frames omitted
Caused by: java.lang.IllegalArgumentException: org.hibernate.query.sqm.UnknownPathException: Could not resolve attribute 'especialidad' of 'com.sisol.salud.model.entity.Medico' [SELECT new com.sisol.salud.dto.response.TopEspecialidadResponse(c.medico.especialidad.nombre, COUNT(c)) FROM Cita c GROUP BY c.medico.especialidad.nombre ORDER BY COUNT(c) DESC]
	at org.hibernate.internal.ExceptionConverterImpl.convert(ExceptionConverterImpl.java:143)
	at org.hibernate.internal.ExceptionConverterImpl.convert(ExceptionConverterImpl.java:167)
	at org.hibernate.internal.ExceptionConverterImpl.convert(ExceptionConverterImpl.java:173)
	at org.hibernate.internal.AbstractSharedSessionContract.createQuery(AbstractSharedSessionContract.java:886)
	at org.hibernate.internal.AbstractSharedSessionContract.createQuery(AbstractSharedSessionContract.java:796)
	at org.hibernate.internal.AbstractSharedSessionContract.createQuery(AbstractSharedSessionContract.java:143)
	at java.base/jdk.internal.reflect.DirectMethodHandleAccessor.invoke(Unknown Source)
	at java.base/java.lang.reflect.Method.invoke(Unknown Source)
	at org.springframework.orm.jpa.ExtendedEntityManagerCreator$ExtendedEntityManagerInvocationHandler.invoke(ExtendedEntityManagerCreator.java:364)
	at jdk.proxy30/jdk.proxy30.$Proxy329.createQuery(Unknown Source)
	at org.springframework.data.jpa.repository.query.SimpleJpaQuery.validateQuery(SimpleJpaQuery.java:88)
	... 65 common frames omitted
Caused by: org.hibernate.query.sqm.UnknownPathException: Could not resolve attribute 'especialidad' of 'com.sisol.salud.model.entity.Medico' [SELECT new com.sisol.salud.dto.response.TopEspecialidadResponse(c.medico.especialidad.nombre, COUNT(c)) FROM Cita c GROUP BY c.medico.especialidad.nombre ORDER BY COUNT(c) DESC]
	at org.hibernate.query.hql.internal.StandardHqlTranslator.translate(StandardHqlTranslator.java:88)
	at org.hibernate.query.internal.QueryInterpretationCacheStandardImpl.createHqlInterpretation(QueryInterpretationCacheStandardImpl.java:145)
	at org.hibernate.query.internal.QueryInterpretationCacheStandardImpl.resolveHqlInterpretation(QueryInterpretationCacheStandardImpl.java:132)
	at org.hibernate.query.spi.QueryEngine.interpretHql(QueryEngine.java:54)
	at org.hibernate.internal.AbstractSharedSessionContract.interpretHql(AbstractSharedSessionContract.java:832)
	at org.hibernate.internal.AbstractSharedSessionContract.createQuery(AbstractSharedSessionContract.java:878)
	... 72 common frames omitted
Caused by: org.hibernate.query.sqm.PathElementException: Could not resolve attribute 'especialidad' of 'com.sisol.salud.model.entity.Medico'
	at org.hibernate.query.sqm.SqmPathSource.getSubPathSource(SqmPathSource.java:95)
	at org.hibernate.query.sqm.tree.domain.AbstractSqmPath.get(AbstractSqmPath.java:199)
	at org.hibernate.query.sqm.tree.domain.SqmEntityValuedSimplePath.resolvePathPart(SqmEntityValuedSimplePath.java:56)
	at org.hibernate.query.hql.internal.DomainPathPart.resolvePathPart(DomainPathPart.java:42)
	at org.hibernate.query.hql.internal.BasicDotIdentifierConsumer.consumeIdentifier(BasicDotIdentifierConsumer.java:92)
	at org.hibernate.query.hql.internal.SemanticQueryBuilder.visitSimplePath(SemanticQueryBuilder.java:5432)
	at org.hibernate.query.hql.internal.SemanticQueryBuilder.visitGeneralPathFragment(SemanticQueryBuilder.java:5292)
	at org.hibernate.query.hql.internal.SemanticQueryBuilder.visitGeneralPathExpression(SemanticQueryBuilder.java:1884)
	at org.hibernate.grammars.hql.HqlParser$GeneralPathExpressionContext.accept(HqlParser.java:7882)
	at org.antlr.v4.runtime.tree.AbstractParseTreeVisitor.visitChildren(AbstractParseTreeVisitor.java:46)
	at org.hibernate.grammars.hql.HqlParserBaseVisitor.visitBarePrimaryExpression(HqlParserBaseVisitor.java:749)
	at org.hibernate.grammars.hql.HqlParser$BarePrimaryExpressionContext.accept(HqlParser.java:7331)
	at org.antlr.v4.runtime.tree.AbstractParseTreeVisitor.visitChildren(AbstractParseTreeVisitor.java:46)
	at org.hibernate.grammars.hql.HqlParserBaseVisitor.visitExpressionOrPredicate(HqlParserBaseVisitor.java:882)
	at org.hibernate.grammars.hql.HqlParser$ExpressionOrPredicateContext.accept(HqlParser.java:8114)
	at org.antlr.v4.runtime.tree.AbstractParseTreeVisitor.visitChildren(AbstractParseTreeVisitor.java:46)
	at org.hibernate.grammars.hql.HqlParserBaseVisitor.visitInstantiationArgumentExpression(HqlParserBaseVisitor.java:385)
	at org.hibernate.grammars.hql.HqlParser$InstantiationArgumentExpressionContext.accept(HqlParser.java:4228)
	at org.hibernate.query.hql.internal.SemanticQueryBuilder.visitInstantiationArgument(SemanticQueryBuilder.java:1529)
	at org.hibernate.query.hql.internal.SemanticQueryBuilder.visitInstantiation(SemanticQueryBuilder.java:1495)
	at org.hibernate.query.hql.internal.SemanticQueryBuilder.visitInstantiation(SemanticQueryBuilder.java:278)
	at org.hibernate.grammars.hql.HqlParser$InstantiationContext.accept(HqlParser.java:3977)
	at org.hibernate.query.hql.internal.SemanticQueryBuilder.visitSelectableNode(SemanticQueryBuilder.java:1451)
	at org.hibernate.query.hql.internal.SemanticQueryBuilder.visitSelection(SemanticQueryBuilder.java:1405)
	at org.hibernate.query.hql.internal.SemanticQueryBuilder.visitSelectClause(SemanticQueryBuilder.java:1398)
	at org.hibernate.query.hql.internal.SemanticQueryBuilder.visitQuery(SemanticQueryBuilder.java:1247)
	at org.hibernate.query.hql.internal.SemanticQueryBuilder.visitQuerySpecExpression(SemanticQueryBuilder.java:1029)
	at org.hibernate.query.hql.internal.SemanticQueryBuilder.visitQuerySpecExpression(SemanticQueryBuilder.java:278)
	at org.hibernate.grammars.hql.HqlParser$QuerySpecExpressionContext.accept(HqlParser.java:2077)
	at org.hibernate.query.hql.internal.SemanticQueryBuilder.visitQueryExpression(SemanticQueryBuilder.java:1063)
	at org.hibernate.query.hql.internal.SemanticQueryBuilder.visitQueryExpression(SemanticQueryBuilder.java:278)
	at org.hibernate.grammars.hql.HqlParser$QueryExpressionContext.accept(HqlParser.java:1973)
	at org.hibernate.query.hql.internal.SemanticQueryBuilder.visitSelectStatement(SemanticQueryBuilder.java:493)
	at org.hibernate.query.hql.internal.SemanticQueryBuilder.visitStatement(SemanticQueryBuilder.java:452)
	at org.hibernate.query.hql.internal.SemanticQueryBuilder.buildSemanticModel(SemanticQueryBuilder.java:325)
	at org.hibernate.query.hql.internal.StandardHqlTranslator.translate(StandardHqlTranslator.java:71)
	... 77 common frames omitted

2026-06-01 04:28:10.584  INFO 24624 --- [restartedMain] com.sisol.salud.SisolSaludApplication    : Starting SisolSaludApplication using Java 21.0.10 with PID 24624 (C:\Users\fabri\OneDrive\Desktop\Repositorios\Proyecto-Integrador\target\classes started by fabri in C:\Users\fabri\OneDrive\Desktop\Repositorios\Proyecto-Integrador)
2026-06-01 04:28:10.584 DEBUG 24624 --- [restartedMain] com.sisol.salud.SisolSaludApplication    : Running with Spring Boot v3.5.9, Spring v6.2.15
2026-06-01 04:28:10.584  INFO 24624 --- [restartedMain] com.sisol.salud.SisolSaludApplication    : No active profile set, falling back to 1 default profile: "default"
2026-06-01 04:28:10.738  INFO 24624 --- [restartedMain] .s.d.r.c.RepositoryConfigurationDelegate : Bootstrapping Spring Data JPA repositories in DEFAULT mode.
2026-06-01 04:28:10.752  INFO 24624 --- [restartedMain] .s.d.r.c.RepositoryConfigurationDelegate : Finished Spring Data repository scanning in 13 ms. Found 8 JPA repository interfaces.
2026-06-01 04:28:10.789  INFO 24624 --- [restartedMain] o.s.b.w.embedded.tomcat.TomcatWebServer  : Tomcat initialized with port 8080 (http)
2026-06-01 04:28:10.790  INFO 24624 --- [restartedMain] o.apache.catalina.core.StandardService   : Starting service [Tomcat]
2026-06-01 04:28:10.790  INFO 24624 --- [restartedMain] o.apache.catalina.core.StandardEngine    : Starting Servlet engine: [Apache Tomcat/10.1.50]
2026-06-01 04:28:10.804  INFO 24624 --- [restartedMain] o.a.c.c.C.[Tomcat-9].[localhost].[/]     : Initializing Spring embedded WebApplicationContext
2026-06-01 04:28:10.804  INFO 24624 --- [restartedMain] w.s.c.ServletWebServerApplicationContext : Root WebApplicationContext: initialization completed in 218 ms
2026-06-01 04:28:10.833  INFO 24624 --- [restartedMain] o.hibernate.jpa.internal.util.LogHelper  : HHH000204: Processing PersistenceUnitInfo [name: default]
2026-06-01 04:28:10.838  INFO 24624 --- [restartedMain] o.h.c.internal.RegionFactoryInitiator    : HHH000026: Second-level cache disabled
2026-06-01 04:28:10.840  INFO 24624 --- [restartedMain] o.h.e.boot.internal.EnversServiceImpl    : Envers integration enabled? : true
2026-06-01 04:28:10.852  INFO 24624 --- [restartedMain] o.s.o.j.p.SpringPersistenceUnitInfo      : No LoadTimeWeaver setup: ignoring JPA class transformer
2026-06-01 04:28:10.853  INFO 24624 --- [restartedMain] com.zaxxer.hikari.HikariDataSource       : HikariPool-15 - Starting...
2026-06-01 04:28:10.856  INFO 24624 --- [restartedMain] com.zaxxer.hikari.pool.HikariPool        : HikariPool-15 - Added connection com.mysql.cj.jdbc.ConnectionImpl@5978b413
2026-06-01 04:28:10.856  INFO 24624 --- [restartedMain] com.zaxxer.hikari.HikariDataSource       : HikariPool-15 - Start completed.
2026-06-01 04:28:10.858  WARN 24624 --- [restartedMain] org.hibernate.orm.deprecation            : HHH90000025: MySQLDialect does not need to be specified explicitly using 'hibernate.dialect' (remove the property setting and it will be selected by default)
2026-06-01 04:28:10.858  INFO 24624 --- [restartedMain] org.hibernate.orm.connections.pooling    : HHH10001005: Database info:
	Database JDBC URL [Connecting through datasource 'HikariDataSource (HikariPool-15)']
	Database driver: undefined/unknown
	Database version: 8.0.45
	Autocommit mode: undefined/unknown
	Isolation level: undefined/unknown
	Minimum pool size: undefined/unknown
	Maximum pool size: undefined/unknown
2026-06-01 04:28:10.875  INFO 24624 --- [restartedMain] o.h.e.c.i.m.AuditMetadataGenerator       : Adding properties for entity: com.sisol.salud.model.entity.Cita
2026-06-01 04:28:10.876  INFO 24624 --- [restartedMain] o.h.e.c.i.m.AuditMetadataGenerator       : Adding properties for entity: com.sisol.salud.model.entity.Paciente
2026-06-01 04:28:10.876  INFO 24624 --- [restartedMain] o.h.e.c.i.m.AuditMetadataGenerator       : Adding properties for entity: com.sisol.salud.model.entity.Especialidad
2026-06-01 04:28:10.876  INFO 24624 --- [restartedMain] o.h.e.c.i.m.AuditMetadataGenerator       : Adding properties for entity: com.sisol.salud.model.entity.Medico
2026-06-01 04:28:10.876  INFO 24624 --- [restartedMain] o.h.e.c.i.m.AuditMetadataGenerator       : Adding properties for entity: com.sisol.salud.model.entity.Pago
2026-06-01 04:28:10.876  INFO 24624 --- [restartedMain] o.h.e.c.i.m.AuditMetadataGenerator       : Adding properties for entity: com.sisol.salud.model.entity.Usuario
2026-06-01 04:28:10.930  INFO 24624 --- [restartedMain] o.h.e.t.j.p.i.JtaPlatformInitiator       : HHH000489: No JTA platform available (set 'hibernate.transaction.jta.platform' to enable JTA platform integration)
2026-06-01 04:28:10.964  INFO 24624 --- [restartedMain] j.LocalContainerEntityManagerFactoryBean : Initialized JPA EntityManagerFactory for persistence unit 'default'
2026-06-01 04:28:10.985 DEBUG 24624 --- [restartedMain] c.s.s.s.jwt.JwtAuthenticationFilter      : Filter 'jwtAuthenticationFilter' configured for use
2026-06-01 04:28:10.997  INFO 24624 --- [restartedMain] eAuthenticationProviderManagerConfigurer : Global AuthenticationManager configured with AuthenticationProvider bean with name authenticationProvider
2026-06-01 04:28:10.997  WARN 24624 --- [restartedMain] r$InitializeUserDetailsManagerConfigurer : Global AuthenticationManager configured with an AuthenticationProvider bean. UserDetailsService beans will not be used by Spring Security for automatically configuring username/password login. Consider removing the AuthenticationProvider bean. Alternatively, consider using the UserDetailsService in a manually instantiated DaoAuthenticationProvider. If the current configuration is intentional, to turn off this warning, increase the logging level of 'org.springframework.security.config.annotation.authentication.configuration.InitializeUserDetailsBeanManagerConfigurer' to ERROR
2026-06-01 04:28:11.011  WARN 24624 --- [restartedMain] ConfigServletWebServerApplicationContext : Exception encountered during context initialization - cancelling refresh attempt: org.springframework.beans.factory.UnsatisfiedDependencyException: Error creating bean with name 'citaRestController' defined in file [C:\Users\fabri\OneDrive\Desktop\Repositorios\Proyecto-Integrador\target\classes\com\sisol\salud\controller\api\CitaRestController.class]: Unsatisfied dependency expressed through constructor parameter 0: Error creating bean with name 'citaService' defined in file [C:\Users\fabri\OneDrive\Desktop\Repositorios\Proyecto-Integrador\target\classes\com\sisol\salud\service\CitaService.class]: Unsatisfied dependency expressed through constructor parameter 0: Error creating bean with name 'citaRepository' defined in com.sisol.salud.repository.CitaRepository defined in @EnableJpaRepositories declared on JpaRepositoriesRegistrar.EnableJpaRepositoriesConfiguration: Could not create query for public abstract java.util.List com.sisol.salud.repository.CitaRepository.findTopEspecialidades(); Reason: Query 'SELECT new com.sisol.salud.dto.response.TopEspecialidadResponse(c.medico.especialidad.nombre, COUNT(c)) FROM Cita c GROUP BY c.medico.especialidad.nombre ORDER BY COUNT(c) DESC' validation failed for method public abstract java.util.List com.sisol.salud.repository.CitaRepository.findTopEspecialidades()
2026-06-01 04:28:11.011  INFO 24624 --- [restartedMain] j.LocalContainerEntityManagerFactoryBean : Closing JPA EntityManagerFactory for persistence unit 'default'
2026-06-01 04:28:11.011  INFO 24624 --- [restartedMain] com.zaxxer.hikari.HikariDataSource       : HikariPool-15 - Shutdown initiated...
2026-06-01 04:28:11.052  INFO 24624 --- [restartedMain] com.zaxxer.hikari.HikariDataSource       : HikariPool-15 - Shutdown completed.
2026-06-01 04:28:11.052  INFO 24624 --- [restartedMain] o.apache.catalina.core.StandardService   : Stopping service [Tomcat]
2026-06-01 04:28:11.058  INFO 24624 --- [restartedMain] .s.b.a.l.ConditionEvaluationReportLogger : 

Error starting ApplicationContext. To display the condition evaluation report re-run your application with 'debug' enabled.
2026-06-01 04:28:11.060 ERROR 24624 --- [restartedMain] o.s.boot.SpringApplication               : Application run failed

org.springframework.beans.factory.UnsatisfiedDependencyException: Error creating bean with name 'citaRestController' defined in file [C:\Users\fabri\OneDrive\Desktop\Repositorios\Proyecto-Integrador\target\classes\com\sisol\salud\controller\api\CitaRestController.class]: Unsatisfied dependency expressed through constructor parameter 0: Error creating bean with name 'citaService' defined in file [C:\Users\fabri\OneDrive\Desktop\Repositorios\Proyecto-Integrador\target\classes\com\sisol\salud\service\CitaService.class]: Unsatisfied dependency expressed through constructor parameter 0: Error creating bean with name 'citaRepository' defined in com.sisol.salud.repository.CitaRepository defined in @EnableJpaRepositories declared on JpaRepositoriesRegistrar.EnableJpaRepositoriesConfiguration: Could not create query for public abstract java.util.List com.sisol.salud.repository.CitaRepository.findTopEspecialidades(); Reason: Query 'SELECT new com.sisol.salud.dto.response.TopEspecialidadResponse(c.medico.especialidad.nombre, COUNT(c)) FROM Cita c GROUP BY c.medico.especialidad.nombre ORDER BY COUNT(c) DESC' validation failed for method public abstract java.util.List com.sisol.salud.repository.CitaRepository.findTopEspecialidades()
	at org.springframework.beans.factory.support.ConstructorResolver.createArgumentArray(ConstructorResolver.java:804)
	at org.springframework.beans.factory.support.ConstructorResolver.autowireConstructor(ConstructorResolver.java:240)
	at org.springframework.beans.factory.support.AbstractAutowireCapableBeanFactory.autowireConstructor(AbstractAutowireCapableBeanFactory.java:1395)
	at org.springframework.beans.factory.support.AbstractAutowireCapableBeanFactory.createBeanInstance(AbstractAutowireCapableBeanFactory.java:1232)
	at org.springframework.beans.factory.support.AbstractAutowireCapableBeanFactory.doCreateBean(AbstractAutowireCapableBeanFactory.java:569)
	at org.springframework.beans.factory.support.AbstractAutowireCapableBeanFactory.createBean(AbstractAutowireCapableBeanFactory.java:529)
	at org.springframework.beans.factory.support.AbstractBeanFactory.lambda$doGetBean$0(AbstractBeanFactory.java:339)
	at org.springframework.beans.factory.support.DefaultSingletonBeanRegistry.getSingleton(DefaultSingletonBeanRegistry.java:373)
	at org.springframework.beans.factory.support.AbstractBeanFactory.doGetBean(AbstractBeanFactory.java:337)
	at org.springframework.beans.factory.support.AbstractBeanFactory.getBean(AbstractBeanFactory.java:202)
	at org.springframework.beans.factory.support.DefaultListableBeanFactory.instantiateSingleton(DefaultListableBeanFactory.java:1228)
	at org.springframework.beans.factory.support.DefaultListableBeanFactory.preInstantiateSingleton(DefaultListableBeanFactory.java:1194)
	at org.springframework.beans.factory.support.DefaultListableBeanFactory.preInstantiateSingletons(DefaultListableBeanFactory.java:1130)
	at org.springframework.context.support.AbstractApplicationContext.finishBeanFactoryInitialization(AbstractApplicationContext.java:990)
	at org.springframework.context.support.AbstractApplicationContext.refresh(AbstractApplicationContext.java:627)
	at org.springframework.boot.web.servlet.context.ServletWebServerApplicationContext.refresh(ServletWebServerApplicationContext.java:146)
	at org.springframework.boot.SpringApplication.refresh(SpringApplication.java:752)
	at org.springframework.boot.SpringApplication.refreshContext(SpringApplication.java:439)
	at org.springframework.boot.SpringApplication.run(SpringApplication.java:318)
	at org.springframework.boot.SpringApplication.run(SpringApplication.java:1361)
	at org.springframework.boot.SpringApplication.run(SpringApplication.java:1350)
	at com.sisol.salud.SisolSaludApplication.main(SisolSaludApplication.java:12)
	at java.base/jdk.internal.reflect.DirectMethodHandleAccessor.invoke(Unknown Source)
	at java.base/java.lang.reflect.Method.invoke(Unknown Source)
	at org.springframework.boot.devtools.restart.RestartLauncher.run(RestartLauncher.java:50)
Caused by: org.springframework.beans.factory.UnsatisfiedDependencyException: Error creating bean with name 'citaService' defined in file [C:\Users\fabri\OneDrive\Desktop\Repositorios\Proyecto-Integrador\target\classes\com\sisol\salud\service\CitaService.class]: Unsatisfied dependency expressed through constructor parameter 0: Error creating bean with name 'citaRepository' defined in com.sisol.salud.repository.CitaRepository defined in @EnableJpaRepositories declared on JpaRepositoriesRegistrar.EnableJpaRepositoriesConfiguration: Could not create query for public abstract java.util.List com.sisol.salud.repository.CitaRepository.findTopEspecialidades(); Reason: Query 'SELECT new com.sisol.salud.dto.response.TopEspecialidadResponse(c.medico.especialidad.nombre, COUNT(c)) FROM Cita c GROUP BY c.medico.especialidad.nombre ORDER BY COUNT(c) DESC' validation failed for method public abstract java.util.List com.sisol.salud.repository.CitaRepository.findTopEspecialidades()
	at org.springframework.beans.factory.support.ConstructorResolver.createArgumentArray(ConstructorResolver.java:804)
	at org.springframework.beans.factory.support.ConstructorResolver.autowireConstructor(ConstructorResolver.java:240)
	at org.springframework.beans.factory.support.AbstractAutowireCapableBeanFactory.autowireConstructor(AbstractAutowireCapableBeanFactory.java:1395)
	at org.springframework.beans.factory.support.AbstractAutowireCapableBeanFactory.createBeanInstance(AbstractAutowireCapableBeanFactory.java:1232)
	at org.springframework.beans.factory.support.AbstractAutowireCapableBeanFactory.doCreateBean(AbstractAutowireCapableBeanFactory.java:569)
	at org.springframework.beans.factory.support.AbstractAutowireCapableBeanFactory.createBean(AbstractAutowireCapableBeanFactory.java:529)
	at org.springframework.beans.factory.support.AbstractBeanFactory.lambda$doGetBean$0(AbstractBeanFactory.java:339)
	at org.springframework.beans.factory.support.DefaultSingletonBeanRegistry.getSingleton(DefaultSingletonBeanRegistry.java:373)
	at org.springframework.beans.factory.support.AbstractBeanFactory.doGetBean(AbstractBeanFactory.java:337)
	at org.springframework.beans.factory.support.AbstractBeanFactory.getBean(AbstractBeanFactory.java:202)
	at org.springframework.beans.factory.support.DefaultListableBeanFactory.doResolveDependency(DefaultListableBeanFactory.java:1708)
	at org.springframework.beans.factory.support.DefaultListableBeanFactory.resolveDependency(DefaultListableBeanFactory.java:1653)
	at org.springframework.beans.factory.support.ConstructorResolver.resolveAutowiredArgument(ConstructorResolver.java:913)
	at org.springframework.beans.factory.support.ConstructorResolver.createArgumentArray(ConstructorResolver.java:791)
	... 24 common frames omitted
Caused by: org.springframework.beans.factory.BeanCreationException: Error creating bean with name 'citaRepository' defined in com.sisol.salud.repository.CitaRepository defined in @EnableJpaRepositories declared on JpaRepositoriesRegistrar.EnableJpaRepositoriesConfiguration: Could not create query for public abstract java.util.List com.sisol.salud.repository.CitaRepository.findTopEspecialidades(); Reason: Query 'SELECT new com.sisol.salud.dto.response.TopEspecialidadResponse(c.medico.especialidad.nombre, COUNT(c)) FROM Cita c GROUP BY c.medico.especialidad.nombre ORDER BY COUNT(c) DESC' validation failed for method public abstract java.util.List com.sisol.salud.repository.CitaRepository.findTopEspecialidades()
	at org.springframework.beans.factory.support.AbstractAutowireCapableBeanFactory.initializeBean(AbstractAutowireCapableBeanFactory.java:1826)
	at org.springframework.beans.factory.support.AbstractAutowireCapableBeanFactory.doCreateBean(AbstractAutowireCapableBeanFactory.java:607)
	at org.springframework.beans.factory.support.AbstractAutowireCapableBeanFactory.createBean(AbstractAutowireCapableBeanFactory.java:529)
	at org.springframework.beans.factory.support.AbstractBeanFactory.lambda$doGetBean$0(AbstractBeanFactory.java:339)
	at org.springframework.beans.factory.support.DefaultSingletonBeanRegistry.getSingleton(DefaultSingletonBeanRegistry.java:373)
	at org.springframework.beans.factory.support.AbstractBeanFactory.doGetBean(AbstractBeanFactory.java:337)
	at org.springframework.beans.factory.support.AbstractBeanFactory.getBean(AbstractBeanFactory.java:202)
	at org.springframework.beans.factory.support.DefaultListableBeanFactory.doResolveDependency(DefaultListableBeanFactory.java:1708)
	at org.springframework.beans.factory.support.DefaultListableBeanFactory.resolveDependency(DefaultListableBeanFactory.java:1653)
	at org.springframework.beans.factory.support.ConstructorResolver.resolveAutowiredArgument(ConstructorResolver.java:913)
	at org.springframework.beans.factory.support.ConstructorResolver.createArgumentArray(ConstructorResolver.java:791)
	... 37 common frames omitted
Caused by: org.springframework.data.repository.query.QueryCreationException: Could not create query for public abstract java.util.List com.sisol.salud.repository.CitaRepository.findTopEspecialidades(); Reason: Query 'SELECT new com.sisol.salud.dto.response.TopEspecialidadResponse(c.medico.especialidad.nombre, COUNT(c)) FROM Cita c GROUP BY c.medico.especialidad.nombre ORDER BY COUNT(c) DESC' validation failed for method public abstract java.util.List com.sisol.salud.repository.CitaRepository.findTopEspecialidades()
	at org.springframework.data.repository.query.QueryCreationException.create(QueryCreationException.java:101)
	at org.springframework.data.repository.core.support.QueryExecutorMethodInterceptor.lookupQuery(QueryExecutorMethodInterceptor.java:120)
	at org.springframework.data.repository.core.support.QueryExecutorMethodInterceptor.mapMethodsToQuery(QueryExecutorMethodInterceptor.java:104)
	at org.springframework.data.repository.core.support.QueryExecutorMethodInterceptor.lambda$new$0(QueryExecutorMethodInterceptor.java:92)
	at java.base/java.util.Optional.map(Unknown Source)
	at org.springframework.data.repository.core.support.QueryExecutorMethodInterceptor.<init>(QueryExecutorMethodInterceptor.java:92)
	at org.springframework.data.repository.core.support.RepositoryFactorySupport.getRepository(RepositoryFactorySupport.java:434)
	at org.springframework.data.repository.core.support.RepositoryFactoryBeanSupport.lambda$afterPropertiesSet$4(RepositoryFactoryBeanSupport.java:355)
	at org.springframework.data.util.Lazy.getNullable(Lazy.java:135)
	at org.springframework.data.util.Lazy.get(Lazy.java:113)
	at org.springframework.data.repository.core.support.RepositoryFactoryBeanSupport.afterPropertiesSet(RepositoryFactoryBeanSupport.java:361)
	at org.springframework.data.jpa.repository.support.JpaRepositoryFactoryBean.afterPropertiesSet(JpaRepositoryFactoryBean.java:132)
	at org.springframework.beans.factory.support.AbstractAutowireCapableBeanFactory.invokeInitMethods(AbstractAutowireCapableBeanFactory.java:1873)
	at org.springframework.beans.factory.support.AbstractAutowireCapableBeanFactory.initializeBean(AbstractAutowireCapableBeanFactory.java:1822)
	... 47 common frames omitted
Caused by: java.lang.IllegalArgumentException: Query 'SELECT new com.sisol.salud.dto.response.TopEspecialidadResponse(c.medico.especialidad.nombre, COUNT(c)) FROM Cita c GROUP BY c.medico.especialidad.nombre ORDER BY COUNT(c) DESC' validation failed for method public abstract java.util.List com.sisol.salud.repository.CitaRepository.findTopEspecialidades()
	at org.springframework.data.jpa.repository.query.SimpleJpaQuery.validateQuery(SimpleJpaQuery.java:93)
	at org.springframework.data.jpa.repository.query.SimpleJpaQuery.<init>(SimpleJpaQuery.java:67)
	at org.springframework.data.jpa.repository.query.JpaQueryFactory.fromMethodWithQueryString(JpaQueryFactory.java:49)
	at org.springframework.data.jpa.repository.query.JpaQueryLookupStrategy$DeclaredQueryLookupStrategy.resolveQuery(JpaQueryLookupStrategy.java:174)
	at org.springframework.data.jpa.repository.query.JpaQueryLookupStrategy$CreateIfNotFoundQueryLookupStrategy.resolveQuery(JpaQueryLookupStrategy.java:254)
	at org.springframework.data.jpa.repository.query.JpaQueryLookupStrategy$AbstractQueryLookupStrategy.resolveQuery(JpaQueryLookupStrategy.java:99)
	at org.springframework.data.repository.core.support.QueryExecutorMethodInterceptor.lookupQuery(QueryExecutorMethodInterceptor.java:116)
	... 59 common frames omitted
Caused by: java.lang.IllegalArgumentException: org.hibernate.query.sqm.UnknownPathException: Could not resolve attribute 'especialidad' of 'com.sisol.salud.model.entity.Medico' [SELECT new com.sisol.salud.dto.response.TopEspecialidadResponse(c.medico.especialidad.nombre, COUNT(c)) FROM Cita c GROUP BY c.medico.especialidad.nombre ORDER BY COUNT(c) DESC]
	at org.hibernate.internal.ExceptionConverterImpl.convert(ExceptionConverterImpl.java:143)
	at org.hibernate.internal.ExceptionConverterImpl.convert(ExceptionConverterImpl.java:167)
	at org.hibernate.internal.ExceptionConverterImpl.convert(ExceptionConverterImpl.java:173)
	at org.hibernate.internal.AbstractSharedSessionContract.createQuery(AbstractSharedSessionContract.java:886)
	at org.hibernate.internal.AbstractSharedSessionContract.createQuery(AbstractSharedSessionContract.java:796)
	at org.hibernate.internal.AbstractSharedSessionContract.createQuery(AbstractSharedSessionContract.java:143)
	at java.base/jdk.internal.reflect.DirectMethodHandleAccessor.invoke(Unknown Source)
	at java.base/java.lang.reflect.Method.invoke(Unknown Source)
	at org.springframework.orm.jpa.ExtendedEntityManagerCreator$ExtendedEntityManagerInvocationHandler.invoke(ExtendedEntityManagerCreator.java:364)
	at jdk.proxy32/jdk.proxy32.$Proxy335.createQuery(Unknown Source)
	at org.springframework.data.jpa.repository.query.SimpleJpaQuery.validateQuery(SimpleJpaQuery.java:88)
	... 65 common frames omitted
Caused by: org.hibernate.query.sqm.UnknownPathException: Could not resolve attribute 'especialidad' of 'com.sisol.salud.model.entity.Medico' [SELECT new com.sisol.salud.dto.response.TopEspecialidadResponse(c.medico.especialidad.nombre, COUNT(c)) FROM Cita c GROUP BY c.medico.especialidad.nombre ORDER BY COUNT(c) DESC]
	at org.hibernate.query.hql.internal.StandardHqlTranslator.translate(StandardHqlTranslator.java:88)
	at org.hibernate.query.internal.QueryInterpretationCacheStandardImpl.createHqlInterpretation(QueryInterpretationCacheStandardImpl.java:145)
	at org.hibernate.query.internal.QueryInterpretationCacheStandardImpl.resolveHqlInterpretation(QueryInterpretationCacheStandardImpl.java:132)
	at org.hibernate.query.spi.QueryEngine.interpretHql(QueryEngine.java:54)
	at org.hibernate.internal.AbstractSharedSessionContract.interpretHql(AbstractSharedSessionContract.java:832)
	at org.hibernate.internal.AbstractSharedSessionContract.createQuery(AbstractSharedSessionContract.java:878)
	... 72 common frames omitted
Caused by: org.hibernate.query.sqm.PathElementException: Could not resolve attribute 'especialidad' of 'com.sisol.salud.model.entity.Medico'
	at org.hibernate.query.sqm.SqmPathSource.getSubPathSource(SqmPathSource.java:95)
	at org.hibernate.query.sqm.tree.domain.AbstractSqmPath.get(AbstractSqmPath.java:199)
	at org.hibernate.query.sqm.tree.domain.SqmEntityValuedSimplePath.resolvePathPart(SqmEntityValuedSimplePath.java:56)
	at org.hibernate.query.hql.internal.DomainPathPart.resolvePathPart(DomainPathPart.java:42)
	at org.hibernate.query.hql.internal.BasicDotIdentifierConsumer.consumeIdentifier(BasicDotIdentifierConsumer.java:92)
	at org.hibernate.query.hql.internal.SemanticQueryBuilder.visitSimplePath(SemanticQueryBuilder.java:5432)
	at org.hibernate.query.hql.internal.SemanticQueryBuilder.visitGeneralPathFragment(SemanticQueryBuilder.java:5292)
	at org.hibernate.query.hql.internal.SemanticQueryBuilder.visitGeneralPathExpression(SemanticQueryBuilder.java:1884)
	at org.hibernate.grammars.hql.HqlParser$GeneralPathExpressionContext.accept(HqlParser.java:7882)
	at org.antlr.v4.runtime.tree.AbstractParseTreeVisitor.visitChildren(AbstractParseTreeVisitor.java:46)
	at org.hibernate.grammars.hql.HqlParserBaseVisitor.visitBarePrimaryExpression(HqlParserBaseVisitor.java:749)
	at org.hibernate.grammars.hql.HqlParser$BarePrimaryExpressionContext.accept(HqlParser.java:7331)
	at org.antlr.v4.runtime.tree.AbstractParseTreeVisitor.visitChildren(AbstractParseTreeVisitor.java:46)
	at org.hibernate.grammars.hql.HqlParserBaseVisitor.visitExpressionOrPredicate(HqlParserBaseVisitor.java:882)
	at org.hibernate.grammars.hql.HqlParser$ExpressionOrPredicateContext.accept(HqlParser.java:8114)
	at org.antlr.v4.runtime.tree.AbstractParseTreeVisitor.visitChildren(AbstractParseTreeVisitor.java:46)
	at org.hibernate.grammars.hql.HqlParserBaseVisitor.visitInstantiationArgumentExpression(HqlParserBaseVisitor.java:385)
	at org.hibernate.grammars.hql.HqlParser$InstantiationArgumentExpressionContext.accept(HqlParser.java:4228)
	at org.hibernate.query.hql.internal.SemanticQueryBuilder.visitInstantiationArgument(SemanticQueryBuilder.java:1529)
	at org.hibernate.query.hql.internal.SemanticQueryBuilder.visitInstantiation(SemanticQueryBuilder.java:1495)
	at org.hibernate.query.hql.internal.SemanticQueryBuilder.visitInstantiation(SemanticQueryBuilder.java:278)
	at org.hibernate.grammars.hql.HqlParser$InstantiationContext.accept(HqlParser.java:3977)
	at org.hibernate.query.hql.internal.SemanticQueryBuilder.visitSelectableNode(SemanticQueryBuilder.java:1451)
	at org.hibernate.query.hql.internal.SemanticQueryBuilder.visitSelection(SemanticQueryBuilder.java:1405)
	at org.hibernate.query.hql.internal.SemanticQueryBuilder.visitSelectClause(SemanticQueryBuilder.java:1398)
	at org.hibernate.query.hql.internal.SemanticQueryBuilder.visitQuery(SemanticQueryBuilder.java:1247)
	at org.hibernate.query.hql.internal.SemanticQueryBuilder.visitQuerySpecExpression(SemanticQueryBuilder.java:1029)
	at org.hibernate.query.hql.internal.SemanticQueryBuilder.visitQuerySpecExpression(SemanticQueryBuilder.java:278)
	at org.hibernate.grammars.hql.HqlParser$QuerySpecExpressionContext.accept(HqlParser.java:2077)
	at org.hibernate.query.hql.internal.SemanticQueryBuilder.visitQueryExpression(SemanticQueryBuilder.java:1063)
	at org.hibernate.query.hql.internal.SemanticQueryBuilder.visitQueryExpression(SemanticQueryBuilder.java:278)
	at org.hibernate.grammars.hql.HqlParser$QueryExpressionContext.accept(HqlParser.java:1973)
	at org.hibernate.query.hql.internal.SemanticQueryBuilder.visitSelectStatement(SemanticQueryBuilder.java:493)
	at org.hibernate.query.hql.internal.SemanticQueryBuilder.visitStatement(SemanticQueryBuilder.java:452)
	at org.hibernate.query.hql.internal.SemanticQueryBuilder.buildSemanticModel(SemanticQueryBuilder.java:325)
	at org.hibernate.query.hql.internal.StandardHqlTranslator.translate(StandardHqlTranslator.java:71)
	... 77 common frames omitted

2026-06-01 04:28:19.716  INFO 24624 --- [restartedMain] com.sisol.salud.SisolSaludApplication    : Starting SisolSaludApplication using Java 21.0.10 with PID 24624 (C:\Users\fabri\OneDrive\Desktop\Repositorios\Proyecto-Integrador\target\classes started by fabri in C:\Users\fabri\OneDrive\Desktop\Repositorios\Proyecto-Integrador)
2026-06-01 04:28:19.716 DEBUG 24624 --- [restartedMain] com.sisol.salud.SisolSaludApplication    : Running with Spring Boot v3.5.9, Spring v6.2.15
2026-06-01 04:28:19.716  INFO 24624 --- [restartedMain] com.sisol.salud.SisolSaludApplication    : No active profile set, falling back to 1 default profile: "default"
2026-06-01 04:28:19.858  INFO 24624 --- [restartedMain] .s.d.r.c.RepositoryConfigurationDelegate : Bootstrapping Spring Data JPA repositories in DEFAULT mode.
2026-06-01 04:28:19.873  INFO 24624 --- [restartedMain] .s.d.r.c.RepositoryConfigurationDelegate : Finished Spring Data repository scanning in 14 ms. Found 8 JPA repository interfaces.
2026-06-01 04:28:19.910  INFO 24624 --- [restartedMain] o.s.b.w.embedded.tomcat.TomcatWebServer  : Tomcat initialized with port 8080 (http)
2026-06-01 04:28:19.911  INFO 24624 --- [restartedMain] o.apache.catalina.core.StandardService   : Starting service [Tomcat]
2026-06-01 04:28:19.911  INFO 24624 --- [restartedMain] o.apache.catalina.core.StandardEngine    : Starting Servlet engine: [Apache Tomcat/10.1.50]
2026-06-01 04:28:19.924  INFO 24624 --- [restartedMain] o.a.c.c.C.[Tomcat-10].[localhost].[/]    : Initializing Spring embedded WebApplicationContext
2026-06-01 04:28:19.925  INFO 24624 --- [restartedMain] w.s.c.ServletWebServerApplicationContext : Root WebApplicationContext: initialization completed in 208 ms
2026-06-01 04:28:19.949  INFO 24624 --- [restartedMain] o.hibernate.jpa.internal.util.LogHelper  : HHH000204: Processing PersistenceUnitInfo [name: default]
2026-06-01 04:28:19.953  INFO 24624 --- [restartedMain] o.h.c.internal.RegionFactoryInitiator    : HHH000026: Second-level cache disabled
2026-06-01 04:28:19.954  INFO 24624 --- [restartedMain] o.h.e.boot.internal.EnversServiceImpl    : Envers integration enabled? : true
2026-06-01 04:28:19.957  INFO 24624 --- [restartedMain] o.s.o.j.p.SpringPersistenceUnitInfo      : No LoadTimeWeaver setup: ignoring JPA class transformer
2026-06-01 04:28:19.957  INFO 24624 --- [restartedMain] com.zaxxer.hikari.HikariDataSource       : HikariPool-16 - Starting...
2026-06-01 04:28:19.960  INFO 24624 --- [restartedMain] com.zaxxer.hikari.pool.HikariPool        : HikariPool-16 - Added connection com.mysql.cj.jdbc.ConnectionImpl@65c51766
2026-06-01 04:28:19.960  INFO 24624 --- [restartedMain] com.zaxxer.hikari.HikariDataSource       : HikariPool-16 - Start completed.
2026-06-01 04:28:19.960  WARN 24624 --- [restartedMain] org.hibernate.orm.deprecation            : HHH90000025: MySQLDialect does not need to be specified explicitly using 'hibernate.dialect' (remove the property setting and it will be selected by default)
2026-06-01 04:28:19.961  INFO 24624 --- [restartedMain] org.hibernate.orm.connections.pooling    : HHH10001005: Database info:
	Database JDBC URL [Connecting through datasource 'HikariDataSource (HikariPool-16)']
	Database driver: undefined/unknown
	Database version: 8.0.45
	Autocommit mode: undefined/unknown
	Isolation level: undefined/unknown
	Minimum pool size: undefined/unknown
	Maximum pool size: undefined/unknown
2026-06-01 04:28:19.975  INFO 24624 --- [restartedMain] o.h.e.c.i.m.AuditMetadataGenerator       : Adding properties for entity: com.sisol.salud.model.entity.Cita
2026-06-01 04:28:19.975  INFO 24624 --- [restartedMain] o.h.e.c.i.m.AuditMetadataGenerator       : Adding properties for entity: com.sisol.salud.model.entity.Paciente
2026-06-01 04:28:19.975  INFO 24624 --- [restartedMain] o.h.e.c.i.m.AuditMetadataGenerator       : Adding properties for entity: com.sisol.salud.model.entity.Especialidad
2026-06-01 04:28:19.975  INFO 24624 --- [restartedMain] o.h.e.c.i.m.AuditMetadataGenerator       : Adding properties for entity: com.sisol.salud.model.entity.Medico
2026-06-01 04:28:19.975  INFO 24624 --- [restartedMain] o.h.e.c.i.m.AuditMetadataGenerator       : Adding properties for entity: com.sisol.salud.model.entity.Pago
2026-06-01 04:28:19.975  INFO 24624 --- [restartedMain] o.h.e.c.i.m.AuditMetadataGenerator       : Adding properties for entity: com.sisol.salud.model.entity.Usuario
2026-06-01 04:28:20.023  INFO 24624 --- [restartedMain] o.h.e.t.j.p.i.JtaPlatformInitiator       : HHH000489: No JTA platform available (set 'hibernate.transaction.jta.platform' to enable JTA platform integration)
2026-06-01 04:28:20.058  INFO 24624 --- [restartedMain] j.LocalContainerEntityManagerFactoryBean : Initialized JPA EntityManagerFactory for persistence unit 'default'
2026-06-01 04:28:20.078 DEBUG 24624 --- [restartedMain] c.s.s.s.jwt.JwtAuthenticationFilter      : Filter 'jwtAuthenticationFilter' configured for use
2026-06-01 04:28:20.089  INFO 24624 --- [restartedMain] eAuthenticationProviderManagerConfigurer : Global AuthenticationManager configured with AuthenticationProvider bean with name authenticationProvider
2026-06-01 04:28:20.089  WARN 24624 --- [restartedMain] r$InitializeUserDetailsManagerConfigurer : Global AuthenticationManager configured with an AuthenticationProvider bean. UserDetailsService beans will not be used by Spring Security for automatically configuring username/password login. Consider removing the AuthenticationProvider bean. Alternatively, consider using the UserDetailsService in a manually instantiated DaoAuthenticationProvider. If the current configuration is intentional, to turn off this warning, increase the logging level of 'org.springframework.security.config.annotation.authentication.configuration.InitializeUserDetailsBeanManagerConfigurer' to ERROR
2026-06-01 04:28:20.099  WARN 24624 --- [restartedMain] ConfigServletWebServerApplicationContext : Exception encountered during context initialization - cancelling refresh attempt: org.springframework.beans.factory.UnsatisfiedDependencyException: Error creating bean with name 'citaRestController' defined in file [C:\Users\fabri\OneDrive\Desktop\Repositorios\Proyecto-Integrador\target\classes\com\sisol\salud\controller\api\CitaRestController.class]: Unsatisfied dependency expressed through constructor parameter 0: Error creating bean with name 'citaService' defined in file [C:\Users\fabri\OneDrive\Desktop\Repositorios\Proyecto-Integrador\target\classes\com\sisol\salud\service\CitaService.class]: Unsatisfied dependency expressed through constructor parameter 0: Error creating bean with name 'citaRepository' defined in com.sisol.salud.repository.CitaRepository defined in @EnableJpaRepositories declared on JpaRepositoriesRegistrar.EnableJpaRepositoriesConfiguration: Could not create query for public abstract java.util.List com.sisol.salud.repository.CitaRepository.findTopEspecialidades(); Reason: Query 'SELECT new com.sisol.salud.dto.response.TopEspecialidadResponse(c.medico.especialidad.nombre, COUNT(c)) FROM Cita c GROUP BY c.medico.especialidad.nombre ORDER BY COUNT(c) DESC' validation failed for method public abstract java.util.List com.sisol.salud.repository.CitaRepository.findTopEspecialidades()
2026-06-01 04:28:20.100  INFO 24624 --- [restartedMain] j.LocalContainerEntityManagerFactoryBean : Closing JPA EntityManagerFactory for persistence unit 'default'
2026-06-01 04:28:20.100  INFO 24624 --- [restartedMain] com.zaxxer.hikari.HikariDataSource       : HikariPool-16 - Shutdown initiated...
2026-06-01 04:28:20.103  INFO 24624 --- [restartedMain] com.zaxxer.hikari.HikariDataSource       : HikariPool-16 - Shutdown completed.
2026-06-01 04:28:20.103  INFO 24624 --- [restartedMain] o.apache.catalina.core.StandardService   : Stopping service [Tomcat]
2026-06-01 04:28:20.106  INFO 24624 --- [restartedMain] .s.b.a.l.ConditionEvaluationReportLogger : 

Error starting ApplicationContext. To display the condition evaluation report re-run your application with 'debug' enabled.
2026-06-01 04:28:20.108 ERROR 24624 --- [restartedMain] o.s.boot.SpringApplication               : Application run failed

org.springframework.beans.factory.UnsatisfiedDependencyException: Error creating bean with name 'citaRestController' defined in file [C:\Users\fabri\OneDrive\Desktop\Repositorios\Proyecto-Integrador\target\classes\com\sisol\salud\controller\api\CitaRestController.class]: Unsatisfied dependency expressed through constructor parameter 0: Error creating bean with name 'citaService' defined in file [C:\Users\fabri\OneDrive\Desktop\Repositorios\Proyecto-Integrador\target\classes\com\sisol\salud\service\CitaService.class]: Unsatisfied dependency expressed through constructor parameter 0: Error creating bean with name 'citaRepository' defined in com.sisol.salud.repository.CitaRepository defined in @EnableJpaRepositories declared on JpaRepositoriesRegistrar.EnableJpaRepositoriesConfiguration: Could not create query for public abstract java.util.List com.sisol.salud.repository.CitaRepository.findTopEspecialidades(); Reason: Query 'SELECT new com.sisol.salud.dto.response.TopEspecialidadResponse(c.medico.especialidad.nombre, COUNT(c)) FROM Cita c GROUP BY c.medico.especialidad.nombre ORDER BY COUNT(c) DESC' validation failed for method public abstract java.util.List com.sisol.salud.repository.CitaRepository.findTopEspecialidades()
	at org.springframework.beans.factory.support.ConstructorResolver.createArgumentArray(ConstructorResolver.java:804)
	at org.springframework.beans.factory.support.ConstructorResolver.autowireConstructor(ConstructorResolver.java:240)
	at org.springframework.beans.factory.support.AbstractAutowireCapableBeanFactory.autowireConstructor(AbstractAutowireCapableBeanFactory.java:1395)
	at org.springframework.beans.factory.support.AbstractAutowireCapableBeanFactory.createBeanInstance(AbstractAutowireCapableBeanFactory.java:1232)
	at org.springframework.beans.factory.support.AbstractAutowireCapableBeanFactory.doCreateBean(AbstractAutowireCapableBeanFactory.java:569)
	at org.springframework.beans.factory.support.AbstractAutowireCapableBeanFactory.createBean(AbstractAutowireCapableBeanFactory.java:529)
	at org.springframework.beans.factory.support.AbstractBeanFactory.lambda$doGetBean$0(AbstractBeanFactory.java:339)
	at org.springframework.beans.factory.support.DefaultSingletonBeanRegistry.getSingleton(DefaultSingletonBeanRegistry.java:373)
	at org.springframework.beans.factory.support.AbstractBeanFactory.doGetBean(AbstractBeanFactory.java:337)
	at org.springframework.beans.factory.support.AbstractBeanFactory.getBean(AbstractBeanFactory.java:202)
	at org.springframework.beans.factory.support.DefaultListableBeanFactory.instantiateSingleton(DefaultListableBeanFactory.java:1228)
	at org.springframework.beans.factory.support.DefaultListableBeanFactory.preInstantiateSingleton(DefaultListableBeanFactory.java:1194)
	at org.springframework.beans.factory.support.DefaultListableBeanFactory.preInstantiateSingletons(DefaultListableBeanFactory.java:1130)
	at org.springframework.context.support.AbstractApplicationContext.finishBeanFactoryInitialization(AbstractApplicationContext.java:990)
	at org.springframework.context.support.AbstractApplicationContext.refresh(AbstractApplicationContext.java:627)
	at org.springframework.boot.web.servlet.context.ServletWebServerApplicationContext.refresh(ServletWebServerApplicationContext.java:146)
	at org.springframework.boot.SpringApplication.refresh(SpringApplication.java:752)
	at org.springframework.boot.SpringApplication.refreshContext(SpringApplication.java:439)
	at org.springframework.boot.SpringApplication.run(SpringApplication.java:318)
	at org.springframework.boot.SpringApplication.run(SpringApplication.java:1361)
	at org.springframework.boot.SpringApplication.run(SpringApplication.java:1350)
	at com.sisol.salud.SisolSaludApplication.main(SisolSaludApplication.java:12)
	at java.base/jdk.internal.reflect.DirectMethodHandleAccessor.invoke(Unknown Source)
	at java.base/java.lang.reflect.Method.invoke(Unknown Source)
	at org.springframework.boot.devtools.restart.RestartLauncher.run(RestartLauncher.java:50)
Caused by: org.springframework.beans.factory.UnsatisfiedDependencyException: Error creating bean with name 'citaService' defined in file [C:\Users\fabri\OneDrive\Desktop\Repositorios\Proyecto-Integrador\target\classes\com\sisol\salud\service\CitaService.class]: Unsatisfied dependency expressed through constructor parameter 0: Error creating bean with name 'citaRepository' defined in com.sisol.salud.repository.CitaRepository defined in @EnableJpaRepositories declared on JpaRepositoriesRegistrar.EnableJpaRepositoriesConfiguration: Could not create query for public abstract java.util.List com.sisol.salud.repository.CitaRepository.findTopEspecialidades(); Reason: Query 'SELECT new com.sisol.salud.dto.response.TopEspecialidadResponse(c.medico.especialidad.nombre, COUNT(c)) FROM Cita c GROUP BY c.medico.especialidad.nombre ORDER BY COUNT(c) DESC' validation failed for method public abstract java.util.List com.sisol.salud.repository.CitaRepository.findTopEspecialidades()
	at org.springframework.beans.factory.support.ConstructorResolver.createArgumentArray(ConstructorResolver.java:804)
	at org.springframework.beans.factory.support.ConstructorResolver.autowireConstructor(ConstructorResolver.java:240)
	at org.springframework.beans.factory.support.AbstractAutowireCapableBeanFactory.autowireConstructor(AbstractAutowireCapableBeanFactory.java:1395)
	at org.springframework.beans.factory.support.AbstractAutowireCapableBeanFactory.createBeanInstance(AbstractAutowireCapableBeanFactory.java:1232)
	at org.springframework.beans.factory.support.AbstractAutowireCapableBeanFactory.doCreateBean(AbstractAutowireCapableBeanFactory.java:569)
	at org.springframework.beans.factory.support.AbstractAutowireCapableBeanFactory.createBean(AbstractAutowireCapableBeanFactory.java:529)
	at org.springframework.beans.factory.support.AbstractBeanFactory.lambda$doGetBean$0(AbstractBeanFactory.java:339)
	at org.springframework.beans.factory.support.DefaultSingletonBeanRegistry.getSingleton(DefaultSingletonBeanRegistry.java:373)
	at org.springframework.beans.factory.support.AbstractBeanFactory.doGetBean(AbstractBeanFactory.java:337)
	at org.springframework.beans.factory.support.AbstractBeanFactory.getBean(AbstractBeanFactory.java:202)
	at org.springframework.beans.factory.support.DefaultListableBeanFactory.doResolveDependency(DefaultListableBeanFactory.java:1708)
	at org.springframework.beans.factory.support.DefaultListableBeanFactory.resolveDependency(DefaultListableBeanFactory.java:1653)
	at org.springframework.beans.factory.support.ConstructorResolver.resolveAutowiredArgument(ConstructorResolver.java:913)
	at org.springframework.beans.factory.support.ConstructorResolver.createArgumentArray(ConstructorResolver.java:791)
	... 24 common frames omitted
Caused by: org.springframework.beans.factory.BeanCreationException: Error creating bean with name 'citaRepository' defined in com.sisol.salud.repository.CitaRepository defined in @EnableJpaRepositories declared on JpaRepositoriesRegistrar.EnableJpaRepositoriesConfiguration: Could not create query for public abstract java.util.List com.sisol.salud.repository.CitaRepository.findTopEspecialidades(); Reason: Query 'SELECT new com.sisol.salud.dto.response.TopEspecialidadResponse(c.medico.especialidad.nombre, COUNT(c)) FROM Cita c GROUP BY c.medico.especialidad.nombre ORDER BY COUNT(c) DESC' validation failed for method public abstract java.util.List com.sisol.salud.repository.CitaRepository.findTopEspecialidades()
	at org.springframework.beans.factory.support.AbstractAutowireCapableBeanFactory.initializeBean(AbstractAutowireCapableBeanFactory.java:1826)
	at org.springframework.beans.factory.support.AbstractAutowireCapableBeanFactory.doCreateBean(AbstractAutowireCapableBeanFactory.java:607)
	at org.springframework.beans.factory.support.AbstractAutowireCapableBeanFactory.createBean(AbstractAutowireCapableBeanFactory.java:529)
	at org.springframework.beans.factory.support.AbstractBeanFactory.lambda$doGetBean$0(AbstractBeanFactory.java:339)
	at org.springframework.beans.factory.support.DefaultSingletonBeanRegistry.getSingleton(DefaultSingletonBeanRegistry.java:373)
	at org.springframework.beans.factory.support.AbstractBeanFactory.doGetBean(AbstractBeanFactory.java:337)
	at org.springframework.beans.factory.support.AbstractBeanFactory.getBean(AbstractBeanFactory.java:202)
	at org.springframework.beans.factory.support.DefaultListableBeanFactory.doResolveDependency(DefaultListableBeanFactory.java:1708)
	at org.springframework.beans.factory.support.DefaultListableBeanFactory.resolveDependency(DefaultListableBeanFactory.java:1653)
	at org.springframework.beans.factory.support.ConstructorResolver.resolveAutowiredArgument(ConstructorResolver.java:913)
	at org.springframework.beans.factory.support.ConstructorResolver.createArgumentArray(ConstructorResolver.java:791)
	... 37 common frames omitted
Caused by: org.springframework.data.repository.query.QueryCreationException: Could not create query for public abstract java.util.List com.sisol.salud.repository.CitaRepository.findTopEspecialidades(); Reason: Query 'SELECT new com.sisol.salud.dto.response.TopEspecialidadResponse(c.medico.especialidad.nombre, COUNT(c)) FROM Cita c GROUP BY c.medico.especialidad.nombre ORDER BY COUNT(c) DESC' validation failed for method public abstract java.util.List com.sisol.salud.repository.CitaRepository.findTopEspecialidades()
	at org.springframework.data.repository.query.QueryCreationException.create(QueryCreationException.java:101)
	at org.springframework.data.repository.core.support.QueryExecutorMethodInterceptor.lookupQuery(QueryExecutorMethodInterceptor.java:120)
	at org.springframework.data.repository.core.support.QueryExecutorMethodInterceptor.mapMethodsToQuery(QueryExecutorMethodInterceptor.java:104)
	at org.springframework.data.repository.core.support.QueryExecutorMethodInterceptor.lambda$new$0(QueryExecutorMethodInterceptor.java:92)
	at java.base/java.util.Optional.map(Unknown Source)
	at org.springframework.data.repository.core.support.QueryExecutorMethodInterceptor.<init>(QueryExecutorMethodInterceptor.java:92)
	at org.springframework.data.repository.core.support.RepositoryFactorySupport.getRepository(RepositoryFactorySupport.java:434)
	at org.springframework.data.repository.core.support.RepositoryFactoryBeanSupport.lambda$afterPropertiesSet$4(RepositoryFactoryBeanSupport.java:355)
	at org.springframework.data.util.Lazy.getNullable(Lazy.java:135)
	at org.springframework.data.util.Lazy.get(Lazy.java:113)
	at org.springframework.data.repository.core.support.RepositoryFactoryBeanSupport.afterPropertiesSet(RepositoryFactoryBeanSupport.java:361)
	at org.springframework.data.jpa.repository.support.JpaRepositoryFactoryBean.afterPropertiesSet(JpaRepositoryFactoryBean.java:132)
	at org.springframework.beans.factory.support.AbstractAutowireCapableBeanFactory.invokeInitMethods(AbstractAutowireCapableBeanFactory.java:1873)
	at org.springframework.beans.factory.support.AbstractAutowireCapableBeanFactory.initializeBean(AbstractAutowireCapableBeanFactory.java:1822)
	... 47 common frames omitted
Caused by: java.lang.IllegalArgumentException: Query 'SELECT new com.sisol.salud.dto.response.TopEspecialidadResponse(c.medico.especialidad.nombre, COUNT(c)) FROM Cita c GROUP BY c.medico.especialidad.nombre ORDER BY COUNT(c) DESC' validation failed for method public abstract java.util.List com.sisol.salud.repository.CitaRepository.findTopEspecialidades()
	at org.springframework.data.jpa.repository.query.SimpleJpaQuery.validateQuery(SimpleJpaQuery.java:93)
	at org.springframework.data.jpa.repository.query.SimpleJpaQuery.<init>(SimpleJpaQuery.java:67)
	at org.springframework.data.jpa.repository.query.JpaQueryFactory.fromMethodWithQueryString(JpaQueryFactory.java:49)
	at org.springframework.data.jpa.repository.query.JpaQueryLookupStrategy$DeclaredQueryLookupStrategy.resolveQuery(JpaQueryLookupStrategy.java:174)
	at org.springframework.data.jpa.repository.query.JpaQueryLookupStrategy$CreateIfNotFoundQueryLookupStrategy.resolveQuery(JpaQueryLookupStrategy.java:254)
	at org.springframework.data.jpa.repository.query.JpaQueryLookupStrategy$AbstractQueryLookupStrategy.resolveQuery(JpaQueryLookupStrategy.java:99)
	at org.springframework.data.repository.core.support.QueryExecutorMethodInterceptor.lookupQuery(QueryExecutorMethodInterceptor.java:116)
	... 59 common frames omitted
Caused by: java.lang.IllegalArgumentException: org.hibernate.query.sqm.UnknownPathException: Could not resolve attribute 'especialidad' of 'com.sisol.salud.model.entity.Medico' [SELECT new com.sisol.salud.dto.response.TopEspecialidadResponse(c.medico.especialidad.nombre, COUNT(c)) FROM Cita c GROUP BY c.medico.especialidad.nombre ORDER BY COUNT(c) DESC]
	at org.hibernate.internal.ExceptionConverterImpl.convert(ExceptionConverterImpl.java:143)
	at org.hibernate.internal.ExceptionConverterImpl.convert(ExceptionConverterImpl.java:167)
	at org.hibernate.internal.ExceptionConverterImpl.convert(ExceptionConverterImpl.java:173)
	at org.hibernate.internal.AbstractSharedSessionContract.createQuery(AbstractSharedSessionContract.java:886)
	at org.hibernate.internal.AbstractSharedSessionContract.createQuery(AbstractSharedSessionContract.java:796)
	at org.hibernate.internal.AbstractSharedSessionContract.createQuery(AbstractSharedSessionContract.java:143)
	at java.base/jdk.internal.reflect.DirectMethodHandleAccessor.invoke(Unknown Source)
	at java.base/java.lang.reflect.Method.invoke(Unknown Source)
	at org.springframework.orm.jpa.ExtendedEntityManagerCreator$ExtendedEntityManagerInvocationHandler.invoke(ExtendedEntityManagerCreator.java:364)
	at jdk.proxy34/jdk.proxy34.$Proxy341.createQuery(Unknown Source)
	at org.springframework.data.jpa.repository.query.SimpleJpaQuery.validateQuery(SimpleJpaQuery.java:88)
	... 65 common frames omitted
Caused by: org.hibernate.query.sqm.UnknownPathException: Could not resolve attribute 'especialidad' of 'com.sisol.salud.model.entity.Medico' [SELECT new com.sisol.salud.dto.response.TopEspecialidadResponse(c.medico.especialidad.nombre, COUNT(c)) FROM Cita c GROUP BY c.medico.especialidad.nombre ORDER BY COUNT(c) DESC]
	at org.hibernate.query.hql.internal.StandardHqlTranslator.translate(StandardHqlTranslator.java:88)
	at org.hibernate.query.internal.QueryInterpretationCacheStandardImpl.createHqlInterpretation(QueryInterpretationCacheStandardImpl.java:145)
	at org.hibernate.query.internal.QueryInterpretationCacheStandardImpl.resolveHqlInterpretation(QueryInterpretationCacheStandardImpl.java:132)
	at org.hibernate.query.spi.QueryEngine.interpretHql(QueryEngine.java:54)
	at org.hibernate.internal.AbstractSharedSessionContract.interpretHql(AbstractSharedSessionContract.java:832)
	at org.hibernate.internal.AbstractSharedSessionContract.createQuery(AbstractSharedSessionContract.java:878)
	... 72 common frames omitted
Caused by: org.hibernate.query.sqm.PathElementException: Could not resolve attribute 'especialidad' of 'com.sisol.salud.model.entity.Medico'
	at org.hibernate.query.sqm.SqmPathSource.getSubPathSource(SqmPathSource.java:95)
	at org.hibernate.query.sqm.tree.domain.AbstractSqmPath.get(AbstractSqmPath.java:199)
	at org.hibernate.query.sqm.tree.domain.SqmEntityValuedSimplePath.resolvePathPart(SqmEntityValuedSimplePath.java:56)
	at org.hibernate.query.hql.internal.DomainPathPart.resolvePathPart(DomainPathPart.java:42)
	at org.hibernate.query.hql.internal.BasicDotIdentifierConsumer.consumeIdentifier(BasicDotIdentifierConsumer.java:92)
	at org.hibernate.query.hql.internal.SemanticQueryBuilder.visitSimplePath(SemanticQueryBuilder.java:5432)
	at org.hibernate.query.hql.internal.SemanticQueryBuilder.visitGeneralPathFragment(SemanticQueryBuilder.java:5292)
	at org.hibernate.query.hql.internal.SemanticQueryBuilder.visitGeneralPathExpression(SemanticQueryBuilder.java:1884)
	at org.hibernate.grammars.hql.HqlParser$GeneralPathExpressionContext.accept(HqlParser.java:7882)
	at org.antlr.v4.runtime.tree.AbstractParseTreeVisitor.visitChildren(AbstractParseTreeVisitor.java:46)
	at org.hibernate.grammars.hql.HqlParserBaseVisitor.visitBarePrimaryExpression(HqlParserBaseVisitor.java:749)
	at org.hibernate.grammars.hql.HqlParser$BarePrimaryExpressionContext.accept(HqlParser.java:7331)
	at org.antlr.v4.runtime.tree.AbstractParseTreeVisitor.visitChildren(AbstractParseTreeVisitor.java:46)
	at org.hibernate.grammars.hql.HqlParserBaseVisitor.visitExpressionOrPredicate(HqlParserBaseVisitor.java:882)
	at org.hibernate.grammars.hql.HqlParser$ExpressionOrPredicateContext.accept(HqlParser.java:8114)
	at org.antlr.v4.runtime.tree.AbstractParseTreeVisitor.visitChildren(AbstractParseTreeVisitor.java:46)
	at org.hibernate.grammars.hql.HqlParserBaseVisitor.visitInstantiationArgumentExpression(HqlParserBaseVisitor.java:385)
	at org.hibernate.grammars.hql.HqlParser$InstantiationArgumentExpressionContext.accept(HqlParser.java:4228)
	at org.hibernate.query.hql.internal.SemanticQueryBuilder.visitInstantiationArgument(SemanticQueryBuilder.java:1529)
	at org.hibernate.query.hql.internal.SemanticQueryBuilder.visitInstantiation(SemanticQueryBuilder.java:1495)
	at org.hibernate.query.hql.internal.SemanticQueryBuilder.visitInstantiation(SemanticQueryBuilder.java:278)
	at org.hibernate.grammars.hql.HqlParser$InstantiationContext.accept(HqlParser.java:3977)
	at org.hibernate.query.hql.internal.SemanticQueryBuilder.visitSelectableNode(SemanticQueryBuilder.java:1451)
	at org.hibernate.query.hql.internal.SemanticQueryBuilder.visitSelection(SemanticQueryBuilder.java:1405)
	at org.hibernate.query.hql.internal.SemanticQueryBuilder.visitSelectClause(SemanticQueryBuilder.java:1398)
	at org.hibernate.query.hql.internal.SemanticQueryBuilder.visitQuery(SemanticQueryBuilder.java:1247)
	at org.hibernate.query.hql.internal.SemanticQueryBuilder.visitQuerySpecExpression(SemanticQueryBuilder.java:1029)
	at org.hibernate.query.hql.internal.SemanticQueryBuilder.visitQuerySpecExpression(SemanticQueryBuilder.java:278)
	at org.hibernate.grammars.hql.HqlParser$QuerySpecExpressionContext.accept(HqlParser.java:2077)
	at org.hibernate.query.hql.internal.SemanticQueryBuilder.visitQueryExpression(SemanticQueryBuilder.java:1063)
	at org.hibernate.query.hql.internal.SemanticQueryBuilder.visitQueryExpression(SemanticQueryBuilder.java:278)
	at org.hibernate.grammars.hql.HqlParser$QueryExpressionContext.accept(HqlParser.java:1973)
	at org.hibernate.query.hql.internal.SemanticQueryBuilder.visitSelectStatement(SemanticQueryBuilder.java:493)
	at org.hibernate.query.hql.internal.SemanticQueryBuilder.visitStatement(SemanticQueryBuilder.java:452)
	at org.hibernate.query.hql.internal.SemanticQueryBuilder.buildSemanticModel(SemanticQueryBuilder.java:325)
	at org.hibernate.query.hql.internal.StandardHqlTranslator.translate(StandardHqlTranslator.java:71)
	... 77 common frames omitted

2026-06-01 04:28:22.624  INFO 24624 --- [restartedMain] com.sisol.salud.SisolSaludApplication    : Starting SisolSaludApplication using Java 21.0.10 with PID 24624 (C:\Users\fabri\OneDrive\Desktop\Repositorios\Proyecto-Integrador\target\classes started by fabri in C:\Users\fabri\OneDrive\Desktop\Repositorios\Proyecto-Integrador)
2026-06-01 04:28:22.624 DEBUG 24624 --- [restartedMain] com.sisol.salud.SisolSaludApplication    : Running with Spring Boot v3.5.9, Spring v6.2.15
2026-06-01 04:28:22.624  INFO 24624 --- [restartedMain] com.sisol.salud.SisolSaludApplication    : No active profile set, falling back to 1 default profile: "default"
2026-06-01 04:28:22.804  INFO 24624 --- [restartedMain] .s.d.r.c.RepositoryConfigurationDelegate : Bootstrapping Spring Data JPA repositories in DEFAULT mode.
2026-06-01 04:28:22.824  INFO 24624 --- [restartedMain] .s.d.r.c.RepositoryConfigurationDelegate : Finished Spring Data repository scanning in 18 ms. Found 8 JPA repository interfaces.
2026-06-01 04:28:22.867  INFO 24624 --- [restartedMain] o.s.b.w.embedded.tomcat.TomcatWebServer  : Tomcat initialized with port 8080 (http)
2026-06-01 04:28:22.867  INFO 24624 --- [restartedMain] o.apache.catalina.core.StandardService   : Starting service [Tomcat]
2026-06-01 04:28:22.867  INFO 24624 --- [restartedMain] o.apache.catalina.core.StandardEngine    : Starting Servlet engine: [Apache Tomcat/10.1.50]
2026-06-01 04:28:22.886  INFO 24624 --- [restartedMain] o.a.c.c.C.[Tomcat-11].[localhost].[/]    : Initializing Spring embedded WebApplicationContext
2026-06-01 04:28:22.886  INFO 24624 --- [restartedMain] w.s.c.ServletWebServerApplicationContext : Root WebApplicationContext: initialization completed in 261 ms
2026-06-01 04:28:22.908  INFO 24624 --- [restartedMain] o.hibernate.jpa.internal.util.LogHelper  : HHH000204: Processing PersistenceUnitInfo [name: default]
2026-06-01 04:28:22.913  INFO 24624 --- [restartedMain] o.h.c.internal.RegionFactoryInitiator    : HHH000026: Second-level cache disabled
2026-06-01 04:28:22.915  INFO 24624 --- [restartedMain] o.h.e.boot.internal.EnversServiceImpl    : Envers integration enabled? : true
2026-06-01 04:28:22.918  INFO 24624 --- [restartedMain] o.s.o.j.p.SpringPersistenceUnitInfo      : No LoadTimeWeaver setup: ignoring JPA class transformer
2026-06-01 04:28:22.919  INFO 24624 --- [restartedMain] com.zaxxer.hikari.HikariDataSource       : HikariPool-17 - Starting...
2026-06-01 04:28:22.922  INFO 24624 --- [restartedMain] com.zaxxer.hikari.pool.HikariPool        : HikariPool-17 - Added connection com.mysql.cj.jdbc.ConnectionImpl@345003d6
2026-06-01 04:28:22.922  INFO 24624 --- [restartedMain] com.zaxxer.hikari.HikariDataSource       : HikariPool-17 - Start completed.
2026-06-01 04:28:22.923  WARN 24624 --- [restartedMain] org.hibernate.orm.deprecation            : HHH90000025: MySQLDialect does not need to be specified explicitly using 'hibernate.dialect' (remove the property setting and it will be selected by default)
2026-06-01 04:28:22.923  INFO 24624 --- [restartedMain] org.hibernate.orm.connections.pooling    : HHH10001005: Database info:
	Database JDBC URL [Connecting through datasource 'HikariDataSource (HikariPool-17)']
	Database driver: undefined/unknown
	Database version: 8.0.45
	Autocommit mode: undefined/unknown
	Isolation level: undefined/unknown
	Minimum pool size: undefined/unknown
	Maximum pool size: undefined/unknown
2026-06-01 04:28:22.942  INFO 24624 --- [restartedMain] o.h.e.c.i.m.AuditMetadataGenerator       : Adding properties for entity: com.sisol.salud.model.entity.Cita
2026-06-01 04:28:22.943  INFO 24624 --- [restartedMain] o.h.e.c.i.m.AuditMetadataGenerator       : Adding properties for entity: com.sisol.salud.model.entity.Paciente
2026-06-01 04:28:22.943  INFO 24624 --- [restartedMain] o.h.e.c.i.m.AuditMetadataGenerator       : Adding properties for entity: com.sisol.salud.model.entity.Especialidad
2026-06-01 04:28:22.943  INFO 24624 --- [restartedMain] o.h.e.c.i.m.AuditMetadataGenerator       : Adding properties for entity: com.sisol.salud.model.entity.Medico
2026-06-01 04:28:22.943  INFO 24624 --- [restartedMain] o.h.e.c.i.m.AuditMetadataGenerator       : Adding properties for entity: com.sisol.salud.model.entity.Pago
2026-06-01 04:28:22.943  INFO 24624 --- [restartedMain] o.h.e.c.i.m.AuditMetadataGenerator       : Adding properties for entity: com.sisol.salud.model.entity.Usuario
2026-06-01 04:28:23.002  INFO 24624 --- [restartedMain] o.h.e.t.j.p.i.JtaPlatformInitiator       : HHH000489: No JTA platform available (set 'hibernate.transaction.jta.platform' to enable JTA platform integration)
2026-06-01 04:28:23.044  INFO 24624 --- [restartedMain] j.LocalContainerEntityManagerFactoryBean : Initialized JPA EntityManagerFactory for persistence unit 'default'
2026-06-01 04:28:23.063 DEBUG 24624 --- [restartedMain] c.s.s.s.jwt.JwtAuthenticationFilter      : Filter 'jwtAuthenticationFilter' configured for use
2026-06-01 04:28:23.076  INFO 24624 --- [restartedMain] eAuthenticationProviderManagerConfigurer : Global AuthenticationManager configured with AuthenticationProvider bean with name authenticationProvider
2026-06-01 04:28:23.076  WARN 24624 --- [restartedMain] r$InitializeUserDetailsManagerConfigurer : Global AuthenticationManager configured with an AuthenticationProvider bean. UserDetailsService beans will not be used by Spring Security for automatically configuring username/password login. Consider removing the AuthenticationProvider bean. Alternatively, consider using the UserDetailsService in a manually instantiated DaoAuthenticationProvider. If the current configuration is intentional, to turn off this warning, increase the logging level of 'org.springframework.security.config.annotation.authentication.configuration.InitializeUserDetailsBeanManagerConfigurer' to ERROR
2026-06-01 04:28:23.088  WARN 24624 --- [restartedMain] ConfigServletWebServerApplicationContext : Exception encountered during context initialization - cancelling refresh attempt: org.springframework.beans.factory.UnsatisfiedDependencyException: Error creating bean with name 'citaRestController' defined in file [C:\Users\fabri\OneDrive\Desktop\Repositorios\Proyecto-Integrador\target\classes\com\sisol\salud\controller\api\CitaRestController.class]: Unsatisfied dependency expressed through constructor parameter 0: Error creating bean with name 'citaService' defined in file [C:\Users\fabri\OneDrive\Desktop\Repositorios\Proyecto-Integrador\target\classes\com\sisol\salud\service\CitaService.class]: Unsatisfied dependency expressed through constructor parameter 0: Error creating bean with name 'citaRepository' defined in com.sisol.salud.repository.CitaRepository defined in @EnableJpaRepositories declared on JpaRepositoriesRegistrar.EnableJpaRepositoriesConfiguration: Could not create query for public abstract java.util.List com.sisol.salud.repository.CitaRepository.findTopEspecialidades(); Reason: Query 'SELECT new com.sisol.salud.dto.response.TopEspecialidadResponse(c.medico.especialidad.nombre, COUNT(c)) FROM Cita c GROUP BY c.medico.especialidad.nombre ORDER BY COUNT(c) DESC' validation failed for method public abstract java.util.List com.sisol.salud.repository.CitaRepository.findTopEspecialidades()
2026-06-01 04:28:23.088  INFO 24624 --- [restartedMain] j.LocalContainerEntityManagerFactoryBean : Closing JPA EntityManagerFactory for persistence unit 'default'
2026-06-01 04:28:23.088  INFO 24624 --- [restartedMain] com.zaxxer.hikari.HikariDataSource       : HikariPool-17 - Shutdown initiated...
2026-06-01 04:28:23.110  INFO 24624 --- [restartedMain] com.zaxxer.hikari.HikariDataSource       : HikariPool-17 - Shutdown completed.
2026-06-01 04:28:23.110  INFO 24624 --- [restartedMain] o.apache.catalina.core.StandardService   : Stopping service [Tomcat]
2026-06-01 04:28:23.113  INFO 24624 --- [restartedMain] .s.b.a.l.ConditionEvaluationReportLogger : 

Error starting ApplicationContext. To display the condition evaluation report re-run your application with 'debug' enabled.
2026-06-01 04:28:23.114 ERROR 24624 --- [restartedMain] o.s.boot.SpringApplication               : Application run failed

org.springframework.beans.factory.UnsatisfiedDependencyException: Error creating bean with name 'citaRestController' defined in file [C:\Users\fabri\OneDrive\Desktop\Repositorios\Proyecto-Integrador\target\classes\com\sisol\salud\controller\api\CitaRestController.class]: Unsatisfied dependency expressed through constructor parameter 0: Error creating bean with name 'citaService' defined in file [C:\Users\fabri\OneDrive\Desktop\Repositorios\Proyecto-Integrador\target\classes\com\sisol\salud\service\CitaService.class]: Unsatisfied dependency expressed through constructor parameter 0: Error creating bean with name 'citaRepository' defined in com.sisol.salud.repository.CitaRepository defined in @EnableJpaRepositories declared on JpaRepositoriesRegistrar.EnableJpaRepositoriesConfiguration: Could not create query for public abstract java.util.List com.sisol.salud.repository.CitaRepository.findTopEspecialidades(); Reason: Query 'SELECT new com.sisol.salud.dto.response.TopEspecialidadResponse(c.medico.especialidad.nombre, COUNT(c)) FROM Cita c GROUP BY c.medico.especialidad.nombre ORDER BY COUNT(c) DESC' validation failed for method public abstract java.util.List com.sisol.salud.repository.CitaRepository.findTopEspecialidades()
	at org.springframework.beans.factory.support.ConstructorResolver.createArgumentArray(ConstructorResolver.java:804)
	at org.springframework.beans.factory.support.ConstructorResolver.autowireConstructor(ConstructorResolver.java:240)
	at org.springframework.beans.factory.support.AbstractAutowireCapableBeanFactory.autowireConstructor(AbstractAutowireCapableBeanFactory.java:1395)
	at org.springframework.beans.factory.support.AbstractAutowireCapableBeanFactory.createBeanInstance(AbstractAutowireCapableBeanFactory.java:1232)
	at org.springframework.beans.factory.support.AbstractAutowireCapableBeanFactory.doCreateBean(AbstractAutowireCapableBeanFactory.java:569)
	at org.springframework.beans.factory.support.AbstractAutowireCapableBeanFactory.createBean(AbstractAutowireCapableBeanFactory.java:529)
	at org.springframework.beans.factory.support.AbstractBeanFactory.lambda$doGetBean$0(AbstractBeanFactory.java:339)
	at org.springframework.beans.factory.support.DefaultSingletonBeanRegistry.getSingleton(DefaultSingletonBeanRegistry.java:373)
	at org.springframework.beans.factory.support.AbstractBeanFactory.doGetBean(AbstractBeanFactory.java:337)
	at org.springframework.beans.factory.support.AbstractBeanFactory.getBean(AbstractBeanFactory.java:202)
	at org.springframework.beans.factory.support.DefaultListableBeanFactory.instantiateSingleton(DefaultListableBeanFactory.java:1228)
	at org.springframework.beans.factory.support.DefaultListableBeanFactory.preInstantiateSingleton(DefaultListableBeanFactory.java:1194)
	at org.springframework.beans.factory.support.DefaultListableBeanFactory.preInstantiateSingletons(DefaultListableBeanFactory.java:1130)
	at org.springframework.context.support.AbstractApplicationContext.finishBeanFactoryInitialization(AbstractApplicationContext.java:990)
	at org.springframework.context.support.AbstractApplicationContext.refresh(AbstractApplicationContext.java:627)
	at org.springframework.boot.web.servlet.context.ServletWebServerApplicationContext.refresh(ServletWebServerApplicationContext.java:146)
	at org.springframework.boot.SpringApplication.refresh(SpringApplication.java:752)
	at org.springframework.boot.SpringApplication.refreshContext(SpringApplication.java:439)
	at org.springframework.boot.SpringApplication.run(SpringApplication.java:318)
	at org.springframework.boot.SpringApplication.run(SpringApplication.java:1361)
	at org.springframework.boot.SpringApplication.run(SpringApplication.java:1350)
	at com.sisol.salud.SisolSaludApplication.main(SisolSaludApplication.java:12)
	at java.base/jdk.internal.reflect.DirectMethodHandleAccessor.invoke(Unknown Source)
	at java.base/java.lang.reflect.Method.invoke(Unknown Source)
	at org.springframework.boot.devtools.restart.RestartLauncher.run(RestartLauncher.java:50)
Caused by: org.springframework.beans.factory.UnsatisfiedDependencyException: Error creating bean with name 'citaService' defined in file [C:\Users\fabri\OneDrive\Desktop\Repositorios\Proyecto-Integrador\target\classes\com\sisol\salud\service\CitaService.class]: Unsatisfied dependency expressed through constructor parameter 0: Error creating bean with name 'citaRepository' defined in com.sisol.salud.repository.CitaRepository defined in @EnableJpaRepositories declared on JpaRepositoriesRegistrar.EnableJpaRepositoriesConfiguration: Could not create query for public abstract java.util.List com.sisol.salud.repository.CitaRepository.findTopEspecialidades(); Reason: Query 'SELECT new com.sisol.salud.dto.response.TopEspecialidadResponse(c.medico.especialidad.nombre, COUNT(c)) FROM Cita c GROUP BY c.medico.especialidad.nombre ORDER BY COUNT(c) DESC' validation failed for method public abstract java.util.List com.sisol.salud.repository.CitaRepository.findTopEspecialidades()
	at org.springframework.beans.factory.support.ConstructorResolver.createArgumentArray(ConstructorResolver.java:804)
	at org.springframework.beans.factory.support.ConstructorResolver.autowireConstructor(ConstructorResolver.java:240)
	at org.springframework.beans.factory.support.AbstractAutowireCapableBeanFactory.autowireConstructor(AbstractAutowireCapableBeanFactory.java:1395)
	at org.springframework.beans.factory.support.AbstractAutowireCapableBeanFactory.createBeanInstance(AbstractAutowireCapableBeanFactory.java:1232)
	at org.springframework.beans.factory.support.AbstractAutowireCapableBeanFactory.doCreateBean(AbstractAutowireCapableBeanFactory.java:569)
	at org.springframework.beans.factory.support.AbstractAutowireCapableBeanFactory.createBean(AbstractAutowireCapableBeanFactory.java:529)
	at org.springframework.beans.factory.support.AbstractBeanFactory.lambda$doGetBean$0(AbstractBeanFactory.java:339)
	at org.springframework.beans.factory.support.DefaultSingletonBeanRegistry.getSingleton(DefaultSingletonBeanRegistry.java:373)
	at org.springframework.beans.factory.support.AbstractBeanFactory.doGetBean(AbstractBeanFactory.java:337)
	at org.springframework.beans.factory.support.AbstractBeanFactory.getBean(AbstractBeanFactory.java:202)
	at org.springframework.beans.factory.support.DefaultListableBeanFactory.doResolveDependency(DefaultListableBeanFactory.java:1708)
	at org.springframework.beans.factory.support.DefaultListableBeanFactory.resolveDependency(DefaultListableBeanFactory.java:1653)
	at org.springframework.beans.factory.support.ConstructorResolver.resolveAutowiredArgument(ConstructorResolver.java:913)
	at org.springframework.beans.factory.support.ConstructorResolver.createArgumentArray(ConstructorResolver.java:791)
	... 24 common frames omitted
Caused by: org.springframework.beans.factory.BeanCreationException: Error creating bean with name 'citaRepository' defined in com.sisol.salud.repository.CitaRepository defined in @EnableJpaRepositories declared on JpaRepositoriesRegistrar.EnableJpaRepositoriesConfiguration: Could not create query for public abstract java.util.List com.sisol.salud.repository.CitaRepository.findTopEspecialidades(); Reason: Query 'SELECT new com.sisol.salud.dto.response.TopEspecialidadResponse(c.medico.especialidad.nombre, COUNT(c)) FROM Cita c GROUP BY c.medico.especialidad.nombre ORDER BY COUNT(c) DESC' validation failed for method public abstract java.util.List com.sisol.salud.repository.CitaRepository.findTopEspecialidades()
	at org.springframework.beans.factory.support.AbstractAutowireCapableBeanFactory.initializeBean(AbstractAutowireCapableBeanFactory.java:1826)
	at org.springframework.beans.factory.support.AbstractAutowireCapableBeanFactory.doCreateBean(AbstractAutowireCapableBeanFactory.java:607)
	at org.springframework.beans.factory.support.AbstractAutowireCapableBeanFactory.createBean(AbstractAutowireCapableBeanFactory.java:529)
	at org.springframework.beans.factory.support.AbstractBeanFactory.lambda$doGetBean$0(AbstractBeanFactory.java:339)
	at org.springframework.beans.factory.support.DefaultSingletonBeanRegistry.getSingleton(DefaultSingletonBeanRegistry.java:373)
	at org.springframework.beans.factory.support.AbstractBeanFactory.doGetBean(AbstractBeanFactory.java:337)
	at org.springframework.beans.factory.support.AbstractBeanFactory.getBean(AbstractBeanFactory.java:202)
	at org.springframework.beans.factory.support.DefaultListableBeanFactory.doResolveDependency(DefaultListableBeanFactory.java:1708)
	at org.springframework.beans.factory.support.DefaultListableBeanFactory.resolveDependency(DefaultListableBeanFactory.java:1653)
	at org.springframework.beans.factory.support.ConstructorResolver.resolveAutowiredArgument(ConstructorResolver.java:913)
	at org.springframework.beans.factory.support.ConstructorResolver.createArgumentArray(ConstructorResolver.java:791)
	... 37 common frames omitted
Caused by: org.springframework.data.repository.query.QueryCreationException: Could not create query for public abstract java.util.List com.sisol.salud.repository.CitaRepository.findTopEspecialidades(); Reason: Query 'SELECT new com.sisol.salud.dto.response.TopEspecialidadResponse(c.medico.especialidad.nombre, COUNT(c)) FROM Cita c GROUP BY c.medico.especialidad.nombre ORDER BY COUNT(c) DESC' validation failed for method public abstract java.util.List com.sisol.salud.repository.CitaRepository.findTopEspecialidades()
	at org.springframework.data.repository.query.QueryCreationException.create(QueryCreationException.java:101)
	at org.springframework.data.repository.core.support.QueryExecutorMethodInterceptor.lookupQuery(QueryExecutorMethodInterceptor.java:120)
	at org.springframework.data.repository.core.support.QueryExecutorMethodInterceptor.mapMethodsToQuery(QueryExecutorMethodInterceptor.java:104)
	at org.springframework.data.repository.core.support.QueryExecutorMethodInterceptor.lambda$new$0(QueryExecutorMethodInterceptor.java:92)
	at java.base/java.util.Optional.map(Unknown Source)
	at org.springframework.data.repository.core.support.QueryExecutorMethodInterceptor.<init>(QueryExecutorMethodInterceptor.java:92)
	at org.springframework.data.repository.core.support.RepositoryFactorySupport.getRepository(RepositoryFactorySupport.java:434)
	at org.springframework.data.repository.core.support.RepositoryFactoryBeanSupport.lambda$afterPropertiesSet$4(RepositoryFactoryBeanSupport.java:355)
	at org.springframework.data.util.Lazy.getNullable(Lazy.java:135)
	at org.springframework.data.util.Lazy.get(Lazy.java:113)
	at org.springframework.data.repository.core.support.RepositoryFactoryBeanSupport.afterPropertiesSet(RepositoryFactoryBeanSupport.java:361)
	at org.springframework.data.jpa.repository.support.JpaRepositoryFactoryBean.afterPropertiesSet(JpaRepositoryFactoryBean.java:132)
	at org.springframework.beans.factory.support.AbstractAutowireCapableBeanFactory.invokeInitMethods(AbstractAutowireCapableBeanFactory.java:1873)
	at org.springframework.beans.factory.support.AbstractAutowireCapableBeanFactory.initializeBean(AbstractAutowireCapableBeanFactory.java:1822)
	... 47 common frames omitted
Caused by: java.lang.IllegalArgumentException: Query 'SELECT new com.sisol.salud.dto.response.TopEspecialidadResponse(c.medico.especialidad.nombre, COUNT(c)) FROM Cita c GROUP BY c.medico.especialidad.nombre ORDER BY COUNT(c) DESC' validation failed for method public abstract java.util.List com.sisol.salud.repository.CitaRepository.findTopEspecialidades()
	at org.springframework.data.jpa.repository.query.SimpleJpaQuery.validateQuery(SimpleJpaQuery.java:93)
	at org.springframework.data.jpa.repository.query.SimpleJpaQuery.<init>(SimpleJpaQuery.java:67)
	at org.springframework.data.jpa.repository.query.JpaQueryFactory.fromMethodWithQueryString(JpaQueryFactory.java:49)
	at org.springframework.data.jpa.repository.query.JpaQueryLookupStrategy$DeclaredQueryLookupStrategy.resolveQuery(JpaQueryLookupStrategy.java:174)
	at org.springframework.data.jpa.repository.query.JpaQueryLookupStrategy$CreateIfNotFoundQueryLookupStrategy.resolveQuery(JpaQueryLookupStrategy.java:254)
	at org.springframework.data.jpa.repository.query.JpaQueryLookupStrategy$AbstractQueryLookupStrategy.resolveQuery(JpaQueryLookupStrategy.java:99)
	at org.springframework.data.repository.core.support.QueryExecutorMethodInterceptor.lookupQuery(QueryExecutorMethodInterceptor.java:116)
	... 59 common frames omitted
Caused by: java.lang.IllegalArgumentException: org.hibernate.query.sqm.UnknownPathException: Could not resolve attribute 'especialidad' of 'com.sisol.salud.model.entity.Medico' [SELECT new com.sisol.salud.dto.response.TopEspecialidadResponse(c.medico.especialidad.nombre, COUNT(c)) FROM Cita c GROUP BY c.medico.especialidad.nombre ORDER BY COUNT(c) DESC]
	at org.hibernate.internal.ExceptionConverterImpl.convert(ExceptionConverterImpl.java:143)
	at org.hibernate.internal.ExceptionConverterImpl.convert(ExceptionConverterImpl.java:167)
	at org.hibernate.internal.ExceptionConverterImpl.convert(ExceptionConverterImpl.java:173)
	at org.hibernate.internal.AbstractSharedSessionContract.createQuery(AbstractSharedSessionContract.java:886)
	at org.hibernate.internal.AbstractSharedSessionContract.createQuery(AbstractSharedSessionContract.java:796)
	at org.hibernate.internal.AbstractSharedSessionContract.createQuery(AbstractSharedSessionContract.java:143)
	at java.base/jdk.internal.reflect.DirectMethodHandleAccessor.invoke(Unknown Source)
	at java.base/java.lang.reflect.Method.invoke(Unknown Source)
	at org.springframework.orm.jpa.ExtendedEntityManagerCreator$ExtendedEntityManagerInvocationHandler.invoke(ExtendedEntityManagerCreator.java:364)
	at jdk.proxy36/jdk.proxy36.$Proxy347.createQuery(Unknown Source)
	at org.springframework.data.jpa.repository.query.SimpleJpaQuery.validateQuery(SimpleJpaQuery.java:88)
	... 65 common frames omitted
Caused by: org.hibernate.query.sqm.UnknownPathException: Could not resolve attribute 'especialidad' of 'com.sisol.salud.model.entity.Medico' [SELECT new com.sisol.salud.dto.response.TopEspecialidadResponse(c.medico.especialidad.nombre, COUNT(c)) FROM Cita c GROUP BY c.medico.especialidad.nombre ORDER BY COUNT(c) DESC]
	at org.hibernate.query.hql.internal.StandardHqlTranslator.translate(StandardHqlTranslator.java:88)
	at org.hibernate.query.internal.QueryInterpretationCacheStandardImpl.createHqlInterpretation(QueryInterpretationCacheStandardImpl.java:145)
	at org.hibernate.query.internal.QueryInterpretationCacheStandardImpl.resolveHqlInterpretation(QueryInterpretationCacheStandardImpl.java:132)
	at org.hibernate.query.spi.QueryEngine.interpretHql(QueryEngine.java:54)
	at org.hibernate.internal.AbstractSharedSessionContract.interpretHql(AbstractSharedSessionContract.java:832)
	at org.hibernate.internal.AbstractSharedSessionContract.createQuery(AbstractSharedSessionContract.java:878)
	... 72 common frames omitted
Caused by: org.hibernate.query.sqm.PathElementException: Could not resolve attribute 'especialidad' of 'com.sisol.salud.model.entity.Medico'
	at org.hibernate.query.sqm.SqmPathSource.getSubPathSource(SqmPathSource.java:95)
	at org.hibernate.query.sqm.tree.domain.AbstractSqmPath.get(AbstractSqmPath.java:199)
	at org.hibernate.query.sqm.tree.domain.SqmEntityValuedSimplePath.resolvePathPart(SqmEntityValuedSimplePath.java:56)
	at org.hibernate.query.hql.internal.DomainPathPart.resolvePathPart(DomainPathPart.java:42)
	at org.hibernate.query.hql.internal.BasicDotIdentifierConsumer.consumeIdentifier(BasicDotIdentifierConsumer.java:92)
	at org.hibernate.query.hql.internal.SemanticQueryBuilder.visitSimplePath(SemanticQueryBuilder.java:5432)
	at org.hibernate.query.hql.internal.SemanticQueryBuilder.visitGeneralPathFragment(SemanticQueryBuilder.java:5292)
	at org.hibernate.query.hql.internal.SemanticQueryBuilder.visitGeneralPathExpression(SemanticQueryBuilder.java:1884)
	at org.hibernate.grammars.hql.HqlParser$GeneralPathExpressionContext.accept(HqlParser.java:7882)
	at org.antlr.v4.runtime.tree.AbstractParseTreeVisitor.visitChildren(AbstractParseTreeVisitor.java:46)
	at org.hibernate.grammars.hql.HqlParserBaseVisitor.visitBarePrimaryExpression(HqlParserBaseVisitor.java:749)
	at org.hibernate.grammars.hql.HqlParser$BarePrimaryExpressionContext.accept(HqlParser.java:7331)
	at org.antlr.v4.runtime.tree.AbstractParseTreeVisitor.visitChildren(AbstractParseTreeVisitor.java:46)
	at org.hibernate.grammars.hql.HqlParserBaseVisitor.visitExpressionOrPredicate(HqlParserBaseVisitor.java:882)
	at org.hibernate.grammars.hql.HqlParser$ExpressionOrPredicateContext.accept(HqlParser.java:8114)
	at org.antlr.v4.runtime.tree.AbstractParseTreeVisitor.visitChildren(AbstractParseTreeVisitor.java:46)
	at org.hibernate.grammars.hql.HqlParserBaseVisitor.visitInstantiationArgumentExpression(HqlParserBaseVisitor.java:385)
	at org.hibernate.grammars.hql.HqlParser$InstantiationArgumentExpressionContext.accept(HqlParser.java:4228)
	at org.hibernate.query.hql.internal.SemanticQueryBuilder.visitInstantiationArgument(SemanticQueryBuilder.java:1529)
	at org.hibernate.query.hql.internal.SemanticQueryBuilder.visitInstantiation(SemanticQueryBuilder.java:1495)
	at org.hibernate.query.hql.internal.SemanticQueryBuilder.visitInstantiation(SemanticQueryBuilder.java:278)
	at org.hibernate.grammars.hql.HqlParser$InstantiationContext.accept(HqlParser.java:3977)
	at org.hibernate.query.hql.internal.SemanticQueryBuilder.visitSelectableNode(SemanticQueryBuilder.java:1451)
	at org.hibernate.query.hql.internal.SemanticQueryBuilder.visitSelection(SemanticQueryBuilder.java:1405)
	at org.hibernate.query.hql.internal.SemanticQueryBuilder.visitSelectClause(SemanticQueryBuilder.java:1398)
	at org.hibernate.query.hql.internal.SemanticQueryBuilder.visitQuery(SemanticQueryBuilder.java:1247)
	at org.hibernate.query.hql.internal.SemanticQueryBuilder.visitQuerySpecExpression(SemanticQueryBuilder.java:1029)
	at org.hibernate.query.hql.internal.SemanticQueryBuilder.visitQuerySpecExpression(SemanticQueryBuilder.java:278)
	at org.hibernate.grammars.hql.HqlParser$QuerySpecExpressionContext.accept(HqlParser.java:2077)
	at org.hibernate.query.hql.internal.SemanticQueryBuilder.visitQueryExpression(SemanticQueryBuilder.java:1063)
	at org.hibernate.query.hql.internal.SemanticQueryBuilder.visitQueryExpression(SemanticQueryBuilder.java:278)
	at org.hibernate.grammars.hql.HqlParser$QueryExpressionContext.accept(HqlParser.java:1973)
	at org.hibernate.query.hql.internal.SemanticQueryBuilder.visitSelectStatement(SemanticQueryBuilder.java:493)
	at org.hibernate.query.hql.internal.SemanticQueryBuilder.visitStatement(SemanticQueryBuilder.java:452)
	at org.hibernate.query.hql.internal.SemanticQueryBuilder.buildSemanticModel(SemanticQueryBuilder.java:325)
	at org.hibernate.query.hql.internal.StandardHqlTranslator.translate(StandardHqlTranslator.java:71)
	... 77 common frames omitted

2026-06-01 04:28:36.941  INFO 24624 --- [restartedMain] com.sisol.salud.SisolSaludApplication    : Starting SisolSaludApplication using Java 21.0.10 with PID 24624 (C:\Users\fabri\OneDrive\Desktop\Repositorios\Proyecto-Integrador\target\classes started by fabri in C:\Users\fabri\OneDrive\Desktop\Repositorios\Proyecto-Integrador)
2026-06-01 04:28:36.941 DEBUG 24624 --- [restartedMain] com.sisol.salud.SisolSaludApplication    : Running with Spring Boot v3.5.9, Spring v6.2.15
2026-06-01 04:28:36.941  INFO 24624 --- [restartedMain] com.sisol.salud.SisolSaludApplication    : No active profile set, falling back to 1 default profile: "default"
2026-06-01 04:28:37.097  INFO 24624 --- [restartedMain] .s.d.r.c.RepositoryConfigurationDelegate : Bootstrapping Spring Data JPA repositories in DEFAULT mode.
2026-06-01 04:28:37.114  INFO 24624 --- [restartedMain] .s.d.r.c.RepositoryConfigurationDelegate : Finished Spring Data repository scanning in 17 ms. Found 8 JPA repository interfaces.
2026-06-01 04:28:37.153  INFO 24624 --- [restartedMain] o.s.b.w.embedded.tomcat.TomcatWebServer  : Tomcat initialized with port 8080 (http)
2026-06-01 04:28:37.154  INFO 24624 --- [restartedMain] o.apache.catalina.core.StandardService   : Starting service [Tomcat]
2026-06-01 04:28:37.154  INFO 24624 --- [restartedMain] o.apache.catalina.core.StandardEngine    : Starting Servlet engine: [Apache Tomcat/10.1.50]
2026-06-01 04:28:37.169  INFO 24624 --- [restartedMain] o.a.c.c.C.[Tomcat-12].[localhost].[/]    : Initializing Spring embedded WebApplicationContext
2026-06-01 04:28:37.169  INFO 24624 --- [restartedMain] w.s.c.ServletWebServerApplicationContext : Root WebApplicationContext: initialization completed in 227 ms
2026-06-01 04:28:37.188  INFO 24624 --- [restartedMain] o.hibernate.jpa.internal.util.LogHelper  : HHH000204: Processing PersistenceUnitInfo [name: default]
2026-06-01 04:28:37.192  INFO 24624 --- [restartedMain] o.h.c.internal.RegionFactoryInitiator    : HHH000026: Second-level cache disabled
2026-06-01 04:28:37.194  INFO 24624 --- [restartedMain] o.h.e.boot.internal.EnversServiceImpl    : Envers integration enabled? : true
2026-06-01 04:28:37.196  INFO 24624 --- [restartedMain] o.s.o.j.p.SpringPersistenceUnitInfo      : No LoadTimeWeaver setup: ignoring JPA class transformer
2026-06-01 04:28:37.197  INFO 24624 --- [restartedMain] com.zaxxer.hikari.HikariDataSource       : HikariPool-18 - Starting...
2026-06-01 04:28:37.199  INFO 24624 --- [restartedMain] com.zaxxer.hikari.pool.HikariPool        : HikariPool-18 - Added connection com.mysql.cj.jdbc.ConnectionImpl@4720c5eb
2026-06-01 04:28:37.199  INFO 24624 --- [restartedMain] com.zaxxer.hikari.HikariDataSource       : HikariPool-18 - Start completed.
2026-06-01 04:28:37.200  WARN 24624 --- [restartedMain] org.hibernate.orm.deprecation            : HHH90000025: MySQLDialect does not need to be specified explicitly using 'hibernate.dialect' (remove the property setting and it will be selected by default)
2026-06-01 04:28:37.200  INFO 24624 --- [restartedMain] org.hibernate.orm.connections.pooling    : HHH10001005: Database info:
	Database JDBC URL [Connecting through datasource 'HikariDataSource (HikariPool-18)']
	Database driver: undefined/unknown
	Database version: 8.0.45
	Autocommit mode: undefined/unknown
	Isolation level: undefined/unknown
	Minimum pool size: undefined/unknown
	Maximum pool size: undefined/unknown
2026-06-01 04:28:37.215  INFO 24624 --- [restartedMain] o.h.e.c.i.m.AuditMetadataGenerator       : Adding properties for entity: com.sisol.salud.model.entity.Cita
2026-06-01 04:28:37.215  INFO 24624 --- [restartedMain] o.h.e.c.i.m.AuditMetadataGenerator       : Adding properties for entity: com.sisol.salud.model.entity.Paciente
2026-06-01 04:28:37.215  INFO 24624 --- [restartedMain] o.h.e.c.i.m.AuditMetadataGenerator       : Adding properties for entity: com.sisol.salud.model.entity.Especialidad
2026-06-01 04:28:37.215  INFO 24624 --- [restartedMain] o.h.e.c.i.m.AuditMetadataGenerator       : Adding properties for entity: com.sisol.salud.model.entity.Medico
2026-06-01 04:28:37.215  INFO 24624 --- [restartedMain] o.h.e.c.i.m.AuditMetadataGenerator       : Adding properties for entity: com.sisol.salud.model.entity.Pago
2026-06-01 04:28:37.215  INFO 24624 --- [restartedMain] o.h.e.c.i.m.AuditMetadataGenerator       : Adding properties for entity: com.sisol.salud.model.entity.Usuario
2026-06-01 04:28:37.262  INFO 24624 --- [restartedMain] o.h.e.t.j.p.i.JtaPlatformInitiator       : HHH000489: No JTA platform available (set 'hibernate.transaction.jta.platform' to enable JTA platform integration)
2026-06-01 04:28:37.300  INFO 24624 --- [restartedMain] j.LocalContainerEntityManagerFactoryBean : Initialized JPA EntityManagerFactory for persistence unit 'default'
2026-06-01 04:28:37.329 DEBUG 24624 --- [restartedMain] c.s.s.s.jwt.JwtAuthenticationFilter      : Filter 'jwtAuthenticationFilter' configured for use
2026-06-01 04:28:37.360  INFO 24624 --- [restartedMain] eAuthenticationProviderManagerConfigurer : Global AuthenticationManager configured with AuthenticationProvider bean with name authenticationProvider
2026-06-01 04:28:37.360  WARN 24624 --- [restartedMain] r$InitializeUserDetailsManagerConfigurer : Global AuthenticationManager configured with an AuthenticationProvider bean. UserDetailsService beans will not be used by Spring Security for automatically configuring username/password login. Consider removing the AuthenticationProvider bean. Alternatively, consider using the UserDetailsService in a manually instantiated DaoAuthenticationProvider. If the current configuration is intentional, to turn off this warning, increase the logging level of 'org.springframework.security.config.annotation.authentication.configuration.InitializeUserDetailsBeanManagerConfigurer' to ERROR
2026-06-01 04:28:37.375  WARN 24624 --- [restartedMain] ConfigServletWebServerApplicationContext : Exception encountered during context initialization - cancelling refresh attempt: org.springframework.beans.factory.UnsatisfiedDependencyException: Error creating bean with name 'citaRestController' defined in file [C:\Users\fabri\OneDrive\Desktop\Repositorios\Proyecto-Integrador\target\classes\com\sisol\salud\controller\api\CitaRestController.class]: Unsatisfied dependency expressed through constructor parameter 0: Error creating bean with name 'citaService' defined in file [C:\Users\fabri\OneDrive\Desktop\Repositorios\Proyecto-Integrador\target\classes\com\sisol\salud\service\CitaService.class]: Unsatisfied dependency expressed through constructor parameter 0: Error creating bean with name 'citaRepository' defined in com.sisol.salud.repository.CitaRepository defined in @EnableJpaRepositories declared on JpaRepositoriesRegistrar.EnableJpaRepositoriesConfiguration: Could not create query for public abstract java.util.List com.sisol.salud.repository.CitaRepository.findTopEspecialidades(); Reason: Query 'SELECT new com.sisol.salud.dto.response.TopEspecialidadResponse(c.medico.especialidad.nombre, COUNT(c)) FROM Cita c GROUP BY c.medico.especialidad.nombre ORDER BY COUNT(c) DESC' validation failed for method public abstract java.util.List com.sisol.salud.repository.CitaRepository.findTopEspecialidades()
2026-06-01 04:28:37.375  INFO 24624 --- [restartedMain] j.LocalContainerEntityManagerFactoryBean : Closing JPA EntityManagerFactory for persistence unit 'default'
2026-06-01 04:28:37.375  INFO 24624 --- [restartedMain] com.zaxxer.hikari.HikariDataSource       : HikariPool-18 - Shutdown initiated...
2026-06-01 04:28:37.394  INFO 24624 --- [restartedMain] com.zaxxer.hikari.HikariDataSource       : HikariPool-18 - Shutdown completed.
2026-06-01 04:28:37.394  INFO 24624 --- [restartedMain] o.apache.catalina.core.StandardService   : Stopping service [Tomcat]
2026-06-01 04:28:37.398  INFO 24624 --- [restartedMain] .s.b.a.l.ConditionEvaluationReportLogger : 

Error starting ApplicationContext. To display the condition evaluation report re-run your application with 'debug' enabled.
2026-06-01 04:28:37.399 ERROR 24624 --- [restartedMain] o.s.boot.SpringApplication               : Application run failed

org.springframework.beans.factory.UnsatisfiedDependencyException: Error creating bean with name 'citaRestController' defined in file [C:\Users\fabri\OneDrive\Desktop\Repositorios\Proyecto-Integrador\target\classes\com\sisol\salud\controller\api\CitaRestController.class]: Unsatisfied dependency expressed through constructor parameter 0: Error creating bean with name 'citaService' defined in file [C:\Users\fabri\OneDrive\Desktop\Repositorios\Proyecto-Integrador\target\classes\com\sisol\salud\service\CitaService.class]: Unsatisfied dependency expressed through constructor parameter 0: Error creating bean with name 'citaRepository' defined in com.sisol.salud.repository.CitaRepository defined in @EnableJpaRepositories declared on JpaRepositoriesRegistrar.EnableJpaRepositoriesConfiguration: Could not create query for public abstract java.util.List com.sisol.salud.repository.CitaRepository.findTopEspecialidades(); Reason: Query 'SELECT new com.sisol.salud.dto.response.TopEspecialidadResponse(c.medico.especialidad.nombre, COUNT(c)) FROM Cita c GROUP BY c.medico.especialidad.nombre ORDER BY COUNT(c) DESC' validation failed for method public abstract java.util.List com.sisol.salud.repository.CitaRepository.findTopEspecialidades()
	at org.springframework.beans.factory.support.ConstructorResolver.createArgumentArray(ConstructorResolver.java:804)
	at org.springframework.beans.factory.support.ConstructorResolver.autowireConstructor(ConstructorResolver.java:240)
	at org.springframework.beans.factory.support.AbstractAutowireCapableBeanFactory.autowireConstructor(AbstractAutowireCapableBeanFactory.java:1395)
	at org.springframework.beans.factory.support.AbstractAutowireCapableBeanFactory.createBeanInstance(AbstractAutowireCapableBeanFactory.java:1232)
	at org.springframework.beans.factory.support.AbstractAutowireCapableBeanFactory.doCreateBean(AbstractAutowireCapableBeanFactory.java:569)
	at org.springframework.beans.factory.support.AbstractAutowireCapableBeanFactory.createBean(AbstractAutowireCapableBeanFactory.java:529)
	at org.springframework.beans.factory.support.AbstractBeanFactory.lambda$doGetBean$0(AbstractBeanFactory.java:339)
	at org.springframework.beans.factory.support.DefaultSingletonBeanRegistry.getSingleton(DefaultSingletonBeanRegistry.java:373)
	at org.springframework.beans.factory.support.AbstractBeanFactory.doGetBean(AbstractBeanFactory.java:337)
	at org.springframework.beans.factory.support.AbstractBeanFactory.getBean(AbstractBeanFactory.java:202)
	at org.springframework.beans.factory.support.DefaultListableBeanFactory.instantiateSingleton(DefaultListableBeanFactory.java:1228)
	at org.springframework.beans.factory.support.DefaultListableBeanFactory.preInstantiateSingleton(DefaultListableBeanFactory.java:1194)
	at org.springframework.beans.factory.support.DefaultListableBeanFactory.preInstantiateSingletons(DefaultListableBeanFactory.java:1130)
	at org.springframework.context.support.AbstractApplicationContext.finishBeanFactoryInitialization(AbstractApplicationContext.java:990)
	at org.springframework.context.support.AbstractApplicationContext.refresh(AbstractApplicationContext.java:627)
	at org.springframework.boot.web.servlet.context.ServletWebServerApplicationContext.refresh(ServletWebServerApplicationContext.java:146)
	at org.springframework.boot.SpringApplication.refresh(SpringApplication.java:752)
	at org.springframework.boot.SpringApplication.refreshContext(SpringApplication.java:439)
	at org.springframework.boot.SpringApplication.run(SpringApplication.java:318)
	at org.springframework.boot.SpringApplication.run(SpringApplication.java:1361)
	at org.springframework.boot.SpringApplication.run(SpringApplication.java:1350)
	at com.sisol.salud.SisolSaludApplication.main(SisolSaludApplication.java:12)
	at java.base/jdk.internal.reflect.DirectMethodHandleAccessor.invoke(Unknown Source)
	at java.base/java.lang.reflect.Method.invoke(Unknown Source)
	at org.springframework.boot.devtools.restart.RestartLauncher.run(RestartLauncher.java:50)
Caused by: org.springframework.beans.factory.UnsatisfiedDependencyException: Error creating bean with name 'citaService' defined in file [C:\Users\fabri\OneDrive\Desktop\Repositorios\Proyecto-Integrador\target\classes\com\sisol\salud\service\CitaService.class]: Unsatisfied dependency expressed through constructor parameter 0: Error creating bean with name 'citaRepository' defined in com.sisol.salud.repository.CitaRepository defined in @EnableJpaRepositories declared on JpaRepositoriesRegistrar.EnableJpaRepositoriesConfiguration: Could not create query for public abstract java.util.List com.sisol.salud.repository.CitaRepository.findTopEspecialidades(); Reason: Query 'SELECT new com.sisol.salud.dto.response.TopEspecialidadResponse(c.medico.especialidad.nombre, COUNT(c)) FROM Cita c GROUP BY c.medico.especialidad.nombre ORDER BY COUNT(c) DESC' validation failed for method public abstract java.util.List com.sisol.salud.repository.CitaRepository.findTopEspecialidades()
	at org.springframework.beans.factory.support.ConstructorResolver.createArgumentArray(ConstructorResolver.java:804)
	at org.springframework.beans.factory.support.ConstructorResolver.autowireConstructor(ConstructorResolver.java:240)
	at org.springframework.beans.factory.support.AbstractAutowireCapableBeanFactory.autowireConstructor(AbstractAutowireCapableBeanFactory.java:1395)
	at org.springframework.beans.factory.support.AbstractAutowireCapableBeanFactory.createBeanInstance(AbstractAutowireCapableBeanFactory.java:1232)
	at org.springframework.beans.factory.support.AbstractAutowireCapableBeanFactory.doCreateBean(AbstractAutowireCapableBeanFactory.java:569)
	at org.springframework.beans.factory.support.AbstractAutowireCapableBeanFactory.createBean(AbstractAutowireCapableBeanFactory.java:529)
	at org.springframework.beans.factory.support.AbstractBeanFactory.lambda$doGetBean$0(AbstractBeanFactory.java:339)
	at org.springframework.beans.factory.support.DefaultSingletonBeanRegistry.getSingleton(DefaultSingletonBeanRegistry.java:373)
	at org.springframework.beans.factory.support.AbstractBeanFactory.doGetBean(AbstractBeanFactory.java:337)
	at org.springframework.beans.factory.support.AbstractBeanFactory.getBean(AbstractBeanFactory.java:202)
	at org.springframework.beans.factory.support.DefaultListableBeanFactory.doResolveDependency(DefaultListableBeanFactory.java:1708)
	at org.springframework.beans.factory.support.DefaultListableBeanFactory.resolveDependency(DefaultListableBeanFactory.java:1653)
	at org.springframework.beans.factory.support.ConstructorResolver.resolveAutowiredArgument(ConstructorResolver.java:913)
	at org.springframework.beans.factory.support.ConstructorResolver.createArgumentArray(ConstructorResolver.java:791)
	... 24 common frames omitted
Caused by: org.springframework.beans.factory.BeanCreationException: Error creating bean with name 'citaRepository' defined in com.sisol.salud.repository.CitaRepository defined in @EnableJpaRepositories declared on JpaRepositoriesRegistrar.EnableJpaRepositoriesConfiguration: Could not create query for public abstract java.util.List com.sisol.salud.repository.CitaRepository.findTopEspecialidades(); Reason: Query 'SELECT new com.sisol.salud.dto.response.TopEspecialidadResponse(c.medico.especialidad.nombre, COUNT(c)) FROM Cita c GROUP BY c.medico.especialidad.nombre ORDER BY COUNT(c) DESC' validation failed for method public abstract java.util.List com.sisol.salud.repository.CitaRepository.findTopEspecialidades()
	at org.springframework.beans.factory.support.AbstractAutowireCapableBeanFactory.initializeBean(AbstractAutowireCapableBeanFactory.java:1826)
	at org.springframework.beans.factory.support.AbstractAutowireCapableBeanFactory.doCreateBean(AbstractAutowireCapableBeanFactory.java:607)
	at org.springframework.beans.factory.support.AbstractAutowireCapableBeanFactory.createBean(AbstractAutowireCapableBeanFactory.java:529)
	at org.springframework.beans.factory.support.AbstractBeanFactory.lambda$doGetBean$0(AbstractBeanFactory.java:339)
	at org.springframework.beans.factory.support.DefaultSingletonBeanRegistry.getSingleton(DefaultSingletonBeanRegistry.java:373)
	at org.springframework.beans.factory.support.AbstractBeanFactory.doGetBean(AbstractBeanFactory.java:337)
	at org.springframework.beans.factory.support.AbstractBeanFactory.getBean(AbstractBeanFactory.java:202)
	at org.springframework.beans.factory.support.DefaultListableBeanFactory.doResolveDependency(DefaultListableBeanFactory.java:1708)
	at org.springframework.beans.factory.support.DefaultListableBeanFactory.resolveDependency(DefaultListableBeanFactory.java:1653)
	at org.springframework.beans.factory.support.ConstructorResolver.resolveAutowiredArgument(ConstructorResolver.java:913)
	at org.springframework.beans.factory.support.ConstructorResolver.createArgumentArray(ConstructorResolver.java:791)
	... 37 common frames omitted
Caused by: org.springframework.data.repository.query.QueryCreationException: Could not create query for public abstract java.util.List com.sisol.salud.repository.CitaRepository.findTopEspecialidades(); Reason: Query 'SELECT new com.sisol.salud.dto.response.TopEspecialidadResponse(c.medico.especialidad.nombre, COUNT(c)) FROM Cita c GROUP BY c.medico.especialidad.nombre ORDER BY COUNT(c) DESC' validation failed for method public abstract java.util.List com.sisol.salud.repository.CitaRepository.findTopEspecialidades()
	at org.springframework.data.repository.query.QueryCreationException.create(QueryCreationException.java:101)
	at org.springframework.data.repository.core.support.QueryExecutorMethodInterceptor.lookupQuery(QueryExecutorMethodInterceptor.java:120)
	at org.springframework.data.repository.core.support.QueryExecutorMethodInterceptor.mapMethodsToQuery(QueryExecutorMethodInterceptor.java:104)
	at org.springframework.data.repository.core.support.QueryExecutorMethodInterceptor.lambda$new$0(QueryExecutorMethodInterceptor.java:92)
	at java.base/java.util.Optional.map(Unknown Source)
	at org.springframework.data.repository.core.support.QueryExecutorMethodInterceptor.<init>(QueryExecutorMethodInterceptor.java:92)
	at org.springframework.data.repository.core.support.RepositoryFactorySupport.getRepository(RepositoryFactorySupport.java:434)
	at org.springframework.data.repository.core.support.RepositoryFactoryBeanSupport.lambda$afterPropertiesSet$4(RepositoryFactoryBeanSupport.java:355)
	at org.springframework.data.util.Lazy.getNullable(Lazy.java:135)
	at org.springframework.data.util.Lazy.get(Lazy.java:113)
	at org.springframework.data.repository.core.support.RepositoryFactoryBeanSupport.afterPropertiesSet(RepositoryFactoryBeanSupport.java:361)
	at org.springframework.data.jpa.repository.support.JpaRepositoryFactoryBean.afterPropertiesSet(JpaRepositoryFactoryBean.java:132)
	at org.springframework.beans.factory.support.AbstractAutowireCapableBeanFactory.invokeInitMethods(AbstractAutowireCapableBeanFactory.java:1873)
	at org.springframework.beans.factory.support.AbstractAutowireCapableBeanFactory.initializeBean(AbstractAutowireCapableBeanFactory.java:1822)
	... 47 common frames omitted
Caused by: java.lang.IllegalArgumentException: Query 'SELECT new com.sisol.salud.dto.response.TopEspecialidadResponse(c.medico.especialidad.nombre, COUNT(c)) FROM Cita c GROUP BY c.medico.especialidad.nombre ORDER BY COUNT(c) DESC' validation failed for method public abstract java.util.List com.sisol.salud.repository.CitaRepository.findTopEspecialidades()
	at org.springframework.data.jpa.repository.query.SimpleJpaQuery.validateQuery(SimpleJpaQuery.java:93)
	at org.springframework.data.jpa.repository.query.SimpleJpaQuery.<init>(SimpleJpaQuery.java:67)
	at org.springframework.data.jpa.repository.query.JpaQueryFactory.fromMethodWithQueryString(JpaQueryFactory.java:49)
	at org.springframework.data.jpa.repository.query.JpaQueryLookupStrategy$DeclaredQueryLookupStrategy.resolveQuery(JpaQueryLookupStrategy.java:174)
	at org.springframework.data.jpa.repository.query.JpaQueryLookupStrategy$CreateIfNotFoundQueryLookupStrategy.resolveQuery(JpaQueryLookupStrategy.java:254)
	at org.springframework.data.jpa.repository.query.JpaQueryLookupStrategy$AbstractQueryLookupStrategy.resolveQuery(JpaQueryLookupStrategy.java:99)
	at org.springframework.data.repository.core.support.QueryExecutorMethodInterceptor.lookupQuery(QueryExecutorMethodInterceptor.java:116)
	... 59 common frames omitted
Caused by: java.lang.IllegalArgumentException: org.hibernate.query.sqm.UnknownPathException: Could not resolve attribute 'especialidad' of 'com.sisol.salud.model.entity.Medico' [SELECT new com.sisol.salud.dto.response.TopEspecialidadResponse(c.medico.especialidad.nombre, COUNT(c)) FROM Cita c GROUP BY c.medico.especialidad.nombre ORDER BY COUNT(c) DESC]
	at org.hibernate.internal.ExceptionConverterImpl.convert(ExceptionConverterImpl.java:143)
	at org.hibernate.internal.ExceptionConverterImpl.convert(ExceptionConverterImpl.java:167)
	at org.hibernate.internal.ExceptionConverterImpl.convert(ExceptionConverterImpl.java:173)
	at org.hibernate.internal.AbstractSharedSessionContract.createQuery(AbstractSharedSessionContract.java:886)
	at org.hibernate.internal.AbstractSharedSessionContract.createQuery(AbstractSharedSessionContract.java:796)
	at org.hibernate.internal.AbstractSharedSessionContract.createQuery(AbstractSharedSessionContract.java:143)
	at java.base/jdk.internal.reflect.DirectMethodHandleAccessor.invoke(Unknown Source)
	at java.base/java.lang.reflect.Method.invoke(Unknown Source)
	at org.springframework.orm.jpa.ExtendedEntityManagerCreator$ExtendedEntityManagerInvocationHandler.invoke(ExtendedEntityManagerCreator.java:364)
	at jdk.proxy38/jdk.proxy38.$Proxy353.createQuery(Unknown Source)
	at org.springframework.data.jpa.repository.query.SimpleJpaQuery.validateQuery(SimpleJpaQuery.java:88)
	... 65 common frames omitted
Caused by: org.hibernate.query.sqm.UnknownPathException: Could not resolve attribute 'especialidad' of 'com.sisol.salud.model.entity.Medico' [SELECT new com.sisol.salud.dto.response.TopEspecialidadResponse(c.medico.especialidad.nombre, COUNT(c)) FROM Cita c GROUP BY c.medico.especialidad.nombre ORDER BY COUNT(c) DESC]
	at org.hibernate.query.hql.internal.StandardHqlTranslator.translate(StandardHqlTranslator.java:88)
	at org.hibernate.query.internal.QueryInterpretationCacheStandardImpl.createHqlInterpretation(QueryInterpretationCacheStandardImpl.java:145)
	at org.hibernate.query.internal.QueryInterpretationCacheStandardImpl.resolveHqlInterpretation(QueryInterpretationCacheStandardImpl.java:132)
	at org.hibernate.query.spi.QueryEngine.interpretHql(QueryEngine.java:54)
	at org.hibernate.internal.AbstractSharedSessionContract.interpretHql(AbstractSharedSessionContract.java:832)
	at org.hibernate.internal.AbstractSharedSessionContract.createQuery(AbstractSharedSessionContract.java:878)
	... 72 common frames omitted
Caused by: org.hibernate.query.sqm.PathElementException: Could not resolve attribute 'especialidad' of 'com.sisol.salud.model.entity.Medico'
	at org.hibernate.query.sqm.SqmPathSource.getSubPathSource(SqmPathSource.java:95)
	at org.hibernate.query.sqm.tree.domain.AbstractSqmPath.get(AbstractSqmPath.java:199)
	at org.hibernate.query.sqm.tree.domain.SqmEntityValuedSimplePath.resolvePathPart(SqmEntityValuedSimplePath.java:56)
	at org.hibernate.query.hql.internal.DomainPathPart.resolvePathPart(DomainPathPart.java:42)
	at org.hibernate.query.hql.internal.BasicDotIdentifierConsumer.consumeIdentifier(BasicDotIdentifierConsumer.java:92)
	at org.hibernate.query.hql.internal.SemanticQueryBuilder.visitSimplePath(SemanticQueryBuilder.java:5432)
	at org.hibernate.query.hql.internal.SemanticQueryBuilder.visitGeneralPathFragment(SemanticQueryBuilder.java:5292)
	at org.hibernate.query.hql.internal.SemanticQueryBuilder.visitGeneralPathExpression(SemanticQueryBuilder.java:1884)
	at org.hibernate.grammars.hql.HqlParser$GeneralPathExpressionContext.accept(HqlParser.java:7882)
	at org.antlr.v4.runtime.tree.AbstractParseTreeVisitor.visitChildren(AbstractParseTreeVisitor.java:46)
	at org.hibernate.grammars.hql.HqlParserBaseVisitor.visitBarePrimaryExpression(HqlParserBaseVisitor.java:749)
	at org.hibernate.grammars.hql.HqlParser$BarePrimaryExpressionContext.accept(HqlParser.java:7331)
	at org.antlr.v4.runtime.tree.AbstractParseTreeVisitor.visitChildren(AbstractParseTreeVisitor.java:46)
	at org.hibernate.grammars.hql.HqlParserBaseVisitor.visitExpressionOrPredicate(HqlParserBaseVisitor.java:882)
	at org.hibernate.grammars.hql.HqlParser$ExpressionOrPredicateContext.accept(HqlParser.java:8114)
	at org.antlr.v4.runtime.tree.AbstractParseTreeVisitor.visitChildren(AbstractParseTreeVisitor.java:46)
	at org.hibernate.grammars.hql.HqlParserBaseVisitor.visitInstantiationArgumentExpression(HqlParserBaseVisitor.java:385)
	at org.hibernate.grammars.hql.HqlParser$InstantiationArgumentExpressionContext.accept(HqlParser.java:4228)
	at org.hibernate.query.hql.internal.SemanticQueryBuilder.visitInstantiationArgument(SemanticQueryBuilder.java:1529)
	at org.hibernate.query.hql.internal.SemanticQueryBuilder.visitInstantiation(SemanticQueryBuilder.java:1495)
	at org.hibernate.query.hql.internal.SemanticQueryBuilder.visitInstantiation(SemanticQueryBuilder.java:278)
	at org.hibernate.grammars.hql.HqlParser$InstantiationContext.accept(HqlParser.java:3977)
	at org.hibernate.query.hql.internal.SemanticQueryBuilder.visitSelectableNode(SemanticQueryBuilder.java:1451)
	at org.hibernate.query.hql.internal.SemanticQueryBuilder.visitSelection(SemanticQueryBuilder.java:1405)
	at org.hibernate.query.hql.internal.SemanticQueryBuilder.visitSelectClause(SemanticQueryBuilder.java:1398)
	at org.hibernate.query.hql.internal.SemanticQueryBuilder.visitQuery(SemanticQueryBuilder.java:1247)
	at org.hibernate.query.hql.internal.SemanticQueryBuilder.visitQuerySpecExpression(SemanticQueryBuilder.java:1029)
	at org.hibernate.query.hql.internal.SemanticQueryBuilder.visitQuerySpecExpression(SemanticQueryBuilder.java:278)
	at org.hibernate.grammars.hql.HqlParser$QuerySpecExpressionContext.accept(HqlParser.java:2077)
	at org.hibernate.query.hql.internal.SemanticQueryBuilder.visitQueryExpression(SemanticQueryBuilder.java:1063)
	at org.hibernate.query.hql.internal.SemanticQueryBuilder.visitQueryExpression(SemanticQueryBuilder.java:278)
	at org.hibernate.grammars.hql.HqlParser$QueryExpressionContext.accept(HqlParser.java:1973)
	at org.hibernate.query.hql.internal.SemanticQueryBuilder.visitSelectStatement(SemanticQueryBuilder.java:493)
	at org.hibernate.query.hql.internal.SemanticQueryBuilder.visitStatement(SemanticQueryBuilder.java:452)
	at org.hibernate.query.hql.internal.SemanticQueryBuilder.buildSemanticModel(SemanticQueryBuilder.java:325)
	at org.hibernate.query.hql.internal.StandardHqlTranslator.translate(StandardHqlTranslator.java:71)
	... 77 common frames omitted

2026-06-01 04:28:55.448  INFO 24624 --- [restartedMain] com.sisol.salud.SisolSaludApplication    : Starting SisolSaludApplication using Java 21.0.10 with PID 24624 (C:\Users\fabri\OneDrive\Desktop\Repositorios\Proyecto-Integrador\target\classes started by fabri in C:\Users\fabri\OneDrive\Desktop\Repositorios\Proyecto-Integrador)
2026-06-01 04:28:55.448 DEBUG 24624 --- [restartedMain] com.sisol.salud.SisolSaludApplication    : Running with Spring Boot v3.5.9, Spring v6.2.15
2026-06-01 04:28:55.448  INFO 24624 --- [restartedMain] com.sisol.salud.SisolSaludApplication    : No active profile set, falling back to 1 default profile: "default"
2026-06-01 04:28:55.603  INFO 24624 --- [restartedMain] .s.d.r.c.RepositoryConfigurationDelegate : Bootstrapping Spring Data JPA repositories in DEFAULT mode.
2026-06-01 04:28:55.619  INFO 24624 --- [restartedMain] .s.d.r.c.RepositoryConfigurationDelegate : Finished Spring Data repository scanning in 15 ms. Found 8 JPA repository interfaces.
2026-06-01 04:28:55.657  INFO 24624 --- [restartedMain] o.s.b.w.embedded.tomcat.TomcatWebServer  : Tomcat initialized with port 8080 (http)
2026-06-01 04:28:55.658  INFO 24624 --- [restartedMain] o.apache.catalina.core.StandardService   : Starting service [Tomcat]
2026-06-01 04:28:55.658  INFO 24624 --- [restartedMain] o.apache.catalina.core.StandardEngine    : Starting Servlet engine: [Apache Tomcat/10.1.50]
2026-06-01 04:28:55.674  INFO 24624 --- [restartedMain] o.a.c.c.C.[Tomcat-13].[localhost].[/]    : Initializing Spring embedded WebApplicationContext
2026-06-01 04:28:55.674  INFO 24624 --- [restartedMain] w.s.c.ServletWebServerApplicationContext : Root WebApplicationContext: initialization completed in 225 ms
2026-06-01 04:28:55.696  INFO 24624 --- [restartedMain] o.hibernate.jpa.internal.util.LogHelper  : HHH000204: Processing PersistenceUnitInfo [name: default]
2026-06-01 04:28:55.700  INFO 24624 --- [restartedMain] o.h.c.internal.RegionFactoryInitiator    : HHH000026: Second-level cache disabled
2026-06-01 04:28:55.702  INFO 24624 --- [restartedMain] o.h.e.boot.internal.EnversServiceImpl    : Envers integration enabled? : true
2026-06-01 04:28:55.706  INFO 24624 --- [restartedMain] o.s.o.j.p.SpringPersistenceUnitInfo      : No LoadTimeWeaver setup: ignoring JPA class transformer
2026-06-01 04:28:55.706  INFO 24624 --- [restartedMain] com.zaxxer.hikari.HikariDataSource       : HikariPool-19 - Starting...
2026-06-01 04:28:55.708  INFO 24624 --- [restartedMain] com.zaxxer.hikari.pool.HikariPool        : HikariPool-19 - Added connection com.mysql.cj.jdbc.ConnectionImpl@38329c59
2026-06-01 04:28:55.708  INFO 24624 --- [restartedMain] com.zaxxer.hikari.HikariDataSource       : HikariPool-19 - Start completed.
2026-06-01 04:28:55.709  WARN 24624 --- [restartedMain] org.hibernate.orm.deprecation            : HHH90000025: MySQLDialect does not need to be specified explicitly using 'hibernate.dialect' (remove the property setting and it will be selected by default)
2026-06-01 04:28:55.709  INFO 24624 --- [restartedMain] org.hibernate.orm.connections.pooling    : HHH10001005: Database info:
	Database JDBC URL [Connecting through datasource 'HikariDataSource (HikariPool-19)']
	Database driver: undefined/unknown
	Database version: 8.0.45
	Autocommit mode: undefined/unknown
	Isolation level: undefined/unknown
	Minimum pool size: undefined/unknown
	Maximum pool size: undefined/unknown
2026-06-01 04:28:55.721  INFO 24624 --- [restartedMain] o.h.e.c.i.m.AuditMetadataGenerator       : Adding properties for entity: com.sisol.salud.model.entity.Cita
2026-06-01 04:28:55.721  INFO 24624 --- [restartedMain] o.h.e.c.i.m.AuditMetadataGenerator       : Adding properties for entity: com.sisol.salud.model.entity.Paciente
2026-06-01 04:28:55.721  INFO 24624 --- [restartedMain] o.h.e.c.i.m.AuditMetadataGenerator       : Adding properties for entity: com.sisol.salud.model.entity.Especialidad
2026-06-01 04:28:55.721  INFO 24624 --- [restartedMain] o.h.e.c.i.m.AuditMetadataGenerator       : Adding properties for entity: com.sisol.salud.model.entity.Medico
2026-06-01 04:28:55.721  INFO 24624 --- [restartedMain] o.h.e.c.i.m.AuditMetadataGenerator       : Adding properties for entity: com.sisol.salud.model.entity.Pago
2026-06-01 04:28:55.721  INFO 24624 --- [restartedMain] o.h.e.c.i.m.AuditMetadataGenerator       : Adding properties for entity: com.sisol.salud.model.entity.Usuario
2026-06-01 04:28:55.776  INFO 24624 --- [restartedMain] o.h.e.t.j.p.i.JtaPlatformInitiator       : HHH000489: No JTA platform available (set 'hibernate.transaction.jta.platform' to enable JTA platform integration)
2026-06-01 04:28:55.783 DEBUG 24624 --- [restartedMain] org.hibernate.SQL                        : 
    alter table citas 
       add column especialidad_id bigint not null
2026-06-01 04:28:55.818 DEBUG 24624 --- [restartedMain] org.hibernate.SQL                        : 
    alter table citas_aud 
       add column especialidad_id bigint
2026-06-01 04:28:55.843 DEBUG 24624 --- [restartedMain] org.hibernate.SQL                        : 
    alter table citas 
       add constraint FKapkrvku8ylaqff5yx6gmv7hfb 
       foreign key (especialidad_id) 
       references especialidades (id)
2026-06-01 04:28:55.903  INFO 24624 --- [restartedMain] j.LocalContainerEntityManagerFactoryBean : Initialized JPA EntityManagerFactory for persistence unit 'default'
2026-06-01 04:28:55.926 DEBUG 24624 --- [restartedMain] c.s.s.s.jwt.JwtAuthenticationFilter      : Filter 'jwtAuthenticationFilter' configured for use
2026-06-01 04:28:55.938  INFO 24624 --- [restartedMain] eAuthenticationProviderManagerConfigurer : Global AuthenticationManager configured with AuthenticationProvider bean with name authenticationProvider
2026-06-01 04:28:55.938  WARN 24624 --- [restartedMain] r$InitializeUserDetailsManagerConfigurer : Global AuthenticationManager configured with an AuthenticationProvider bean. UserDetailsService beans will not be used by Spring Security for automatically configuring username/password login. Consider removing the AuthenticationProvider bean. Alternatively, consider using the UserDetailsService in a manually instantiated DaoAuthenticationProvider. If the current configuration is intentional, to turn off this warning, increase the logging level of 'org.springframework.security.config.annotation.authentication.configuration.InitializeUserDetailsBeanManagerConfigurer' to ERROR
2026-06-01 04:28:55.947  WARN 24624 --- [restartedMain] ConfigServletWebServerApplicationContext : Exception encountered during context initialization - cancelling refresh attempt: org.springframework.beans.factory.UnsatisfiedDependencyException: Error creating bean with name 'citaRestController' defined in file [C:\Users\fabri\OneDrive\Desktop\Repositorios\Proyecto-Integrador\target\classes\com\sisol\salud\controller\api\CitaRestController.class]: Unsatisfied dependency expressed through constructor parameter 0: Error creating bean with name 'citaService' defined in file [C:\Users\fabri\OneDrive\Desktop\Repositorios\Proyecto-Integrador\target\classes\com\sisol\salud\service\CitaService.class]: Unsatisfied dependency expressed through constructor parameter 0: Error creating bean with name 'citaRepository' defined in com.sisol.salud.repository.CitaRepository defined in @EnableJpaRepositories declared on JpaRepositoriesRegistrar.EnableJpaRepositoriesConfiguration: Could not create query for public abstract java.util.List com.sisol.salud.repository.CitaRepository.findTopEspecialidades(); Reason: Query 'SELECT new com.sisol.salud.dto.response.TopEspecialidadResponse(c.medico.especialidad.nombre, COUNT(c)) FROM Cita c GROUP BY c.medico.especialidad.nombre ORDER BY COUNT(c) DESC' validation failed for method public abstract java.util.List com.sisol.salud.repository.CitaRepository.findTopEspecialidades()
2026-06-01 04:28:55.947  INFO 24624 --- [restartedMain] j.LocalContainerEntityManagerFactoryBean : Closing JPA EntityManagerFactory for persistence unit 'default'
2026-06-01 04:28:55.949  INFO 24624 --- [restartedMain] com.zaxxer.hikari.HikariDataSource       : HikariPool-19 - Shutdown initiated...
2026-06-01 04:28:55.985  INFO 24624 --- [restartedMain] com.zaxxer.hikari.HikariDataSource       : HikariPool-19 - Shutdown completed.
2026-06-01 04:28:55.987  INFO 24624 --- [restartedMain] o.apache.catalina.core.StandardService   : Stopping service [Tomcat]
2026-06-01 04:28:55.993  INFO 24624 --- [restartedMain] .s.b.a.l.ConditionEvaluationReportLogger : 

Error starting ApplicationContext. To display the condition evaluation report re-run your application with 'debug' enabled.
2026-06-01 04:28:55.995 ERROR 24624 --- [restartedMain] o.s.boot.SpringApplication               : Application run failed

org.springframework.beans.factory.UnsatisfiedDependencyException: Error creating bean with name 'citaRestController' defined in file [C:\Users\fabri\OneDrive\Desktop\Repositorios\Proyecto-Integrador\target\classes\com\sisol\salud\controller\api\CitaRestController.class]: Unsatisfied dependency expressed through constructor parameter 0: Error creating bean with name 'citaService' defined in file [C:\Users\fabri\OneDrive\Desktop\Repositorios\Proyecto-Integrador\target\classes\com\sisol\salud\service\CitaService.class]: Unsatisfied dependency expressed through constructor parameter 0: Error creating bean with name 'citaRepository' defined in com.sisol.salud.repository.CitaRepository defined in @EnableJpaRepositories declared on JpaRepositoriesRegistrar.EnableJpaRepositoriesConfiguration: Could not create query for public abstract java.util.List com.sisol.salud.repository.CitaRepository.findTopEspecialidades(); Reason: Query 'SELECT new com.sisol.salud.dto.response.TopEspecialidadResponse(c.medico.especialidad.nombre, COUNT(c)) FROM Cita c GROUP BY c.medico.especialidad.nombre ORDER BY COUNT(c) DESC' validation failed for method public abstract java.util.List com.sisol.salud.repository.CitaRepository.findTopEspecialidades()
	at org.springframework.beans.factory.support.ConstructorResolver.createArgumentArray(ConstructorResolver.java:804)
	at org.springframework.beans.factory.support.ConstructorResolver.autowireConstructor(ConstructorResolver.java:240)
	at org.springframework.beans.factory.support.AbstractAutowireCapableBeanFactory.autowireConstructor(AbstractAutowireCapableBeanFactory.java:1395)
	at org.springframework.beans.factory.support.AbstractAutowireCapableBeanFactory.createBeanInstance(AbstractAutowireCapableBeanFactory.java:1232)
	at org.springframework.beans.factory.support.AbstractAutowireCapableBeanFactory.doCreateBean(AbstractAutowireCapableBeanFactory.java:569)
	at org.springframework.beans.factory.support.AbstractAutowireCapableBeanFactory.createBean(AbstractAutowireCapableBeanFactory.java:529)
	at org.springframework.beans.factory.support.AbstractBeanFactory.lambda$doGetBean$0(AbstractBeanFactory.java:339)
	at org.springframework.beans.factory.support.DefaultSingletonBeanRegistry.getSingleton(DefaultSingletonBeanRegistry.java:373)
	at org.springframework.beans.factory.support.AbstractBeanFactory.doGetBean(AbstractBeanFactory.java:337)
	at org.springframework.beans.factory.support.AbstractBeanFactory.getBean(AbstractBeanFactory.java:202)
	at org.springframework.beans.factory.support.DefaultListableBeanFactory.instantiateSingleton(DefaultListableBeanFactory.java:1228)
	at org.springframework.beans.factory.support.DefaultListableBeanFactory.preInstantiateSingleton(DefaultListableBeanFactory.java:1194)
	at org.springframework.beans.factory.support.DefaultListableBeanFactory.preInstantiateSingletons(DefaultListableBeanFactory.java:1130)
	at org.springframework.context.support.AbstractApplicationContext.finishBeanFactoryInitialization(AbstractApplicationContext.java:990)
	at org.springframework.context.support.AbstractApplicationContext.refresh(AbstractApplicationContext.java:627)
	at org.springframework.boot.web.servlet.context.ServletWebServerApplicationContext.refresh(ServletWebServerApplicationContext.java:146)
	at org.springframework.boot.SpringApplication.refresh(SpringApplication.java:752)
	at org.springframework.boot.SpringApplication.refreshContext(SpringApplication.java:439)
	at org.springframework.boot.SpringApplication.run(SpringApplication.java:318)
	at org.springframework.boot.SpringApplication.run(SpringApplication.java:1361)
	at org.springframework.boot.SpringApplication.run(SpringApplication.java:1350)
	at com.sisol.salud.SisolSaludApplication.main(SisolSaludApplication.java:12)
	at java.base/jdk.internal.reflect.DirectMethodHandleAccessor.invoke(Unknown Source)
	at java.base/java.lang.reflect.Method.invoke(Unknown Source)
	at org.springframework.boot.devtools.restart.RestartLauncher.run(RestartLauncher.java:50)
Caused by: org.springframework.beans.factory.UnsatisfiedDependencyException: Error creating bean with name 'citaService' defined in file [C:\Users\fabri\OneDrive\Desktop\Repositorios\Proyecto-Integrador\target\classes\com\sisol\salud\service\CitaService.class]: Unsatisfied dependency expressed through constructor parameter 0: Error creating bean with name 'citaRepository' defined in com.sisol.salud.repository.CitaRepository defined in @EnableJpaRepositories declared on JpaRepositoriesRegistrar.EnableJpaRepositoriesConfiguration: Could not create query for public abstract java.util.List com.sisol.salud.repository.CitaRepository.findTopEspecialidades(); Reason: Query 'SELECT new com.sisol.salud.dto.response.TopEspecialidadResponse(c.medico.especialidad.nombre, COUNT(c)) FROM Cita c GROUP BY c.medico.especialidad.nombre ORDER BY COUNT(c) DESC' validation failed for method public abstract java.util.List com.sisol.salud.repository.CitaRepository.findTopEspecialidades()
	at org.springframework.beans.factory.support.ConstructorResolver.createArgumentArray(ConstructorResolver.java:804)
	at org.springframework.beans.factory.support.ConstructorResolver.autowireConstructor(ConstructorResolver.java:240)
	at org.springframework.beans.factory.support.AbstractAutowireCapableBeanFactory.autowireConstructor(AbstractAutowireCapableBeanFactory.java:1395)
	at org.springframework.beans.factory.support.AbstractAutowireCapableBeanFactory.createBeanInstance(AbstractAutowireCapableBeanFactory.java:1232)
	at org.springframework.beans.factory.support.AbstractAutowireCapableBeanFactory.doCreateBean(AbstractAutowireCapableBeanFactory.java:569)
	at org.springframework.beans.factory.support.AbstractAutowireCapableBeanFactory.createBean(AbstractAutowireCapableBeanFactory.java:529)
	at org.springframework.beans.factory.support.AbstractBeanFactory.lambda$doGetBean$0(AbstractBeanFactory.java:339)
	at org.springframework.beans.factory.support.DefaultSingletonBeanRegistry.getSingleton(DefaultSingletonBeanRegistry.java:373)
	at org.springframework.beans.factory.support.AbstractBeanFactory.doGetBean(AbstractBeanFactory.java:337)
	at org.springframework.beans.factory.support.AbstractBeanFactory.getBean(AbstractBeanFactory.java:202)
	at org.springframework.beans.factory.support.DefaultListableBeanFactory.doResolveDependency(DefaultListableBeanFactory.java:1708)
	at org.springframework.beans.factory.support.DefaultListableBeanFactory.resolveDependency(DefaultListableBeanFactory.java:1653)
	at org.springframework.beans.factory.support.ConstructorResolver.resolveAutowiredArgument(ConstructorResolver.java:913)
	at org.springframework.beans.factory.support.ConstructorResolver.createArgumentArray(ConstructorResolver.java:791)
	... 24 common frames omitted
Caused by: org.springframework.beans.factory.BeanCreationException: Error creating bean with name 'citaRepository' defined in com.sisol.salud.repository.CitaRepository defined in @EnableJpaRepositories declared on JpaRepositoriesRegistrar.EnableJpaRepositoriesConfiguration: Could not create query for public abstract java.util.List com.sisol.salud.repository.CitaRepository.findTopEspecialidades(); Reason: Query 'SELECT new com.sisol.salud.dto.response.TopEspecialidadResponse(c.medico.especialidad.nombre, COUNT(c)) FROM Cita c GROUP BY c.medico.especialidad.nombre ORDER BY COUNT(c) DESC' validation failed for method public abstract java.util.List com.sisol.salud.repository.CitaRepository.findTopEspecialidades()
	at org.springframework.beans.factory.support.AbstractAutowireCapableBeanFactory.initializeBean(AbstractAutowireCapableBeanFactory.java:1826)
	at org.springframework.beans.factory.support.AbstractAutowireCapableBeanFactory.doCreateBean(AbstractAutowireCapableBeanFactory.java:607)
	at org.springframework.beans.factory.support.AbstractAutowireCapableBeanFactory.createBean(AbstractAutowireCapableBeanFactory.java:529)
	at org.springframework.beans.factory.support.AbstractBeanFactory.lambda$doGetBean$0(AbstractBeanFactory.java:339)
	at org.springframework.beans.factory.support.DefaultSingletonBeanRegistry.getSingleton(DefaultSingletonBeanRegistry.java:373)
	at org.springframework.beans.factory.support.AbstractBeanFactory.doGetBean(AbstractBeanFactory.java:337)
	at org.springframework.beans.factory.support.AbstractBeanFactory.getBean(AbstractBeanFactory.java:202)
	at org.springframework.beans.factory.support.DefaultListableBeanFactory.doResolveDependency(DefaultListableBeanFactory.java:1708)
	at org.springframework.beans.factory.support.DefaultListableBeanFactory.resolveDependency(DefaultListableBeanFactory.java:1653)
	at org.springframework.beans.factory.support.ConstructorResolver.resolveAutowiredArgument(ConstructorResolver.java:913)
	at org.springframework.beans.factory.support.ConstructorResolver.createArgumentArray(ConstructorResolver.java:791)
	... 37 common frames omitted
Caused by: org.springframework.data.repository.query.QueryCreationException: Could not create query for public abstract java.util.List com.sisol.salud.repository.CitaRepository.findTopEspecialidades(); Reason: Query 'SELECT new com.sisol.salud.dto.response.TopEspecialidadResponse(c.medico.especialidad.nombre, COUNT(c)) FROM Cita c GROUP BY c.medico.especialidad.nombre ORDER BY COUNT(c) DESC' validation failed for method public abstract java.util.List com.sisol.salud.repository.CitaRepository.findTopEspecialidades()
	at org.springframework.data.repository.query.QueryCreationException.create(QueryCreationException.java:101)
	at org.springframework.data.repository.core.support.QueryExecutorMethodInterceptor.lookupQuery(QueryExecutorMethodInterceptor.java:120)
	at org.springframework.data.repository.core.support.QueryExecutorMethodInterceptor.mapMethodsToQuery(QueryExecutorMethodInterceptor.java:104)
	at org.springframework.data.repository.core.support.QueryExecutorMethodInterceptor.lambda$new$0(QueryExecutorMethodInterceptor.java:92)
	at java.base/java.util.Optional.map(Unknown Source)
	at org.springframework.data.repository.core.support.QueryExecutorMethodInterceptor.<init>(QueryExecutorMethodInterceptor.java:92)
	at org.springframework.data.repository.core.support.RepositoryFactorySupport.getRepository(RepositoryFactorySupport.java:434)
	at org.springframework.data.repository.core.support.RepositoryFactoryBeanSupport.lambda$afterPropertiesSet$4(RepositoryFactoryBeanSupport.java:355)
	at org.springframework.data.util.Lazy.getNullable(Lazy.java:135)
	at org.springframework.data.util.Lazy.get(Lazy.java:113)
	at org.springframework.data.repository.core.support.RepositoryFactoryBeanSupport.afterPropertiesSet(RepositoryFactoryBeanSupport.java:361)
	at org.springframework.data.jpa.repository.support.JpaRepositoryFactoryBean.afterPropertiesSet(JpaRepositoryFactoryBean.java:132)
	at org.springframework.beans.factory.support.AbstractAutowireCapableBeanFactory.invokeInitMethods(AbstractAutowireCapableBeanFactory.java:1873)
	at org.springframework.beans.factory.support.AbstractAutowireCapableBeanFactory.initializeBean(AbstractAutowireCapableBeanFactory.java:1822)
	... 47 common frames omitted
Caused by: java.lang.IllegalArgumentException: Query 'SELECT new com.sisol.salud.dto.response.TopEspecialidadResponse(c.medico.especialidad.nombre, COUNT(c)) FROM Cita c GROUP BY c.medico.especialidad.nombre ORDER BY COUNT(c) DESC' validation failed for method public abstract java.util.List com.sisol.salud.repository.CitaRepository.findTopEspecialidades()
	at org.springframework.data.jpa.repository.query.SimpleJpaQuery.validateQuery(SimpleJpaQuery.java:93)
	at org.springframework.data.jpa.repository.query.SimpleJpaQuery.<init>(SimpleJpaQuery.java:67)
	at org.springframework.data.jpa.repository.query.JpaQueryFactory.fromMethodWithQueryString(JpaQueryFactory.java:49)
	at org.springframework.data.jpa.repository.query.JpaQueryLookupStrategy$DeclaredQueryLookupStrategy.resolveQuery(JpaQueryLookupStrategy.java:174)
	at org.springframework.data.jpa.repository.query.JpaQueryLookupStrategy$CreateIfNotFoundQueryLookupStrategy.resolveQuery(JpaQueryLookupStrategy.java:254)
	at org.springframework.data.jpa.repository.query.JpaQueryLookupStrategy$AbstractQueryLookupStrategy.resolveQuery(JpaQueryLookupStrategy.java:99)
	at org.springframework.data.repository.core.support.QueryExecutorMethodInterceptor.lookupQuery(QueryExecutorMethodInterceptor.java:116)
	... 59 common frames omitted
Caused by: java.lang.IllegalArgumentException: org.hibernate.query.sqm.UnknownPathException: Could not resolve attribute 'especialidad' of 'com.sisol.salud.model.entity.Medico' [SELECT new com.sisol.salud.dto.response.TopEspecialidadResponse(c.medico.especialidad.nombre, COUNT(c)) FROM Cita c GROUP BY c.medico.especialidad.nombre ORDER BY COUNT(c) DESC]
	at org.hibernate.internal.ExceptionConverterImpl.convert(ExceptionConverterImpl.java:143)
	at org.hibernate.internal.ExceptionConverterImpl.convert(ExceptionConverterImpl.java:167)
	at org.hibernate.internal.ExceptionConverterImpl.convert(ExceptionConverterImpl.java:173)
	at org.hibernate.internal.AbstractSharedSessionContract.createQuery(AbstractSharedSessionContract.java:886)
	at org.hibernate.internal.AbstractSharedSessionContract.createQuery(AbstractSharedSessionContract.java:796)
	at org.hibernate.internal.AbstractSharedSessionContract.createQuery(AbstractSharedSessionContract.java:143)
	at java.base/jdk.internal.reflect.DirectMethodHandleAccessor.invoke(Unknown Source)
	at java.base/java.lang.reflect.Method.invoke(Unknown Source)
	at org.springframework.orm.jpa.ExtendedEntityManagerCreator$ExtendedEntityManagerInvocationHandler.invoke(ExtendedEntityManagerCreator.java:364)
	at jdk.proxy40/jdk.proxy40.$Proxy359.createQuery(Unknown Source)
	at org.springframework.data.jpa.repository.query.SimpleJpaQuery.validateQuery(SimpleJpaQuery.java:88)
	... 65 common frames omitted
Caused by: org.hibernate.query.sqm.UnknownPathException: Could not resolve attribute 'especialidad' of 'com.sisol.salud.model.entity.Medico' [SELECT new com.sisol.salud.dto.response.TopEspecialidadResponse(c.medico.especialidad.nombre, COUNT(c)) FROM Cita c GROUP BY c.medico.especialidad.nombre ORDER BY COUNT(c) DESC]
	at org.hibernate.query.hql.internal.StandardHqlTranslator.translate(StandardHqlTranslator.java:88)
	at org.hibernate.query.internal.QueryInterpretationCacheStandardImpl.createHqlInterpretation(QueryInterpretationCacheStandardImpl.java:145)
	at org.hibernate.query.internal.QueryInterpretationCacheStandardImpl.resolveHqlInterpretation(QueryInterpretationCacheStandardImpl.java:132)
	at org.hibernate.query.spi.QueryEngine.interpretHql(QueryEngine.java:54)
	at org.hibernate.internal.AbstractSharedSessionContract.interpretHql(AbstractSharedSessionContract.java:832)
	at org.hibernate.internal.AbstractSharedSessionContract.createQuery(AbstractSharedSessionContract.java:878)
	... 72 common frames omitted
Caused by: org.hibernate.query.sqm.PathElementException: Could not resolve attribute 'especialidad' of 'com.sisol.salud.model.entity.Medico'
	at org.hibernate.query.sqm.SqmPathSource.getSubPathSource(SqmPathSource.java:95)
	at org.hibernate.query.sqm.tree.domain.AbstractSqmPath.get(AbstractSqmPath.java:199)
	at org.hibernate.query.sqm.tree.domain.SqmEntityValuedSimplePath.resolvePathPart(SqmEntityValuedSimplePath.java:56)
	at org.hibernate.query.hql.internal.DomainPathPart.resolvePathPart(DomainPathPart.java:42)
	at org.hibernate.query.hql.internal.BasicDotIdentifierConsumer.consumeIdentifier(BasicDotIdentifierConsumer.java:92)
	at org.hibernate.query.hql.internal.SemanticQueryBuilder.visitSimplePath(SemanticQueryBuilder.java:5432)
	at org.hibernate.query.hql.internal.SemanticQueryBuilder.visitGeneralPathFragment(SemanticQueryBuilder.java:5292)
	at org.hibernate.query.hql.internal.SemanticQueryBuilder.visitGeneralPathExpression(SemanticQueryBuilder.java:1884)
	at org.hibernate.grammars.hql.HqlParser$GeneralPathExpressionContext.accept(HqlParser.java:7882)
	at org.antlr.v4.runtime.tree.AbstractParseTreeVisitor.visitChildren(AbstractParseTreeVisitor.java:46)
	at org.hibernate.grammars.hql.HqlParserBaseVisitor.visitBarePrimaryExpression(HqlParserBaseVisitor.java:749)
	at org.hibernate.grammars.hql.HqlParser$BarePrimaryExpressionContext.accept(HqlParser.java:7331)
	at org.antlr.v4.runtime.tree.AbstractParseTreeVisitor.visitChildren(AbstractParseTreeVisitor.java:46)
	at org.hibernate.grammars.hql.HqlParserBaseVisitor.visitExpressionOrPredicate(HqlParserBaseVisitor.java:882)
	at org.hibernate.grammars.hql.HqlParser$ExpressionOrPredicateContext.accept(HqlParser.java:8114)
	at org.antlr.v4.runtime.tree.AbstractParseTreeVisitor.visitChildren(AbstractParseTreeVisitor.java:46)
	at org.hibernate.grammars.hql.HqlParserBaseVisitor.visitInstantiationArgumentExpression(HqlParserBaseVisitor.java:385)
	at org.hibernate.grammars.hql.HqlParser$InstantiationArgumentExpressionContext.accept(HqlParser.java:4228)
	at org.hibernate.query.hql.internal.SemanticQueryBuilder.visitInstantiationArgument(SemanticQueryBuilder.java:1529)
	at org.hibernate.query.hql.internal.SemanticQueryBuilder.visitInstantiation(SemanticQueryBuilder.java:1495)
	at org.hibernate.query.hql.internal.SemanticQueryBuilder.visitInstantiation(SemanticQueryBuilder.java:278)
	at org.hibernate.grammars.hql.HqlParser$InstantiationContext.accept(HqlParser.java:3977)
	at org.hibernate.query.hql.internal.SemanticQueryBuilder.visitSelectableNode(SemanticQueryBuilder.java:1451)
	at org.hibernate.query.hql.internal.SemanticQueryBuilder.visitSelection(SemanticQueryBuilder.java:1405)
	at org.hibernate.query.hql.internal.SemanticQueryBuilder.visitSelectClause(SemanticQueryBuilder.java:1398)
	at org.hibernate.query.hql.internal.SemanticQueryBuilder.visitQuery(SemanticQueryBuilder.java:1247)
	at org.hibernate.query.hql.internal.SemanticQueryBuilder.visitQuerySpecExpression(SemanticQueryBuilder.java:1029)
	at org.hibernate.query.hql.internal.SemanticQueryBuilder.visitQuerySpecExpression(SemanticQueryBuilder.java:278)
	at org.hibernate.grammars.hql.HqlParser$QuerySpecExpressionContext.accept(HqlParser.java:2077)
	at org.hibernate.query.hql.internal.SemanticQueryBuilder.visitQueryExpression(SemanticQueryBuilder.java:1063)
	at org.hibernate.query.hql.internal.SemanticQueryBuilder.visitQueryExpression(SemanticQueryBuilder.java:278)
	at org.hibernate.grammars.hql.HqlParser$QueryExpressionContext.accept(HqlParser.java:1973)
	at org.hibernate.query.hql.internal.SemanticQueryBuilder.visitSelectStatement(SemanticQueryBuilder.java:493)
	at org.hibernate.query.hql.internal.SemanticQueryBuilder.visitStatement(SemanticQueryBuilder.java:452)
	at org.hibernate.query.hql.internal.SemanticQueryBuilder.buildSemanticModel(SemanticQueryBuilder.java:325)
	at org.hibernate.query.hql.internal.StandardHqlTranslator.translate(StandardHqlTranslator.java:71)
	... 77 common frames omitted

2026-06-01 04:29:04.689  INFO 24624 --- [restartedMain] com.sisol.salud.SisolSaludApplication    : Starting SisolSaludApplication using Java 21.0.10 with PID 24624 (C:\Users\fabri\OneDrive\Desktop\Repositorios\Proyecto-Integrador\target\classes started by fabri in C:\Users\fabri\OneDrive\Desktop\Repositorios\Proyecto-Integrador)
2026-06-01 04:29:04.689 DEBUG 24624 --- [restartedMain] com.sisol.salud.SisolSaludApplication    : Running with Spring Boot v3.5.9, Spring v6.2.15
2026-06-01 04:29:04.689  INFO 24624 --- [restartedMain] com.sisol.salud.SisolSaludApplication    : No active profile set, falling back to 1 default profile: "default"
2026-06-01 04:29:04.829  INFO 24624 --- [restartedMain] .s.d.r.c.RepositoryConfigurationDelegate : Bootstrapping Spring Data JPA repositories in DEFAULT mode.
2026-06-01 04:29:04.849  INFO 24624 --- [restartedMain] .s.d.r.c.RepositoryConfigurationDelegate : Finished Spring Data repository scanning in 19 ms. Found 8 JPA repository interfaces.
2026-06-01 04:29:04.906  INFO 24624 --- [restartedMain] o.s.b.w.embedded.tomcat.TomcatWebServer  : Tomcat initialized with port 8080 (http)
2026-06-01 04:29:04.907  INFO 24624 --- [restartedMain] o.apache.catalina.core.StandardService   : Starting service [Tomcat]
2026-06-01 04:29:04.907  INFO 24624 --- [restartedMain] o.apache.catalina.core.StandardEngine    : Starting Servlet engine: [Apache Tomcat/10.1.50]
2026-06-01 04:29:04.921  INFO 24624 --- [restartedMain] o.a.c.c.C.[Tomcat-14].[localhost].[/]    : Initializing Spring embedded WebApplicationContext
2026-06-01 04:29:04.921  INFO 24624 --- [restartedMain] w.s.c.ServletWebServerApplicationContext : Root WebApplicationContext: initialization completed in 231 ms
2026-06-01 04:29:04.943  INFO 24624 --- [restartedMain] o.hibernate.jpa.internal.util.LogHelper  : HHH000204: Processing PersistenceUnitInfo [name: default]
2026-06-01 04:29:04.947  INFO 24624 --- [restartedMain] o.h.c.internal.RegionFactoryInitiator    : HHH000026: Second-level cache disabled
2026-06-01 04:29:04.949  INFO 24624 --- [restartedMain] o.h.e.boot.internal.EnversServiceImpl    : Envers integration enabled? : true
2026-06-01 04:29:04.952  INFO 24624 --- [restartedMain] o.s.o.j.p.SpringPersistenceUnitInfo      : No LoadTimeWeaver setup: ignoring JPA class transformer
2026-06-01 04:29:04.953  INFO 24624 --- [restartedMain] com.zaxxer.hikari.HikariDataSource       : HikariPool-20 - Starting...
2026-06-01 04:29:04.955  INFO 24624 --- [restartedMain] com.zaxxer.hikari.pool.HikariPool        : HikariPool-20 - Added connection com.mysql.cj.jdbc.ConnectionImpl@6ef84acc
2026-06-01 04:29:04.955  INFO 24624 --- [restartedMain] com.zaxxer.hikari.HikariDataSource       : HikariPool-20 - Start completed.
2026-06-01 04:29:04.956  WARN 24624 --- [restartedMain] org.hibernate.orm.deprecation            : HHH90000025: MySQLDialect does not need to be specified explicitly using 'hibernate.dialect' (remove the property setting and it will be selected by default)
2026-06-01 04:29:04.956  INFO 24624 --- [restartedMain] org.hibernate.orm.connections.pooling    : HHH10001005: Database info:
	Database JDBC URL [Connecting through datasource 'HikariDataSource (HikariPool-20)']
	Database driver: undefined/unknown
	Database version: 8.0.45
	Autocommit mode: undefined/unknown
	Isolation level: undefined/unknown
	Minimum pool size: undefined/unknown
	Maximum pool size: undefined/unknown
2026-06-01 04:29:04.972  INFO 24624 --- [restartedMain] o.h.e.c.i.m.AuditMetadataGenerator       : Adding properties for entity: com.sisol.salud.model.entity.Cita
2026-06-01 04:29:04.972  INFO 24624 --- [restartedMain] o.h.e.c.i.m.AuditMetadataGenerator       : Adding properties for entity: com.sisol.salud.model.entity.Paciente
2026-06-01 04:29:04.972  INFO 24624 --- [restartedMain] o.h.e.c.i.m.AuditMetadataGenerator       : Adding properties for entity: com.sisol.salud.model.entity.Especialidad
2026-06-01 04:29:04.972  INFO 24624 --- [restartedMain] o.h.e.c.i.m.AuditMetadataGenerator       : Adding properties for entity: com.sisol.salud.model.entity.Medico
2026-06-01 04:29:04.972  INFO 24624 --- [restartedMain] o.h.e.c.i.m.AuditMetadataGenerator       : Adding properties for entity: com.sisol.salud.model.entity.Pago
2026-06-01 04:29:04.972  INFO 24624 --- [restartedMain] o.h.e.c.i.m.AuditMetadataGenerator       : Adding properties for entity: com.sisol.salud.model.entity.Usuario
2026-06-01 04:29:05.022  INFO 24624 --- [restartedMain] o.h.e.t.j.p.i.JtaPlatformInitiator       : HHH000489: No JTA platform available (set 'hibernate.transaction.jta.platform' to enable JTA platform integration)
2026-06-01 04:29:05.069  INFO 24624 --- [restartedMain] j.LocalContainerEntityManagerFactoryBean : Initialized JPA EntityManagerFactory for persistence unit 'default'
2026-06-01 04:29:05.092 DEBUG 24624 --- [restartedMain] c.s.s.s.jwt.JwtAuthenticationFilter      : Filter 'jwtAuthenticationFilter' configured for use
2026-06-01 04:29:05.105  INFO 24624 --- [restartedMain] eAuthenticationProviderManagerConfigurer : Global AuthenticationManager configured with AuthenticationProvider bean with name authenticationProvider
2026-06-01 04:29:05.105  WARN 24624 --- [restartedMain] r$InitializeUserDetailsManagerConfigurer : Global AuthenticationManager configured with an AuthenticationProvider bean. UserDetailsService beans will not be used by Spring Security for automatically configuring username/password login. Consider removing the AuthenticationProvider bean. Alternatively, consider using the UserDetailsService in a manually instantiated DaoAuthenticationProvider. If the current configuration is intentional, to turn off this warning, increase the logging level of 'org.springframework.security.config.annotation.authentication.configuration.InitializeUserDetailsBeanManagerConfigurer' to ERROR
2026-06-01 04:29:05.115  WARN 24624 --- [restartedMain] ConfigServletWebServerApplicationContext : Exception encountered during context initialization - cancelling refresh attempt: org.springframework.beans.factory.UnsatisfiedDependencyException: Error creating bean with name 'citaRestController' defined in file [C:\Users\fabri\OneDrive\Desktop\Repositorios\Proyecto-Integrador\target\classes\com\sisol\salud\controller\api\CitaRestController.class]: Unsatisfied dependency expressed through constructor parameter 0: Error creating bean with name 'citaService' defined in file [C:\Users\fabri\OneDrive\Desktop\Repositorios\Proyecto-Integrador\target\classes\com\sisol\salud\service\CitaService.class]: Unsatisfied dependency expressed through constructor parameter 0: Error creating bean with name 'citaRepository' defined in com.sisol.salud.repository.CitaRepository defined in @EnableJpaRepositories declared on JpaRepositoriesRegistrar.EnableJpaRepositoriesConfiguration: Could not create query for public abstract java.util.List com.sisol.salud.repository.CitaRepository.findTopEspecialidades(); Reason: Query 'SELECT new com.sisol.salud.dto.response.TopEspecialidadResponse(c.medico.especialidad.nombre, COUNT(c)) FROM Cita c GROUP BY c.medico.especialidad.nombre ORDER BY COUNT(c) DESC' validation failed for method public abstract java.util.List com.sisol.salud.repository.CitaRepository.findTopEspecialidades()
2026-06-01 04:29:05.115  INFO 24624 --- [restartedMain] j.LocalContainerEntityManagerFactoryBean : Closing JPA EntityManagerFactory for persistence unit 'default'
2026-06-01 04:29:05.116  INFO 24624 --- [restartedMain] com.zaxxer.hikari.HikariDataSource       : HikariPool-20 - Shutdown initiated...
2026-06-01 04:29:05.133  INFO 24624 --- [restartedMain] com.zaxxer.hikari.HikariDataSource       : HikariPool-20 - Shutdown completed.
2026-06-01 04:29:05.133  INFO 24624 --- [restartedMain] o.apache.catalina.core.StandardService   : Stopping service [Tomcat]
2026-06-01 04:29:05.136  INFO 24624 --- [restartedMain] .s.b.a.l.ConditionEvaluationReportLogger : 

Error starting ApplicationContext. To display the condition evaluation report re-run your application with 'debug' enabled.
2026-06-01 04:29:05.138 ERROR 24624 --- [restartedMain] o.s.boot.SpringApplication               : Application run failed

org.springframework.beans.factory.UnsatisfiedDependencyException: Error creating bean with name 'citaRestController' defined in file [C:\Users\fabri\OneDrive\Desktop\Repositorios\Proyecto-Integrador\target\classes\com\sisol\salud\controller\api\CitaRestController.class]: Unsatisfied dependency expressed through constructor parameter 0: Error creating bean with name 'citaService' defined in file [C:\Users\fabri\OneDrive\Desktop\Repositorios\Proyecto-Integrador\target\classes\com\sisol\salud\service\CitaService.class]: Unsatisfied dependency expressed through constructor parameter 0: Error creating bean with name 'citaRepository' defined in com.sisol.salud.repository.CitaRepository defined in @EnableJpaRepositories declared on JpaRepositoriesRegistrar.EnableJpaRepositoriesConfiguration: Could not create query for public abstract java.util.List com.sisol.salud.repository.CitaRepository.findTopEspecialidades(); Reason: Query 'SELECT new com.sisol.salud.dto.response.TopEspecialidadResponse(c.medico.especialidad.nombre, COUNT(c)) FROM Cita c GROUP BY c.medico.especialidad.nombre ORDER BY COUNT(c) DESC' validation failed for method public abstract java.util.List com.sisol.salud.repository.CitaRepository.findTopEspecialidades()
	at org.springframework.beans.factory.support.ConstructorResolver.createArgumentArray(ConstructorResolver.java:804)
	at org.springframework.beans.factory.support.ConstructorResolver.autowireConstructor(ConstructorResolver.java:240)
	at org.springframework.beans.factory.support.AbstractAutowireCapableBeanFactory.autowireConstructor(AbstractAutowireCapableBeanFactory.java:1395)
	at org.springframework.beans.factory.support.AbstractAutowireCapableBeanFactory.createBeanInstance(AbstractAutowireCapableBeanFactory.java:1232)
	at org.springframework.beans.factory.support.AbstractAutowireCapableBeanFactory.doCreateBean(AbstractAutowireCapableBeanFactory.java:569)
	at org.springframework.beans.factory.support.AbstractAutowireCapableBeanFactory.createBean(AbstractAutowireCapableBeanFactory.java:529)
	at org.springframework.beans.factory.support.AbstractBeanFactory.lambda$doGetBean$0(AbstractBeanFactory.java:339)
	at org.springframework.beans.factory.support.DefaultSingletonBeanRegistry.getSingleton(DefaultSingletonBeanRegistry.java:373)
	at org.springframework.beans.factory.support.AbstractBeanFactory.doGetBean(AbstractBeanFactory.java:337)
	at org.springframework.beans.factory.support.AbstractBeanFactory.getBean(AbstractBeanFactory.java:202)
	at org.springframework.beans.factory.support.DefaultListableBeanFactory.instantiateSingleton(DefaultListableBeanFactory.java:1228)
	at org.springframework.beans.factory.support.DefaultListableBeanFactory.preInstantiateSingleton(DefaultListableBeanFactory.java:1194)
	at org.springframework.beans.factory.support.DefaultListableBeanFactory.preInstantiateSingletons(DefaultListableBeanFactory.java:1130)
	at org.springframework.context.support.AbstractApplicationContext.finishBeanFactoryInitialization(AbstractApplicationContext.java:990)
	at org.springframework.context.support.AbstractApplicationContext.refresh(AbstractApplicationContext.java:627)
	at org.springframework.boot.web.servlet.context.ServletWebServerApplicationContext.refresh(ServletWebServerApplicationContext.java:146)
	at org.springframework.boot.SpringApplication.refresh(SpringApplication.java:752)
	at org.springframework.boot.SpringApplication.refreshContext(SpringApplication.java:439)
	at org.springframework.boot.SpringApplication.run(SpringApplication.java:318)
	at org.springframework.boot.SpringApplication.run(SpringApplication.java:1361)
	at org.springframework.boot.SpringApplication.run(SpringApplication.java:1350)
	at com.sisol.salud.SisolSaludApplication.main(SisolSaludApplication.java:12)
	at java.base/jdk.internal.reflect.DirectMethodHandleAccessor.invoke(Unknown Source)
	at java.base/java.lang.reflect.Method.invoke(Unknown Source)
	at org.springframework.boot.devtools.restart.RestartLauncher.run(RestartLauncher.java:50)
Caused by: org.springframework.beans.factory.UnsatisfiedDependencyException: Error creating bean with name 'citaService' defined in file [C:\Users\fabri\OneDrive\Desktop\Repositorios\Proyecto-Integrador\target\classes\com\sisol\salud\service\CitaService.class]: Unsatisfied dependency expressed through constructor parameter 0: Error creating bean with name 'citaRepository' defined in com.sisol.salud.repository.CitaRepository defined in @EnableJpaRepositories declared on JpaRepositoriesRegistrar.EnableJpaRepositoriesConfiguration: Could not create query for public abstract java.util.List com.sisol.salud.repository.CitaRepository.findTopEspecialidades(); Reason: Query 'SELECT new com.sisol.salud.dto.response.TopEspecialidadResponse(c.medico.especialidad.nombre, COUNT(c)) FROM Cita c GROUP BY c.medico.especialidad.nombre ORDER BY COUNT(c) DESC' validation failed for method public abstract java.util.List com.sisol.salud.repository.CitaRepository.findTopEspecialidades()
	at org.springframework.beans.factory.support.ConstructorResolver.createArgumentArray(ConstructorResolver.java:804)
	at org.springframework.beans.factory.support.ConstructorResolver.autowireConstructor(ConstructorResolver.java:240)
	at org.springframework.beans.factory.support.AbstractAutowireCapableBeanFactory.autowireConstructor(AbstractAutowireCapableBeanFactory.java:1395)
	at org.springframework.beans.factory.support.AbstractAutowireCapableBeanFactory.createBeanInstance(AbstractAutowireCapableBeanFactory.java:1232)
	at org.springframework.beans.factory.support.AbstractAutowireCapableBeanFactory.doCreateBean(AbstractAutowireCapableBeanFactory.java:569)
	at org.springframework.beans.factory.support.AbstractAutowireCapableBeanFactory.createBean(AbstractAutowireCapableBeanFactory.java:529)
	at org.springframework.beans.factory.support.AbstractBeanFactory.lambda$doGetBean$0(AbstractBeanFactory.java:339)
	at org.springframework.beans.factory.support.DefaultSingletonBeanRegistry.getSingleton(DefaultSingletonBeanRegistry.java:373)
	at org.springframework.beans.factory.support.AbstractBeanFactory.doGetBean(AbstractBeanFactory.java:337)
	at org.springframework.beans.factory.support.AbstractBeanFactory.getBean(AbstractBeanFactory.java:202)
	at org.springframework.beans.factory.support.DefaultListableBeanFactory.doResolveDependency(DefaultListableBeanFactory.java:1708)
	at org.springframework.beans.factory.support.DefaultListableBeanFactory.resolveDependency(DefaultListableBeanFactory.java:1653)
	at org.springframework.beans.factory.support.ConstructorResolver.resolveAutowiredArgument(ConstructorResolver.java:913)
	at org.springframework.beans.factory.support.ConstructorResolver.createArgumentArray(ConstructorResolver.java:791)
	... 24 common frames omitted
Caused by: org.springframework.beans.factory.BeanCreationException: Error creating bean with name 'citaRepository' defined in com.sisol.salud.repository.CitaRepository defined in @EnableJpaRepositories declared on JpaRepositoriesRegistrar.EnableJpaRepositoriesConfiguration: Could not create query for public abstract java.util.List com.sisol.salud.repository.CitaRepository.findTopEspecialidades(); Reason: Query 'SELECT new com.sisol.salud.dto.response.TopEspecialidadResponse(c.medico.especialidad.nombre, COUNT(c)) FROM Cita c GROUP BY c.medico.especialidad.nombre ORDER BY COUNT(c) DESC' validation failed for method public abstract java.util.List com.sisol.salud.repository.CitaRepository.findTopEspecialidades()
	at org.springframework.beans.factory.support.AbstractAutowireCapableBeanFactory.initializeBean(AbstractAutowireCapableBeanFactory.java:1826)
	at org.springframework.beans.factory.support.AbstractAutowireCapableBeanFactory.doCreateBean(AbstractAutowireCapableBeanFactory.java:607)
	at org.springframework.beans.factory.support.AbstractAutowireCapableBeanFactory.createBean(AbstractAutowireCapableBeanFactory.java:529)
	at org.springframework.beans.factory.support.AbstractBeanFactory.lambda$doGetBean$0(AbstractBeanFactory.java:339)
	at org.springframework.beans.factory.support.DefaultSingletonBeanRegistry.getSingleton(DefaultSingletonBeanRegistry.java:373)
	at org.springframework.beans.factory.support.AbstractBeanFactory.doGetBean(AbstractBeanFactory.java:337)
	at org.springframework.beans.factory.support.AbstractBeanFactory.getBean(AbstractBeanFactory.java:202)
	at org.springframework.beans.factory.support.DefaultListableBeanFactory.doResolveDependency(DefaultListableBeanFactory.java:1708)
	at org.springframework.beans.factory.support.DefaultListableBeanFactory.resolveDependency(DefaultListableBeanFactory.java:1653)
	at org.springframework.beans.factory.support.ConstructorResolver.resolveAutowiredArgument(ConstructorResolver.java:913)
	at org.springframework.beans.factory.support.ConstructorResolver.createArgumentArray(ConstructorResolver.java:791)
	... 37 common frames omitted
Caused by: org.springframework.data.repository.query.QueryCreationException: Could not create query for public abstract java.util.List com.sisol.salud.repository.CitaRepository.findTopEspecialidades(); Reason: Query 'SELECT new com.sisol.salud.dto.response.TopEspecialidadResponse(c.medico.especialidad.nombre, COUNT(c)) FROM Cita c GROUP BY c.medico.especialidad.nombre ORDER BY COUNT(c) DESC' validation failed for method public abstract java.util.List com.sisol.salud.repository.CitaRepository.findTopEspecialidades()
	at org.springframework.data.repository.query.QueryCreationException.create(QueryCreationException.java:101)
	at org.springframework.data.repository.core.support.QueryExecutorMethodInterceptor.lookupQuery(QueryExecutorMethodInterceptor.java:120)
	at org.springframework.data.repository.core.support.QueryExecutorMethodInterceptor.mapMethodsToQuery(QueryExecutorMethodInterceptor.java:104)
	at org.springframework.data.repository.core.support.QueryExecutorMethodInterceptor.lambda$new$0(QueryExecutorMethodInterceptor.java:92)
	at java.base/java.util.Optional.map(Unknown Source)
	at org.springframework.data.repository.core.support.QueryExecutorMethodInterceptor.<init>(QueryExecutorMethodInterceptor.java:92)
	at org.springframework.data.repository.core.support.RepositoryFactorySupport.getRepository(RepositoryFactorySupport.java:434)
	at org.springframework.data.repository.core.support.RepositoryFactoryBeanSupport.lambda$afterPropertiesSet$4(RepositoryFactoryBeanSupport.java:355)
	at org.springframework.data.util.Lazy.getNullable(Lazy.java:135)
	at org.springframework.data.util.Lazy.get(Lazy.java:113)
	at org.springframework.data.repository.core.support.RepositoryFactoryBeanSupport.afterPropertiesSet(RepositoryFactoryBeanSupport.java:361)
	at org.springframework.data.jpa.repository.support.JpaRepositoryFactoryBean.afterPropertiesSet(JpaRepositoryFactoryBean.java:132)
	at org.springframework.beans.factory.support.AbstractAutowireCapableBeanFactory.invokeInitMethods(AbstractAutowireCapableBeanFactory.java:1873)
	at org.springframework.beans.factory.support.AbstractAutowireCapableBeanFactory.initializeBean(AbstractAutowireCapableBeanFactory.java:1822)
	... 47 common frames omitted
Caused by: java.lang.IllegalArgumentException: Query 'SELECT new com.sisol.salud.dto.response.TopEspecialidadResponse(c.medico.especialidad.nombre, COUNT(c)) FROM Cita c GROUP BY c.medico.especialidad.nombre ORDER BY COUNT(c) DESC' validation failed for method public abstract java.util.List com.sisol.salud.repository.CitaRepository.findTopEspecialidades()
	at org.springframework.data.jpa.repository.query.SimpleJpaQuery.validateQuery(SimpleJpaQuery.java:93)
	at org.springframework.data.jpa.repository.query.SimpleJpaQuery.<init>(SimpleJpaQuery.java:67)
	at org.springframework.data.jpa.repository.query.JpaQueryFactory.fromMethodWithQueryString(JpaQueryFactory.java:49)
	at org.springframework.data.jpa.repository.query.JpaQueryLookupStrategy$DeclaredQueryLookupStrategy.resolveQuery(JpaQueryLookupStrategy.java:174)
	at org.springframework.data.jpa.repository.query.JpaQueryLookupStrategy$CreateIfNotFoundQueryLookupStrategy.resolveQuery(JpaQueryLookupStrategy.java:254)
	at org.springframework.data.jpa.repository.query.JpaQueryLookupStrategy$AbstractQueryLookupStrategy.resolveQuery(JpaQueryLookupStrategy.java:99)
	at org.springframework.data.repository.core.support.QueryExecutorMethodInterceptor.lookupQuery(QueryExecutorMethodInterceptor.java:116)
	... 59 common frames omitted
Caused by: java.lang.IllegalArgumentException: org.hibernate.query.sqm.UnknownPathException: Could not resolve attribute 'especialidad' of 'com.sisol.salud.model.entity.Medico' [SELECT new com.sisol.salud.dto.response.TopEspecialidadResponse(c.medico.especialidad.nombre, COUNT(c)) FROM Cita c GROUP BY c.medico.especialidad.nombre ORDER BY COUNT(c) DESC]
	at org.hibernate.internal.ExceptionConverterImpl.convert(ExceptionConverterImpl.java:143)
	at org.hibernate.internal.ExceptionConverterImpl.convert(ExceptionConverterImpl.java:167)
	at org.hibernate.internal.ExceptionConverterImpl.convert(ExceptionConverterImpl.java:173)
	at org.hibernate.internal.AbstractSharedSessionContract.createQuery(AbstractSharedSessionContract.java:886)
	at org.hibernate.internal.AbstractSharedSessionContract.createQuery(AbstractSharedSessionContract.java:796)
	at org.hibernate.internal.AbstractSharedSessionContract.createQuery(AbstractSharedSessionContract.java:143)
	at java.base/jdk.internal.reflect.DirectMethodHandleAccessor.invoke(Unknown Source)
	at java.base/java.lang.reflect.Method.invoke(Unknown Source)
	at org.springframework.orm.jpa.ExtendedEntityManagerCreator$ExtendedEntityManagerInvocationHandler.invoke(ExtendedEntityManagerCreator.java:364)
	at jdk.proxy42/jdk.proxy42.$Proxy365.createQuery(Unknown Source)
	at org.springframework.data.jpa.repository.query.SimpleJpaQuery.validateQuery(SimpleJpaQuery.java:88)
	... 65 common frames omitted
Caused by: org.hibernate.query.sqm.UnknownPathException: Could not resolve attribute 'especialidad' of 'com.sisol.salud.model.entity.Medico' [SELECT new com.sisol.salud.dto.response.TopEspecialidadResponse(c.medico.especialidad.nombre, COUNT(c)) FROM Cita c GROUP BY c.medico.especialidad.nombre ORDER BY COUNT(c) DESC]
	at org.hibernate.query.hql.internal.StandardHqlTranslator.translate(StandardHqlTranslator.java:88)
	at org.hibernate.query.internal.QueryInterpretationCacheStandardImpl.createHqlInterpretation(QueryInterpretationCacheStandardImpl.java:145)
	at org.hibernate.query.internal.QueryInterpretationCacheStandardImpl.resolveHqlInterpretation(QueryInterpretationCacheStandardImpl.java:132)
	at org.hibernate.query.spi.QueryEngine.interpretHql(QueryEngine.java:54)
	at org.hibernate.internal.AbstractSharedSessionContract.interpretHql(AbstractSharedSessionContract.java:832)
	at org.hibernate.internal.AbstractSharedSessionContract.createQuery(AbstractSharedSessionContract.java:878)
	... 72 common frames omitted
Caused by: org.hibernate.query.sqm.PathElementException: Could not resolve attribute 'especialidad' of 'com.sisol.salud.model.entity.Medico'
	at org.hibernate.query.sqm.SqmPathSource.getSubPathSource(SqmPathSource.java:95)
	at org.hibernate.query.sqm.tree.domain.AbstractSqmPath.get(AbstractSqmPath.java:199)
	at org.hibernate.query.sqm.tree.domain.SqmEntityValuedSimplePath.resolvePathPart(SqmEntityValuedSimplePath.java:56)
	at org.hibernate.query.hql.internal.DomainPathPart.resolvePathPart(DomainPathPart.java:42)
	at org.hibernate.query.hql.internal.BasicDotIdentifierConsumer.consumeIdentifier(BasicDotIdentifierConsumer.java:92)
	at org.hibernate.query.hql.internal.SemanticQueryBuilder.visitSimplePath(SemanticQueryBuilder.java:5432)
	at org.hibernate.query.hql.internal.SemanticQueryBuilder.visitGeneralPathFragment(SemanticQueryBuilder.java:5292)
	at org.hibernate.query.hql.internal.SemanticQueryBuilder.visitGeneralPathExpression(SemanticQueryBuilder.java:1884)
	at org.hibernate.grammars.hql.HqlParser$GeneralPathExpressionContext.accept(HqlParser.java:7882)
	at org.antlr.v4.runtime.tree.AbstractParseTreeVisitor.visitChildren(AbstractParseTreeVisitor.java:46)
	at org.hibernate.grammars.hql.HqlParserBaseVisitor.visitBarePrimaryExpression(HqlParserBaseVisitor.java:749)
	at org.hibernate.grammars.hql.HqlParser$BarePrimaryExpressionContext.accept(HqlParser.java:7331)
	at org.antlr.v4.runtime.tree.AbstractParseTreeVisitor.visitChildren(AbstractParseTreeVisitor.java:46)
	at org.hibernate.grammars.hql.HqlParserBaseVisitor.visitExpressionOrPredicate(HqlParserBaseVisitor.java:882)
	at org.hibernate.grammars.hql.HqlParser$ExpressionOrPredicateContext.accept(HqlParser.java:8114)
	at org.antlr.v4.runtime.tree.AbstractParseTreeVisitor.visitChildren(AbstractParseTreeVisitor.java:46)
	at org.hibernate.grammars.hql.HqlParserBaseVisitor.visitInstantiationArgumentExpression(HqlParserBaseVisitor.java:385)
	at org.hibernate.grammars.hql.HqlParser$InstantiationArgumentExpressionContext.accept(HqlParser.java:4228)
	at org.hibernate.query.hql.internal.SemanticQueryBuilder.visitInstantiationArgument(SemanticQueryBuilder.java:1529)
	at org.hibernate.query.hql.internal.SemanticQueryBuilder.visitInstantiation(SemanticQueryBuilder.java:1495)
	at org.hibernate.query.hql.internal.SemanticQueryBuilder.visitInstantiation(SemanticQueryBuilder.java:278)
	at org.hibernate.grammars.hql.HqlParser$InstantiationContext.accept(HqlParser.java:3977)
	at org.hibernate.query.hql.internal.SemanticQueryBuilder.visitSelectableNode(SemanticQueryBuilder.java:1451)
	at org.hibernate.query.hql.internal.SemanticQueryBuilder.visitSelection(SemanticQueryBuilder.java:1405)
	at org.hibernate.query.hql.internal.SemanticQueryBuilder.visitSelectClause(SemanticQueryBuilder.java:1398)
	at org.hibernate.query.hql.internal.SemanticQueryBuilder.visitQuery(SemanticQueryBuilder.java:1247)
	at org.hibernate.query.hql.internal.SemanticQueryBuilder.visitQuerySpecExpression(SemanticQueryBuilder.java:1029)
	at org.hibernate.query.hql.internal.SemanticQueryBuilder.visitQuerySpecExpression(SemanticQueryBuilder.java:278)
	at org.hibernate.grammars.hql.HqlParser$QuerySpecExpressionContext.accept(HqlParser.java:2077)
	at org.hibernate.query.hql.internal.SemanticQueryBuilder.visitQueryExpression(SemanticQueryBuilder.java:1063)
	at org.hibernate.query.hql.internal.SemanticQueryBuilder.visitQueryExpression(SemanticQueryBuilder.java:278)
	at org.hibernate.grammars.hql.HqlParser$QueryExpressionContext.accept(HqlParser.java:1973)
	at org.hibernate.query.hql.internal.SemanticQueryBuilder.visitSelectStatement(SemanticQueryBuilder.java:493)
	at org.hibernate.query.hql.internal.SemanticQueryBuilder.visitStatement(SemanticQueryBuilder.java:452)
	at org.hibernate.query.hql.internal.SemanticQueryBuilder.buildSemanticModel(SemanticQueryBuilder.java:325)
	at org.hibernate.query.hql.internal.StandardHqlTranslator.translate(StandardHqlTranslator.java:71)
	... 77 common frames omitted

2026-06-01 04:29:09.695  INFO 24624 --- [restartedMain] com.sisol.salud.SisolSaludApplication    : Starting SisolSaludApplication using Java 21.0.10 with PID 24624 (C:\Users\fabri\OneDrive\Desktop\Repositorios\Proyecto-Integrador\target\classes started by fabri in C:\Users\fabri\OneDrive\Desktop\Repositorios\Proyecto-Integrador)
2026-06-01 04:29:09.695 DEBUG 24624 --- [restartedMain] com.sisol.salud.SisolSaludApplication    : Running with Spring Boot v3.5.9, Spring v6.2.15
2026-06-01 04:29:09.695  INFO 24624 --- [restartedMain] com.sisol.salud.SisolSaludApplication    : No active profile set, falling back to 1 default profile: "default"
2026-06-01 04:29:09.860  INFO 24624 --- [restartedMain] .s.d.r.c.RepositoryConfigurationDelegate : Bootstrapping Spring Data JPA repositories in DEFAULT mode.
2026-06-01 04:29:09.876  INFO 24624 --- [restartedMain] .s.d.r.c.RepositoryConfigurationDelegate : Finished Spring Data repository scanning in 15 ms. Found 8 JPA repository interfaces.
2026-06-01 04:29:09.919  INFO 24624 --- [restartedMain] o.s.b.w.embedded.tomcat.TomcatWebServer  : Tomcat initialized with port 8080 (http)
2026-06-01 04:29:09.920  INFO 24624 --- [restartedMain] o.apache.catalina.core.StandardService   : Starting service [Tomcat]
2026-06-01 04:29:09.920  INFO 24624 --- [restartedMain] o.apache.catalina.core.StandardEngine    : Starting Servlet engine: [Apache Tomcat/10.1.50]
2026-06-01 04:29:09.936  INFO 24624 --- [restartedMain] o.a.c.c.C.[Tomcat-15].[localhost].[/]    : Initializing Spring embedded WebApplicationContext
2026-06-01 04:29:09.936  INFO 24624 --- [restartedMain] w.s.c.ServletWebServerApplicationContext : Root WebApplicationContext: initialization completed in 240 ms
2026-06-01 04:29:09.957  INFO 24624 --- [restartedMain] o.hibernate.jpa.internal.util.LogHelper  : HHH000204: Processing PersistenceUnitInfo [name: default]
2026-06-01 04:29:09.961  INFO 24624 --- [restartedMain] o.h.c.internal.RegionFactoryInitiator    : HHH000026: Second-level cache disabled
2026-06-01 04:29:09.963  INFO 24624 --- [restartedMain] o.h.e.boot.internal.EnversServiceImpl    : Envers integration enabled? : true
2026-06-01 04:29:09.965  INFO 24624 --- [restartedMain] o.s.o.j.p.SpringPersistenceUnitInfo      : No LoadTimeWeaver setup: ignoring JPA class transformer
2026-06-01 04:29:09.966  INFO 24624 --- [restartedMain] com.zaxxer.hikari.HikariDataSource       : HikariPool-21 - Starting...
2026-06-01 04:29:09.969  INFO 24624 --- [restartedMain] com.zaxxer.hikari.pool.HikariPool        : HikariPool-21 - Added connection com.mysql.cj.jdbc.ConnectionImpl@15c576a3
2026-06-01 04:29:09.969  INFO 24624 --- [restartedMain] com.zaxxer.hikari.HikariDataSource       : HikariPool-21 - Start completed.
2026-06-01 04:29:09.970  WARN 24624 --- [restartedMain] org.hibernate.orm.deprecation            : HHH90000025: MySQLDialect does not need to be specified explicitly using 'hibernate.dialect' (remove the property setting and it will be selected by default)
2026-06-01 04:29:09.970  INFO 24624 --- [restartedMain] org.hibernate.orm.connections.pooling    : HHH10001005: Database info:
	Database JDBC URL [Connecting through datasource 'HikariDataSource (HikariPool-21)']
	Database driver: undefined/unknown
	Database version: 8.0.45
	Autocommit mode: undefined/unknown
	Isolation level: undefined/unknown
	Minimum pool size: undefined/unknown
	Maximum pool size: undefined/unknown
2026-06-01 04:29:09.985  INFO 24624 --- [restartedMain] o.h.e.c.i.m.AuditMetadataGenerator       : Adding properties for entity: com.sisol.salud.model.entity.Cita
2026-06-01 04:29:09.986  INFO 24624 --- [restartedMain] o.h.e.c.i.m.AuditMetadataGenerator       : Adding properties for entity: com.sisol.salud.model.entity.Paciente
2026-06-01 04:29:09.986  INFO 24624 --- [restartedMain] o.h.e.c.i.m.AuditMetadataGenerator       : Adding properties for entity: com.sisol.salud.model.entity.Especialidad
2026-06-01 04:29:09.986  INFO 24624 --- [restartedMain] o.h.e.c.i.m.AuditMetadataGenerator       : Adding properties for entity: com.sisol.salud.model.entity.Medico
2026-06-01 04:29:09.986  INFO 24624 --- [restartedMain] o.h.e.c.i.m.AuditMetadataGenerator       : Adding properties for entity: com.sisol.salud.model.entity.Pago
2026-06-01 04:29:09.986  INFO 24624 --- [restartedMain] o.h.e.c.i.m.AuditMetadataGenerator       : Adding properties for entity: com.sisol.salud.model.entity.Usuario
2026-06-01 04:29:10.030  INFO 24624 --- [restartedMain] o.h.e.t.j.p.i.JtaPlatformInitiator       : HHH000489: No JTA platform available (set 'hibernate.transaction.jta.platform' to enable JTA platform integration)
2026-06-01 04:29:10.067  INFO 24624 --- [restartedMain] j.LocalContainerEntityManagerFactoryBean : Initialized JPA EntityManagerFactory for persistence unit 'default'
2026-06-01 04:29:10.089 DEBUG 24624 --- [restartedMain] c.s.s.s.jwt.JwtAuthenticationFilter      : Filter 'jwtAuthenticationFilter' configured for use
2026-06-01 04:29:10.101  INFO 24624 --- [restartedMain] eAuthenticationProviderManagerConfigurer : Global AuthenticationManager configured with AuthenticationProvider bean with name authenticationProvider
2026-06-01 04:29:10.101  WARN 24624 --- [restartedMain] r$InitializeUserDetailsManagerConfigurer : Global AuthenticationManager configured with an AuthenticationProvider bean. UserDetailsService beans will not be used by Spring Security for automatically configuring username/password login. Consider removing the AuthenticationProvider bean. Alternatively, consider using the UserDetailsService in a manually instantiated DaoAuthenticationProvider. If the current configuration is intentional, to turn off this warning, increase the logging level of 'org.springframework.security.config.annotation.authentication.configuration.InitializeUserDetailsBeanManagerConfigurer' to ERROR
2026-06-01 04:29:10.111  WARN 24624 --- [restartedMain] ConfigServletWebServerApplicationContext : Exception encountered during context initialization - cancelling refresh attempt: org.springframework.beans.factory.UnsatisfiedDependencyException: Error creating bean with name 'citaRestController' defined in file [C:\Users\fabri\OneDrive\Desktop\Repositorios\Proyecto-Integrador\target\classes\com\sisol\salud\controller\api\CitaRestController.class]: Unsatisfied dependency expressed through constructor parameter 0: Error creating bean with name 'citaService' defined in file [C:\Users\fabri\OneDrive\Desktop\Repositorios\Proyecto-Integrador\target\classes\com\sisol\salud\service\CitaService.class]: Unsatisfied dependency expressed through constructor parameter 0: Error creating bean with name 'citaRepository' defined in com.sisol.salud.repository.CitaRepository defined in @EnableJpaRepositories declared on JpaRepositoriesRegistrar.EnableJpaRepositoriesConfiguration: Could not create query for public abstract java.util.List com.sisol.salud.repository.CitaRepository.findTopEspecialidades(); Reason: Query 'SELECT new com.sisol.salud.dto.response.TopEspecialidadResponse(c.medico.especialidad.nombre, COUNT(c)) FROM Cita c GROUP BY c.medico.especialidad.nombre ORDER BY COUNT(c) DESC' validation failed for method public abstract java.util.List com.sisol.salud.repository.CitaRepository.findTopEspecialidades()
2026-06-01 04:29:10.111  INFO 24624 --- [restartedMain] j.LocalContainerEntityManagerFactoryBean : Closing JPA EntityManagerFactory for persistence unit 'default'
2026-06-01 04:29:10.111  INFO 24624 --- [restartedMain] com.zaxxer.hikari.HikariDataSource       : HikariPool-21 - Shutdown initiated...
2026-06-01 04:29:10.124  INFO 24624 --- [restartedMain] com.zaxxer.hikari.HikariDataSource       : HikariPool-21 - Shutdown completed.
2026-06-01 04:29:10.124  INFO 24624 --- [restartedMain] o.apache.catalina.core.StandardService   : Stopping service [Tomcat]
2026-06-01 04:29:10.127  INFO 24624 --- [restartedMain] .s.b.a.l.ConditionEvaluationReportLogger : 

Error starting ApplicationContext. To display the condition evaluation report re-run your application with 'debug' enabled.
2026-06-01 04:29:10.128 ERROR 24624 --- [restartedMain] o.s.boot.SpringApplication               : Application run failed

org.springframework.beans.factory.UnsatisfiedDependencyException: Error creating bean with name 'citaRestController' defined in file [C:\Users\fabri\OneDrive\Desktop\Repositorios\Proyecto-Integrador\target\classes\com\sisol\salud\controller\api\CitaRestController.class]: Unsatisfied dependency expressed through constructor parameter 0: Error creating bean with name 'citaService' defined in file [C:\Users\fabri\OneDrive\Desktop\Repositorios\Proyecto-Integrador\target\classes\com\sisol\salud\service\CitaService.class]: Unsatisfied dependency expressed through constructor parameter 0: Error creating bean with name 'citaRepository' defined in com.sisol.salud.repository.CitaRepository defined in @EnableJpaRepositories declared on JpaRepositoriesRegistrar.EnableJpaRepositoriesConfiguration: Could not create query for public abstract java.util.List com.sisol.salud.repository.CitaRepository.findTopEspecialidades(); Reason: Query 'SELECT new com.sisol.salud.dto.response.TopEspecialidadResponse(c.medico.especialidad.nombre, COUNT(c)) FROM Cita c GROUP BY c.medico.especialidad.nombre ORDER BY COUNT(c) DESC' validation failed for method public abstract java.util.List com.sisol.salud.repository.CitaRepository.findTopEspecialidades()
	at org.springframework.beans.factory.support.ConstructorResolver.createArgumentArray(ConstructorResolver.java:804)
	at org.springframework.beans.factory.support.ConstructorResolver.autowireConstructor(ConstructorResolver.java:240)
	at org.springframework.beans.factory.support.AbstractAutowireCapableBeanFactory.autowireConstructor(AbstractAutowireCapableBeanFactory.java:1395)
	at org.springframework.beans.factory.support.AbstractAutowireCapableBeanFactory.createBeanInstance(AbstractAutowireCapableBeanFactory.java:1232)
	at org.springframework.beans.factory.support.AbstractAutowireCapableBeanFactory.doCreateBean(AbstractAutowireCapableBeanFactory.java:569)
	at org.springframework.beans.factory.support.AbstractAutowireCapableBeanFactory.createBean(AbstractAutowireCapableBeanFactory.java:529)
	at org.springframework.beans.factory.support.AbstractBeanFactory.lambda$doGetBean$0(AbstractBeanFactory.java:339)
	at org.springframework.beans.factory.support.DefaultSingletonBeanRegistry.getSingleton(DefaultSingletonBeanRegistry.java:373)
	at org.springframework.beans.factory.support.AbstractBeanFactory.doGetBean(AbstractBeanFactory.java:337)
	at org.springframework.beans.factory.support.AbstractBeanFactory.getBean(AbstractBeanFactory.java:202)
	at org.springframework.beans.factory.support.DefaultListableBeanFactory.instantiateSingleton(DefaultListableBeanFactory.java:1228)
	at org.springframework.beans.factory.support.DefaultListableBeanFactory.preInstantiateSingleton(DefaultListableBeanFactory.java:1194)
	at org.springframework.beans.factory.support.DefaultListableBeanFactory.preInstantiateSingletons(DefaultListableBeanFactory.java:1130)
	at org.springframework.context.support.AbstractApplicationContext.finishBeanFactoryInitialization(AbstractApplicationContext.java:990)
	at org.springframework.context.support.AbstractApplicationContext.refresh(AbstractApplicationContext.java:627)
	at org.springframework.boot.web.servlet.context.ServletWebServerApplicationContext.refresh(ServletWebServerApplicationContext.java:146)
	at org.springframework.boot.SpringApplication.refresh(SpringApplication.java:752)
	at org.springframework.boot.SpringApplication.refreshContext(SpringApplication.java:439)
	at org.springframework.boot.SpringApplication.run(SpringApplication.java:318)
	at org.springframework.boot.SpringApplication.run(SpringApplication.java:1361)
	at org.springframework.boot.SpringApplication.run(SpringApplication.java:1350)
	at com.sisol.salud.SisolSaludApplication.main(SisolSaludApplication.java:12)
	at java.base/jdk.internal.reflect.DirectMethodHandleAccessor.invoke(Unknown Source)
	at java.base/java.lang.reflect.Method.invoke(Unknown Source)
	at org.springframework.boot.devtools.restart.RestartLauncher.run(RestartLauncher.java:50)
Caused by: org.springframework.beans.factory.UnsatisfiedDependencyException: Error creating bean with name 'citaService' defined in file [C:\Users\fabri\OneDrive\Desktop\Repositorios\Proyecto-Integrador\target\classes\com\sisol\salud\service\CitaService.class]: Unsatisfied dependency expressed through constructor parameter 0: Error creating bean with name 'citaRepository' defined in com.sisol.salud.repository.CitaRepository defined in @EnableJpaRepositories declared on JpaRepositoriesRegistrar.EnableJpaRepositoriesConfiguration: Could not create query for public abstract java.util.List com.sisol.salud.repository.CitaRepository.findTopEspecialidades(); Reason: Query 'SELECT new com.sisol.salud.dto.response.TopEspecialidadResponse(c.medico.especialidad.nombre, COUNT(c)) FROM Cita c GROUP BY c.medico.especialidad.nombre ORDER BY COUNT(c) DESC' validation failed for method public abstract java.util.List com.sisol.salud.repository.CitaRepository.findTopEspecialidades()
	at org.springframework.beans.factory.support.ConstructorResolver.createArgumentArray(ConstructorResolver.java:804)
	at org.springframework.beans.factory.support.ConstructorResolver.autowireConstructor(ConstructorResolver.java:240)
	at org.springframework.beans.factory.support.AbstractAutowireCapableBeanFactory.autowireConstructor(AbstractAutowireCapableBeanFactory.java:1395)
	at org.springframework.beans.factory.support.AbstractAutowireCapableBeanFactory.createBeanInstance(AbstractAutowireCapableBeanFactory.java:1232)
	at org.springframework.beans.factory.support.AbstractAutowireCapableBeanFactory.doCreateBean(AbstractAutowireCapableBeanFactory.java:569)
	at org.springframework.beans.factory.support.AbstractAutowireCapableBeanFactory.createBean(AbstractAutowireCapableBeanFactory.java:529)
	at org.springframework.beans.factory.support.AbstractBeanFactory.lambda$doGetBean$0(AbstractBeanFactory.java:339)
	at org.springframework.beans.factory.support.DefaultSingletonBeanRegistry.getSingleton(DefaultSingletonBeanRegistry.java:373)
	at org.springframework.beans.factory.support.AbstractBeanFactory.doGetBean(AbstractBeanFactory.java:337)
	at org.springframework.beans.factory.support.AbstractBeanFactory.getBean(AbstractBeanFactory.java:202)
	at org.springframework.beans.factory.support.DefaultListableBeanFactory.doResolveDependency(DefaultListableBeanFactory.java:1708)
	at org.springframework.beans.factory.support.DefaultListableBeanFactory.resolveDependency(DefaultListableBeanFactory.java:1653)
	at org.springframework.beans.factory.support.ConstructorResolver.resolveAutowiredArgument(ConstructorResolver.java:913)
	at org.springframework.beans.factory.support.ConstructorResolver.createArgumentArray(ConstructorResolver.java:791)
	... 24 common frames omitted
Caused by: org.springframework.beans.factory.BeanCreationException: Error creating bean with name 'citaRepository' defined in com.sisol.salud.repository.CitaRepository defined in @EnableJpaRepositories declared on JpaRepositoriesRegistrar.EnableJpaRepositoriesConfiguration: Could not create query for public abstract java.util.List com.sisol.salud.repository.CitaRepository.findTopEspecialidades(); Reason: Query 'SELECT new com.sisol.salud.dto.response.TopEspecialidadResponse(c.medico.especialidad.nombre, COUNT(c)) FROM Cita c GROUP BY c.medico.especialidad.nombre ORDER BY COUNT(c) DESC' validation failed for method public abstract java.util.List com.sisol.salud.repository.CitaRepository.findTopEspecialidades()
	at org.springframework.beans.factory.support.AbstractAutowireCapableBeanFactory.initializeBean(AbstractAutowireCapableBeanFactory.java:1826)
	at org.springframework.beans.factory.support.AbstractAutowireCapableBeanFactory.doCreateBean(AbstractAutowireCapableBeanFactory.java:607)
	at org.springframework.beans.factory.support.AbstractAutowireCapableBeanFactory.createBean(AbstractAutowireCapableBeanFactory.java:529)
	at org.springframework.beans.factory.support.AbstractBeanFactory.lambda$doGetBean$0(AbstractBeanFactory.java:339)
	at org.springframework.beans.factory.support.DefaultSingletonBeanRegistry.getSingleton(DefaultSingletonBeanRegistry.java:373)
	at org.springframework.beans.factory.support.AbstractBeanFactory.doGetBean(AbstractBeanFactory.java:337)
	at org.springframework.beans.factory.support.AbstractBeanFactory.getBean(AbstractBeanFactory.java:202)
	at org.springframework.beans.factory.support.DefaultListableBeanFactory.doResolveDependency(DefaultListableBeanFactory.java:1708)
	at org.springframework.beans.factory.support.DefaultListableBeanFactory.resolveDependency(DefaultListableBeanFactory.java:1653)
	at org.springframework.beans.factory.support.ConstructorResolver.resolveAutowiredArgument(ConstructorResolver.java:913)
	at org.springframework.beans.factory.support.ConstructorResolver.createArgumentArray(ConstructorResolver.java:791)
	... 37 common frames omitted
Caused by: org.springframework.data.repository.query.QueryCreationException: Could not create query for public abstract java.util.List com.sisol.salud.repository.CitaRepository.findTopEspecialidades(); Reason: Query 'SELECT new com.sisol.salud.dto.response.TopEspecialidadResponse(c.medico.especialidad.nombre, COUNT(c)) FROM Cita c GROUP BY c.medico.especialidad.nombre ORDER BY COUNT(c) DESC' validation failed for method public abstract java.util.List com.sisol.salud.repository.CitaRepository.findTopEspecialidades()
	at org.springframework.data.repository.query.QueryCreationException.create(QueryCreationException.java:101)
	at org.springframework.data.repository.core.support.QueryExecutorMethodInterceptor.lookupQuery(QueryExecutorMethodInterceptor.java:120)
	at org.springframework.data.repository.core.support.QueryExecutorMethodInterceptor.mapMethodsToQuery(QueryExecutorMethodInterceptor.java:104)
	at org.springframework.data.repository.core.support.QueryExecutorMethodInterceptor.lambda$new$0(QueryExecutorMethodInterceptor.java:92)
	at java.base/java.util.Optional.map(Unknown Source)
	at org.springframework.data.repository.core.support.QueryExecutorMethodInterceptor.<init>(QueryExecutorMethodInterceptor.java:92)
	at org.springframework.data.repository.core.support.RepositoryFactorySupport.getRepository(RepositoryFactorySupport.java:434)
	at org.springframework.data.repository.core.support.RepositoryFactoryBeanSupport.lambda$afterPropertiesSet$4(RepositoryFactoryBeanSupport.java:355)
	at org.springframework.data.util.Lazy.getNullable(Lazy.java:135)
	at org.springframework.data.util.Lazy.get(Lazy.java:113)
	at org.springframework.data.repository.core.support.RepositoryFactoryBeanSupport.afterPropertiesSet(RepositoryFactoryBeanSupport.java:361)
	at org.springframework.data.jpa.repository.support.JpaRepositoryFactoryBean.afterPropertiesSet(JpaRepositoryFactoryBean.java:132)
	at org.springframework.beans.factory.support.AbstractAutowireCapableBeanFactory.invokeInitMethods(AbstractAutowireCapableBeanFactory.java:1873)
	at org.springframework.beans.factory.support.AbstractAutowireCapableBeanFactory.initializeBean(AbstractAutowireCapableBeanFactory.java:1822)
	... 47 common frames omitted
Caused by: java.lang.IllegalArgumentException: Query 'SELECT new com.sisol.salud.dto.response.TopEspecialidadResponse(c.medico.especialidad.nombre, COUNT(c)) FROM Cita c GROUP BY c.medico.especialidad.nombre ORDER BY COUNT(c) DESC' validation failed for method public abstract java.util.List com.sisol.salud.repository.CitaRepository.findTopEspecialidades()
	at org.springframework.data.jpa.repository.query.SimpleJpaQuery.validateQuery(SimpleJpaQuery.java:93)
	at org.springframework.data.jpa.repository.query.SimpleJpaQuery.<init>(SimpleJpaQuery.java:67)
	at org.springframework.data.jpa.repository.query.JpaQueryFactory.fromMethodWithQueryString(JpaQueryFactory.java:49)
	at org.springframework.data.jpa.repository.query.JpaQueryLookupStrategy$DeclaredQueryLookupStrategy.resolveQuery(JpaQueryLookupStrategy.java:174)
	at org.springframework.data.jpa.repository.query.JpaQueryLookupStrategy$CreateIfNotFoundQueryLookupStrategy.resolveQuery(JpaQueryLookupStrategy.java:254)
	at org.springframework.data.jpa.repository.query.JpaQueryLookupStrategy$AbstractQueryLookupStrategy.resolveQuery(JpaQueryLookupStrategy.java:99)
	at org.springframework.data.repository.core.support.QueryExecutorMethodInterceptor.lookupQuery(QueryExecutorMethodInterceptor.java:116)
	... 59 common frames omitted
Caused by: java.lang.IllegalArgumentException: org.hibernate.query.sqm.UnknownPathException: Could not resolve attribute 'especialidad' of 'com.sisol.salud.model.entity.Medico' [SELECT new com.sisol.salud.dto.response.TopEspecialidadResponse(c.medico.especialidad.nombre, COUNT(c)) FROM Cita c GROUP BY c.medico.especialidad.nombre ORDER BY COUNT(c) DESC]
	at org.hibernate.internal.ExceptionConverterImpl.convert(ExceptionConverterImpl.java:143)
	at org.hibernate.internal.ExceptionConverterImpl.convert(ExceptionConverterImpl.java:167)
	at org.hibernate.internal.ExceptionConverterImpl.convert(ExceptionConverterImpl.java:173)
	at org.hibernate.internal.AbstractSharedSessionContract.createQuery(AbstractSharedSessionContract.java:886)
	at org.hibernate.internal.AbstractSharedSessionContract.createQuery(AbstractSharedSessionContract.java:796)
	at org.hibernate.internal.AbstractSharedSessionContract.createQuery(AbstractSharedSessionContract.java:143)
	at java.base/jdk.internal.reflect.DirectMethodHandleAccessor.invoke(Unknown Source)
	at java.base/java.lang.reflect.Method.invoke(Unknown Source)
	at org.springframework.orm.jpa.ExtendedEntityManagerCreator$ExtendedEntityManagerInvocationHandler.invoke(ExtendedEntityManagerCreator.java:364)
	at jdk.proxy44/jdk.proxy44.$Proxy371.createQuery(Unknown Source)
	at org.springframework.data.jpa.repository.query.SimpleJpaQuery.validateQuery(SimpleJpaQuery.java:88)
	... 65 common frames omitted
Caused by: org.hibernate.query.sqm.UnknownPathException: Could not resolve attribute 'especialidad' of 'com.sisol.salud.model.entity.Medico' [SELECT new com.sisol.salud.dto.response.TopEspecialidadResponse(c.medico.especialidad.nombre, COUNT(c)) FROM Cita c GROUP BY c.medico.especialidad.nombre ORDER BY COUNT(c) DESC]
	at org.hibernate.query.hql.internal.StandardHqlTranslator.translate(StandardHqlTranslator.java:88)
	at org.hibernate.query.internal.QueryInterpretationCacheStandardImpl.createHqlInterpretation(QueryInterpretationCacheStandardImpl.java:145)
	at org.hibernate.query.internal.QueryInterpretationCacheStandardImpl.resolveHqlInterpretation(QueryInterpretationCacheStandardImpl.java:132)
	at org.hibernate.query.spi.QueryEngine.interpretHql(QueryEngine.java:54)
	at org.hibernate.internal.AbstractSharedSessionContract.interpretHql(AbstractSharedSessionContract.java:832)
	at org.hibernate.internal.AbstractSharedSessionContract.createQuery(AbstractSharedSessionContract.java:878)
	... 72 common frames omitted
Caused by: org.hibernate.query.sqm.PathElementException: Could not resolve attribute 'especialidad' of 'com.sisol.salud.model.entity.Medico'
	at org.hibernate.query.sqm.SqmPathSource.getSubPathSource(SqmPathSource.java:95)
	at org.hibernate.query.sqm.tree.domain.AbstractSqmPath.get(AbstractSqmPath.java:199)
	at org.hibernate.query.sqm.tree.domain.SqmEntityValuedSimplePath.resolvePathPart(SqmEntityValuedSimplePath.java:56)
	at org.hibernate.query.hql.internal.DomainPathPart.resolvePathPart(DomainPathPart.java:42)
	at org.hibernate.query.hql.internal.BasicDotIdentifierConsumer.consumeIdentifier(BasicDotIdentifierConsumer.java:92)
	at org.hibernate.query.hql.internal.SemanticQueryBuilder.visitSimplePath(SemanticQueryBuilder.java:5432)
	at org.hibernate.query.hql.internal.SemanticQueryBuilder.visitGeneralPathFragment(SemanticQueryBuilder.java:5292)
	at org.hibernate.query.hql.internal.SemanticQueryBuilder.visitGeneralPathExpression(SemanticQueryBuilder.java:1884)
	at org.hibernate.grammars.hql.HqlParser$GeneralPathExpressionContext.accept(HqlParser.java:7882)
	at org.antlr.v4.runtime.tree.AbstractParseTreeVisitor.visitChildren(AbstractParseTreeVisitor.java:46)
	at org.hibernate.grammars.hql.HqlParserBaseVisitor.visitBarePrimaryExpression(HqlParserBaseVisitor.java:749)
	at org.hibernate.grammars.hql.HqlParser$BarePrimaryExpressionContext.accept(HqlParser.java:7331)
	at org.antlr.v4.runtime.tree.AbstractParseTreeVisitor.visitChildren(AbstractParseTreeVisitor.java:46)
	at org.hibernate.grammars.hql.HqlParserBaseVisitor.visitExpressionOrPredicate(HqlParserBaseVisitor.java:882)
	at org.hibernate.grammars.hql.HqlParser$ExpressionOrPredicateContext.accept(HqlParser.java:8114)
	at org.antlr.v4.runtime.tree.AbstractParseTreeVisitor.visitChildren(AbstractParseTreeVisitor.java:46)
	at org.hibernate.grammars.hql.HqlParserBaseVisitor.visitInstantiationArgumentExpression(HqlParserBaseVisitor.java:385)
	at org.hibernate.grammars.hql.HqlParser$InstantiationArgumentExpressionContext.accept(HqlParser.java:4228)
	at org.hibernate.query.hql.internal.SemanticQueryBuilder.visitInstantiationArgument(SemanticQueryBuilder.java:1529)
	at org.hibernate.query.hql.internal.SemanticQueryBuilder.visitInstantiation(SemanticQueryBuilder.java:1495)
	at org.hibernate.query.hql.internal.SemanticQueryBuilder.visitInstantiation(SemanticQueryBuilder.java:278)
	at org.hibernate.grammars.hql.HqlParser$InstantiationContext.accept(HqlParser.java:3977)
	at org.hibernate.query.hql.internal.SemanticQueryBuilder.visitSelectableNode(SemanticQueryBuilder.java:1451)
	at org.hibernate.query.hql.internal.SemanticQueryBuilder.visitSelection(SemanticQueryBuilder.java:1405)
	at org.hibernate.query.hql.internal.SemanticQueryBuilder.visitSelectClause(SemanticQueryBuilder.java:1398)
	at org.hibernate.query.hql.internal.SemanticQueryBuilder.visitQuery(SemanticQueryBuilder.java:1247)
	at org.hibernate.query.hql.internal.SemanticQueryBuilder.visitQuerySpecExpression(SemanticQueryBuilder.java:1029)
	at org.hibernate.query.hql.internal.SemanticQueryBuilder.visitQuerySpecExpression(SemanticQueryBuilder.java:278)
	at org.hibernate.grammars.hql.HqlParser$QuerySpecExpressionContext.accept(HqlParser.java:2077)
	at org.hibernate.query.hql.internal.SemanticQueryBuilder.visitQueryExpression(SemanticQueryBuilder.java:1063)
	at org.hibernate.query.hql.internal.SemanticQueryBuilder.visitQueryExpression(SemanticQueryBuilder.java:278)
	at org.hibernate.grammars.hql.HqlParser$QueryExpressionContext.accept(HqlParser.java:1973)
	at org.hibernate.query.hql.internal.SemanticQueryBuilder.visitSelectStatement(SemanticQueryBuilder.java:493)
	at org.hibernate.query.hql.internal.SemanticQueryBuilder.visitStatement(SemanticQueryBuilder.java:452)
	at org.hibernate.query.hql.internal.SemanticQueryBuilder.buildSemanticModel(SemanticQueryBuilder.java:325)
	at org.hibernate.query.hql.internal.StandardHqlTranslator.translate(StandardHqlTranslator.java:71)
	... 77 common frames omitted

2026-06-01 04:29:15.732  INFO 24624 --- [restartedMain] com.sisol.salud.SisolSaludApplication    : Starting SisolSaludApplication using Java 21.0.10 with PID 24624 (C:\Users\fabri\OneDrive\Desktop\Repositorios\Proyecto-Integrador\target\classes started by fabri in C:\Users\fabri\OneDrive\Desktop\Repositorios\Proyecto-Integrador)
2026-06-01 04:29:15.733 DEBUG 24624 --- [restartedMain] com.sisol.salud.SisolSaludApplication    : Running with Spring Boot v3.5.9, Spring v6.2.15
2026-06-01 04:29:15.733  INFO 24624 --- [restartedMain] com.sisol.salud.SisolSaludApplication    : No active profile set, falling back to 1 default profile: "default"
2026-06-01 04:29:15.873  INFO 24624 --- [restartedMain] .s.d.r.c.RepositoryConfigurationDelegate : Bootstrapping Spring Data JPA repositories in DEFAULT mode.
2026-06-01 04:29:15.890  INFO 24624 --- [restartedMain] .s.d.r.c.RepositoryConfigurationDelegate : Finished Spring Data repository scanning in 17 ms. Found 8 JPA repository interfaces.
2026-06-01 04:29:15.944  INFO 24624 --- [restartedMain] o.s.b.w.embedded.tomcat.TomcatWebServer  : Tomcat initialized with port 8080 (http)
2026-06-01 04:29:15.945  INFO 24624 --- [restartedMain] o.apache.catalina.core.StandardService   : Starting service [Tomcat]
2026-06-01 04:29:15.946  INFO 24624 --- [restartedMain] o.apache.catalina.core.StandardEngine    : Starting Servlet engine: [Apache Tomcat/10.1.50]
2026-06-01 04:29:15.961  INFO 24624 --- [restartedMain] o.a.c.c.C.[Tomcat-16].[localhost].[/]    : Initializing Spring embedded WebApplicationContext
2026-06-01 04:29:15.962  INFO 24624 --- [restartedMain] w.s.c.ServletWebServerApplicationContext : Root WebApplicationContext: initialization completed in 228 ms
2026-06-01 04:29:16.002  INFO 24624 --- [restartedMain] o.hibernate.jpa.internal.util.LogHelper  : HHH000204: Processing PersistenceUnitInfo [name: default]
2026-06-01 04:29:16.006  INFO 24624 --- [restartedMain] o.h.c.internal.RegionFactoryInitiator    : HHH000026: Second-level cache disabled
2026-06-01 04:29:16.008  INFO 24624 --- [restartedMain] o.h.e.boot.internal.EnversServiceImpl    : Envers integration enabled? : true
2026-06-01 04:29:16.012  INFO 24624 --- [restartedMain] o.s.o.j.p.SpringPersistenceUnitInfo      : No LoadTimeWeaver setup: ignoring JPA class transformer
2026-06-01 04:29:16.012  INFO 24624 --- [restartedMain] com.zaxxer.hikari.HikariDataSource       : HikariPool-22 - Starting...
2026-06-01 04:29:16.014  INFO 24624 --- [restartedMain] com.zaxxer.hikari.pool.HikariPool        : HikariPool-22 - Added connection com.mysql.cj.jdbc.ConnectionImpl@48acc917
2026-06-01 04:29:16.015  INFO 24624 --- [restartedMain] com.zaxxer.hikari.HikariDataSource       : HikariPool-22 - Start completed.
2026-06-01 04:29:16.015  WARN 24624 --- [restartedMain] org.hibernate.orm.deprecation            : HHH90000025: MySQLDialect does not need to be specified explicitly using 'hibernate.dialect' (remove the property setting and it will be selected by default)
2026-06-01 04:29:16.016  INFO 24624 --- [restartedMain] org.hibernate.orm.connections.pooling    : HHH10001005: Database info:
	Database JDBC URL [Connecting through datasource 'HikariDataSource (HikariPool-22)']
	Database driver: undefined/unknown
	Database version: 8.0.45
	Autocommit mode: undefined/unknown
	Isolation level: undefined/unknown
	Minimum pool size: undefined/unknown
	Maximum pool size: undefined/unknown
2026-06-01 04:29:16.031  INFO 24624 --- [restartedMain] o.h.e.c.i.m.AuditMetadataGenerator       : Adding properties for entity: com.sisol.salud.model.entity.Cita
2026-06-01 04:29:16.031  INFO 24624 --- [restartedMain] o.h.e.c.i.m.AuditMetadataGenerator       : Adding properties for entity: com.sisol.salud.model.entity.Paciente
2026-06-01 04:29:16.031  INFO 24624 --- [restartedMain] o.h.e.c.i.m.AuditMetadataGenerator       : Adding properties for entity: com.sisol.salud.model.entity.Especialidad
2026-06-01 04:29:16.032  INFO 24624 --- [restartedMain] o.h.e.c.i.m.AuditMetadataGenerator       : Adding properties for entity: com.sisol.salud.model.entity.Medico
2026-06-01 04:29:16.032  INFO 24624 --- [restartedMain] o.h.e.c.i.m.AuditMetadataGenerator       : Adding properties for entity: com.sisol.salud.model.entity.Pago
2026-06-01 04:29:16.032  INFO 24624 --- [restartedMain] o.h.e.c.i.m.AuditMetadataGenerator       : Adding properties for entity: com.sisol.salud.model.entity.Usuario
2026-06-01 04:29:16.081  INFO 24624 --- [restartedMain] o.h.e.t.j.p.i.JtaPlatformInitiator       : HHH000489: No JTA platform available (set 'hibernate.transaction.jta.platform' to enable JTA platform integration)
2026-06-01 04:29:16.120  INFO 24624 --- [restartedMain] j.LocalContainerEntityManagerFactoryBean : Initialized JPA EntityManagerFactory for persistence unit 'default'
2026-06-01 04:29:16.146 DEBUG 24624 --- [restartedMain] c.s.s.s.jwt.JwtAuthenticationFilter      : Filter 'jwtAuthenticationFilter' configured for use
2026-06-01 04:29:16.160  INFO 24624 --- [restartedMain] eAuthenticationProviderManagerConfigurer : Global AuthenticationManager configured with AuthenticationProvider bean with name authenticationProvider
2026-06-01 04:29:16.160  WARN 24624 --- [restartedMain] r$InitializeUserDetailsManagerConfigurer : Global AuthenticationManager configured with an AuthenticationProvider bean. UserDetailsService beans will not be used by Spring Security for automatically configuring username/password login. Consider removing the AuthenticationProvider bean. Alternatively, consider using the UserDetailsService in a manually instantiated DaoAuthenticationProvider. If the current configuration is intentional, to turn off this warning, increase the logging level of 'org.springframework.security.config.annotation.authentication.configuration.InitializeUserDetailsBeanManagerConfigurer' to ERROR
2026-06-01 04:29:16.174  WARN 24624 --- [restartedMain] ConfigServletWebServerApplicationContext : Exception encountered during context initialization - cancelling refresh attempt: org.springframework.beans.factory.UnsatisfiedDependencyException: Error creating bean with name 'citaRestController' defined in file [C:\Users\fabri\OneDrive\Desktop\Repositorios\Proyecto-Integrador\target\classes\com\sisol\salud\controller\api\CitaRestController.class]: Unsatisfied dependency expressed through constructor parameter 0: Error creating bean with name 'citaService' defined in file [C:\Users\fabri\OneDrive\Desktop\Repositorios\Proyecto-Integrador\target\classes\com\sisol\salud\service\CitaService.class]: Unsatisfied dependency expressed through constructor parameter 0: Error creating bean with name 'citaRepository' defined in com.sisol.salud.repository.CitaRepository defined in @EnableJpaRepositories declared on JpaRepositoriesRegistrar.EnableJpaRepositoriesConfiguration: Could not create query for public abstract java.util.List com.sisol.salud.repository.CitaRepository.findTopEspecialidades(); Reason: Query 'SELECT new com.sisol.salud.dto.response.TopEspecialidadResponse(c.medico.especialidad.nombre, COUNT(c)) FROM Cita c GROUP BY c.medico.especialidad.nombre ORDER BY COUNT(c) DESC' validation failed for method public abstract java.util.List com.sisol.salud.repository.CitaRepository.findTopEspecialidades()
2026-06-01 04:29:16.174  INFO 24624 --- [restartedMain] j.LocalContainerEntityManagerFactoryBean : Closing JPA EntityManagerFactory for persistence unit 'default'
2026-06-01 04:29:16.175  INFO 24624 --- [restartedMain] com.zaxxer.hikari.HikariDataSource       : HikariPool-22 - Shutdown initiated...
2026-06-01 04:29:16.206  INFO 24624 --- [restartedMain] com.zaxxer.hikari.HikariDataSource       : HikariPool-22 - Shutdown completed.
2026-06-01 04:29:16.207  INFO 24624 --- [restartedMain] o.apache.catalina.core.StandardService   : Stopping service [Tomcat]
2026-06-01 04:29:16.210  INFO 24624 --- [restartedMain] .s.b.a.l.ConditionEvaluationReportLogger : 

Error starting ApplicationContext. To display the condition evaluation report re-run your application with 'debug' enabled.
2026-06-01 04:29:16.212 ERROR 24624 --- [restartedMain] o.s.boot.SpringApplication               : Application run failed

org.springframework.beans.factory.UnsatisfiedDependencyException: Error creating bean with name 'citaRestController' defined in file [C:\Users\fabri\OneDrive\Desktop\Repositorios\Proyecto-Integrador\target\classes\com\sisol\salud\controller\api\CitaRestController.class]: Unsatisfied dependency expressed through constructor parameter 0: Error creating bean with name 'citaService' defined in file [C:\Users\fabri\OneDrive\Desktop\Repositorios\Proyecto-Integrador\target\classes\com\sisol\salud\service\CitaService.class]: Unsatisfied dependency expressed through constructor parameter 0: Error creating bean with name 'citaRepository' defined in com.sisol.salud.repository.CitaRepository defined in @EnableJpaRepositories declared on JpaRepositoriesRegistrar.EnableJpaRepositoriesConfiguration: Could not create query for public abstract java.util.List com.sisol.salud.repository.CitaRepository.findTopEspecialidades(); Reason: Query 'SELECT new com.sisol.salud.dto.response.TopEspecialidadResponse(c.medico.especialidad.nombre, COUNT(c)) FROM Cita c GROUP BY c.medico.especialidad.nombre ORDER BY COUNT(c) DESC' validation failed for method public abstract java.util.List com.sisol.salud.repository.CitaRepository.findTopEspecialidades()
	at org.springframework.beans.factory.support.ConstructorResolver.createArgumentArray(ConstructorResolver.java:804)
	at org.springframework.beans.factory.support.ConstructorResolver.autowireConstructor(ConstructorResolver.java:240)
	at org.springframework.beans.factory.support.AbstractAutowireCapableBeanFactory.autowireConstructor(AbstractAutowireCapableBeanFactory.java:1395)
	at org.springframework.beans.factory.support.AbstractAutowireCapableBeanFactory.createBeanInstance(AbstractAutowireCapableBeanFactory.java:1232)
	at org.springframework.beans.factory.support.AbstractAutowireCapableBeanFactory.doCreateBean(AbstractAutowireCapableBeanFactory.java:569)
	at org.springframework.beans.factory.support.AbstractAutowireCapableBeanFactory.createBean(AbstractAutowireCapableBeanFactory.java:529)
	at org.springframework.beans.factory.support.AbstractBeanFactory.lambda$doGetBean$0(AbstractBeanFactory.java:339)
	at org.springframework.beans.factory.support.DefaultSingletonBeanRegistry.getSingleton(DefaultSingletonBeanRegistry.java:373)
	at org.springframework.beans.factory.support.AbstractBeanFactory.doGetBean(AbstractBeanFactory.java:337)
	at org.springframework.beans.factory.support.AbstractBeanFactory.getBean(AbstractBeanFactory.java:202)
	at org.springframework.beans.factory.support.DefaultListableBeanFactory.instantiateSingleton(DefaultListableBeanFactory.java:1228)
	at org.springframework.beans.factory.support.DefaultListableBeanFactory.preInstantiateSingleton(DefaultListableBeanFactory.java:1194)
	at org.springframework.beans.factory.support.DefaultListableBeanFactory.preInstantiateSingletons(DefaultListableBeanFactory.java:1130)
	at org.springframework.context.support.AbstractApplicationContext.finishBeanFactoryInitialization(AbstractApplicationContext.java:990)
	at org.springframework.context.support.AbstractApplicationContext.refresh(AbstractApplicationContext.java:627)
	at org.springframework.boot.web.servlet.context.ServletWebServerApplicationContext.refresh(ServletWebServerApplicationContext.java:146)
	at org.springframework.boot.SpringApplication.refresh(SpringApplication.java:752)
	at org.springframework.boot.SpringApplication.refreshContext(SpringApplication.java:439)
	at org.springframework.boot.SpringApplication.run(SpringApplication.java:318)
	at org.springframework.boot.SpringApplication.run(SpringApplication.java:1361)
	at org.springframework.boot.SpringApplication.run(SpringApplication.java:1350)
	at com.sisol.salud.SisolSaludApplication.main(SisolSaludApplication.java:12)
	at java.base/jdk.internal.reflect.DirectMethodHandleAccessor.invoke(Unknown Source)
	at java.base/java.lang.reflect.Method.invoke(Unknown Source)
	at org.springframework.boot.devtools.restart.RestartLauncher.run(RestartLauncher.java:50)
Caused by: org.springframework.beans.factory.UnsatisfiedDependencyException: Error creating bean with name 'citaService' defined in file [C:\Users\fabri\OneDrive\Desktop\Repositorios\Proyecto-Integrador\target\classes\com\sisol\salud\service\CitaService.class]: Unsatisfied dependency expressed through constructor parameter 0: Error creating bean with name 'citaRepository' defined in com.sisol.salud.repository.CitaRepository defined in @EnableJpaRepositories declared on JpaRepositoriesRegistrar.EnableJpaRepositoriesConfiguration: Could not create query for public abstract java.util.List com.sisol.salud.repository.CitaRepository.findTopEspecialidades(); Reason: Query 'SELECT new com.sisol.salud.dto.response.TopEspecialidadResponse(c.medico.especialidad.nombre, COUNT(c)) FROM Cita c GROUP BY c.medico.especialidad.nombre ORDER BY COUNT(c) DESC' validation failed for method public abstract java.util.List com.sisol.salud.repository.CitaRepository.findTopEspecialidades()
	at org.springframework.beans.factory.support.ConstructorResolver.createArgumentArray(ConstructorResolver.java:804)
	at org.springframework.beans.factory.support.ConstructorResolver.autowireConstructor(ConstructorResolver.java:240)
	at org.springframework.beans.factory.support.AbstractAutowireCapableBeanFactory.autowireConstructor(AbstractAutowireCapableBeanFactory.java:1395)
	at org.springframework.beans.factory.support.AbstractAutowireCapableBeanFactory.createBeanInstance(AbstractAutowireCapableBeanFactory.java:1232)
	at org.springframework.beans.factory.support.AbstractAutowireCapableBeanFactory.doCreateBean(AbstractAutowireCapableBeanFactory.java:569)
	at org.springframework.beans.factory.support.AbstractAutowireCapableBeanFactory.createBean(AbstractAutowireCapableBeanFactory.java:529)
	at org.springframework.beans.factory.support.AbstractBeanFactory.lambda$doGetBean$0(AbstractBeanFactory.java:339)
	at org.springframework.beans.factory.support.DefaultSingletonBeanRegistry.getSingleton(DefaultSingletonBeanRegistry.java:373)
	at org.springframework.beans.factory.support.AbstractBeanFactory.doGetBean(AbstractBeanFactory.java:337)
	at org.springframework.beans.factory.support.AbstractBeanFactory.getBean(AbstractBeanFactory.java:202)
	at org.springframework.beans.factory.support.DefaultListableBeanFactory.doResolveDependency(DefaultListableBeanFactory.java:1708)
	at org.springframework.beans.factory.support.DefaultListableBeanFactory.resolveDependency(DefaultListableBeanFactory.java:1653)
	at org.springframework.beans.factory.support.ConstructorResolver.resolveAutowiredArgument(ConstructorResolver.java:913)
	at org.springframework.beans.factory.support.ConstructorResolver.createArgumentArray(ConstructorResolver.java:791)
	... 24 common frames omitted
Caused by: org.springframework.beans.factory.BeanCreationException: Error creating bean with name 'citaRepository' defined in com.sisol.salud.repository.CitaRepository defined in @EnableJpaRepositories declared on JpaRepositoriesRegistrar.EnableJpaRepositoriesConfiguration: Could not create query for public abstract java.util.List com.sisol.salud.repository.CitaRepository.findTopEspecialidades(); Reason: Query 'SELECT new com.sisol.salud.dto.response.TopEspecialidadResponse(c.medico.especialidad.nombre, COUNT(c)) FROM Cita c GROUP BY c.medico.especialidad.nombre ORDER BY COUNT(c) DESC' validation failed for method public abstract java.util.List com.sisol.salud.repository.CitaRepository.findTopEspecialidades()
	at org.springframework.beans.factory.support.AbstractAutowireCapableBeanFactory.initializeBean(AbstractAutowireCapableBeanFactory.java:1826)
	at org.springframework.beans.factory.support.AbstractAutowireCapableBeanFactory.doCreateBean(AbstractAutowireCapableBeanFactory.java:607)
	at org.springframework.beans.factory.support.AbstractAutowireCapableBeanFactory.createBean(AbstractAutowireCapableBeanFactory.java:529)
	at org.springframework.beans.factory.support.AbstractBeanFactory.lambda$doGetBean$0(AbstractBeanFactory.java:339)
	at org.springframework.beans.factory.support.DefaultSingletonBeanRegistry.getSingleton(DefaultSingletonBeanRegistry.java:373)
	at org.springframework.beans.factory.support.AbstractBeanFactory.doGetBean(AbstractBeanFactory.java:337)
	at org.springframework.beans.factory.support.AbstractBeanFactory.getBean(AbstractBeanFactory.java:202)
	at org.springframework.beans.factory.support.DefaultListableBeanFactory.doResolveDependency(DefaultListableBeanFactory.java:1708)
	at org.springframework.beans.factory.support.DefaultListableBeanFactory.resolveDependency(DefaultListableBeanFactory.java:1653)
	at org.springframework.beans.factory.support.ConstructorResolver.resolveAutowiredArgument(ConstructorResolver.java:913)
	at org.springframework.beans.factory.support.ConstructorResolver.createArgumentArray(ConstructorResolver.java:791)
	... 37 common frames omitted
Caused by: org.springframework.data.repository.query.QueryCreationException: Could not create query for public abstract java.util.List com.sisol.salud.repository.CitaRepository.findTopEspecialidades(); Reason: Query 'SELECT new com.sisol.salud.dto.response.TopEspecialidadResponse(c.medico.especialidad.nombre, COUNT(c)) FROM Cita c GROUP BY c.medico.especialidad.nombre ORDER BY COUNT(c) DESC' validation failed for method public abstract java.util.List com.sisol.salud.repository.CitaRepository.findTopEspecialidades()
	at org.springframework.data.repository.query.QueryCreationException.create(QueryCreationException.java:101)
	at org.springframework.data.repository.core.support.QueryExecutorMethodInterceptor.lookupQuery(QueryExecutorMethodInterceptor.java:120)
	at org.springframework.data.repository.core.support.QueryExecutorMethodInterceptor.mapMethodsToQuery(QueryExecutorMethodInterceptor.java:104)
	at org.springframework.data.repository.core.support.QueryExecutorMethodInterceptor.lambda$new$0(QueryExecutorMethodInterceptor.java:92)
	at java.base/java.util.Optional.map(Unknown Source)
	at org.springframework.data.repository.core.support.QueryExecutorMethodInterceptor.<init>(QueryExecutorMethodInterceptor.java:92)
	at org.springframework.data.repository.core.support.RepositoryFactorySupport.getRepository(RepositoryFactorySupport.java:434)
	at org.springframework.data.repository.core.support.RepositoryFactoryBeanSupport.lambda$afterPropertiesSet$4(RepositoryFactoryBeanSupport.java:355)
	at org.springframework.data.util.Lazy.getNullable(Lazy.java:135)
	at org.springframework.data.util.Lazy.get(Lazy.java:113)
	at org.springframework.data.repository.core.support.RepositoryFactoryBeanSupport.afterPropertiesSet(RepositoryFactoryBeanSupport.java:361)
	at org.springframework.data.jpa.repository.support.JpaRepositoryFactoryBean.afterPropertiesSet(JpaRepositoryFactoryBean.java:132)
	at org.springframework.beans.factory.support.AbstractAutowireCapableBeanFactory.invokeInitMethods(AbstractAutowireCapableBeanFactory.java:1873)
	at org.springframework.beans.factory.support.AbstractAutowireCapableBeanFactory.initializeBean(AbstractAutowireCapableBeanFactory.java:1822)
	... 47 common frames omitted
Caused by: java.lang.IllegalArgumentException: Query 'SELECT new com.sisol.salud.dto.response.TopEspecialidadResponse(c.medico.especialidad.nombre, COUNT(c)) FROM Cita c GROUP BY c.medico.especialidad.nombre ORDER BY COUNT(c) DESC' validation failed for method public abstract java.util.List com.sisol.salud.repository.CitaRepository.findTopEspecialidades()
	at org.springframework.data.jpa.repository.query.SimpleJpaQuery.validateQuery(SimpleJpaQuery.java:93)
	at org.springframework.data.jpa.repository.query.SimpleJpaQuery.<init>(SimpleJpaQuery.java:67)
	at org.springframework.data.jpa.repository.query.JpaQueryFactory.fromMethodWithQueryString(JpaQueryFactory.java:49)
	at org.springframework.data.jpa.repository.query.JpaQueryLookupStrategy$DeclaredQueryLookupStrategy.resolveQuery(JpaQueryLookupStrategy.java:174)
	at org.springframework.data.jpa.repository.query.JpaQueryLookupStrategy$CreateIfNotFoundQueryLookupStrategy.resolveQuery(JpaQueryLookupStrategy.java:254)
	at org.springframework.data.jpa.repository.query.JpaQueryLookupStrategy$AbstractQueryLookupStrategy.resolveQuery(JpaQueryLookupStrategy.java:99)
	at org.springframework.data.repository.core.support.QueryExecutorMethodInterceptor.lookupQuery(QueryExecutorMethodInterceptor.java:116)
	... 59 common frames omitted
Caused by: java.lang.IllegalArgumentException: org.hibernate.query.sqm.UnknownPathException: Could not resolve attribute 'especialidad' of 'com.sisol.salud.model.entity.Medico' [SELECT new com.sisol.salud.dto.response.TopEspecialidadResponse(c.medico.especialidad.nombre, COUNT(c)) FROM Cita c GROUP BY c.medico.especialidad.nombre ORDER BY COUNT(c) DESC]
	at org.hibernate.internal.ExceptionConverterImpl.convert(ExceptionConverterImpl.java:143)
	at org.hibernate.internal.ExceptionConverterImpl.convert(ExceptionConverterImpl.java:167)
	at org.hibernate.internal.ExceptionConverterImpl.convert(ExceptionConverterImpl.java:173)
	at org.hibernate.internal.AbstractSharedSessionContract.createQuery(AbstractSharedSessionContract.java:886)
	at org.hibernate.internal.AbstractSharedSessionContract.createQuery(AbstractSharedSessionContract.java:796)
	at org.hibernate.internal.AbstractSharedSessionContract.createQuery(AbstractSharedSessionContract.java:143)
	at java.base/jdk.internal.reflect.DirectMethodHandleAccessor.invoke(Unknown Source)
	at java.base/java.lang.reflect.Method.invoke(Unknown Source)
	at org.springframework.orm.jpa.ExtendedEntityManagerCreator$ExtendedEntityManagerInvocationHandler.invoke(ExtendedEntityManagerCreator.java:364)
	at jdk.proxy46/jdk.proxy46.$Proxy377.createQuery(Unknown Source)
	at org.springframework.data.jpa.repository.query.SimpleJpaQuery.validateQuery(SimpleJpaQuery.java:88)
	... 65 common frames omitted
Caused by: org.hibernate.query.sqm.UnknownPathException: Could not resolve attribute 'especialidad' of 'com.sisol.salud.model.entity.Medico' [SELECT new com.sisol.salud.dto.response.TopEspecialidadResponse(c.medico.especialidad.nombre, COUNT(c)) FROM Cita c GROUP BY c.medico.especialidad.nombre ORDER BY COUNT(c) DESC]
	at org.hibernate.query.hql.internal.StandardHqlTranslator.translate(StandardHqlTranslator.java:88)
	at org.hibernate.query.internal.QueryInterpretationCacheStandardImpl.createHqlInterpretation(QueryInterpretationCacheStandardImpl.java:145)
	at org.hibernate.query.internal.QueryInterpretationCacheStandardImpl.resolveHqlInterpretation(QueryInterpretationCacheStandardImpl.java:132)
	at org.hibernate.query.spi.QueryEngine.interpretHql(QueryEngine.java:54)
	at org.hibernate.internal.AbstractSharedSessionContract.interpretHql(AbstractSharedSessionContract.java:832)
	at org.hibernate.internal.AbstractSharedSessionContract.createQuery(AbstractSharedSessionContract.java:878)
	... 72 common frames omitted
Caused by: org.hibernate.query.sqm.PathElementException: Could not resolve attribute 'especialidad' of 'com.sisol.salud.model.entity.Medico'
	at org.hibernate.query.sqm.SqmPathSource.getSubPathSource(SqmPathSource.java:95)
	at org.hibernate.query.sqm.tree.domain.AbstractSqmPath.get(AbstractSqmPath.java:199)
	at org.hibernate.query.sqm.tree.domain.SqmEntityValuedSimplePath.resolvePathPart(SqmEntityValuedSimplePath.java:56)
	at org.hibernate.query.hql.internal.DomainPathPart.resolvePathPart(DomainPathPart.java:42)
	at org.hibernate.query.hql.internal.BasicDotIdentifierConsumer.consumeIdentifier(BasicDotIdentifierConsumer.java:92)
	at org.hibernate.query.hql.internal.SemanticQueryBuilder.visitSimplePath(SemanticQueryBuilder.java:5432)
	at org.hibernate.query.hql.internal.SemanticQueryBuilder.visitGeneralPathFragment(SemanticQueryBuilder.java:5292)
	at org.hibernate.query.hql.internal.SemanticQueryBuilder.visitGeneralPathExpression(SemanticQueryBuilder.java:1884)
	at org.hibernate.grammars.hql.HqlParser$GeneralPathExpressionContext.accept(HqlParser.java:7882)
	at org.antlr.v4.runtime.tree.AbstractParseTreeVisitor.visitChildren(AbstractParseTreeVisitor.java:46)
	at org.hibernate.grammars.hql.HqlParserBaseVisitor.visitBarePrimaryExpression(HqlParserBaseVisitor.java:749)
	at org.hibernate.grammars.hql.HqlParser$BarePrimaryExpressionContext.accept(HqlParser.java:7331)
	at org.antlr.v4.runtime.tree.AbstractParseTreeVisitor.visitChildren(AbstractParseTreeVisitor.java:46)
	at org.hibernate.grammars.hql.HqlParserBaseVisitor.visitExpressionOrPredicate(HqlParserBaseVisitor.java:882)
	at org.hibernate.grammars.hql.HqlParser$ExpressionOrPredicateContext.accept(HqlParser.java:8114)
	at org.antlr.v4.runtime.tree.AbstractParseTreeVisitor.visitChildren(AbstractParseTreeVisitor.java:46)
	at org.hibernate.grammars.hql.HqlParserBaseVisitor.visitInstantiationArgumentExpression(HqlParserBaseVisitor.java:385)
	at org.hibernate.grammars.hql.HqlParser$InstantiationArgumentExpressionContext.accept(HqlParser.java:4228)
	at org.hibernate.query.hql.internal.SemanticQueryBuilder.visitInstantiationArgument(SemanticQueryBuilder.java:1529)
	at org.hibernate.query.hql.internal.SemanticQueryBuilder.visitInstantiation(SemanticQueryBuilder.java:1495)
	at org.hibernate.query.hql.internal.SemanticQueryBuilder.visitInstantiation(SemanticQueryBuilder.java:278)
	at org.hibernate.grammars.hql.HqlParser$InstantiationContext.accept(HqlParser.java:3977)
	at org.hibernate.query.hql.internal.SemanticQueryBuilder.visitSelectableNode(SemanticQueryBuilder.java:1451)
	at org.hibernate.query.hql.internal.SemanticQueryBuilder.visitSelection(SemanticQueryBuilder.java:1405)
	at org.hibernate.query.hql.internal.SemanticQueryBuilder.visitSelectClause(SemanticQueryBuilder.java:1398)
	at org.hibernate.query.hql.internal.SemanticQueryBuilder.visitQuery(SemanticQueryBuilder.java:1247)
	at org.hibernate.query.hql.internal.SemanticQueryBuilder.visitQuerySpecExpression(SemanticQueryBuilder.java:1029)
	at org.hibernate.query.hql.internal.SemanticQueryBuilder.visitQuerySpecExpression(SemanticQueryBuilder.java:278)
	at org.hibernate.grammars.hql.HqlParser$QuerySpecExpressionContext.accept(HqlParser.java:2077)
	at org.hibernate.query.hql.internal.SemanticQueryBuilder.visitQueryExpression(SemanticQueryBuilder.java:1063)
	at org.hibernate.query.hql.internal.SemanticQueryBuilder.visitQueryExpression(SemanticQueryBuilder.java:278)
	at org.hibernate.grammars.hql.HqlParser$QueryExpressionContext.accept(HqlParser.java:1973)
	at org.hibernate.query.hql.internal.SemanticQueryBuilder.visitSelectStatement(SemanticQueryBuilder.java:493)
	at org.hibernate.query.hql.internal.SemanticQueryBuilder.visitStatement(SemanticQueryBuilder.java:452)
	at org.hibernate.query.hql.internal.SemanticQueryBuilder.buildSemanticModel(SemanticQueryBuilder.java:325)
	at org.hibernate.query.hql.internal.StandardHqlTranslator.translate(StandardHqlTranslator.java:71)
	... 77 common frames omitted

2026-06-01 04:29:30.074  INFO 24624 --- [restartedMain] com.sisol.salud.SisolSaludApplication    : Starting SisolSaludApplication using Java 21.0.10 with PID 24624 (C:\Users\fabri\OneDrive\Desktop\Repositorios\Proyecto-Integrador\target\classes started by fabri in C:\Users\fabri\OneDrive\Desktop\Repositorios\Proyecto-Integrador)
2026-06-01 04:29:30.074 DEBUG 24624 --- [restartedMain] com.sisol.salud.SisolSaludApplication    : Running with Spring Boot v3.5.9, Spring v6.2.15
2026-06-01 04:29:30.074  INFO 24624 --- [restartedMain] com.sisol.salud.SisolSaludApplication    : No active profile set, falling back to 1 default profile: "default"
2026-06-01 04:29:30.260  INFO 24624 --- [restartedMain] .s.d.r.c.RepositoryConfigurationDelegate : Bootstrapping Spring Data JPA repositories in DEFAULT mode.
2026-06-01 04:29:30.277  INFO 24624 --- [restartedMain] .s.d.r.c.RepositoryConfigurationDelegate : Finished Spring Data repository scanning in 16 ms. Found 8 JPA repository interfaces.
2026-06-01 04:29:30.322  INFO 24624 --- [restartedMain] o.s.b.w.embedded.tomcat.TomcatWebServer  : Tomcat initialized with port 8080 (http)
2026-06-01 04:29:30.322  INFO 24624 --- [restartedMain] o.apache.catalina.core.StandardService   : Starting service [Tomcat]
2026-06-01 04:29:30.322  INFO 24624 --- [restartedMain] o.apache.catalina.core.StandardEngine    : Starting Servlet engine: [Apache Tomcat/10.1.50]
2026-06-01 04:29:30.343  INFO 24624 --- [restartedMain] o.a.c.c.C.[Tomcat-17].[localhost].[/]    : Initializing Spring embedded WebApplicationContext
2026-06-01 04:29:30.343  INFO 24624 --- [restartedMain] w.s.c.ServletWebServerApplicationContext : Root WebApplicationContext: initialization completed in 268 ms
2026-06-01 04:29:30.369  INFO 24624 --- [restartedMain] o.hibernate.jpa.internal.util.LogHelper  : HHH000204: Processing PersistenceUnitInfo [name: default]
2026-06-01 04:29:30.374  INFO 24624 --- [restartedMain] o.h.c.internal.RegionFactoryInitiator    : HHH000026: Second-level cache disabled
2026-06-01 04:29:30.377  INFO 24624 --- [restartedMain] o.h.e.boot.internal.EnversServiceImpl    : Envers integration enabled? : true
2026-06-01 04:29:30.383  INFO 24624 --- [restartedMain] o.s.o.j.p.SpringPersistenceUnitInfo      : No LoadTimeWeaver setup: ignoring JPA class transformer
2026-06-01 04:29:30.384  INFO 24624 --- [restartedMain] com.zaxxer.hikari.HikariDataSource       : HikariPool-23 - Starting...
2026-06-01 04:29:30.386  INFO 24624 --- [restartedMain] com.zaxxer.hikari.pool.HikariPool        : HikariPool-23 - Added connection com.mysql.cj.jdbc.ConnectionImpl@4d83a299
2026-06-01 04:29:30.386  INFO 24624 --- [restartedMain] com.zaxxer.hikari.HikariDataSource       : HikariPool-23 - Start completed.
2026-06-01 04:29:30.387  WARN 24624 --- [restartedMain] org.hibernate.orm.deprecation            : HHH90000025: MySQLDialect does not need to be specified explicitly using 'hibernate.dialect' (remove the property setting and it will be selected by default)
2026-06-01 04:29:30.387  INFO 24624 --- [restartedMain] org.hibernate.orm.connections.pooling    : HHH10001005: Database info:
	Database JDBC URL [Connecting through datasource 'HikariDataSource (HikariPool-23)']
	Database driver: undefined/unknown
	Database version: 8.0.45
	Autocommit mode: undefined/unknown
	Isolation level: undefined/unknown
	Minimum pool size: undefined/unknown
	Maximum pool size: undefined/unknown
2026-06-01 04:29:30.409  INFO 24624 --- [restartedMain] o.h.e.c.i.m.AuditMetadataGenerator       : Adding properties for entity: com.sisol.salud.model.entity.Cita
2026-06-01 04:29:30.409  INFO 24624 --- [restartedMain] o.h.e.c.i.m.AuditMetadataGenerator       : Adding properties for entity: com.sisol.salud.model.entity.Paciente
2026-06-01 04:29:30.409  INFO 24624 --- [restartedMain] o.h.e.c.i.m.AuditMetadataGenerator       : Adding properties for entity: com.sisol.salud.model.entity.Especialidad
2026-06-01 04:29:30.409  INFO 24624 --- [restartedMain] o.h.e.c.i.m.AuditMetadataGenerator       : Adding properties for entity: com.sisol.salud.model.entity.Medico
2026-06-01 04:29:30.409  INFO 24624 --- [restartedMain] o.h.e.c.i.m.AuditMetadataGenerator       : Adding properties for entity: com.sisol.salud.model.entity.Pago
2026-06-01 04:29:30.410  INFO 24624 --- [restartedMain] o.h.e.c.i.m.AuditMetadataGenerator       : Adding properties for entity: com.sisol.salud.model.entity.Usuario
2026-06-01 04:29:30.477  INFO 24624 --- [restartedMain] o.h.e.t.j.p.i.JtaPlatformInitiator       : HHH000489: No JTA platform available (set 'hibernate.transaction.jta.platform' to enable JTA platform integration)
2026-06-01 04:29:30.526  INFO 24624 --- [restartedMain] j.LocalContainerEntityManagerFactoryBean : Initialized JPA EntityManagerFactory for persistence unit 'default'
2026-06-01 04:29:30.553 DEBUG 24624 --- [restartedMain] c.s.s.s.jwt.JwtAuthenticationFilter      : Filter 'jwtAuthenticationFilter' configured for use
2026-06-01 04:29:30.572  INFO 24624 --- [restartedMain] eAuthenticationProviderManagerConfigurer : Global AuthenticationManager configured with AuthenticationProvider bean with name authenticationProvider
2026-06-01 04:29:30.572  WARN 24624 --- [restartedMain] r$InitializeUserDetailsManagerConfigurer : Global AuthenticationManager configured with an AuthenticationProvider bean. UserDetailsService beans will not be used by Spring Security for automatically configuring username/password login. Consider removing the AuthenticationProvider bean. Alternatively, consider using the UserDetailsService in a manually instantiated DaoAuthenticationProvider. If the current configuration is intentional, to turn off this warning, increase the logging level of 'org.springframework.security.config.annotation.authentication.configuration.InitializeUserDetailsBeanManagerConfigurer' to ERROR
2026-06-01 04:29:30.583  WARN 24624 --- [restartedMain] ConfigServletWebServerApplicationContext : Exception encountered during context initialization - cancelling refresh attempt: org.springframework.beans.factory.UnsatisfiedDependencyException: Error creating bean with name 'citaRestController' defined in file [C:\Users\fabri\OneDrive\Desktop\Repositorios\Proyecto-Integrador\target\classes\com\sisol\salud\controller\api\CitaRestController.class]: Unsatisfied dependency expressed through constructor parameter 0: Error creating bean with name 'citaService' defined in file [C:\Users\fabri\OneDrive\Desktop\Repositorios\Proyecto-Integrador\target\classes\com\sisol\salud\service\CitaService.class]: Unsatisfied dependency expressed through constructor parameter 0: Error creating bean with name 'citaRepository' defined in com.sisol.salud.repository.CitaRepository defined in @EnableJpaRepositories declared on JpaRepositoriesRegistrar.EnableJpaRepositoriesConfiguration: Could not create query for public abstract java.util.List com.sisol.salud.repository.CitaRepository.findTopEspecialidades(); Reason: Query 'SELECT new com.sisol.salud.dto.response.TopEspecialidadResponse(c.medico.especialidad.nombre, COUNT(c)) FROM Cita c GROUP BY c.medico.especialidad.nombre ORDER BY COUNT(c) DESC' validation failed for method public abstract java.util.List com.sisol.salud.repository.CitaRepository.findTopEspecialidades()
2026-06-01 04:29:30.584  INFO 24624 --- [restartedMain] j.LocalContainerEntityManagerFactoryBean : Closing JPA EntityManagerFactory for persistence unit 'default'
2026-06-01 04:29:30.584  INFO 24624 --- [restartedMain] com.zaxxer.hikari.HikariDataSource       : HikariPool-23 - Shutdown initiated...
2026-06-01 04:29:30.612  INFO 24624 --- [restartedMain] com.zaxxer.hikari.HikariDataSource       : HikariPool-23 - Shutdown completed.
2026-06-01 04:29:30.613  INFO 24624 --- [restartedMain] o.apache.catalina.core.StandardService   : Stopping service [Tomcat]
2026-06-01 04:29:30.616  INFO 24624 --- [restartedMain] .s.b.a.l.ConditionEvaluationReportLogger : 

Error starting ApplicationContext. To display the condition evaluation report re-run your application with 'debug' enabled.
2026-06-01 04:29:30.617 ERROR 24624 --- [restartedMain] o.s.boot.SpringApplication               : Application run failed

org.springframework.beans.factory.UnsatisfiedDependencyException: Error creating bean with name 'citaRestController' defined in file [C:\Users\fabri\OneDrive\Desktop\Repositorios\Proyecto-Integrador\target\classes\com\sisol\salud\controller\api\CitaRestController.class]: Unsatisfied dependency expressed through constructor parameter 0: Error creating bean with name 'citaService' defined in file [C:\Users\fabri\OneDrive\Desktop\Repositorios\Proyecto-Integrador\target\classes\com\sisol\salud\service\CitaService.class]: Unsatisfied dependency expressed through constructor parameter 0: Error creating bean with name 'citaRepository' defined in com.sisol.salud.repository.CitaRepository defined in @EnableJpaRepositories declared on JpaRepositoriesRegistrar.EnableJpaRepositoriesConfiguration: Could not create query for public abstract java.util.List com.sisol.salud.repository.CitaRepository.findTopEspecialidades(); Reason: Query 'SELECT new com.sisol.salud.dto.response.TopEspecialidadResponse(c.medico.especialidad.nombre, COUNT(c)) FROM Cita c GROUP BY c.medico.especialidad.nombre ORDER BY COUNT(c) DESC' validation failed for method public abstract java.util.List com.sisol.salud.repository.CitaRepository.findTopEspecialidades()
	at org.springframework.beans.factory.support.ConstructorResolver.createArgumentArray(ConstructorResolver.java:804)
	at org.springframework.beans.factory.support.ConstructorResolver.autowireConstructor(ConstructorResolver.java:240)
	at org.springframework.beans.factory.support.AbstractAutowireCapableBeanFactory.autowireConstructor(AbstractAutowireCapableBeanFactory.java:1395)
	at org.springframework.beans.factory.support.AbstractAutowireCapableBeanFactory.createBeanInstance(AbstractAutowireCapableBeanFactory.java:1232)
	at org.springframework.beans.factory.support.AbstractAutowireCapableBeanFactory.doCreateBean(AbstractAutowireCapableBeanFactory.java:569)
	at org.springframework.beans.factory.support.AbstractAutowireCapableBeanFactory.createBean(AbstractAutowireCapableBeanFactory.java:529)
	at org.springframework.beans.factory.support.AbstractBeanFactory.lambda$doGetBean$0(AbstractBeanFactory.java:339)
	at org.springframework.beans.factory.support.DefaultSingletonBeanRegistry.getSingleton(DefaultSingletonBeanRegistry.java:373)
	at org.springframework.beans.factory.support.AbstractBeanFactory.doGetBean(AbstractBeanFactory.java:337)
	at org.springframework.beans.factory.support.AbstractBeanFactory.getBean(AbstractBeanFactory.java:202)
	at org.springframework.beans.factory.support.DefaultListableBeanFactory.instantiateSingleton(DefaultListableBeanFactory.java:1228)
	at org.springframework.beans.factory.support.DefaultListableBeanFactory.preInstantiateSingleton(DefaultListableBeanFactory.java:1194)
	at org.springframework.beans.factory.support.DefaultListableBeanFactory.preInstantiateSingletons(DefaultListableBeanFactory.java:1130)
	at org.springframework.context.support.AbstractApplicationContext.finishBeanFactoryInitialization(AbstractApplicationContext.java:990)
	at org.springframework.context.support.AbstractApplicationContext.refresh(AbstractApplicationContext.java:627)
	at org.springframework.boot.web.servlet.context.ServletWebServerApplicationContext.refresh(ServletWebServerApplicationContext.java:146)
	at org.springframework.boot.SpringApplication.refresh(SpringApplication.java:752)
	at org.springframework.boot.SpringApplication.refreshContext(SpringApplication.java:439)
	at org.springframework.boot.SpringApplication.run(SpringApplication.java:318)
	at org.springframework.boot.SpringApplication.run(SpringApplication.java:1361)
	at org.springframework.boot.SpringApplication.run(SpringApplication.java:1350)
	at com.sisol.salud.SisolSaludApplication.main(SisolSaludApplication.java:12)
	at java.base/jdk.internal.reflect.DirectMethodHandleAccessor.invoke(Unknown Source)
	at java.base/java.lang.reflect.Method.invoke(Unknown Source)
	at org.springframework.boot.devtools.restart.RestartLauncher.run(RestartLauncher.java:50)
Caused by: org.springframework.beans.factory.UnsatisfiedDependencyException: Error creating bean with name 'citaService' defined in file [C:\Users\fabri\OneDrive\Desktop\Repositorios\Proyecto-Integrador\target\classes\com\sisol\salud\service\CitaService.class]: Unsatisfied dependency expressed through constructor parameter 0: Error creating bean with name 'citaRepository' defined in com.sisol.salud.repository.CitaRepository defined in @EnableJpaRepositories declared on JpaRepositoriesRegistrar.EnableJpaRepositoriesConfiguration: Could not create query for public abstract java.util.List com.sisol.salud.repository.CitaRepository.findTopEspecialidades(); Reason: Query 'SELECT new com.sisol.salud.dto.response.TopEspecialidadResponse(c.medico.especialidad.nombre, COUNT(c)) FROM Cita c GROUP BY c.medico.especialidad.nombre ORDER BY COUNT(c) DESC' validation failed for method public abstract java.util.List com.sisol.salud.repository.CitaRepository.findTopEspecialidades()
	at org.springframework.beans.factory.support.ConstructorResolver.createArgumentArray(ConstructorResolver.java:804)
	at org.springframework.beans.factory.support.ConstructorResolver.autowireConstructor(ConstructorResolver.java:240)
	at org.springframework.beans.factory.support.AbstractAutowireCapableBeanFactory.autowireConstructor(AbstractAutowireCapableBeanFactory.java:1395)
	at org.springframework.beans.factory.support.AbstractAutowireCapableBeanFactory.createBeanInstance(AbstractAutowireCapableBeanFactory.java:1232)
	at org.springframework.beans.factory.support.AbstractAutowireCapableBeanFactory.doCreateBean(AbstractAutowireCapableBeanFactory.java:569)
	at org.springframework.beans.factory.support.AbstractAutowireCapableBeanFactory.createBean(AbstractAutowireCapableBeanFactory.java:529)
	at org.springframework.beans.factory.support.AbstractBeanFactory.lambda$doGetBean$0(AbstractBeanFactory.java:339)
	at org.springframework.beans.factory.support.DefaultSingletonBeanRegistry.getSingleton(DefaultSingletonBeanRegistry.java:373)
	at org.springframework.beans.factory.support.AbstractBeanFactory.doGetBean(AbstractBeanFactory.java:337)
	at org.springframework.beans.factory.support.AbstractBeanFactory.getBean(AbstractBeanFactory.java:202)
	at org.springframework.beans.factory.support.DefaultListableBeanFactory.doResolveDependency(DefaultListableBeanFactory.java:1708)
	at org.springframework.beans.factory.support.DefaultListableBeanFactory.resolveDependency(DefaultListableBeanFactory.java:1653)
	at org.springframework.beans.factory.support.ConstructorResolver.resolveAutowiredArgument(ConstructorResolver.java:913)
	at org.springframework.beans.factory.support.ConstructorResolver.createArgumentArray(ConstructorResolver.java:791)
	... 24 common frames omitted
Caused by: org.springframework.beans.factory.BeanCreationException: Error creating bean with name 'citaRepository' defined in com.sisol.salud.repository.CitaRepository defined in @EnableJpaRepositories declared on JpaRepositoriesRegistrar.EnableJpaRepositoriesConfiguration: Could not create query for public abstract java.util.List com.sisol.salud.repository.CitaRepository.findTopEspecialidades(); Reason: Query 'SELECT new com.sisol.salud.dto.response.TopEspecialidadResponse(c.medico.especialidad.nombre, COUNT(c)) FROM Cita c GROUP BY c.medico.especialidad.nombre ORDER BY COUNT(c) DESC' validation failed for method public abstract java.util.List com.sisol.salud.repository.CitaRepository.findTopEspecialidades()
	at org.springframework.beans.factory.support.AbstractAutowireCapableBeanFactory.initializeBean(AbstractAutowireCapableBeanFactory.java:1826)
	at org.springframework.beans.factory.support.AbstractAutowireCapableBeanFactory.doCreateBean(AbstractAutowireCapableBeanFactory.java:607)
	at org.springframework.beans.factory.support.AbstractAutowireCapableBeanFactory.createBean(AbstractAutowireCapableBeanFactory.java:529)
	at org.springframework.beans.factory.support.AbstractBeanFactory.lambda$doGetBean$0(AbstractBeanFactory.java:339)
	at org.springframework.beans.factory.support.DefaultSingletonBeanRegistry.getSingleton(DefaultSingletonBeanRegistry.java:373)
	at org.springframework.beans.factory.support.AbstractBeanFactory.doGetBean(AbstractBeanFactory.java:337)
	at org.springframework.beans.factory.support.AbstractBeanFactory.getBean(AbstractBeanFactory.java:202)
	at org.springframework.beans.factory.support.DefaultListableBeanFactory.doResolveDependency(DefaultListableBeanFactory.java:1708)
	at org.springframework.beans.factory.support.DefaultListableBeanFactory.resolveDependency(DefaultListableBeanFactory.java:1653)
	at org.springframework.beans.factory.support.ConstructorResolver.resolveAutowiredArgument(ConstructorResolver.java:913)
	at org.springframework.beans.factory.support.ConstructorResolver.createArgumentArray(ConstructorResolver.java:791)
	... 37 common frames omitted
Caused by: org.springframework.data.repository.query.QueryCreationException: Could not create query for public abstract java.util.List com.sisol.salud.repository.CitaRepository.findTopEspecialidades(); Reason: Query 'SELECT new com.sisol.salud.dto.response.TopEspecialidadResponse(c.medico.especialidad.nombre, COUNT(c)) FROM Cita c GROUP BY c.medico.especialidad.nombre ORDER BY COUNT(c) DESC' validation failed for method public abstract java.util.List com.sisol.salud.repository.CitaRepository.findTopEspecialidades()
	at org.springframework.data.repository.query.QueryCreationException.create(QueryCreationException.java:101)
	at org.springframework.data.repository.core.support.QueryExecutorMethodInterceptor.lookupQuery(QueryExecutorMethodInterceptor.java:120)
	at org.springframework.data.repository.core.support.QueryExecutorMethodInterceptor.mapMethodsToQuery(QueryExecutorMethodInterceptor.java:104)
	at org.springframework.data.repository.core.support.QueryExecutorMethodInterceptor.lambda$new$0(QueryExecutorMethodInterceptor.java:92)
	at java.base/java.util.Optional.map(Unknown Source)
	at org.springframework.data.repository.core.support.QueryExecutorMethodInterceptor.<init>(QueryExecutorMethodInterceptor.java:92)
	at org.springframework.data.repository.core.support.RepositoryFactorySupport.getRepository(RepositoryFactorySupport.java:434)
	at org.springframework.data.repository.core.support.RepositoryFactoryBeanSupport.lambda$afterPropertiesSet$4(RepositoryFactoryBeanSupport.java:355)
	at org.springframework.data.util.Lazy.getNullable(Lazy.java:135)
	at org.springframework.data.util.Lazy.get(Lazy.java:113)
	at org.springframework.data.repository.core.support.RepositoryFactoryBeanSupport.afterPropertiesSet(RepositoryFactoryBeanSupport.java:361)
	at org.springframework.data.jpa.repository.support.JpaRepositoryFactoryBean.afterPropertiesSet(JpaRepositoryFactoryBean.java:132)
	at org.springframework.beans.factory.support.AbstractAutowireCapableBeanFactory.invokeInitMethods(AbstractAutowireCapableBeanFactory.java:1873)
	at org.springframework.beans.factory.support.AbstractAutowireCapableBeanFactory.initializeBean(AbstractAutowireCapableBeanFactory.java:1822)
	... 47 common frames omitted
Caused by: java.lang.IllegalArgumentException: Query 'SELECT new com.sisol.salud.dto.response.TopEspecialidadResponse(c.medico.especialidad.nombre, COUNT(c)) FROM Cita c GROUP BY c.medico.especialidad.nombre ORDER BY COUNT(c) DESC' validation failed for method public abstract java.util.List com.sisol.salud.repository.CitaRepository.findTopEspecialidades()
	at org.springframework.data.jpa.repository.query.SimpleJpaQuery.validateQuery(SimpleJpaQuery.java:93)
	at org.springframework.data.jpa.repository.query.SimpleJpaQuery.<init>(SimpleJpaQuery.java:67)
	at org.springframework.data.jpa.repository.query.JpaQueryFactory.fromMethodWithQueryString(JpaQueryFactory.java:49)
	at org.springframework.data.jpa.repository.query.JpaQueryLookupStrategy$DeclaredQueryLookupStrategy.resolveQuery(JpaQueryLookupStrategy.java:174)
	at org.springframework.data.jpa.repository.query.JpaQueryLookupStrategy$CreateIfNotFoundQueryLookupStrategy.resolveQuery(JpaQueryLookupStrategy.java:254)
	at org.springframework.data.jpa.repository.query.JpaQueryLookupStrategy$AbstractQueryLookupStrategy.resolveQuery(JpaQueryLookupStrategy.java:99)
	at org.springframework.data.repository.core.support.QueryExecutorMethodInterceptor.lookupQuery(QueryExecutorMethodInterceptor.java:116)
	... 59 common frames omitted
Caused by: java.lang.IllegalArgumentException: org.hibernate.query.sqm.UnknownPathException: Could not resolve attribute 'especialidad' of 'com.sisol.salud.model.entity.Medico' [SELECT new com.sisol.salud.dto.response.TopEspecialidadResponse(c.medico.especialidad.nombre, COUNT(c)) FROM Cita c GROUP BY c.medico.especialidad.nombre ORDER BY COUNT(c) DESC]
	at org.hibernate.internal.ExceptionConverterImpl.convert(ExceptionConverterImpl.java:143)
	at org.hibernate.internal.ExceptionConverterImpl.convert(ExceptionConverterImpl.java:167)
	at org.hibernate.internal.ExceptionConverterImpl.convert(ExceptionConverterImpl.java:173)
	at org.hibernate.internal.AbstractSharedSessionContract.createQuery(AbstractSharedSessionContract.java:886)
	at org.hibernate.internal.AbstractSharedSessionContract.createQuery(AbstractSharedSessionContract.java:796)
	at org.hibernate.internal.AbstractSharedSessionContract.createQuery(AbstractSharedSessionContract.java:143)
	at java.base/jdk.internal.reflect.DirectMethodHandleAccessor.invoke(Unknown Source)
	at java.base/java.lang.reflect.Method.invoke(Unknown Source)
	at org.springframework.orm.jpa.ExtendedEntityManagerCreator$ExtendedEntityManagerInvocationHandler.invoke(ExtendedEntityManagerCreator.java:364)
	at jdk.proxy48/jdk.proxy48.$Proxy383.createQuery(Unknown Source)
	at org.springframework.data.jpa.repository.query.SimpleJpaQuery.validateQuery(SimpleJpaQuery.java:88)
	... 65 common frames omitted
Caused by: org.hibernate.query.sqm.UnknownPathException: Could not resolve attribute 'especialidad' of 'com.sisol.salud.model.entity.Medico' [SELECT new com.sisol.salud.dto.response.TopEspecialidadResponse(c.medico.especialidad.nombre, COUNT(c)) FROM Cita c GROUP BY c.medico.especialidad.nombre ORDER BY COUNT(c) DESC]
	at org.hibernate.query.hql.internal.StandardHqlTranslator.translate(StandardHqlTranslator.java:88)
	at org.hibernate.query.internal.QueryInterpretationCacheStandardImpl.createHqlInterpretation(QueryInterpretationCacheStandardImpl.java:145)
	at org.hibernate.query.internal.QueryInterpretationCacheStandardImpl.resolveHqlInterpretation(QueryInterpretationCacheStandardImpl.java:132)
	at org.hibernate.query.spi.QueryEngine.interpretHql(QueryEngine.java:54)
	at org.hibernate.internal.AbstractSharedSessionContract.interpretHql(AbstractSharedSessionContract.java:832)
	at org.hibernate.internal.AbstractSharedSessionContract.createQuery(AbstractSharedSessionContract.java:878)
	... 72 common frames omitted
Caused by: org.hibernate.query.sqm.PathElementException: Could not resolve attribute 'especialidad' of 'com.sisol.salud.model.entity.Medico'
	at org.hibernate.query.sqm.SqmPathSource.getSubPathSource(SqmPathSource.java:95)
	at org.hibernate.query.sqm.tree.domain.AbstractSqmPath.get(AbstractSqmPath.java:199)
	at org.hibernate.query.sqm.tree.domain.SqmEntityValuedSimplePath.resolvePathPart(SqmEntityValuedSimplePath.java:56)
	at org.hibernate.query.hql.internal.DomainPathPart.resolvePathPart(DomainPathPart.java:42)
	at org.hibernate.query.hql.internal.BasicDotIdentifierConsumer.consumeIdentifier(BasicDotIdentifierConsumer.java:92)
	at org.hibernate.query.hql.internal.SemanticQueryBuilder.visitSimplePath(SemanticQueryBuilder.java:5432)
	at org.hibernate.query.hql.internal.SemanticQueryBuilder.visitGeneralPathFragment(SemanticQueryBuilder.java:5292)
	at org.hibernate.query.hql.internal.SemanticQueryBuilder.visitGeneralPathExpression(SemanticQueryBuilder.java:1884)
	at org.hibernate.grammars.hql.HqlParser$GeneralPathExpressionContext.accept(HqlParser.java:7882)
	at org.antlr.v4.runtime.tree.AbstractParseTreeVisitor.visitChildren(AbstractParseTreeVisitor.java:46)
	at org.hibernate.grammars.hql.HqlParserBaseVisitor.visitBarePrimaryExpression(HqlParserBaseVisitor.java:749)
	at org.hibernate.grammars.hql.HqlParser$BarePrimaryExpressionContext.accept(HqlParser.java:7331)
	at org.antlr.v4.runtime.tree.AbstractParseTreeVisitor.visitChildren(AbstractParseTreeVisitor.java:46)
	at org.hibernate.grammars.hql.HqlParserBaseVisitor.visitExpressionOrPredicate(HqlParserBaseVisitor.java:882)
	at org.hibernate.grammars.hql.HqlParser$ExpressionOrPredicateContext.accept(HqlParser.java:8114)
	at org.antlr.v4.runtime.tree.AbstractParseTreeVisitor.visitChildren(AbstractParseTreeVisitor.java:46)
	at org.hibernate.grammars.hql.HqlParserBaseVisitor.visitInstantiationArgumentExpression(HqlParserBaseVisitor.java:385)
	at org.hibernate.grammars.hql.HqlParser$InstantiationArgumentExpressionContext.accept(HqlParser.java:4228)
	at org.hibernate.query.hql.internal.SemanticQueryBuilder.visitInstantiationArgument(SemanticQueryBuilder.java:1529)
	at org.hibernate.query.hql.internal.SemanticQueryBuilder.visitInstantiation(SemanticQueryBuilder.java:1495)
	at org.hibernate.query.hql.internal.SemanticQueryBuilder.visitInstantiation(SemanticQueryBuilder.java:278)
	at org.hibernate.grammars.hql.HqlParser$InstantiationContext.accept(HqlParser.java:3977)
	at org.hibernate.query.hql.internal.SemanticQueryBuilder.visitSelectableNode(SemanticQueryBuilder.java:1451)
	at org.hibernate.query.hql.internal.SemanticQueryBuilder.visitSelection(SemanticQueryBuilder.java:1405)
	at org.hibernate.query.hql.internal.SemanticQueryBuilder.visitSelectClause(SemanticQueryBuilder.java:1398)
	at org.hibernate.query.hql.internal.SemanticQueryBuilder.visitQuery(SemanticQueryBuilder.java:1247)
	at org.hibernate.query.hql.internal.SemanticQueryBuilder.visitQuerySpecExpression(SemanticQueryBuilder.java:1029)
	at org.hibernate.query.hql.internal.SemanticQueryBuilder.visitQuerySpecExpression(SemanticQueryBuilder.java:278)
	at org.hibernate.grammars.hql.HqlParser$QuerySpecExpressionContext.accept(HqlParser.java:2077)
	at org.hibernate.query.hql.internal.SemanticQueryBuilder.visitQueryExpression(SemanticQueryBuilder.java:1063)
	at org.hibernate.query.hql.internal.SemanticQueryBuilder.visitQueryExpression(SemanticQueryBuilder.java:278)
	at org.hibernate.grammars.hql.HqlParser$QueryExpressionContext.accept(HqlParser.java:1973)
	at org.hibernate.query.hql.internal.SemanticQueryBuilder.visitSelectStatement(SemanticQueryBuilder.java:493)
	at org.hibernate.query.hql.internal.SemanticQueryBuilder.visitStatement(SemanticQueryBuilder.java:452)
	at org.hibernate.query.hql.internal.SemanticQueryBuilder.buildSemanticModel(SemanticQueryBuilder.java:325)
	at org.hibernate.query.hql.internal.StandardHqlTranslator.translate(StandardHqlTranslator.java:71)
	... 77 common frames omitted

2026-06-01 04:37:47.127  INFO 24624 --- [restartedMain] com.sisol.salud.SisolSaludApplication    : Starting SisolSaludApplication using Java 21.0.10 with PID 24624 (C:\Users\fabri\OneDrive\Desktop\Repositorios\Proyecto-Integrador\target\classes started by fabri in C:\Users\fabri\OneDrive\Desktop\Repositorios\Proyecto-Integrador)
2026-06-01 04:37:47.128 DEBUG 24624 --- [restartedMain] com.sisol.salud.SisolSaludApplication    : Running with Spring Boot v3.5.9, Spring v6.2.15
2026-06-01 04:37:47.128  INFO 24624 --- [restartedMain] com.sisol.salud.SisolSaludApplication    : No active profile set, falling back to 1 default profile: "default"
2026-06-01 04:37:47.263  INFO 24624 --- [restartedMain] .s.d.r.c.RepositoryConfigurationDelegate : Bootstrapping Spring Data JPA repositories in DEFAULT mode.
2026-06-01 04:37:47.283  INFO 24624 --- [restartedMain] .s.d.r.c.RepositoryConfigurationDelegate : Finished Spring Data repository scanning in 15 ms. Found 8 JPA repository interfaces.
2026-06-01 04:37:47.321  INFO 24624 --- [restartedMain] o.s.b.w.embedded.tomcat.TomcatWebServer  : Tomcat initialized with port 8080 (http)
2026-06-01 04:37:47.321  INFO 24624 --- [restartedMain] o.apache.catalina.core.StandardService   : Starting service [Tomcat]
2026-06-01 04:37:47.322  INFO 24624 --- [restartedMain] o.apache.catalina.core.StandardEngine    : Starting Servlet engine: [Apache Tomcat/10.1.50]
2026-06-01 04:37:47.335  INFO 24624 --- [restartedMain] o.a.c.c.C.[Tomcat-18].[localhost].[/]    : Initializing Spring embedded WebApplicationContext
2026-06-01 04:37:47.335  INFO 24624 --- [restartedMain] w.s.c.ServletWebServerApplicationContext : Root WebApplicationContext: initialization completed in 207 ms
2026-06-01 04:37:47.354  INFO 24624 --- [restartedMain] o.hibernate.jpa.internal.util.LogHelper  : HHH000204: Processing PersistenceUnitInfo [name: default]
2026-06-01 04:37:47.359  INFO 24624 --- [restartedMain] o.h.c.internal.RegionFactoryInitiator    : HHH000026: Second-level cache disabled
2026-06-01 04:37:47.359  INFO 24624 --- [restartedMain] o.h.e.boot.internal.EnversServiceImpl    : Envers integration enabled? : true
2026-06-01 04:37:47.363  INFO 24624 --- [restartedMain] o.s.o.j.p.SpringPersistenceUnitInfo      : No LoadTimeWeaver setup: ignoring JPA class transformer
2026-06-01 04:37:47.363  INFO 24624 --- [restartedMain] com.zaxxer.hikari.HikariDataSource       : HikariPool-24 - Starting...
2026-06-01 04:37:47.375  INFO 24624 --- [restartedMain] com.zaxxer.hikari.pool.HikariPool        : HikariPool-24 - Added connection com.mysql.cj.jdbc.ConnectionImpl@43404937
2026-06-01 04:37:47.375  INFO 24624 --- [restartedMain] com.zaxxer.hikari.HikariDataSource       : HikariPool-24 - Start completed.
2026-06-01 04:37:47.375  WARN 24624 --- [restartedMain] org.hibernate.orm.deprecation            : HHH90000025: MySQLDialect does not need to be specified explicitly using 'hibernate.dialect' (remove the property setting and it will be selected by default)
2026-06-01 04:37:47.375  INFO 24624 --- [restartedMain] org.hibernate.orm.connections.pooling    : HHH10001005: Database info:
	Database JDBC URL [Connecting through datasource 'HikariDataSource (HikariPool-24)']
	Database driver: undefined/unknown
	Database version: 8.0.45
	Autocommit mode: undefined/unknown
	Isolation level: undefined/unknown
	Minimum pool size: undefined/unknown
	Maximum pool size: undefined/unknown
2026-06-01 04:37:47.392  INFO 24624 --- [restartedMain] o.h.e.c.i.m.AuditMetadataGenerator       : Adding properties for entity: com.sisol.salud.model.entity.Cita
2026-06-01 04:37:47.392  INFO 24624 --- [restartedMain] o.h.e.c.i.m.AuditMetadataGenerator       : Adding properties for entity: com.sisol.salud.model.entity.Paciente
2026-06-01 04:37:47.393  INFO 24624 --- [restartedMain] o.h.e.c.i.m.AuditMetadataGenerator       : Adding properties for entity: com.sisol.salud.model.entity.Especialidad
2026-06-01 04:37:47.393  INFO 24624 --- [restartedMain] o.h.e.c.i.m.AuditMetadataGenerator       : Adding properties for entity: com.sisol.salud.model.entity.Medico
2026-06-01 04:37:47.393  INFO 24624 --- [restartedMain] o.h.e.c.i.m.AuditMetadataGenerator       : Adding properties for entity: com.sisol.salud.model.entity.Pago
2026-06-01 04:37:47.393  INFO 24624 --- [restartedMain] o.h.e.c.i.m.AuditMetadataGenerator       : Adding properties for entity: com.sisol.salud.model.entity.Usuario
2026-06-01 04:37:47.437  INFO 24624 --- [restartedMain] o.h.e.t.j.p.i.JtaPlatformInitiator       : HHH000489: No JTA platform available (set 'hibernate.transaction.jta.platform' to enable JTA platform integration)
2026-06-01 04:37:47.471  INFO 24624 --- [restartedMain] j.LocalContainerEntityManagerFactoryBean : Initialized JPA EntityManagerFactory for persistence unit 'default'
2026-06-01 04:37:47.492 DEBUG 24624 --- [restartedMain] c.s.s.s.jwt.JwtAuthenticationFilter      : Filter 'jwtAuthenticationFilter' configured for use
2026-06-01 04:37:47.503  INFO 24624 --- [restartedMain] eAuthenticationProviderManagerConfigurer : Global AuthenticationManager configured with AuthenticationProvider bean with name authenticationProvider
2026-06-01 04:37:47.503  WARN 24624 --- [restartedMain] r$InitializeUserDetailsManagerConfigurer : Global AuthenticationManager configured with an AuthenticationProvider bean. UserDetailsService beans will not be used by Spring Security for automatically configuring username/password login. Consider removing the AuthenticationProvider bean. Alternatively, consider using the UserDetailsService in a manually instantiated DaoAuthenticationProvider. If the current configuration is intentional, to turn off this warning, increase the logging level of 'org.springframework.security.config.annotation.authentication.configuration.InitializeUserDetailsBeanManagerConfigurer' to ERROR
2026-06-01 04:37:47.514  WARN 24624 --- [restartedMain] ConfigServletWebServerApplicationContext : Exception encountered during context initialization - cancelling refresh attempt: org.springframework.beans.factory.UnsatisfiedDependencyException: Error creating bean with name 'citaRestController' defined in file [C:\Users\fabri\OneDrive\Desktop\Repositorios\Proyecto-Integrador\target\classes\com\sisol\salud\controller\api\CitaRestController.class]: Unsatisfied dependency expressed through constructor parameter 0: Error creating bean with name 'citaService' defined in file [C:\Users\fabri\OneDrive\Desktop\Repositorios\Proyecto-Integrador\target\classes\com\sisol\salud\service\CitaService.class]: Unsatisfied dependency expressed through constructor parameter 0: Error creating bean with name 'citaRepository' defined in com.sisol.salud.repository.CitaRepository defined in @EnableJpaRepositories declared on JpaRepositoriesRegistrar.EnableJpaRepositoriesConfiguration: Could not create query for public abstract java.util.List com.sisol.salud.repository.CitaRepository.findTopEspecialidades(); Reason: Query 'SELECT new com.sisol.salud.dto.response.TopEspecialidadResponse(c.medico.especialidad.nombre, COUNT(c)) FROM Cita c GROUP BY c.medico.especialidad.nombre ORDER BY COUNT(c) DESC' validation failed for method public abstract java.util.List com.sisol.salud.repository.CitaRepository.findTopEspecialidades()
2026-06-01 04:37:47.515  INFO 24624 --- [restartedMain] j.LocalContainerEntityManagerFactoryBean : Closing JPA EntityManagerFactory for persistence unit 'default'
2026-06-01 04:37:47.515  INFO 24624 --- [restartedMain] com.zaxxer.hikari.HikariDataSource       : HikariPool-24 - Shutdown initiated...
2026-06-01 04:37:47.548  INFO 24624 --- [restartedMain] com.zaxxer.hikari.HikariDataSource       : HikariPool-24 - Shutdown completed.
2026-06-01 04:37:47.548  INFO 24624 --- [restartedMain] o.apache.catalina.core.StandardService   : Stopping service [Tomcat]
2026-06-01 04:37:47.549  INFO 24624 --- [restartedMain] .s.b.a.l.ConditionEvaluationReportLogger : 

Error starting ApplicationContext. To display the condition evaluation report re-run your application with 'debug' enabled.
2026-06-01 04:37:47.554 ERROR 24624 --- [restartedMain] o.s.boot.SpringApplication               : Application run failed

org.springframework.beans.factory.UnsatisfiedDependencyException: Error creating bean with name 'citaRestController' defined in file [C:\Users\fabri\OneDrive\Desktop\Repositorios\Proyecto-Integrador\target\classes\com\sisol\salud\controller\api\CitaRestController.class]: Unsatisfied dependency expressed through constructor parameter 0: Error creating bean with name 'citaService' defined in file [C:\Users\fabri\OneDrive\Desktop\Repositorios\Proyecto-Integrador\target\classes\com\sisol\salud\service\CitaService.class]: Unsatisfied dependency expressed through constructor parameter 0: Error creating bean with name 'citaRepository' defined in com.sisol.salud.repository.CitaRepository defined in @EnableJpaRepositories declared on JpaRepositoriesRegistrar.EnableJpaRepositoriesConfiguration: Could not create query for public abstract java.util.List com.sisol.salud.repository.CitaRepository.findTopEspecialidades(); Reason: Query 'SELECT new com.sisol.salud.dto.response.TopEspecialidadResponse(c.medico.especialidad.nombre, COUNT(c)) FROM Cita c GROUP BY c.medico.especialidad.nombre ORDER BY COUNT(c) DESC' validation failed for method public abstract java.util.List com.sisol.salud.repository.CitaRepository.findTopEspecialidades()
	at org.springframework.beans.factory.support.ConstructorResolver.createArgumentArray(ConstructorResolver.java:804)
	at org.springframework.beans.factory.support.ConstructorResolver.autowireConstructor(ConstructorResolver.java:240)
	at org.springframework.beans.factory.support.AbstractAutowireCapableBeanFactory.autowireConstructor(AbstractAutowireCapableBeanFactory.java:1395)
	at org.springframework.beans.factory.support.AbstractAutowireCapableBeanFactory.createBeanInstance(AbstractAutowireCapableBeanFactory.java:1232)
	at org.springframework.beans.factory.support.AbstractAutowireCapableBeanFactory.doCreateBean(AbstractAutowireCapableBeanFactory.java:569)
	at org.springframework.beans.factory.support.AbstractAutowireCapableBeanFactory.createBean(AbstractAutowireCapableBeanFactory.java:529)
	at org.springframework.beans.factory.support.AbstractBeanFactory.lambda$doGetBean$0(AbstractBeanFactory.java:339)
	at org.springframework.beans.factory.support.DefaultSingletonBeanRegistry.getSingleton(DefaultSingletonBeanRegistry.java:373)
	at org.springframework.beans.factory.support.AbstractBeanFactory.doGetBean(AbstractBeanFactory.java:337)
	at org.springframework.beans.factory.support.AbstractBeanFactory.getBean(AbstractBeanFactory.java:202)
	at org.springframework.beans.factory.support.DefaultListableBeanFactory.instantiateSingleton(DefaultListableBeanFactory.java:1228)
	at org.springframework.beans.factory.support.DefaultListableBeanFactory.preInstantiateSingleton(DefaultListableBeanFactory.java:1194)
	at org.springframework.beans.factory.support.DefaultListableBeanFactory.preInstantiateSingletons(DefaultListableBeanFactory.java:1130)
	at org.springframework.context.support.AbstractApplicationContext.finishBeanFactoryInitialization(AbstractApplicationContext.java:990)
	at org.springframework.context.support.AbstractApplicationContext.refresh(AbstractApplicationContext.java:627)
	at org.springframework.boot.web.servlet.context.ServletWebServerApplicationContext.refresh(ServletWebServerApplicationContext.java:146)
	at org.springframework.boot.SpringApplication.refresh(SpringApplication.java:752)
	at org.springframework.boot.SpringApplication.refreshContext(SpringApplication.java:439)
	at org.springframework.boot.SpringApplication.run(SpringApplication.java:318)
	at org.springframework.boot.SpringApplication.run(SpringApplication.java:1361)
	at org.springframework.boot.SpringApplication.run(SpringApplication.java:1350)
	at com.sisol.salud.SisolSaludApplication.main(SisolSaludApplication.java:12)
	at java.base/jdk.internal.reflect.DirectMethodHandleAccessor.invoke(Unknown Source)
	at java.base/java.lang.reflect.Method.invoke(Unknown Source)
	at org.springframework.boot.devtools.restart.RestartLauncher.run(RestartLauncher.java:50)
Caused by: org.springframework.beans.factory.UnsatisfiedDependencyException: Error creating bean with name 'citaService' defined in file [C:\Users\fabri\OneDrive\Desktop\Repositorios\Proyecto-Integrador\target\classes\com\sisol\salud\service\CitaService.class]: Unsatisfied dependency expressed through constructor parameter 0: Error creating bean with name 'citaRepository' defined in com.sisol.salud.repository.CitaRepository defined in @EnableJpaRepositories declared on JpaRepositoriesRegistrar.EnableJpaRepositoriesConfiguration: Could not create query for public abstract java.util.List com.sisol.salud.repository.CitaRepository.findTopEspecialidades(); Reason: Query 'SELECT new com.sisol.salud.dto.response.TopEspecialidadResponse(c.medico.especialidad.nombre, COUNT(c)) FROM Cita c GROUP BY c.medico.especialidad.nombre ORDER BY COUNT(c) DESC' validation failed for method public abstract java.util.List com.sisol.salud.repository.CitaRepository.findTopEspecialidades()
	at org.springframework.beans.factory.support.ConstructorResolver.createArgumentArray(ConstructorResolver.java:804)
	at org.springframework.beans.factory.support.ConstructorResolver.autowireConstructor(ConstructorResolver.java:240)
	at org.springframework.beans.factory.support.AbstractAutowireCapableBeanFactory.autowireConstructor(AbstractAutowireCapableBeanFactory.java:1395)
	at org.springframework.beans.factory.support.AbstractAutowireCapableBeanFactory.createBeanInstance(AbstractAutowireCapableBeanFactory.java:1232)
	at org.springframework.beans.factory.support.AbstractAutowireCapableBeanFactory.doCreateBean(AbstractAutowireCapableBeanFactory.java:569)
	at org.springframework.beans.factory.support.AbstractAutowireCapableBeanFactory.createBean(AbstractAutowireCapableBeanFactory.java:529)
	at org.springframework.beans.factory.support.AbstractBeanFactory.lambda$doGetBean$0(AbstractBeanFactory.java:339)
	at org.springframework.beans.factory.support.DefaultSingletonBeanRegistry.getSingleton(DefaultSingletonBeanRegistry.java:373)
	at org.springframework.beans.factory.support.AbstractBeanFactory.doGetBean(AbstractBeanFactory.java:337)
	at org.springframework.beans.factory.support.AbstractBeanFactory.getBean(AbstractBeanFactory.java:202)
	at org.springframework.beans.factory.support.DefaultListableBeanFactory.doResolveDependency(DefaultListableBeanFactory.java:1708)
	at org.springframework.beans.factory.support.DefaultListableBeanFactory.resolveDependency(DefaultListableBeanFactory.java:1653)
	at org.springframework.beans.factory.support.ConstructorResolver.resolveAutowiredArgument(ConstructorResolver.java:913)
	at org.springframework.beans.factory.support.ConstructorResolver.createArgumentArray(ConstructorResolver.java:791)
	... 24 common frames omitted
Caused by: org.springframework.beans.factory.BeanCreationException: Error creating bean with name 'citaRepository' defined in com.sisol.salud.repository.CitaRepository defined in @EnableJpaRepositories declared on JpaRepositoriesRegistrar.EnableJpaRepositoriesConfiguration: Could not create query for public abstract java.util.List com.sisol.salud.repository.CitaRepository.findTopEspecialidades(); Reason: Query 'SELECT new com.sisol.salud.dto.response.TopEspecialidadResponse(c.medico.especialidad.nombre, COUNT(c)) FROM Cita c GROUP BY c.medico.especialidad.nombre ORDER BY COUNT(c) DESC' validation failed for method public abstract java.util.List com.sisol.salud.repository.CitaRepository.findTopEspecialidades()
	at org.springframework.beans.factory.support.AbstractAutowireCapableBeanFactory.initializeBean(AbstractAutowireCapableBeanFactory.java:1826)
	at org.springframework.beans.factory.support.AbstractAutowireCapableBeanFactory.doCreateBean(AbstractAutowireCapableBeanFactory.java:607)
	at org.springframework.beans.factory.support.AbstractAutowireCapableBeanFactory.createBean(AbstractAutowireCapableBeanFactory.java:529)
	at org.springframework.beans.factory.support.AbstractBeanFactory.lambda$doGetBean$0(AbstractBeanFactory.java:339)
	at org.springframework.beans.factory.support.DefaultSingletonBeanRegistry.getSingleton(DefaultSingletonBeanRegistry.java:373)
	at org.springframework.beans.factory.support.AbstractBeanFactory.doGetBean(AbstractBeanFactory.java:337)
	at org.springframework.beans.factory.support.AbstractBeanFactory.getBean(AbstractBeanFactory.java:202)
	at org.springframework.beans.factory.support.DefaultListableBeanFactory.doResolveDependency(DefaultListableBeanFactory.java:1708)
	at org.springframework.beans.factory.support.DefaultListableBeanFactory.resolveDependency(DefaultListableBeanFactory.java:1653)
	at org.springframework.beans.factory.support.ConstructorResolver.resolveAutowiredArgument(ConstructorResolver.java:913)
	at org.springframework.beans.factory.support.ConstructorResolver.createArgumentArray(ConstructorResolver.java:791)
	... 37 common frames omitted
Caused by: org.springframework.data.repository.query.QueryCreationException: Could not create query for public abstract java.util.List com.sisol.salud.repository.CitaRepository.findTopEspecialidades(); Reason: Query 'SELECT new com.sisol.salud.dto.response.TopEspecialidadResponse(c.medico.especialidad.nombre, COUNT(c)) FROM Cita c GROUP BY c.medico.especialidad.nombre ORDER BY COUNT(c) DESC' validation failed for method public abstract java.util.List com.sisol.salud.repository.CitaRepository.findTopEspecialidades()
	at org.springframework.data.repository.query.QueryCreationException.create(QueryCreationException.java:101)
	at org.springframework.data.repository.core.support.QueryExecutorMethodInterceptor.lookupQuery(QueryExecutorMethodInterceptor.java:120)
	at org.springframework.data.repository.core.support.QueryExecutorMethodInterceptor.mapMethodsToQuery(QueryExecutorMethodInterceptor.java:104)
	at org.springframework.data.repository.core.support.QueryExecutorMethodInterceptor.lambda$new$0(QueryExecutorMethodInterceptor.java:92)
	at java.base/java.util.Optional.map(Unknown Source)
	at org.springframework.data.repository.core.support.QueryExecutorMethodInterceptor.<init>(QueryExecutorMethodInterceptor.java:92)
	at org.springframework.data.repository.core.support.RepositoryFactorySupport.getRepository(RepositoryFactorySupport.java:434)
	at org.springframework.data.repository.core.support.RepositoryFactoryBeanSupport.lambda$afterPropertiesSet$4(RepositoryFactoryBeanSupport.java:355)
	at org.springframework.data.util.Lazy.getNullable(Lazy.java:135)
	at org.springframework.data.util.Lazy.get(Lazy.java:113)
	at org.springframework.data.repository.core.support.RepositoryFactoryBeanSupport.afterPropertiesSet(RepositoryFactoryBeanSupport.java:361)
	at org.springframework.data.jpa.repository.support.JpaRepositoryFactoryBean.afterPropertiesSet(JpaRepositoryFactoryBean.java:132)
	at org.springframework.beans.factory.support.AbstractAutowireCapableBeanFactory.invokeInitMethods(AbstractAutowireCapableBeanFactory.java:1873)
	at org.springframework.beans.factory.support.AbstractAutowireCapableBeanFactory.initializeBean(AbstractAutowireCapableBeanFactory.java:1822)
	... 47 common frames omitted
Caused by: java.lang.IllegalArgumentException: Query 'SELECT new com.sisol.salud.dto.response.TopEspecialidadResponse(c.medico.especialidad.nombre, COUNT(c)) FROM Cita c GROUP BY c.medico.especialidad.nombre ORDER BY COUNT(c) DESC' validation failed for method public abstract java.util.List com.sisol.salud.repository.CitaRepository.findTopEspecialidades()
	at org.springframework.data.jpa.repository.query.SimpleJpaQuery.validateQuery(SimpleJpaQuery.java:93)
	at org.springframework.data.jpa.repository.query.SimpleJpaQuery.<init>(SimpleJpaQuery.java:67)
	at org.springframework.data.jpa.repository.query.JpaQueryFactory.fromMethodWithQueryString(JpaQueryFactory.java:49)
	at org.springframework.data.jpa.repository.query.JpaQueryLookupStrategy$DeclaredQueryLookupStrategy.resolveQuery(JpaQueryLookupStrategy.java:174)
	at org.springframework.data.jpa.repository.query.JpaQueryLookupStrategy$CreateIfNotFoundQueryLookupStrategy.resolveQuery(JpaQueryLookupStrategy.java:254)
	at org.springframework.data.jpa.repository.query.JpaQueryLookupStrategy$AbstractQueryLookupStrategy.resolveQuery(JpaQueryLookupStrategy.java:99)
	at org.springframework.data.repository.core.support.QueryExecutorMethodInterceptor.lookupQuery(QueryExecutorMethodInterceptor.java:116)
	... 59 common frames omitted
Caused by: java.lang.IllegalArgumentException: org.hibernate.query.sqm.UnknownPathException: Could not resolve attribute 'especialidad' of 'com.sisol.salud.model.entity.Medico' [SELECT new com.sisol.salud.dto.response.TopEspecialidadResponse(c.medico.especialidad.nombre, COUNT(c)) FROM Cita c GROUP BY c.medico.especialidad.nombre ORDER BY COUNT(c) DESC]
	at org.hibernate.internal.ExceptionConverterImpl.convert(ExceptionConverterImpl.java:143)
	at org.hibernate.internal.ExceptionConverterImpl.convert(ExceptionConverterImpl.java:167)
	at org.hibernate.internal.ExceptionConverterImpl.convert(ExceptionConverterImpl.java:173)
	at org.hibernate.internal.AbstractSharedSessionContract.createQuery(AbstractSharedSessionContract.java:886)
	at org.hibernate.internal.AbstractSharedSessionContract.createQuery(AbstractSharedSessionContract.java:796)
	at org.hibernate.internal.AbstractSharedSessionContract.createQuery(AbstractSharedSessionContract.java:143)
	at java.base/jdk.internal.reflect.DirectMethodHandleAccessor.invoke(Unknown Source)
	at java.base/java.lang.reflect.Method.invoke(Unknown Source)
	at org.springframework.orm.jpa.ExtendedEntityManagerCreator$ExtendedEntityManagerInvocationHandler.invoke(ExtendedEntityManagerCreator.java:364)
	at jdk.proxy50/jdk.proxy50.$Proxy389.createQuery(Unknown Source)
	at org.springframework.data.jpa.repository.query.SimpleJpaQuery.validateQuery(SimpleJpaQuery.java:88)
	... 65 common frames omitted
Caused by: org.hibernate.query.sqm.UnknownPathException: Could not resolve attribute 'especialidad' of 'com.sisol.salud.model.entity.Medico' [SELECT new com.sisol.salud.dto.response.TopEspecialidadResponse(c.medico.especialidad.nombre, COUNT(c)) FROM Cita c GROUP BY c.medico.especialidad.nombre ORDER BY COUNT(c) DESC]
	at org.hibernate.query.hql.internal.StandardHqlTranslator.translate(StandardHqlTranslator.java:88)
	at org.hibernate.query.internal.QueryInterpretationCacheStandardImpl.createHqlInterpretation(QueryInterpretationCacheStandardImpl.java:145)
	at org.hibernate.query.internal.QueryInterpretationCacheStandardImpl.resolveHqlInterpretation(QueryInterpretationCacheStandardImpl.java:132)
	at org.hibernate.query.spi.QueryEngine.interpretHql(QueryEngine.java:54)
	at org.hibernate.internal.AbstractSharedSessionContract.interpretHql(AbstractSharedSessionContract.java:832)
	at org.hibernate.internal.AbstractSharedSessionContract.createQuery(AbstractSharedSessionContract.java:878)
	... 72 common frames omitted
Caused by: org.hibernate.query.sqm.PathElementException: Could not resolve attribute 'especialidad' of 'com.sisol.salud.model.entity.Medico'
	at org.hibernate.query.sqm.SqmPathSource.getSubPathSource(SqmPathSource.java:95)
	at org.hibernate.query.sqm.tree.domain.AbstractSqmPath.get(AbstractSqmPath.java:199)
	at org.hibernate.query.sqm.tree.domain.SqmEntityValuedSimplePath.resolvePathPart(SqmEntityValuedSimplePath.java:56)
	at org.hibernate.query.hql.internal.DomainPathPart.resolvePathPart(DomainPathPart.java:42)
	at org.hibernate.query.hql.internal.BasicDotIdentifierConsumer.consumeIdentifier(BasicDotIdentifierConsumer.java:92)
	at org.hibernate.query.hql.internal.SemanticQueryBuilder.visitSimplePath(SemanticQueryBuilder.java:5432)
	at org.hibernate.query.hql.internal.SemanticQueryBuilder.visitGeneralPathFragment(SemanticQueryBuilder.java:5292)
	at org.hibernate.query.hql.internal.SemanticQueryBuilder.visitGeneralPathExpression(SemanticQueryBuilder.java:1884)
	at org.hibernate.grammars.hql.HqlParser$GeneralPathExpressionContext.accept(HqlParser.java:7882)
	at org.antlr.v4.runtime.tree.AbstractParseTreeVisitor.visitChildren(AbstractParseTreeVisitor.java:46)
	at org.hibernate.grammars.hql.HqlParserBaseVisitor.visitBarePrimaryExpression(HqlParserBaseVisitor.java:749)
	at org.hibernate.grammars.hql.HqlParser$BarePrimaryExpressionContext.accept(HqlParser.java:7331)
	at org.antlr.v4.runtime.tree.AbstractParseTreeVisitor.visitChildren(AbstractParseTreeVisitor.java:46)
	at org.hibernate.grammars.hql.HqlParserBaseVisitor.visitExpressionOrPredicate(HqlParserBaseVisitor.java:882)
	at org.hibernate.grammars.hql.HqlParser$ExpressionOrPredicateContext.accept(HqlParser.java:8114)
	at org.antlr.v4.runtime.tree.AbstractParseTreeVisitor.visitChildren(AbstractParseTreeVisitor.java:46)
	at org.hibernate.grammars.hql.HqlParserBaseVisitor.visitInstantiationArgumentExpression(HqlParserBaseVisitor.java:385)
	at org.hibernate.grammars.hql.HqlParser$InstantiationArgumentExpressionContext.accept(HqlParser.java:4228)
	at org.hibernate.query.hql.internal.SemanticQueryBuilder.visitInstantiationArgument(SemanticQueryBuilder.java:1529)
	at org.hibernate.query.hql.internal.SemanticQueryBuilder.visitInstantiation(SemanticQueryBuilder.java:1495)
	at org.hibernate.query.hql.internal.SemanticQueryBuilder.visitInstantiation(SemanticQueryBuilder.java:278)
	at org.hibernate.grammars.hql.HqlParser$InstantiationContext.accept(HqlParser.java:3977)
	at org.hibernate.query.hql.internal.SemanticQueryBuilder.visitSelectableNode(SemanticQueryBuilder.java:1451)
	at org.hibernate.query.hql.internal.SemanticQueryBuilder.visitSelection(SemanticQueryBuilder.java:1405)
	at org.hibernate.query.hql.internal.SemanticQueryBuilder.visitSelectClause(SemanticQueryBuilder.java:1398)
	at org.hibernate.query.hql.internal.SemanticQueryBuilder.visitQuery(SemanticQueryBuilder.java:1247)
	at org.hibernate.query.hql.internal.SemanticQueryBuilder.visitQuerySpecExpression(SemanticQueryBuilder.java:1029)
	at org.hibernate.query.hql.internal.SemanticQueryBuilder.visitQuerySpecExpression(SemanticQueryBuilder.java:278)
	at org.hibernate.grammars.hql.HqlParser$QuerySpecExpressionContext.accept(HqlParser.java:2077)
	at org.hibernate.query.hql.internal.SemanticQueryBuilder.visitQueryExpression(SemanticQueryBuilder.java:1063)
	at org.hibernate.query.hql.internal.SemanticQueryBuilder.visitQueryExpression(SemanticQueryBuilder.java:278)
	at org.hibernate.grammars.hql.HqlParser$QueryExpressionContext.accept(HqlParser.java:1973)
	at org.hibernate.query.hql.internal.SemanticQueryBuilder.visitSelectStatement(SemanticQueryBuilder.java:493)
	at org.hibernate.query.hql.internal.SemanticQueryBuilder.visitStatement(SemanticQueryBuilder.java:452)
	at org.hibernate.query.hql.internal.SemanticQueryBuilder.buildSemanticModel(SemanticQueryBuilder.java:325)
	at org.hibernate.query.hql.internal.StandardHqlTranslator.translate(StandardHqlTranslator.java:71)
	... 77 common frames omitted

