2026-07-09 00:33:23.636  INFO 15948 --- [restartedMain] com.sisol.salud.SisolSaludApplication    : Starting SisolSaludApplication using Java 21.0.10 with PID 15948 (C:\Users\fabri\OneDrive\Desktop\Repositorios\Proyecto-Integrador\target\classes started by fabri in C:\Users\fabri\OneDrive\Desktop\Repositorios\Proyecto-Integrador)
2026-07-09 00:33:23.638 DEBUG 15948 --- [restartedMain] com.sisol.salud.SisolSaludApplication    : Running with Spring Boot v3.5.9, Spring v6.2.15
2026-07-09 00:33:23.639  INFO 15948 --- [restartedMain] com.sisol.salud.SisolSaludApplication    : No active profile set, falling back to 1 default profile: "default"
2026-07-09 00:33:23.840  INFO 15948 --- [restartedMain] .e.DevToolsPropertyDefaultsPostProcessor : Devtools property defaults active! Set 'spring.devtools.add-properties' to 'false' to disable
2026-07-09 00:33:23.840  INFO 15948 --- [restartedMain] .e.DevToolsPropertyDefaultsPostProcessor : For additional web related logging consider setting the 'logging.level.web' property to 'DEBUG'
2026-07-09 00:33:24.874  INFO 15948 --- [restartedMain] .s.d.r.c.RepositoryConfigurationDelegate : Bootstrapping Spring Data JPA repositories in DEFAULT mode.
2026-07-09 00:33:24.937  INFO 15948 --- [restartedMain] .s.d.r.c.RepositoryConfigurationDelegate : Finished Spring Data repository scanning in 55 ms. Found 8 JPA repository interfaces.
2026-07-09 00:33:25.663  INFO 15948 --- [restartedMain] o.s.b.w.embedded.tomcat.TomcatWebServer  : Tomcat initialized with port 8080 (http)
2026-07-09 00:33:25.688  INFO 15948 --- [restartedMain] o.apache.catalina.core.StandardService   : Starting service [Tomcat]
2026-07-09 00:33:25.689  INFO 15948 --- [restartedMain] o.apache.catalina.core.StandardEngine    : Starting Servlet engine: [Apache Tomcat/10.1.50]
2026-07-09 00:33:25.756  INFO 15948 --- [restartedMain] o.a.c.c.C.[Tomcat].[localhost].[/]       : Initializing Spring embedded WebApplicationContext
2026-07-09 00:33:25.757  INFO 15948 --- [restartedMain] w.s.c.ServletWebServerApplicationContext : Root WebApplicationContext: initialization completed in 1915 ms
2026-07-09 00:33:26.057  INFO 15948 --- [restartedMain] o.hibernate.jpa.internal.util.LogHelper  : HHH000204: Processing PersistenceUnitInfo [name: default]
2026-07-09 00:33:26.124  INFO 15948 --- [restartedMain] org.hibernate.Version                    : HHH000412: Hibernate ORM core version 6.6.39.Final
2026-07-09 00:33:26.154  INFO 15948 --- [restartedMain] o.h.c.internal.RegionFactoryInitiator    : HHH000026: Second-level cache disabled
2026-07-09 00:33:26.215  INFO 15948 --- [restartedMain] o.h.e.boot.internal.EnversServiceImpl    : Envers integration enabled? : true
2026-07-09 00:33:26.350  INFO 15948 --- [restartedMain] o.s.o.j.p.SpringPersistenceUnitInfo      : No LoadTimeWeaver setup: ignoring JPA class transformer
2026-07-09 00:33:26.399  INFO 15948 --- [restartedMain] com.zaxxer.hikari.HikariDataSource       : HikariPool-1 - Starting...
2026-07-09 00:33:26.547  INFO 15948 --- [restartedMain] com.zaxxer.hikari.pool.HikariPool        : HikariPool-1 - Added connection conn0: url=jdbc:h2:mem:sisoldb user=SA
2026-07-09 00:33:26.548  INFO 15948 --- [restartedMain] com.zaxxer.hikari.HikariDataSource       : HikariPool-1 - Start completed.
2026-07-09 00:33:26.567  WARN 15948 --- [restartedMain] org.hibernate.orm.deprecation            : HHH90000025: H2Dialect does not need to be specified explicitly using 'hibernate.dialect' (remove the property setting and it will be selected by default)
2026-07-09 00:33:26.581  INFO 15948 --- [restartedMain] org.hibernate.orm.connections.pooling    : HHH10001005: Database info:
	Database JDBC URL [Connecting through datasource 'HikariDataSource (HikariPool-1)']
	Database driver: undefined/unknown
	Database version: 2.3.232
	Autocommit mode: undefined/unknown
	Isolation level: undefined/unknown
	Minimum pool size: undefined/unknown
	Maximum pool size: undefined/unknown
2026-07-09 00:33:26.790  INFO 15948 --- [restartedMain] o.h.e.c.i.m.AuditMetadataGenerator       : Adding properties for entity: com.sisol.salud.model.entity.Cita
2026-07-09 00:33:26.791  INFO 15948 --- [restartedMain] o.h.e.c.i.m.AuditMetadataGenerator       : Adding properties for entity: com.sisol.salud.model.entity.Paciente
2026-07-09 00:33:26.792  INFO 15948 --- [restartedMain] o.h.e.c.i.m.AuditMetadataGenerator       : Adding properties for entity: com.sisol.salud.model.entity.Especialidad
2026-07-09 00:33:26.792  INFO 15948 --- [restartedMain] o.h.e.c.i.m.AuditMetadataGenerator       : Adding properties for entity: com.sisol.salud.model.entity.Medico
2026-07-09 00:33:26.793  INFO 15948 --- [restartedMain] o.h.e.c.i.m.AuditMetadataGenerator       : Adding properties for entity: com.sisol.salud.model.entity.Pago
2026-07-09 00:33:26.794  INFO 15948 --- [restartedMain] o.h.e.c.i.m.AuditMetadataGenerator       : Adding properties for entity: com.sisol.salud.model.entity.Usuario
2026-07-09 00:33:27.443  INFO 15948 --- [restartedMain] o.h.e.t.j.p.i.JtaPlatformInitiator       : HHH000489: No JTA platform available (set 'hibernate.transaction.jta.platform' to enable JTA platform integration)
2026-07-09 00:33:27.454 DEBUG 15948 --- [restartedMain] org.hibernate.SQL                        : 
    drop table if exists citas cascade 
2026-07-09 00:33:27.457 DEBUG 15948 --- [restartedMain] org.hibernate.SQL                        : 
    drop table if exists citas_aud cascade 
2026-07-09 00:33:27.458 DEBUG 15948 --- [restartedMain] org.hibernate.SQL                        : 
    drop table if exists disponibilidad_medica cascade 
2026-07-09 00:33:27.458 DEBUG 15948 --- [restartedMain] org.hibernate.SQL                        : 
    drop table if exists especialidades cascade 
2026-07-09 00:33:27.458 DEBUG 15948 --- [restartedMain] org.hibernate.SQL                        : 
    drop table if exists especialidades_aud cascade 
2026-07-09 00:33:27.459 DEBUG 15948 --- [restartedMain] org.hibernate.SQL                        : 
    drop table if exists medico_especialidades cascade 
2026-07-09 00:33:27.459 DEBUG 15948 --- [restartedMain] org.hibernate.SQL                        : 
    drop table if exists medico_especialidades_aud cascade 
2026-07-09 00:33:27.459 DEBUG 15948 --- [restartedMain] org.hibernate.SQL                        : 
    drop table if exists medicos cascade 
2026-07-09 00:33:27.460 DEBUG 15948 --- [restartedMain] org.hibernate.SQL                        : 
    drop table if exists medicos_aud cascade 
2026-07-09 00:33:27.460 DEBUG 15948 --- [restartedMain] org.hibernate.SQL                        : 
    drop table if exists notificaciones cascade 
2026-07-09 00:33:27.460 DEBUG 15948 --- [restartedMain] org.hibernate.SQL                        : 
    drop table if exists pacientes cascade 
2026-07-09 00:33:27.461 DEBUG 15948 --- [restartedMain] org.hibernate.SQL                        : 
    drop table if exists pacientes_aud cascade 
2026-07-09 00:33:27.461 DEBUG 15948 --- [restartedMain] org.hibernate.SQL                        : 
    drop table if exists pagos cascade 
2026-07-09 00:33:27.461 DEBUG 15948 --- [restartedMain] org.hibernate.SQL                        : 
    drop table if exists pagos_aud cascade 
2026-07-09 00:33:27.462 DEBUG 15948 --- [restartedMain] org.hibernate.SQL                        : 
    drop table if exists revinfo cascade 
2026-07-09 00:33:27.462 DEBUG 15948 --- [restartedMain] org.hibernate.SQL                        : 
    drop table if exists usuarios cascade 
2026-07-09 00:33:27.462 DEBUG 15948 --- [restartedMain] org.hibernate.SQL                        : 
    drop table if exists usuarios_aud cascade 
2026-07-09 00:33:27.465 DEBUG 15948 --- [restartedMain] org.hibernate.SQL                        : 
    create table citas (
        fecha date not null,
        hora_fin time(6) not null,
        hora_inicio time(6) not null,
        created_at timestamp(6),
        especialidad_id bigint not null,
        id bigint generated by default as identity,
        medico_id bigint not null,
        paciente_id bigint not null,
        updated_at timestamp(6),
        motivo_consulta varchar(500),
        observaciones TEXT,
        estado enum ('CANCELADA','COMPLETADA','CONFIRMADA','NO_ASISTIO','PENDIENTE') not null,
        primary key (id)
    )
2026-07-09 00:33:27.474 DEBUG 15948 --- [restartedMain] org.hibernate.SQL                        : 
    create table citas_aud (
        fecha date,
        hora_fin time(6),
        hora_inicio time(6),
        rev integer not null,
        revtype tinyint,
        created_at timestamp(6),
        especialidad_id bigint,
        id bigint not null,
        medico_id bigint,
        paciente_id bigint,
        updated_at timestamp(6),
        motivo_consulta varchar(500),
        observaciones TEXT,
        estado enum ('CANCELADA','COMPLETADA','CONFIRMADA','NO_ASISTIO','PENDIENTE'),
        primary key (rev, id)
    )
2026-07-09 00:33:27.476 DEBUG 15948 --- [restartedMain] org.hibernate.SQL                        : 
    create table disponibilidad_medica (
        activo boolean not null,
        duracion_consulta_min integer not null,
        hora_fin time(6) not null,
        hora_inicio time(6) not null,
        created_at timestamp(6),
        id bigint generated by default as identity,
        medico_id bigint not null,
        updated_at timestamp(6),
        dia_semana enum ('DOMINGO','JUEVES','LUNES','MARTES','MIERCOLES','SABADO','VIERNES') not null,
        primary key (id)
    )
2026-07-09 00:33:27.478 DEBUG 15948 --- [restartedMain] org.hibernate.SQL                        : 
    create table especialidades (
        activo boolean not null,
        costo numeric(10,2) not null,
        created_at timestamp(6),
        id bigint generated by default as identity,
        nombre varchar(100) not null unique,
        descripcion varchar(500),
        primary key (id)
    )
2026-07-09 00:33:27.479 DEBUG 15948 --- [restartedMain] org.hibernate.SQL                        : 
    create table especialidades_aud (
        activo boolean,
        costo numeric(10,2),
        rev integer not null,
        revtype tinyint,
        created_at timestamp(6),
        id bigint not null,
        nombre varchar(100),
        descripcion varchar(500),
        primary key (rev, id)
    )
2026-07-09 00:33:27.481 DEBUG 15948 --- [restartedMain] org.hibernate.SQL                        : 
    create table medico_especialidades (
        especialidad_id bigint not null,
        medico_id bigint not null,
        primary key (especialidad_id, medico_id)
    )
2026-07-09 00:33:27.482 DEBUG 15948 --- [restartedMain] org.hibernate.SQL                        : 
    create table medico_especialidades_aud (
        rev integer not null,
        revtype tinyint,
        especialidad_id bigint not null,
        medico_id bigint not null,
        primary key (rev, especialidad_id, medico_id)
    )
2026-07-09 00:33:27.483 DEBUG 15948 --- [restartedMain] org.hibernate.SQL                        : 
    create table medicos (
        created_at timestamp(6),
        id bigint generated by default as identity,
        updated_at timestamp(6),
        usuario_id bigint not null unique,
        numero_colegiatura varchar(20) not null unique,
        primary key (id)
    )
2026-07-09 00:33:27.485 DEBUG 15948 --- [restartedMain] org.hibernate.SQL                        : 
    create table medicos_aud (
        rev integer not null,
        revtype tinyint,
        created_at timestamp(6),
        id bigint not null,
        updated_at timestamp(6),
        usuario_id bigint,
        numero_colegiatura varchar(20),
        primary key (rev, id)
    )
2026-07-09 00:33:27.487 DEBUG 15948 --- [restartedMain] org.hibernate.SQL                        : 
    create table notificaciones (
        enviado boolean not null,
        cita_id bigint not null,
        created_at timestamp(6),
        fecha_envio timestamp(6),
        id bigint generated by default as identity,
        usuario_id bigint not null,
        asunto varchar(255) not null,
        mensaje TEXT not null,
        tipo enum ('EMAIL','SMS') not null,
        primary key (id)
    )
2026-07-09 00:33:27.489 DEBUG 15948 --- [restartedMain] org.hibernate.SQL                        : 
    create table pacientes (
        fecha_nacimiento date,
        grupo_sanguineo varchar(5),
        created_at timestamp(6),
        id bigint generated by default as identity,
        updated_at timestamp(6),
        usuario_id bigint not null unique,
        contacto_emergencia_telefono varchar(20),
        genero varchar(20),
        contacto_emergencia_parentesco varchar(50),
        contacto_emergencia_nombre varchar(150),
        direccion varchar(255),
        primary key (id)
    )
2026-07-09 00:33:27.490 DEBUG 15948 --- [restartedMain] org.hibernate.SQL                        : 
    create table pacientes_aud (
        fecha_nacimiento date,
        rev integer not null,
        revtype tinyint,
        grupo_sanguineo varchar(5),
        created_at timestamp(6),
        id bigint not null,
        updated_at timestamp(6),
        usuario_id bigint,
        contacto_emergencia_telefono varchar(20),
        genero varchar(20),
        contacto_emergencia_parentesco varchar(50),
        contacto_emergencia_nombre varchar(150),
        direccion varchar(255),
        primary key (rev, id)
    )
2026-07-09 00:33:27.492 DEBUG 15948 --- [restartedMain] org.hibernate.SQL                        : 
    create table pagos (
        monto numeric(10,2) not null,
        cita_id bigint not null unique,
        created_at timestamp(6),
        fecha_pago timestamp(6),
        id bigint generated by default as identity,
        paciente_id bigint not null,
        updated_at timestamp(6),
        referencia_pago varchar(100),
        notas varchar(500),
        estado_pago enum ('PAGADO','PENDIENTE','REEMBOLSADO') not null,
        metodo_pago enum ('EFECTIVO','PLIN','TARJETA_CREDITO','TARJETA_DEBITO','TRANSFERENCIA','YAPE') not null,
        primary key (id)
    )
2026-07-09 00:33:27.493 DEBUG 15948 --- [restartedMain] org.hibernate.SQL                        : 
    create table pagos_aud (
        monto numeric(10,2),
        rev integer not null,
        revtype tinyint,
        cita_id bigint,
        created_at timestamp(6),
        fecha_pago timestamp(6),
        id bigint not null,
        paciente_id bigint,
        updated_at timestamp(6),
        referencia_pago varchar(100),
        notas varchar(500),
        estado_pago enum ('PAGADO','PENDIENTE','REEMBOLSADO'),
        metodo_pago enum ('EFECTIVO','PLIN','TARJETA_CREDITO','TARJETA_DEBITO','TRANSFERENCIA','YAPE'),
        primary key (rev, id)
    )
2026-07-09 00:33:27.494 DEBUG 15948 --- [restartedMain] org.hibernate.SQL                        : 
    create table revinfo (
        rev integer generated by default as identity,
        revtstmp bigint,
        primary key (rev)
    )
2026-07-09 00:33:27.495 DEBUG 15948 --- [restartedMain] org.hibernate.SQL                        : 
    create table usuarios (
        activo boolean not null,
        created_at timestamp(6),
        id bigint generated by default as identity,
        updated_at timestamp(6),
        dni varchar(15) not null unique,
        telefono varchar(20),
        apellido varchar(100) not null,
        nombre varchar(100) not null,
        email varchar(150) not null unique,
        password varchar(255) not null,
        foto_perfil LONGTEXT,
        rol enum ('ADMIN','MEDICO','PACIENTE') not null,
        primary key (id)
    )
2026-07-09 00:33:27.497 DEBUG 15948 --- [restartedMain] org.hibernate.SQL                        : 
    create table usuarios_aud (
        activo boolean,
        rev integer not null,
        revtype tinyint,
        created_at timestamp(6),
        id bigint not null,
        updated_at timestamp(6),
        dni varchar(15),
        telefono varchar(20),
        apellido varchar(100),
        nombre varchar(100),
        email varchar(150),
        foto_perfil LONGTEXT,
        password varchar(255),
        rol enum ('ADMIN','MEDICO','PACIENTE'),
        primary key (rev, id)
    )
2026-07-09 00:33:27.499 DEBUG 15948 --- [restartedMain] org.hibernate.SQL                        : 
    alter table if exists citas 
       add constraint FKapkrvku8ylaqff5yx6gmv7hfb 
       foreign key (especialidad_id) 
       references especialidades
2026-07-09 00:33:27.509 DEBUG 15948 --- [restartedMain] org.hibernate.SQL                        : 
    alter table if exists citas 
       add constraint FKbfl57ey8hx1a3ubtrpy8x9ll 
       foreign key (medico_id) 
       references medicos
2026-07-09 00:33:27.510 DEBUG 15948 --- [restartedMain] org.hibernate.SQL                        : 
    alter table if exists citas 
       add constraint FKnqrsxxcuysfcxiekvixm7h8r1 
       foreign key (paciente_id) 
       references pacientes
2026-07-09 00:33:27.511 DEBUG 15948 --- [restartedMain] org.hibernate.SQL                        : 
    alter table if exists citas_aud 
       add constraint FK3qxb7u9ddr5a1v8iyp2ew7j7a 
       foreign key (rev) 
       references revinfo
2026-07-09 00:33:27.512 DEBUG 15948 --- [restartedMain] org.hibernate.SQL                        : 
    alter table if exists disponibilidad_medica 
       add constraint FK2gp5w61ar5b1ncquajq6jtxvx 
       foreign key (medico_id) 
       references medicos
2026-07-09 00:33:27.513 DEBUG 15948 --- [restartedMain] org.hibernate.SQL                        : 
    alter table if exists especialidades_aud 
       add constraint FK47semrxdveencd7ehm5mybrur 
       foreign key (rev) 
       references revinfo
2026-07-09 00:33:27.514 DEBUG 15948 --- [restartedMain] org.hibernate.SQL                        : 
    alter table if exists medico_especialidades 
       add constraint FKg053qn341nw53yhgoq1c2mjj0 
       foreign key (especialidad_id) 
       references especialidades
2026-07-09 00:33:27.515 DEBUG 15948 --- [restartedMain] org.hibernate.SQL                        : 
    alter table if exists medico_especialidades 
       add constraint FK7xw32fy03axlyq7bwcu476vl3 
       foreign key (medico_id) 
       references medicos
2026-07-09 00:33:27.516 DEBUG 15948 --- [restartedMain] org.hibernate.SQL                        : 
    alter table if exists medico_especialidades_aud 
       add constraint FK76j86sh57tifk0laqf5huqv9j 
       foreign key (rev) 
       references revinfo
2026-07-09 00:33:27.517 DEBUG 15948 --- [restartedMain] org.hibernate.SQL                        : 
    alter table if exists medicos 
       add constraint FKa0dd5a1r4o7vgnqr0aigr69td 
       foreign key (usuario_id) 
       references usuarios
2026-07-09 00:33:27.517 DEBUG 15948 --- [restartedMain] org.hibernate.SQL                        : 
    alter table if exists medicos_aud 
       add constraint FKcyfyosarrcjqc36531rjwa8f8 
       foreign key (rev) 
       references revinfo
2026-07-09 00:33:27.520 DEBUG 15948 --- [restartedMain] org.hibernate.SQL                        : 
    alter table if exists notificaciones 
       add constraint FKf6vsd72tpuysbhes31nygw0v0 
       foreign key (cita_id) 
       references citas
2026-07-09 00:33:27.521 DEBUG 15948 --- [restartedMain] org.hibernate.SQL                        : 
    alter table if exists notificaciones 
       add constraint FK1mxbjb81ft61gwlh0kabubndc 
       foreign key (usuario_id) 
       references usuarios
2026-07-09 00:33:27.522 DEBUG 15948 --- [restartedMain] org.hibernate.SQL                        : 
    alter table if exists pacientes 
       add constraint FK96vvhaactwhv7l8ymuq6b4r6j 
       foreign key (usuario_id) 
       references usuarios
2026-07-09 00:33:27.523 DEBUG 15948 --- [restartedMain] org.hibernate.SQL                        : 
    alter table if exists pacientes_aud 
       add constraint FK9mhanil692brifthmv83puxb3 
       foreign key (rev) 
       references revinfo
2026-07-09 00:33:27.524 DEBUG 15948 --- [restartedMain] org.hibernate.SQL                        : 
    alter table if exists pagos 
       add constraint FKdyyqrbd5gg0lhhcijte5qkt88 
       foreign key (cita_id) 
       references citas
2026-07-09 00:33:27.526 DEBUG 15948 --- [restartedMain] org.hibernate.SQL                        : 
    alter table if exists pagos 
       add constraint FKtrjk63m5s2jlwfdvx16p8ehbi 
       foreign key (paciente_id) 
       references pacientes
2026-07-09 00:33:27.527 DEBUG 15948 --- [restartedMain] org.hibernate.SQL                        : 
    alter table if exists pagos_aud 
       add constraint FKk5yir6kvro5c15qd8q5vacmtl 
       foreign key (rev) 
       references revinfo
2026-07-09 00:33:27.529 DEBUG 15948 --- [restartedMain] org.hibernate.SQL                        : 
    alter table if exists usuarios_aud 
       add constraint FKn9o74udlh4qxjv04akbysl83b 
       foreign key (rev) 
       references revinfo
2026-07-09 00:33:27.534  INFO 15948 --- [restartedMain] j.LocalContainerEntityManagerFactoryBean : Initialized JPA EntityManagerFactory for persistence unit 'default'
2026-07-09 00:33:27.813 DEBUG 15948 --- [restartedMain] c.s.s.s.jwt.JwtAuthenticationFilter      : Filter 'jwtAuthenticationFilter' configured for use
2026-07-09 00:33:27.867  INFO 15948 --- [restartedMain] o.s.d.j.r.query.QueryEnhancerFactory     : Hibernate is in classpath; If applicable, HQL parser will be used.
2026-07-09 00:33:28.600  INFO 15948 --- [restartedMain] eAuthenticationProviderManagerConfigurer : Global AuthenticationManager configured with AuthenticationProvider bean with name authenticationProvider
2026-07-09 00:33:28.600  WARN 15948 --- [restartedMain] r$InitializeUserDetailsManagerConfigurer : Global AuthenticationManager configured with an AuthenticationProvider bean. UserDetailsService beans will not be used by Spring Security for automatically configuring username/password login. Consider removing the AuthenticationProvider bean. Alternatively, consider using the UserDetailsService in a manually instantiated DaoAuthenticationProvider. If the current configuration is intentional, to turn off this warning, increase the logging level of 'org.springframework.security.config.annotation.authentication.configuration.InitializeUserDetailsBeanManagerConfigurer' to ERROR
2026-07-09 00:33:29.013  WARN 15948 --- [restartedMain] JpaBaseConfiguration$JpaWebConfiguration : spring.jpa.open-in-view is enabled by default. Therefore, database queries may be performed during view rendering. Explicitly configure spring.jpa.open-in-view to disable this warning
2026-07-09 00:33:29.036  INFO 15948 --- [restartedMain] o.s.b.a.w.s.WelcomePageHandlerMapping    : Adding welcome page template: index
2026-07-09 00:33:29.355  INFO 15948 --- [restartedMain] o.s.b.a.e.web.EndpointLinksResolver      : Exposing 5 endpoints beneath base path '/actuator'
2026-07-09 00:33:29.736  INFO 15948 --- [restartedMain] o.s.b.a.h2.H2ConsoleAutoConfiguration    : H2 console available at '/h2-console'. Database available at 'jdbc:h2:mem:sisoldb'
2026-07-09 00:33:29.781  INFO 15948 --- [restartedMain] o.s.b.d.a.OptionalLiveReloadServer       : LiveReload server is running on port 35729
2026-07-09 00:33:29.830  INFO 15948 --- [restartedMain] o.s.b.w.embedded.tomcat.TomcatWebServer  : Tomcat started on port 8080 (http) with context path '/'
2026-07-09 00:33:29.844  INFO 15948 --- [restartedMain] com.sisol.salud.SisolSaludApplication    : Started SisolSaludApplication in 6.717 seconds (process running for 7.218)
2026-07-09 00:33:29.854  INFO 15948 --- [restartedMain] com.sisol.salud.config.DataSeeder        : Verificando librerías requeridas...
2026-07-09 00:33:29.859  INFO 15948 --- [restartedMain] com.sisol.salud.config.DataSeeder        : [Guava] Creada lista inmutable de 3 elementos
2026-07-09 00:33:29.860  INFO 15948 --- [restartedMain] com.sisol.salud.config.DataSeeder        : [Apache Commons] Código seguro generado: PRQDAUG8V4
2026-07-09 00:33:30.157  INFO 15948 --- [restartedMain] com.sisol.salud.config.DataSeeder        : [Apache POI] Archivo Excel estructurado y creado en memoria exitosamente.
2026-07-09 00:33:30.274 DEBUG 15948 --- [restartedMain] org.hibernate.SQL                        : 
    select
        count(*) 
    from
        especialidades e1_0
2026-07-09 00:33:30.295  INFO 15948 --- [restartedMain] com.sisol.salud.config.DataSeeder        : Sembrando base de datos desde 0 con 10 especialidades, 10 médicos y 2 pacientes...
2026-07-09 00:33:30.312 DEBUG 15948 --- [restartedMain] org.hibernate.SQL                        : 
    insert 
    into
        especialidades
        (activo, costo, created_at, descripcion, nombre, id) 
    values
        (?, ?, ?, ?, ?, default)
2026-07-09 00:33:30.397 DEBUG 15948 --- [restartedMain] org.hibernate.SQL                        : 
    insert 
    into
        usuarios
        (activo, apellido, created_at, dni, email, foto_perfil, nombre, password, rol, telefono, updated_at, id) 
    values
        (?, ?, ?, ?, ?, ?, ?, ?, ?, ?, ?, default)
2026-07-09 00:33:30.404 DEBUG 15948 --- [restartedMain] org.hibernate.SQL                        : 
    insert 
    into
        medicos
        (created_at, numero_colegiatura, updated_at, usuario_id, id) 
    values
        (?, ?, ?, ?, default)
2026-07-09 00:33:30.408 DEBUG 15948 --- [restartedMain] org.hibernate.SQL                        : 
    insert 
    into
        disponibilidad_medica
        (activo, created_at, dia_semana, duracion_consulta_min, hora_fin, hora_inicio, medico_id, updated_at, id) 
    values
        (?, ?, ?, ?, ?, ?, ?, ?, default)
2026-07-09 00:33:30.410 DEBUG 15948 --- [restartedMain] org.hibernate.SQL                        : 
    insert 
    into
        disponibilidad_medica
        (activo, created_at, dia_semana, duracion_consulta_min, hora_fin, hora_inicio, medico_id, updated_at, id) 
    values
        (?, ?, ?, ?, ?, ?, ?, ?, default)
2026-07-09 00:33:30.411 DEBUG 15948 --- [restartedMain] org.hibernate.SQL                        : 
    insert 
    into
        disponibilidad_medica
        (activo, created_at, dia_semana, duracion_consulta_min, hora_fin, hora_inicio, medico_id, updated_at, id) 
    values
        (?, ?, ?, ?, ?, ?, ?, ?, default)
2026-07-09 00:33:30.413 DEBUG 15948 --- [restartedMain] org.hibernate.SQL                        : 
    insert 
    into
        disponibilidad_medica
        (activo, created_at, dia_semana, duracion_consulta_min, hora_fin, hora_inicio, medico_id, updated_at, id) 
    values
        (?, ?, ?, ?, ?, ?, ?, ?, default)
2026-07-09 00:33:30.414 DEBUG 15948 --- [restartedMain] org.hibernate.SQL                        : 
    insert 
    into
        disponibilidad_medica
        (activo, created_at, dia_semana, duracion_consulta_min, hora_fin, hora_inicio, medico_id, updated_at, id) 
    values
        (?, ?, ?, ?, ?, ?, ?, ?, default)
2026-07-09 00:33:30.414 DEBUG 15948 --- [restartedMain] org.hibernate.SQL                        : 
    insert 
    into
        especialidades
        (activo, costo, created_at, descripcion, nombre, id) 
    values
        (?, ?, ?, ?, ?, default)
2026-07-09 00:33:30.466 DEBUG 15948 --- [restartedMain] org.hibernate.SQL                        : 
    insert 
    into
        usuarios
        (activo, apellido, created_at, dni, email, foto_perfil, nombre, password, rol, telefono, updated_at, id) 
    values
        (?, ?, ?, ?, ?, ?, ?, ?, ?, ?, ?, default)
2026-07-09 00:33:30.467 DEBUG 15948 --- [restartedMain] org.hibernate.SQL                        : 
    insert 
    into
        medicos
        (created_at, numero_colegiatura, updated_at, usuario_id, id) 
    values
        (?, ?, ?, ?, default)
2026-07-09 00:33:30.467 DEBUG 15948 --- [restartedMain] org.hibernate.SQL                        : 
    insert 
    into
        disponibilidad_medica
        (activo, created_at, dia_semana, duracion_consulta_min, hora_fin, hora_inicio, medico_id, updated_at, id) 
    values
        (?, ?, ?, ?, ?, ?, ?, ?, default)
2026-07-09 00:33:30.469 DEBUG 15948 --- [restartedMain] org.hibernate.SQL                        : 
    insert 
    into
        disponibilidad_medica
        (activo, created_at, dia_semana, duracion_consulta_min, hora_fin, hora_inicio, medico_id, updated_at, id) 
    values
        (?, ?, ?, ?, ?, ?, ?, ?, default)
2026-07-09 00:33:30.470 DEBUG 15948 --- [restartedMain] org.hibernate.SQL                        : 
    insert 
    into
        disponibilidad_medica
        (activo, created_at, dia_semana, duracion_consulta_min, hora_fin, hora_inicio, medico_id, updated_at, id) 
    values
        (?, ?, ?, ?, ?, ?, ?, ?, default)
2026-07-09 00:33:30.471 DEBUG 15948 --- [restartedMain] org.hibernate.SQL                        : 
    insert 
    into
        disponibilidad_medica
        (activo, created_at, dia_semana, duracion_consulta_min, hora_fin, hora_inicio, medico_id, updated_at, id) 
    values
        (?, ?, ?, ?, ?, ?, ?, ?, default)
2026-07-09 00:33:30.472 DEBUG 15948 --- [restartedMain] org.hibernate.SQL                        : 
    insert 
    into
        disponibilidad_medica
        (activo, created_at, dia_semana, duracion_consulta_min, hora_fin, hora_inicio, medico_id, updated_at, id) 
    values
        (?, ?, ?, ?, ?, ?, ?, ?, default)
2026-07-09 00:33:30.473 DEBUG 15948 --- [restartedMain] org.hibernate.SQL                        : 
    insert 
    into
        especialidades
        (activo, costo, created_at, descripcion, nombre, id) 
    values
        (?, ?, ?, ?, ?, default)
2026-07-09 00:33:30.523 DEBUG 15948 --- [restartedMain] org.hibernate.SQL                        : 
    insert 
    into
        usuarios
        (activo, apellido, created_at, dni, email, foto_perfil, nombre, password, rol, telefono, updated_at, id) 
    values
        (?, ?, ?, ?, ?, ?, ?, ?, ?, ?, ?, default)
2026-07-09 00:33:30.526 DEBUG 15948 --- [restartedMain] org.hibernate.SQL                        : 
    insert 
    into
        medicos
        (created_at, numero_colegiatura, updated_at, usuario_id, id) 
    values
        (?, ?, ?, ?, default)
2026-07-09 00:33:30.527 DEBUG 15948 --- [restartedMain] org.hibernate.SQL                        : 
    insert 
    into
        disponibilidad_medica
        (activo, created_at, dia_semana, duracion_consulta_min, hora_fin, hora_inicio, medico_id, updated_at, id) 
    values
        (?, ?, ?, ?, ?, ?, ?, ?, default)
2026-07-09 00:33:30.528 DEBUG 15948 --- [restartedMain] org.hibernate.SQL                        : 
    insert 
    into
        disponibilidad_medica
        (activo, created_at, dia_semana, duracion_consulta_min, hora_fin, hora_inicio, medico_id, updated_at, id) 
    values
        (?, ?, ?, ?, ?, ?, ?, ?, default)
2026-07-09 00:33:30.528 DEBUG 15948 --- [restartedMain] org.hibernate.SQL                        : 
    insert 
    into
        disponibilidad_medica
        (activo, created_at, dia_semana, duracion_consulta_min, hora_fin, hora_inicio, medico_id, updated_at, id) 
    values
        (?, ?, ?, ?, ?, ?, ?, ?, default)
2026-07-09 00:33:30.529 DEBUG 15948 --- [restartedMain] org.hibernate.SQL                        : 
    insert 
    into
        disponibilidad_medica
        (activo, created_at, dia_semana, duracion_consulta_min, hora_fin, hora_inicio, medico_id, updated_at, id) 
    values
        (?, ?, ?, ?, ?, ?, ?, ?, default)
2026-07-09 00:33:30.530 DEBUG 15948 --- [restartedMain] org.hibernate.SQL                        : 
    insert 
    into
        disponibilidad_medica
        (activo, created_at, dia_semana, duracion_consulta_min, hora_fin, hora_inicio, medico_id, updated_at, id) 
    values
        (?, ?, ?, ?, ?, ?, ?, ?, default)
2026-07-09 00:33:30.531 DEBUG 15948 --- [restartedMain] org.hibernate.SQL                        : 
    insert 
    into
        especialidades
        (activo, costo, created_at, descripcion, nombre, id) 
    values
        (?, ?, ?, ?, ?, default)
2026-07-09 00:33:30.583 DEBUG 15948 --- [restartedMain] org.hibernate.SQL                        : 
    insert 
    into
        usuarios
        (activo, apellido, created_at, dni, email, foto_perfil, nombre, password, rol, telefono, updated_at, id) 
    values
        (?, ?, ?, ?, ?, ?, ?, ?, ?, ?, ?, default)
2026-07-09 00:33:30.584 DEBUG 15948 --- [restartedMain] org.hibernate.SQL                        : 
    insert 
    into
        medicos
        (created_at, numero_colegiatura, updated_at, usuario_id, id) 
    values
        (?, ?, ?, ?, default)
2026-07-09 00:33:30.585 DEBUG 15948 --- [restartedMain] org.hibernate.SQL                        : 
    insert 
    into
        disponibilidad_medica
        (activo, created_at, dia_semana, duracion_consulta_min, hora_fin, hora_inicio, medico_id, updated_at, id) 
    values
        (?, ?, ?, ?, ?, ?, ?, ?, default)
2026-07-09 00:33:30.585 DEBUG 15948 --- [restartedMain] org.hibernate.SQL                        : 
    insert 
    into
        disponibilidad_medica
        (activo, created_at, dia_semana, duracion_consulta_min, hora_fin, hora_inicio, medico_id, updated_at, id) 
    values
        (?, ?, ?, ?, ?, ?, ?, ?, default)
2026-07-09 00:33:30.587 DEBUG 15948 --- [restartedMain] org.hibernate.SQL                        : 
    insert 
    into
        disponibilidad_medica
        (activo, created_at, dia_semana, duracion_consulta_min, hora_fin, hora_inicio, medico_id, updated_at, id) 
    values
        (?, ?, ?, ?, ?, ?, ?, ?, default)
2026-07-09 00:33:30.588 DEBUG 15948 --- [restartedMain] org.hibernate.SQL                        : 
    insert 
    into
        disponibilidad_medica
        (activo, created_at, dia_semana, duracion_consulta_min, hora_fin, hora_inicio, medico_id, updated_at, id) 
    values
        (?, ?, ?, ?, ?, ?, ?, ?, default)
2026-07-09 00:33:30.589 DEBUG 15948 --- [restartedMain] org.hibernate.SQL                        : 
    insert 
    into
        disponibilidad_medica
        (activo, created_at, dia_semana, duracion_consulta_min, hora_fin, hora_inicio, medico_id, updated_at, id) 
    values
        (?, ?, ?, ?, ?, ?, ?, ?, default)
2026-07-09 00:33:30.590 DEBUG 15948 --- [restartedMain] org.hibernate.SQL                        : 
    insert 
    into
        especialidades
        (activo, costo, created_at, descripcion, nombre, id) 
    values
        (?, ?, ?, ?, ?, default)
2026-07-09 00:33:30.642 DEBUG 15948 --- [restartedMain] org.hibernate.SQL                        : 
    insert 
    into
        usuarios
        (activo, apellido, created_at, dni, email, foto_perfil, nombre, password, rol, telefono, updated_at, id) 
    values
        (?, ?, ?, ?, ?, ?, ?, ?, ?, ?, ?, default)
2026-07-09 00:33:30.644 DEBUG 15948 --- [restartedMain] org.hibernate.SQL                        : 
    insert 
    into
        medicos
        (created_at, numero_colegiatura, updated_at, usuario_id, id) 
    values
        (?, ?, ?, ?, default)
2026-07-09 00:33:30.644 DEBUG 15948 --- [restartedMain] org.hibernate.SQL                        : 
    insert 
    into
        disponibilidad_medica
        (activo, created_at, dia_semana, duracion_consulta_min, hora_fin, hora_inicio, medico_id, updated_at, id) 
    values
        (?, ?, ?, ?, ?, ?, ?, ?, default)
2026-07-09 00:33:30.645 DEBUG 15948 --- [restartedMain] org.hibernate.SQL                        : 
    insert 
    into
        disponibilidad_medica
        (activo, created_at, dia_semana, duracion_consulta_min, hora_fin, hora_inicio, medico_id, updated_at, id) 
    values
        (?, ?, ?, ?, ?, ?, ?, ?, default)
2026-07-09 00:33:30.646 DEBUG 15948 --- [restartedMain] org.hibernate.SQL                        : 
    insert 
    into
        disponibilidad_medica
        (activo, created_at, dia_semana, duracion_consulta_min, hora_fin, hora_inicio, medico_id, updated_at, id) 
    values
        (?, ?, ?, ?, ?, ?, ?, ?, default)
2026-07-09 00:33:30.647 DEBUG 15948 --- [restartedMain] org.hibernate.SQL                        : 
    insert 
    into
        disponibilidad_medica
        (activo, created_at, dia_semana, duracion_consulta_min, hora_fin, hora_inicio, medico_id, updated_at, id) 
    values
        (?, ?, ?, ?, ?, ?, ?, ?, default)
2026-07-09 00:33:30.647 DEBUG 15948 --- [restartedMain] org.hibernate.SQL                        : 
    insert 
    into
        disponibilidad_medica
        (activo, created_at, dia_semana, duracion_consulta_min, hora_fin, hora_inicio, medico_id, updated_at, id) 
    values
        (?, ?, ?, ?, ?, ?, ?, ?, default)
2026-07-09 00:33:30.649 DEBUG 15948 --- [restartedMain] org.hibernate.SQL                        : 
    insert 
    into
        especialidades
        (activo, costo, created_at, descripcion, nombre, id) 
    values
        (?, ?, ?, ?, ?, default)
2026-07-09 00:33:30.701 DEBUG 15948 --- [restartedMain] org.hibernate.SQL                        : 
    insert 
    into
        usuarios
        (activo, apellido, created_at, dni, email, foto_perfil, nombre, password, rol, telefono, updated_at, id) 
    values
        (?, ?, ?, ?, ?, ?, ?, ?, ?, ?, ?, default)
2026-07-09 00:33:30.703 DEBUG 15948 --- [restartedMain] org.hibernate.SQL                        : 
    insert 
    into
        medicos
        (created_at, numero_colegiatura, updated_at, usuario_id, id) 
    values
        (?, ?, ?, ?, default)
2026-07-09 00:33:30.703 DEBUG 15948 --- [restartedMain] org.hibernate.SQL                        : 
    insert 
    into
        disponibilidad_medica
        (activo, created_at, dia_semana, duracion_consulta_min, hora_fin, hora_inicio, medico_id, updated_at, id) 
    values
        (?, ?, ?, ?, ?, ?, ?, ?, default)
2026-07-09 00:33:30.705 DEBUG 15948 --- [restartedMain] org.hibernate.SQL                        : 
    insert 
    into
        disponibilidad_medica
        (activo, created_at, dia_semana, duracion_consulta_min, hora_fin, hora_inicio, medico_id, updated_at, id) 
    values
        (?, ?, ?, ?, ?, ?, ?, ?, default)
2026-07-09 00:33:30.706 DEBUG 15948 --- [restartedMain] org.hibernate.SQL                        : 
    insert 
    into
        disponibilidad_medica
        (activo, created_at, dia_semana, duracion_consulta_min, hora_fin, hora_inicio, medico_id, updated_at, id) 
    values
        (?, ?, ?, ?, ?, ?, ?, ?, default)
2026-07-09 00:33:30.707 DEBUG 15948 --- [restartedMain] org.hibernate.SQL                        : 
    insert 
    into
        disponibilidad_medica
        (activo, created_at, dia_semana, duracion_consulta_min, hora_fin, hora_inicio, medico_id, updated_at, id) 
    values
        (?, ?, ?, ?, ?, ?, ?, ?, default)
2026-07-09 00:33:30.707 DEBUG 15948 --- [restartedMain] org.hibernate.SQL                        : 
    insert 
    into
        disponibilidad_medica
        (activo, created_at, dia_semana, duracion_consulta_min, hora_fin, hora_inicio, medico_id, updated_at, id) 
    values
        (?, ?, ?, ?, ?, ?, ?, ?, default)
2026-07-09 00:33:30.708 DEBUG 15948 --- [restartedMain] org.hibernate.SQL                        : 
    insert 
    into
        especialidades
        (activo, costo, created_at, descripcion, nombre, id) 
    values
        (?, ?, ?, ?, ?, default)
2026-07-09 00:33:30.761 DEBUG 15948 --- [restartedMain] org.hibernate.SQL                        : 
    insert 
    into
        usuarios
        (activo, apellido, created_at, dni, email, foto_perfil, nombre, password, rol, telefono, updated_at, id) 
    values
        (?, ?, ?, ?, ?, ?, ?, ?, ?, ?, ?, default)
2026-07-09 00:33:30.762 DEBUG 15948 --- [restartedMain] org.hibernate.SQL                        : 
    insert 
    into
        medicos
        (created_at, numero_colegiatura, updated_at, usuario_id, id) 
    values
        (?, ?, ?, ?, default)
2026-07-09 00:33:30.763 DEBUG 15948 --- [restartedMain] org.hibernate.SQL                        : 
    insert 
    into
        disponibilidad_medica
        (activo, created_at, dia_semana, duracion_consulta_min, hora_fin, hora_inicio, medico_id, updated_at, id) 
    values
        (?, ?, ?, ?, ?, ?, ?, ?, default)
2026-07-09 00:33:30.765 DEBUG 15948 --- [restartedMain] org.hibernate.SQL                        : 
    insert 
    into
        disponibilidad_medica
        (activo, created_at, dia_semana, duracion_consulta_min, hora_fin, hora_inicio, medico_id, updated_at, id) 
    values
        (?, ?, ?, ?, ?, ?, ?, ?, default)
2026-07-09 00:33:30.765 DEBUG 15948 --- [restartedMain] org.hibernate.SQL                        : 
    insert 
    into
        disponibilidad_medica
        (activo, created_at, dia_semana, duracion_consulta_min, hora_fin, hora_inicio, medico_id, updated_at, id) 
    values
        (?, ?, ?, ?, ?, ?, ?, ?, default)
2026-07-09 00:33:30.766 DEBUG 15948 --- [restartedMain] org.hibernate.SQL                        : 
    insert 
    into
        disponibilidad_medica
        (activo, created_at, dia_semana, duracion_consulta_min, hora_fin, hora_inicio, medico_id, updated_at, id) 
    values
        (?, ?, ?, ?, ?, ?, ?, ?, default)
2026-07-09 00:33:30.767 DEBUG 15948 --- [restartedMain] org.hibernate.SQL                        : 
    insert 
    into
        disponibilidad_medica
        (activo, created_at, dia_semana, duracion_consulta_min, hora_fin, hora_inicio, medico_id, updated_at, id) 
    values
        (?, ?, ?, ?, ?, ?, ?, ?, default)
2026-07-09 00:33:30.768 DEBUG 15948 --- [restartedMain] org.hibernate.SQL                        : 
    insert 
    into
        especialidades
        (activo, costo, created_at, descripcion, nombre, id) 
    values
        (?, ?, ?, ?, ?, default)
2026-07-09 00:33:30.818 DEBUG 15948 --- [restartedMain] org.hibernate.SQL                        : 
    insert 
    into
        usuarios
        (activo, apellido, created_at, dni, email, foto_perfil, nombre, password, rol, telefono, updated_at, id) 
    values
        (?, ?, ?, ?, ?, ?, ?, ?, ?, ?, ?, default)
2026-07-09 00:33:30.820 DEBUG 15948 --- [restartedMain] org.hibernate.SQL                        : 
    insert 
    into
        medicos
        (created_at, numero_colegiatura, updated_at, usuario_id, id) 
    values
        (?, ?, ?, ?, default)
2026-07-09 00:33:30.821 DEBUG 15948 --- [restartedMain] org.hibernate.SQL                        : 
    insert 
    into
        disponibilidad_medica
        (activo, created_at, dia_semana, duracion_consulta_min, hora_fin, hora_inicio, medico_id, updated_at, id) 
    values
        (?, ?, ?, ?, ?, ?, ?, ?, default)
2026-07-09 00:33:30.822 DEBUG 15948 --- [restartedMain] org.hibernate.SQL                        : 
    insert 
    into
        disponibilidad_medica
        (activo, created_at, dia_semana, duracion_consulta_min, hora_fin, hora_inicio, medico_id, updated_at, id) 
    values
        (?, ?, ?, ?, ?, ?, ?, ?, default)
2026-07-09 00:33:30.823 DEBUG 15948 --- [restartedMain] org.hibernate.SQL                        : 
    insert 
    into
        disponibilidad_medica
        (activo, created_at, dia_semana, duracion_consulta_min, hora_fin, hora_inicio, medico_id, updated_at, id) 
    values
        (?, ?, ?, ?, ?, ?, ?, ?, default)
2026-07-09 00:33:30.823 DEBUG 15948 --- [restartedMain] org.hibernate.SQL                        : 
    insert 
    into
        disponibilidad_medica
        (activo, created_at, dia_semana, duracion_consulta_min, hora_fin, hora_inicio, medico_id, updated_at, id) 
    values
        (?, ?, ?, ?, ?, ?, ?, ?, default)
2026-07-09 00:33:30.825 DEBUG 15948 --- [restartedMain] org.hibernate.SQL                        : 
    insert 
    into
        disponibilidad_medica
        (activo, created_at, dia_semana, duracion_consulta_min, hora_fin, hora_inicio, medico_id, updated_at, id) 
    values
        (?, ?, ?, ?, ?, ?, ?, ?, default)
2026-07-09 00:33:30.827 DEBUG 15948 --- [restartedMain] org.hibernate.SQL                        : 
    insert 
    into
        especialidades
        (activo, costo, created_at, descripcion, nombre, id) 
    values
        (?, ?, ?, ?, ?, default)
2026-07-09 00:33:30.878 DEBUG 15948 --- [restartedMain] org.hibernate.SQL                        : 
    insert 
    into
        usuarios
        (activo, apellido, created_at, dni, email, foto_perfil, nombre, password, rol, telefono, updated_at, id) 
    values
        (?, ?, ?, ?, ?, ?, ?, ?, ?, ?, ?, default)
2026-07-09 00:33:30.880 DEBUG 15948 --- [restartedMain] org.hibernate.SQL                        : 
    insert 
    into
        medicos
        (created_at, numero_colegiatura, updated_at, usuario_id, id) 
    values
        (?, ?, ?, ?, default)
2026-07-09 00:33:30.881 DEBUG 15948 --- [restartedMain] org.hibernate.SQL                        : 
    insert 
    into
        disponibilidad_medica
        (activo, created_at, dia_semana, duracion_consulta_min, hora_fin, hora_inicio, medico_id, updated_at, id) 
    values
        (?, ?, ?, ?, ?, ?, ?, ?, default)
2026-07-09 00:33:30.882 DEBUG 15948 --- [restartedMain] org.hibernate.SQL                        : 
    insert 
    into
        disponibilidad_medica
        (activo, created_at, dia_semana, duracion_consulta_min, hora_fin, hora_inicio, medico_id, updated_at, id) 
    values
        (?, ?, ?, ?, ?, ?, ?, ?, default)
2026-07-09 00:33:30.882 DEBUG 15948 --- [restartedMain] org.hibernate.SQL                        : 
    insert 
    into
        disponibilidad_medica
        (activo, created_at, dia_semana, duracion_consulta_min, hora_fin, hora_inicio, medico_id, updated_at, id) 
    values
        (?, ?, ?, ?, ?, ?, ?, ?, default)
2026-07-09 00:33:30.883 DEBUG 15948 --- [restartedMain] org.hibernate.SQL                        : 
    insert 
    into
        disponibilidad_medica
        (activo, created_at, dia_semana, duracion_consulta_min, hora_fin, hora_inicio, medico_id, updated_at, id) 
    values
        (?, ?, ?, ?, ?, ?, ?, ?, default)
2026-07-09 00:33:30.884 DEBUG 15948 --- [restartedMain] org.hibernate.SQL                        : 
    insert 
    into
        disponibilidad_medica
        (activo, created_at, dia_semana, duracion_consulta_min, hora_fin, hora_inicio, medico_id, updated_at, id) 
    values
        (?, ?, ?, ?, ?, ?, ?, ?, default)
2026-07-09 00:33:30.885 DEBUG 15948 --- [restartedMain] org.hibernate.SQL                        : 
    insert 
    into
        especialidades
        (activo, costo, created_at, descripcion, nombre, id) 
    values
        (?, ?, ?, ?, ?, default)
2026-07-09 00:33:30.937 DEBUG 15948 --- [restartedMain] org.hibernate.SQL                        : 
    insert 
    into
        usuarios
        (activo, apellido, created_at, dni, email, foto_perfil, nombre, password, rol, telefono, updated_at, id) 
    values
        (?, ?, ?, ?, ?, ?, ?, ?, ?, ?, ?, default)
2026-07-09 00:33:30.938 DEBUG 15948 --- [restartedMain] org.hibernate.SQL                        : 
    insert 
    into
        medicos
        (created_at, numero_colegiatura, updated_at, usuario_id, id) 
    values
        (?, ?, ?, ?, default)
2026-07-09 00:33:30.939 DEBUG 15948 --- [restartedMain] org.hibernate.SQL                        : 
    insert 
    into
        disponibilidad_medica
        (activo, created_at, dia_semana, duracion_consulta_min, hora_fin, hora_inicio, medico_id, updated_at, id) 
    values
        (?, ?, ?, ?, ?, ?, ?, ?, default)
2026-07-09 00:33:30.940 DEBUG 15948 --- [restartedMain] org.hibernate.SQL                        : 
    insert 
    into
        disponibilidad_medica
        (activo, created_at, dia_semana, duracion_consulta_min, hora_fin, hora_inicio, medico_id, updated_at, id) 
    values
        (?, ?, ?, ?, ?, ?, ?, ?, default)
2026-07-09 00:33:30.940 DEBUG 15948 --- [restartedMain] org.hibernate.SQL                        : 
    insert 
    into
        disponibilidad_medica
        (activo, created_at, dia_semana, duracion_consulta_min, hora_fin, hora_inicio, medico_id, updated_at, id) 
    values
        (?, ?, ?, ?, ?, ?, ?, ?, default)
2026-07-09 00:33:30.941 DEBUG 15948 --- [restartedMain] org.hibernate.SQL                        : 
    insert 
    into
        disponibilidad_medica
        (activo, created_at, dia_semana, duracion_consulta_min, hora_fin, hora_inicio, medico_id, updated_at, id) 
    values
        (?, ?, ?, ?, ?, ?, ?, ?, default)
2026-07-09 00:33:30.942 DEBUG 15948 --- [restartedMain] org.hibernate.SQL                        : 
    insert 
    into
        disponibilidad_medica
        (activo, created_at, dia_semana, duracion_consulta_min, hora_fin, hora_inicio, medico_id, updated_at, id) 
    values
        (?, ?, ?, ?, ?, ?, ?, ?, default)
2026-07-09 00:33:30.994 DEBUG 15948 --- [restartedMain] org.hibernate.SQL                        : 
    insert 
    into
        usuarios
        (activo, apellido, created_at, dni, email, foto_perfil, nombre, password, rol, telefono, updated_at, id) 
    values
        (?, ?, ?, ?, ?, ?, ?, ?, ?, ?, ?, default)
2026-07-09 00:33:30.996 DEBUG 15948 --- [restartedMain] org.hibernate.SQL                        : 
    insert 
    into
        pacientes
        (contacto_emergencia_nombre, contacto_emergencia_parentesco, contacto_emergencia_telefono, created_at, direccion, fecha_nacimiento, genero, grupo_sanguineo, updated_at, usuario_id, id) 
    values
        (?, ?, ?, ?, ?, ?, ?, ?, ?, ?, default)
2026-07-09 00:33:31.047 DEBUG 15948 --- [restartedMain] org.hibernate.SQL                        : 
    insert 
    into
        usuarios
        (activo, apellido, created_at, dni, email, foto_perfil, nombre, password, rol, telefono, updated_at, id) 
    values
        (?, ?, ?, ?, ?, ?, ?, ?, ?, ?, ?, default)
2026-07-09 00:33:31.048 DEBUG 15948 --- [restartedMain] org.hibernate.SQL                        : 
    insert 
    into
        pacientes
        (contacto_emergencia_nombre, contacto_emergencia_parentesco, contacto_emergencia_telefono, created_at, direccion, fecha_nacimiento, genero, grupo_sanguineo, updated_at, usuario_id, id) 
    values
        (?, ?, ?, ?, ?, ?, ?, ?, ?, ?, default)
2026-07-09 00:33:31.049  INFO 15948 --- [restartedMain] com.sisol.salud.config.DataSeeder        : ¡Sembrado completado con éxito!
2026-07-09 00:33:31.049  INFO 15948 --- [restartedMain] com.sisol.salud.config.DataSeeder        : Médicos de prueba (contraseña: 123456): medico0@sisol.com a medico9@sisol.com
2026-07-09 00:33:31.049  INFO 15948 --- [restartedMain] com.sisol.salud.config.DataSeeder        : Pacientes de prueba (contraseña: 123456): paciente1@sisol.com y paciente2@sisol.com
2026-07-09 00:33:31.060 DEBUG 15948 --- [restartedMain] org.hibernate.SQL                        : 
    insert 
    into
        medico_especialidades
        (medico_id, especialidad_id) 
    values
        (?, ?)
2026-07-09 00:33:31.063 DEBUG 15948 --- [restartedMain] org.hibernate.SQL                        : 
    insert 
    into
        medico_especialidades
        (medico_id, especialidad_id) 
    values
        (?, ?)
2026-07-09 00:33:31.063 DEBUG 15948 --- [restartedMain] org.hibernate.SQL                        : 
    insert 
    into
        medico_especialidades
        (medico_id, especialidad_id) 
    values
        (?, ?)
2026-07-09 00:33:31.065 DEBUG 15948 --- [restartedMain] org.hibernate.SQL                        : 
    insert 
    into
        medico_especialidades
        (medico_id, especialidad_id) 
    values
        (?, ?)
2026-07-09 00:33:31.065 DEBUG 15948 --- [restartedMain] org.hibernate.SQL                        : 
    insert 
    into
        medico_especialidades
        (medico_id, especialidad_id) 
    values
        (?, ?)
2026-07-09 00:33:31.066 DEBUG 15948 --- [restartedMain] org.hibernate.SQL                        : 
    insert 
    into
        medico_especialidades
        (medico_id, especialidad_id) 
    values
        (?, ?)
2026-07-09 00:33:31.066 DEBUG 15948 --- [restartedMain] org.hibernate.SQL                        : 
    insert 
    into
        medico_especialidades
        (medico_id, especialidad_id) 
    values
        (?, ?)
2026-07-09 00:33:31.066 DEBUG 15948 --- [restartedMain] org.hibernate.SQL                        : 
    insert 
    into
        medico_especialidades
        (medico_id, especialidad_id) 
    values
        (?, ?)
2026-07-09 00:33:31.067 DEBUG 15948 --- [restartedMain] org.hibernate.SQL                        : 
    insert 
    into
        medico_especialidades
        (medico_id, especialidad_id) 
    values
        (?, ?)
2026-07-09 00:33:31.067 DEBUG 15948 --- [restartedMain] org.hibernate.SQL                        : 
    insert 
    into
        medico_especialidades
        (medico_id, especialidad_id) 
    values
        (?, ?)
2026-07-09 00:33:31.068 DEBUG 15948 --- [restartedMain] org.hibernate.SQL                        : 
    insert 
    into
        revinfo
        (revtstmp, rev) 
    values
        (?, default)
2026-07-09 00:33:31.077 DEBUG 15948 --- [restartedMain] org.hibernate.SQL                        : 
    insert 
    into
        especialidades_aud
        (revtype, activo, costo, created_at, descripcion, nombre, rev, id) 
    values
        (?, ?, ?, ?, ?, ?, ?, ?)
2026-07-09 00:33:31.078 DEBUG 15948 --- [restartedMain] org.hibernate.SQL                        : 
    insert 
    into
        usuarios_aud
        (revtype, activo, apellido, created_at, dni, email, foto_perfil, nombre, password, rol, telefono, updated_at, rev, id) 
    values
        (?, ?, ?, ?, ?, ?, ?, ?, ?, ?, ?, ?, ?, ?)
2026-07-09 00:33:31.079 DEBUG 15948 --- [restartedMain] org.hibernate.SQL                        : 
    insert 
    into
        medicos_aud
        (revtype, created_at, numero_colegiatura, updated_at, usuario_id, rev, id) 
    values
        (?, ?, ?, ?, ?, ?, ?)
2026-07-09 00:33:31.080 DEBUG 15948 --- [restartedMain] org.hibernate.SQL                        : 
    insert 
    into
        especialidades_aud
        (revtype, activo, costo, created_at, descripcion, nombre, rev, id) 
    values
        (?, ?, ?, ?, ?, ?, ?, ?)
2026-07-09 00:33:31.080 DEBUG 15948 --- [restartedMain] org.hibernate.SQL                        : 
    insert 
    into
        usuarios_aud
        (revtype, activo, apellido, created_at, dni, email, foto_perfil, nombre, password, rol, telefono, updated_at, rev, id) 
    values
        (?, ?, ?, ?, ?, ?, ?, ?, ?, ?, ?, ?, ?, ?)
2026-07-09 00:33:31.081 DEBUG 15948 --- [restartedMain] org.hibernate.SQL                        : 
    insert 
    into
        medicos_aud
        (revtype, created_at, numero_colegiatura, updated_at, usuario_id, rev, id) 
    values
        (?, ?, ?, ?, ?, ?, ?)
2026-07-09 00:33:31.081 DEBUG 15948 --- [restartedMain] org.hibernate.SQL                        : 
    insert 
    into
        especialidades_aud
        (revtype, activo, costo, created_at, descripcion, nombre, rev, id) 
    values
        (?, ?, ?, ?, ?, ?, ?, ?)
2026-07-09 00:33:31.082 DEBUG 15948 --- [restartedMain] org.hibernate.SQL                        : 
    insert 
    into
        usuarios_aud
        (revtype, activo, apellido, created_at, dni, email, foto_perfil, nombre, password, rol, telefono, updated_at, rev, id) 
    values
        (?, ?, ?, ?, ?, ?, ?, ?, ?, ?, ?, ?, ?, ?)
2026-07-09 00:33:31.082 DEBUG 15948 --- [restartedMain] org.hibernate.SQL                        : 
    insert 
    into
        medicos_aud
        (revtype, created_at, numero_colegiatura, updated_at, usuario_id, rev, id) 
    values
        (?, ?, ?, ?, ?, ?, ?)
2026-07-09 00:33:31.083 DEBUG 15948 --- [restartedMain] org.hibernate.SQL                        : 
    insert 
    into
        especialidades_aud
        (revtype, activo, costo, created_at, descripcion, nombre, rev, id) 
    values
        (?, ?, ?, ?, ?, ?, ?, ?)
2026-07-09 00:33:31.083 DEBUG 15948 --- [restartedMain] org.hibernate.SQL                        : 
    insert 
    into
        usuarios_aud
        (revtype, activo, apellido, created_at, dni, email, foto_perfil, nombre, password, rol, telefono, updated_at, rev, id) 
    values
        (?, ?, ?, ?, ?, ?, ?, ?, ?, ?, ?, ?, ?, ?)
2026-07-09 00:33:31.084 DEBUG 15948 --- [restartedMain] org.hibernate.SQL                        : 
    insert 
    into
        medicos_aud
        (revtype, created_at, numero_colegiatura, updated_at, usuario_id, rev, id) 
    values
        (?, ?, ?, ?, ?, ?, ?)
2026-07-09 00:33:31.084 DEBUG 15948 --- [restartedMain] org.hibernate.SQL                        : 
    insert 
    into
        especialidades_aud
        (revtype, activo, costo, created_at, descripcion, nombre, rev, id) 
    values
        (?, ?, ?, ?, ?, ?, ?, ?)
2026-07-09 00:33:31.085 DEBUG 15948 --- [restartedMain] org.hibernate.SQL                        : 
    insert 
    into
        usuarios_aud
        (revtype, activo, apellido, created_at, dni, email, foto_perfil, nombre, password, rol, telefono, updated_at, rev, id) 
    values
        (?, ?, ?, ?, ?, ?, ?, ?, ?, ?, ?, ?, ?, ?)
2026-07-09 00:33:31.085 DEBUG 15948 --- [restartedMain] org.hibernate.SQL                        : 
    insert 
    into
        medicos_aud
        (revtype, created_at, numero_colegiatura, updated_at, usuario_id, rev, id) 
    values
        (?, ?, ?, ?, ?, ?, ?)
2026-07-09 00:33:31.086 DEBUG 15948 --- [restartedMain] org.hibernate.SQL                        : 
    insert 
    into
        especialidades_aud
        (revtype, activo, costo, created_at, descripcion, nombre, rev, id) 
    values
        (?, ?, ?, ?, ?, ?, ?, ?)
2026-07-09 00:33:31.086 DEBUG 15948 --- [restartedMain] org.hibernate.SQL                        : 
    insert 
    into
        usuarios_aud
        (revtype, activo, apellido, created_at, dni, email, foto_perfil, nombre, password, rol, telefono, updated_at, rev, id) 
    values
        (?, ?, ?, ?, ?, ?, ?, ?, ?, ?, ?, ?, ?, ?)
2026-07-09 00:33:31.086 DEBUG 15948 --- [restartedMain] org.hibernate.SQL                        : 
    insert 
    into
        medicos_aud
        (revtype, created_at, numero_colegiatura, updated_at, usuario_id, rev, id) 
    values
        (?, ?, ?, ?, ?, ?, ?)
2026-07-09 00:33:31.087 DEBUG 15948 --- [restartedMain] org.hibernate.SQL                        : 
    insert 
    into
        especialidades_aud
        (revtype, activo, costo, created_at, descripcion, nombre, rev, id) 
    values
        (?, ?, ?, ?, ?, ?, ?, ?)
2026-07-09 00:33:31.087 DEBUG 15948 --- [restartedMain] org.hibernate.SQL                        : 
    insert 
    into
        usuarios_aud
        (revtype, activo, apellido, created_at, dni, email, foto_perfil, nombre, password, rol, telefono, updated_at, rev, id) 
    values
        (?, ?, ?, ?, ?, ?, ?, ?, ?, ?, ?, ?, ?, ?)
2026-07-09 00:33:31.087 DEBUG 15948 --- [restartedMain] org.hibernate.SQL                        : 
    insert 
    into
        medicos_aud
        (revtype, created_at, numero_colegiatura, updated_at, usuario_id, rev, id) 
    values
        (?, ?, ?, ?, ?, ?, ?)
2026-07-09 00:33:31.088 DEBUG 15948 --- [restartedMain] org.hibernate.SQL                        : 
    insert 
    into
        especialidades_aud
        (revtype, activo, costo, created_at, descripcion, nombre, rev, id) 
    values
        (?, ?, ?, ?, ?, ?, ?, ?)
2026-07-09 00:33:31.088 DEBUG 15948 --- [restartedMain] org.hibernate.SQL                        : 
    insert 
    into
        usuarios_aud
        (revtype, activo, apellido, created_at, dni, email, foto_perfil, nombre, password, rol, telefono, updated_at, rev, id) 
    values
        (?, ?, ?, ?, ?, ?, ?, ?, ?, ?, ?, ?, ?, ?)
2026-07-09 00:33:31.089 DEBUG 15948 --- [restartedMain] org.hibernate.SQL                        : 
    insert 
    into
        medicos_aud
        (revtype, created_at, numero_colegiatura, updated_at, usuario_id, rev, id) 
    values
        (?, ?, ?, ?, ?, ?, ?)
2026-07-09 00:33:31.089 DEBUG 15948 --- [restartedMain] org.hibernate.SQL                        : 
    insert 
    into
        especialidades_aud
        (revtype, activo, costo, created_at, descripcion, nombre, rev, id) 
    values
        (?, ?, ?, ?, ?, ?, ?, ?)
2026-07-09 00:33:31.090 DEBUG 15948 --- [restartedMain] org.hibernate.SQL                        : 
    insert 
    into
        usuarios_aud
        (revtype, activo, apellido, created_at, dni, email, foto_perfil, nombre, password, rol, telefono, updated_at, rev, id) 
    values
        (?, ?, ?, ?, ?, ?, ?, ?, ?, ?, ?, ?, ?, ?)
2026-07-09 00:33:31.090 DEBUG 15948 --- [restartedMain] org.hibernate.SQL                        : 
    insert 
    into
        medicos_aud
        (revtype, created_at, numero_colegiatura, updated_at, usuario_id, rev, id) 
    values
        (?, ?, ?, ?, ?, ?, ?)
2026-07-09 00:33:31.091 DEBUG 15948 --- [restartedMain] org.hibernate.SQL                        : 
    insert 
    into
        especialidades_aud
        (revtype, activo, costo, created_at, descripcion, nombre, rev, id) 
    values
        (?, ?, ?, ?, ?, ?, ?, ?)
2026-07-09 00:33:31.091 DEBUG 15948 --- [restartedMain] org.hibernate.SQL                        : 
    insert 
    into
        usuarios_aud
        (revtype, activo, apellido, created_at, dni, email, foto_perfil, nombre, password, rol, telefono, updated_at, rev, id) 
    values
        (?, ?, ?, ?, ?, ?, ?, ?, ?, ?, ?, ?, ?, ?)
2026-07-09 00:33:31.091 DEBUG 15948 --- [restartedMain] org.hibernate.SQL                        : 
    insert 
    into
        medicos_aud
        (revtype, created_at, numero_colegiatura, updated_at, usuario_id, rev, id) 
    values
        (?, ?, ?, ?, ?, ?, ?)
2026-07-09 00:33:31.092 DEBUG 15948 --- [restartedMain] org.hibernate.SQL                        : 
    insert 
    into
        usuarios_aud
        (revtype, activo, apellido, created_at, dni, email, foto_perfil, nombre, password, rol, telefono, updated_at, rev, id) 
    values
        (?, ?, ?, ?, ?, ?, ?, ?, ?, ?, ?, ?, ?, ?)
2026-07-09 00:33:31.093 DEBUG 15948 --- [restartedMain] org.hibernate.SQL                        : 
    insert 
    into
        pacientes_aud
        (revtype, contacto_emergencia_nombre, contacto_emergencia_parentesco, contacto_emergencia_telefono, created_at, direccion, fecha_nacimiento, genero, grupo_sanguineo, updated_at, usuario_id, rev, id) 
    values
        (?, ?, ?, ?, ?, ?, ?, ?, ?, ?, ?, ?, ?)
2026-07-09 00:33:31.093 DEBUG 15948 --- [restartedMain] org.hibernate.SQL                        : 
    insert 
    into
        usuarios_aud
        (revtype, activo, apellido, created_at, dni, email, foto_perfil, nombre, password, rol, telefono, updated_at, rev, id) 
    values
        (?, ?, ?, ?, ?, ?, ?, ?, ?, ?, ?, ?, ?, ?)
2026-07-09 00:33:31.094 DEBUG 15948 --- [restartedMain] org.hibernate.SQL                        : 
    insert 
    into
        pacientes_aud
        (revtype, contacto_emergencia_nombre, contacto_emergencia_parentesco, contacto_emergencia_telefono, created_at, direccion, fecha_nacimiento, genero, grupo_sanguineo, updated_at, usuario_id, rev, id) 
    values
        (?, ?, ?, ?, ?, ?, ?, ?, ?, ?, ?, ?, ?)
2026-07-09 00:33:31.095 DEBUG 15948 --- [restartedMain] org.hibernate.SQL                        : 
    insert 
    into
        medico_especialidades_aud
        (revtype, medico_id, rev, especialidad_id) 
    values
        (?, ?, ?, ?)
2026-07-09 00:33:31.095 DEBUG 15948 --- [restartedMain] org.hibernate.SQL                        : 
    insert 
    into
        medico_especialidades_aud
        (revtype, medico_id, rev, especialidad_id) 
    values
        (?, ?, ?, ?)
2026-07-09 00:33:31.095 DEBUG 15948 --- [restartedMain] org.hibernate.SQL                        : 
    insert 
    into
        medico_especialidades_aud
        (revtype, medico_id, rev, especialidad_id) 
    values
        (?, ?, ?, ?)
2026-07-09 00:33:31.096 DEBUG 15948 --- [restartedMain] org.hibernate.SQL                        : 
    insert 
    into
        medico_especialidades_aud
        (revtype, medico_id, rev, especialidad_id) 
    values
        (?, ?, ?, ?)
2026-07-09 00:33:31.096 DEBUG 15948 --- [restartedMain] org.hibernate.SQL                        : 
    insert 
    into
        medico_especialidades_aud
        (revtype, medico_id, rev, especialidad_id) 
    values
        (?, ?, ?, ?)
2026-07-09 00:33:31.096 DEBUG 15948 --- [restartedMain] org.hibernate.SQL                        : 
    insert 
    into
        medico_especialidades_aud
        (revtype, medico_id, rev, especialidad_id) 
    values
        (?, ?, ?, ?)
2026-07-09 00:33:31.097 DEBUG 15948 --- [restartedMain] org.hibernate.SQL                        : 
    insert 
    into
        medico_especialidades_aud
        (revtype, medico_id, rev, especialidad_id) 
    values
        (?, ?, ?, ?)
2026-07-09 00:33:31.097 DEBUG 15948 --- [restartedMain] org.hibernate.SQL                        : 
    insert 
    into
        medico_especialidades_aud
        (revtype, medico_id, rev, especialidad_id) 
    values
        (?, ?, ?, ?)
2026-07-09 00:33:31.099 DEBUG 15948 --- [restartedMain] org.hibernate.SQL                        : 
    insert 
    into
        medico_especialidades_aud
        (revtype, medico_id, rev, especialidad_id) 
    values
        (?, ?, ?, ?)
2026-07-09 00:33:31.099 DEBUG 15948 --- [restartedMain] org.hibernate.SQL                        : 
    insert 
    into
        medico_especialidades_aud
        (revtype, medico_id, rev, especialidad_id) 
    values
        (?, ?, ?, ?)
2026-07-09 00:33:32.530  INFO 15948 --- [RMI TCP Connection(2)-127.0.0.1] o.a.c.c.C.[Tomcat].[localhost].[/]       : Initializing Spring DispatcherServlet 'dispatcherServlet'
2026-07-09 00:33:32.531  INFO 15948 --- [RMI TCP Connection(2)-127.0.0.1] o.s.web.servlet.DispatcherServlet        : Initializing Servlet 'dispatcherServlet'
2026-07-09 00:33:32.532  INFO 15948 --- [RMI TCP Connection(2)-127.0.0.1] o.s.web.servlet.DispatcherServlet        : Completed initialization in 1 ms
2026-07-09 00:33:57.590 DEBUG 15948 --- [http-nio-8080-exec-5] org.hibernate.SQL                        : 
    select
        m1_0.id,
        m1_0.created_at,
        m1_0.numero_colegiatura,
        m1_0.updated_at,
        m1_0.usuario_id 
    from
        medicos m1_0
2026-07-09 00:33:57.623 DEBUG 15948 --- [http-nio-8080-exec-5] org.hibernate.SQL                        : 
    select
        u1_0.id,
        u1_0.activo,
        u1_0.apellido,
        u1_0.created_at,
        u1_0.dni,
        u1_0.email,
        u1_0.foto_perfil,
        u1_0.nombre,
        u1_0.password,
        u1_0.rol,
        u1_0.telefono,
        u1_0.updated_at 
    from
        usuarios u1_0 
    where
        u1_0.id=?
2026-07-09 00:33:57.632 DEBUG 15948 --- [http-nio-8080-exec-5] org.hibernate.SQL                        : 
    select
        e1_0.medico_id,
        e1_1.id,
        e1_1.activo,
        e1_1.costo,
        e1_1.created_at,
        e1_1.descripcion,
        e1_1.nombre 
    from
        medico_especialidades e1_0 
    join
        especialidades e1_1 
            on e1_1.id=e1_0.especialidad_id 
    where
        e1_0.medico_id=?
2026-07-09 00:33:57.640 DEBUG 15948 --- [http-nio-8080-exec-5] org.hibernate.SQL                        : 
    select
        u1_0.id,
        u1_0.activo,
        u1_0.apellido,
        u1_0.created_at,
        u1_0.dni,
        u1_0.email,
        u1_0.foto_perfil,
        u1_0.nombre,
        u1_0.password,
        u1_0.rol,
        u1_0.telefono,
        u1_0.updated_at 
    from
        usuarios u1_0 
    where
        u1_0.id=?
2026-07-09 00:33:57.641 DEBUG 15948 --- [http-nio-8080-exec-5] org.hibernate.SQL                        : 
    select
        e1_0.medico_id,
        e1_1.id,
        e1_1.activo,
        e1_1.costo,
        e1_1.created_at,
        e1_1.descripcion,
        e1_1.nombre 
    from
        medico_especialidades e1_0 
    join
        especialidades e1_1 
            on e1_1.id=e1_0.especialidad_id 
    where
        e1_0.medico_id=?
2026-07-09 00:33:57.643 DEBUG 15948 --- [http-nio-8080-exec-5] org.hibernate.SQL                        : 
    select
        u1_0.id,
        u1_0.activo,
        u1_0.apellido,
        u1_0.created_at,
        u1_0.dni,
        u1_0.email,
        u1_0.foto_perfil,
        u1_0.nombre,
        u1_0.password,
        u1_0.rol,
        u1_0.telefono,
        u1_0.updated_at 
    from
        usuarios u1_0 
    where
        u1_0.id=?
2026-07-09 00:33:57.646 DEBUG 15948 --- [http-nio-8080-exec-5] org.hibernate.SQL                        : 
    select
        e1_0.medico_id,
        e1_1.id,
        e1_1.activo,
        e1_1.costo,
        e1_1.created_at,
        e1_1.descripcion,
        e1_1.nombre 
    from
        medico_especialidades e1_0 
    join
        especialidades e1_1 
            on e1_1.id=e1_0.especialidad_id 
    where
        e1_0.medico_id=?
2026-07-09 00:33:57.648 DEBUG 15948 --- [http-nio-8080-exec-5] org.hibernate.SQL                        : 
    select
        u1_0.id,
        u1_0.activo,
        u1_0.apellido,
        u1_0.created_at,
        u1_0.dni,
        u1_0.email,
        u1_0.foto_perfil,
        u1_0.nombre,
        u1_0.password,
        u1_0.rol,
        u1_0.telefono,
        u1_0.updated_at 
    from
        usuarios u1_0 
    where
        u1_0.id=?
2026-07-09 00:33:57.651 DEBUG 15948 --- [http-nio-8080-exec-5] org.hibernate.SQL                        : 
    select
        e1_0.medico_id,
        e1_1.id,
        e1_1.activo,
        e1_1.costo,
        e1_1.created_at,
        e1_1.descripcion,
        e1_1.nombre 
    from
        medico_especialidades e1_0 
    join
        especialidades e1_1 
            on e1_1.id=e1_0.especialidad_id 
    where
        e1_0.medico_id=?
2026-07-09 00:33:57.654 DEBUG 15948 --- [http-nio-8080-exec-5] org.hibernate.SQL                        : 
    select
        u1_0.id,
        u1_0.activo,
        u1_0.apellido,
        u1_0.created_at,
        u1_0.dni,
        u1_0.email,
        u1_0.foto_perfil,
        u1_0.nombre,
        u1_0.password,
        u1_0.rol,
        u1_0.telefono,
        u1_0.updated_at 
    from
        usuarios u1_0 
    where
        u1_0.id=?
2026-07-09 00:33:57.658 DEBUG 15948 --- [http-nio-8080-exec-5] org.hibernate.SQL                        : 
    select
        e1_0.medico_id,
        e1_1.id,
        e1_1.activo,
        e1_1.costo,
        e1_1.created_at,
        e1_1.descripcion,
        e1_1.nombre 
    from
        medico_especialidades e1_0 
    join
        especialidades e1_1 
            on e1_1.id=e1_0.especialidad_id 
    where
        e1_0.medico_id=?
2026-07-09 00:33:57.660 DEBUG 15948 --- [http-nio-8080-exec-5] org.hibernate.SQL                        : 
    select
        u1_0.id,
        u1_0.activo,
        u1_0.apellido,
        u1_0.created_at,
        u1_0.dni,
        u1_0.email,
        u1_0.foto_perfil,
        u1_0.nombre,
        u1_0.password,
        u1_0.rol,
        u1_0.telefono,
        u1_0.updated_at 
    from
        usuarios u1_0 
    where
        u1_0.id=?
2026-07-09 00:33:57.664 DEBUG 15948 --- [http-nio-8080-exec-5] org.hibernate.SQL                        : 
    select
        e1_0.medico_id,
        e1_1.id,
        e1_1.activo,
        e1_1.costo,
        e1_1.created_at,
        e1_1.descripcion,
        e1_1.nombre 
    from
        medico_especialidades e1_0 
    join
        especialidades e1_1 
            on e1_1.id=e1_0.especialidad_id 
    where
        e1_0.medico_id=?
2026-07-09 00:33:57.669 DEBUG 15948 --- [http-nio-8080-exec-5] org.hibernate.SQL                        : 
    select
        u1_0.id,
        u1_0.activo,
        u1_0.apellido,
        u1_0.created_at,
        u1_0.dni,
        u1_0.email,
        u1_0.foto_perfil,
        u1_0.nombre,
        u1_0.password,
        u1_0.rol,
        u1_0.telefono,
        u1_0.updated_at 
    from
        usuarios u1_0 
    where
        u1_0.id=?
2026-07-09 00:33:57.670 DEBUG 15948 --- [http-nio-8080-exec-5] org.hibernate.SQL                        : 
    select
        e1_0.medico_id,
        e1_1.id,
        e1_1.activo,
        e1_1.costo,
        e1_1.created_at,
        e1_1.descripcion,
        e1_1.nombre 
    from
        medico_especialidades e1_0 
    join
        especialidades e1_1 
            on e1_1.id=e1_0.especialidad_id 
    where
        e1_0.medico_id=?
2026-07-09 00:33:57.673 DEBUG 15948 --- [http-nio-8080-exec-5] org.hibernate.SQL                        : 
    select
        u1_0.id,
        u1_0.activo,
        u1_0.apellido,
        u1_0.created_at,
        u1_0.dni,
        u1_0.email,
        u1_0.foto_perfil,
        u1_0.nombre,
        u1_0.password,
        u1_0.rol,
        u1_0.telefono,
        u1_0.updated_at 
    from
        usuarios u1_0 
    where
        u1_0.id=?
2026-07-09 00:33:57.674 DEBUG 15948 --- [http-nio-8080-exec-5] org.hibernate.SQL                        : 
    select
        e1_0.medico_id,
        e1_1.id,
        e1_1.activo,
        e1_1.costo,
        e1_1.created_at,
        e1_1.descripcion,
        e1_1.nombre 
    from
        medico_especialidades e1_0 
    join
        especialidades e1_1 
            on e1_1.id=e1_0.especialidad_id 
    where
        e1_0.medico_id=?
2026-07-09 00:33:57.676 DEBUG 15948 --- [http-nio-8080-exec-5] org.hibernate.SQL                        : 
    select
        u1_0.id,
        u1_0.activo,
        u1_0.apellido,
        u1_0.created_at,
        u1_0.dni,
        u1_0.email,
        u1_0.foto_perfil,
        u1_0.nombre,
        u1_0.password,
        u1_0.rol,
        u1_0.telefono,
        u1_0.updated_at 
    from
        usuarios u1_0 
    where
        u1_0.id=?
2026-07-09 00:33:57.678 DEBUG 15948 --- [http-nio-8080-exec-5] org.hibernate.SQL                        : 
    select
        e1_0.medico_id,
        e1_1.id,
        e1_1.activo,
        e1_1.costo,
        e1_1.created_at,
        e1_1.descripcion,
        e1_1.nombre 
    from
        medico_especialidades e1_0 
    join
        especialidades e1_1 
            on e1_1.id=e1_0.especialidad_id 
    where
        e1_0.medico_id=?
2026-07-09 00:33:57.680 DEBUG 15948 --- [http-nio-8080-exec-5] org.hibernate.SQL                        : 
    select
        u1_0.id,
        u1_0.activo,
        u1_0.apellido,
        u1_0.created_at,
        u1_0.dni,
        u1_0.email,
        u1_0.foto_perfil,
        u1_0.nombre,
        u1_0.password,
        u1_0.rol,
        u1_0.telefono,
        u1_0.updated_at 
    from
        usuarios u1_0 
    where
        u1_0.id=?
2026-07-09 00:33:57.681 DEBUG 15948 --- [http-nio-8080-exec-5] org.hibernate.SQL                        : 
    select
        e1_0.medico_id,
        e1_1.id,
        e1_1.activo,
        e1_1.costo,
        e1_1.created_at,
        e1_1.descripcion,
        e1_1.nombre 
    from
        medico_especialidades e1_0 
    join
        especialidades e1_1 
            on e1_1.id=e1_0.especialidad_id 
    where
        e1_0.medico_id=?
2026-07-09 00:33:57.685 DEBUG 15948 --- [http-nio-8080-exec-5] org.hibernate.SQL                        : 
    select
        e1_0.id,
        e1_0.activo,
        e1_0.costo,
        e1_0.created_at,
        e1_0.descripcion,
        e1_0.nombre 
    from
        especialidades e1_0
2026-07-09 00:33:59.496 DEBUG 15948 --- [http-nio-8080-exec-9] org.hibernate.SQL                        : 
    select
        m1_0.id,
        m1_0.created_at,
        m1_0.numero_colegiatura,
        m1_0.updated_at,
        m1_0.usuario_id 
    from
        medicos m1_0
2026-07-09 00:33:59.500 DEBUG 15948 --- [http-nio-8080-exec-9] org.hibernate.SQL                        : 
    select
        u1_0.id,
        u1_0.activo,
        u1_0.apellido,
        u1_0.created_at,
        u1_0.dni,
        u1_0.email,
        u1_0.foto_perfil,
        u1_0.nombre,
        u1_0.password,
        u1_0.rol,
        u1_0.telefono,
        u1_0.updated_at 
    from
        usuarios u1_0 
    where
        u1_0.id=?
2026-07-09 00:33:59.502 DEBUG 15948 --- [http-nio-8080-exec-9] org.hibernate.SQL                        : 
    select
        e1_0.medico_id,
        e1_1.id,
        e1_1.activo,
        e1_1.costo,
        e1_1.created_at,
        e1_1.descripcion,
        e1_1.nombre 
    from
        medico_especialidades e1_0 
    join
        especialidades e1_1 
            on e1_1.id=e1_0.especialidad_id 
    where
        e1_0.medico_id=?
2026-07-09 00:33:59.503 DEBUG 15948 --- [http-nio-8080-exec-9] org.hibernate.SQL                        : 
    select
        u1_0.id,
        u1_0.activo,
        u1_0.apellido,
        u1_0.created_at,
        u1_0.dni,
        u1_0.email,
        u1_0.foto_perfil,
        u1_0.nombre,
        u1_0.password,
        u1_0.rol,
        u1_0.telefono,
        u1_0.updated_at 
    from
        usuarios u1_0 
    where
        u1_0.id=?
2026-07-09 00:33:59.505 DEBUG 15948 --- [http-nio-8080-exec-9] org.hibernate.SQL                        : 
    select
        e1_0.medico_id,
        e1_1.id,
        e1_1.activo,
        e1_1.costo,
        e1_1.created_at,
        e1_1.descripcion,
        e1_1.nombre 
    from
        medico_especialidades e1_0 
    join
        especialidades e1_1 
            on e1_1.id=e1_0.especialidad_id 
    where
        e1_0.medico_id=?
2026-07-09 00:33:59.507 DEBUG 15948 --- [http-nio-8080-exec-9] org.hibernate.SQL                        : 
    select
        u1_0.id,
        u1_0.activo,
        u1_0.apellido,
        u1_0.created_at,
        u1_0.dni,
        u1_0.email,
        u1_0.foto_perfil,
        u1_0.nombre,
        u1_0.password,
        u1_0.rol,
        u1_0.telefono,
        u1_0.updated_at 
    from
        usuarios u1_0 
    where
        u1_0.id=?
2026-07-09 00:33:59.509 DEBUG 15948 --- [http-nio-8080-exec-9] org.hibernate.SQL                        : 
    select
        e1_0.medico_id,
        e1_1.id,
        e1_1.activo,
        e1_1.costo,
        e1_1.created_at,
        e1_1.descripcion,
        e1_1.nombre 
    from
        medico_especialidades e1_0 
    join
        especialidades e1_1 
            on e1_1.id=e1_0.especialidad_id 
    where
        e1_0.medico_id=?
2026-07-09 00:33:59.510 DEBUG 15948 --- [http-nio-8080-exec-9] org.hibernate.SQL                        : 
    select
        u1_0.id,
        u1_0.activo,
        u1_0.apellido,
        u1_0.created_at,
        u1_0.dni,
        u1_0.email,
        u1_0.foto_perfil,
        u1_0.nombre,
        u1_0.password,
        u1_0.rol,
        u1_0.telefono,
        u1_0.updated_at 
    from
        usuarios u1_0 
    where
        u1_0.id=?
2026-07-09 00:33:59.514 DEBUG 15948 --- [http-nio-8080-exec-9] org.hibernate.SQL                        : 
    select
        e1_0.medico_id,
        e1_1.id,
        e1_1.activo,
        e1_1.costo,
        e1_1.created_at,
        e1_1.descripcion,
        e1_1.nombre 
    from
        medico_especialidades e1_0 
    join
        especialidades e1_1 
            on e1_1.id=e1_0.especialidad_id 
    where
        e1_0.medico_id=?
2026-07-09 00:33:59.517 DEBUG 15948 --- [http-nio-8080-exec-9] org.hibernate.SQL                        : 
    select
        u1_0.id,
        u1_0.activo,
        u1_0.apellido,
        u1_0.created_at,
        u1_0.dni,
        u1_0.email,
        u1_0.foto_perfil,
        u1_0.nombre,
        u1_0.password,
        u1_0.rol,
        u1_0.telefono,
        u1_0.updated_at 
    from
        usuarios u1_0 
    where
        u1_0.id=?
2026-07-09 00:33:59.521 DEBUG 15948 --- [http-nio-8080-exec-9] org.hibernate.SQL                        : 
    select
        e1_0.medico_id,
        e1_1.id,
        e1_1.activo,
        e1_1.costo,
        e1_1.created_at,
        e1_1.descripcion,
        e1_1.nombre 
    from
        medico_especialidades e1_0 
    join
        especialidades e1_1 
            on e1_1.id=e1_0.especialidad_id 
    where
        e1_0.medico_id=?
2026-07-09 00:33:59.523 DEBUG 15948 --- [http-nio-8080-exec-9] org.hibernate.SQL                        : 
    select
        u1_0.id,
        u1_0.activo,
        u1_0.apellido,
        u1_0.created_at,
        u1_0.dni,
        u1_0.email,
        u1_0.foto_perfil,
        u1_0.nombre,
        u1_0.password,
        u1_0.rol,
        u1_0.telefono,
        u1_0.updated_at 
    from
        usuarios u1_0 
    where
        u1_0.id=?
2026-07-09 00:33:59.525 DEBUG 15948 --- [http-nio-8080-exec-9] org.hibernate.SQL                        : 
    select
        e1_0.medico_id,
        e1_1.id,
        e1_1.activo,
        e1_1.costo,
        e1_1.created_at,
        e1_1.descripcion,
        e1_1.nombre 
    from
        medico_especialidades e1_0 
    join
        especialidades e1_1 
            on e1_1.id=e1_0.especialidad_id 
    where
        e1_0.medico_id=?
2026-07-09 00:33:59.526 DEBUG 15948 --- [http-nio-8080-exec-9] org.hibernate.SQL                        : 
    select
        u1_0.id,
        u1_0.activo,
        u1_0.apellido,
        u1_0.created_at,
        u1_0.dni,
        u1_0.email,
        u1_0.foto_perfil,
        u1_0.nombre,
        u1_0.password,
        u1_0.rol,
        u1_0.telefono,
        u1_0.updated_at 
    from
        usuarios u1_0 
    where
        u1_0.id=?
2026-07-09 00:33:59.528 DEBUG 15948 --- [http-nio-8080-exec-9] org.hibernate.SQL                        : 
    select
        e1_0.medico_id,
        e1_1.id,
        e1_1.activo,
        e1_1.costo,
        e1_1.created_at,
        e1_1.descripcion,
        e1_1.nombre 
    from
        medico_especialidades e1_0 
    join
        especialidades e1_1 
            on e1_1.id=e1_0.especialidad_id 
    where
        e1_0.medico_id=?
2026-07-09 00:33:59.531 DEBUG 15948 --- [http-nio-8080-exec-9] org.hibernate.SQL                        : 
    select
        u1_0.id,
        u1_0.activo,
        u1_0.apellido,
        u1_0.created_at,
        u1_0.dni,
        u1_0.email,
        u1_0.foto_perfil,
        u1_0.nombre,
        u1_0.password,
        u1_0.rol,
        u1_0.telefono,
        u1_0.updated_at 
    from
        usuarios u1_0 
    where
        u1_0.id=?
2026-07-09 00:33:59.534 DEBUG 15948 --- [http-nio-8080-exec-9] org.hibernate.SQL                        : 
    select
        e1_0.medico_id,
        e1_1.id,
        e1_1.activo,
        e1_1.costo,
        e1_1.created_at,
        e1_1.descripcion,
        e1_1.nombre 
    from
        medico_especialidades e1_0 
    join
        especialidades e1_1 
            on e1_1.id=e1_0.especialidad_id 
    where
        e1_0.medico_id=?
2026-07-09 00:33:59.535 DEBUG 15948 --- [http-nio-8080-exec-9] org.hibernate.SQL                        : 
    select
        u1_0.id,
        u1_0.activo,
        u1_0.apellido,
        u1_0.created_at,
        u1_0.dni,
        u1_0.email,
        u1_0.foto_perfil,
        u1_0.nombre,
        u1_0.password,
        u1_0.rol,
        u1_0.telefono,
        u1_0.updated_at 
    from
        usuarios u1_0 
    where
        u1_0.id=?
2026-07-09 00:33:59.536 DEBUG 15948 --- [http-nio-8080-exec-9] org.hibernate.SQL                        : 
    select
        e1_0.medico_id,
        e1_1.id,
        e1_1.activo,
        e1_1.costo,
        e1_1.created_at,
        e1_1.descripcion,
        e1_1.nombre 
    from
        medico_especialidades e1_0 
    join
        especialidades e1_1 
            on e1_1.id=e1_0.especialidad_id 
    where
        e1_0.medico_id=?
2026-07-09 00:33:59.537 DEBUG 15948 --- [http-nio-8080-exec-9] org.hibernate.SQL                        : 
    select
        u1_0.id,
        u1_0.activo,
        u1_0.apellido,
        u1_0.created_at,
        u1_0.dni,
        u1_0.email,
        u1_0.foto_perfil,
        u1_0.nombre,
        u1_0.password,
        u1_0.rol,
        u1_0.telefono,
        u1_0.updated_at 
    from
        usuarios u1_0 
    where
        u1_0.id=?
2026-07-09 00:33:59.542 DEBUG 15948 --- [http-nio-8080-exec-9] org.hibernate.SQL                        : 
    select
        e1_0.medico_id,
        e1_1.id,
        e1_1.activo,
        e1_1.costo,
        e1_1.created_at,
        e1_1.descripcion,
        e1_1.nombre 
    from
        medico_especialidades e1_0 
    join
        especialidades e1_1 
            on e1_1.id=e1_0.especialidad_id 
    where
        e1_0.medico_id=?
2026-07-09 00:33:59.545 DEBUG 15948 --- [http-nio-8080-exec-9] org.hibernate.SQL                        : 
    select
        e1_0.id,
        e1_0.activo,
        e1_0.costo,
        e1_0.created_at,
        e1_0.descripcion,
        e1_0.nombre 
    from
        especialidades e1_0
2026-07-09 00:34:09.605  INFO 15948 --- [http-nio-8080-exec-5] com.sisol.salud.service.AuthService      : Intento de inicio de sesión para el usuario: medico0@sisol.com
2026-07-09 00:34:09.681 DEBUG 15948 --- [http-nio-8080-exec-5] org.hibernate.SQL                        : 
    select
        u1_0.id,
        u1_0.activo,
        u1_0.apellido,
        u1_0.created_at,
        u1_0.dni,
        u1_0.email,
        u1_0.foto_perfil,
        u1_0.nombre,
        u1_0.password,
        u1_0.rol,
        u1_0.telefono,
        u1_0.updated_at 
    from
        usuarios u1_0 
    where
        u1_0.email=?
2026-07-09 00:34:09.750 DEBUG 15948 --- [http-nio-8080-exec-5] org.hibernate.SQL                        : 
    select
        u1_0.id,
        u1_0.activo,
        u1_0.apellido,
        u1_0.created_at,
        u1_0.dni,
        u1_0.email,
        u1_0.foto_perfil,
        u1_0.nombre,
        u1_0.password,
        u1_0.rol,
        u1_0.telefono,
        u1_0.updated_at 
    from
        usuarios u1_0 
    where
        u1_0.email=?
2026-07-09 00:34:09.752 DEBUG 15948 --- [http-nio-8080-exec-5] org.hibernate.SQL                        : 
    select
        u1_0.id,
        u1_0.activo,
        u1_0.apellido,
        u1_0.created_at,
        u1_0.dni,
        u1_0.email,
        u1_0.foto_perfil,
        u1_0.nombre,
        u1_0.password,
        u1_0.rol,
        u1_0.telefono,
        u1_0.updated_at 
    from
        usuarios u1_0 
    where
        u1_0.email=?
2026-07-09 00:34:09.980 DEBUG 15948 --- [http-nio-8080-exec-9] org.hibernate.SQL                        : 
    select
        u1_0.id,
        u1_0.activo,
        u1_0.apellido,
        u1_0.created_at,
        u1_0.dni,
        u1_0.email,
        u1_0.foto_perfil,
        u1_0.nombre,
        u1_0.password,
        u1_0.rol,
        u1_0.telefono,
        u1_0.updated_at 
    from
        usuarios u1_0 
    where
        u1_0.email=?
2026-07-09 00:34:09.987 DEBUG 15948 --- [http-nio-8080-exec-9] org.hibernate.SQL                        : 
    select
        u1_0.id,
        u1_0.activo,
        u1_0.apellido,
        u1_0.created_at,
        u1_0.dni,
        u1_0.email,
        u1_0.foto_perfil,
        u1_0.nombre,
        u1_0.password,
        u1_0.rol,
        u1_0.telefono,
        u1_0.updated_at 
    from
        usuarios u1_0 
    where
        u1_0.email=?
2026-07-09 00:34:09.994 DEBUG 15948 --- [http-nio-8080-exec-9] org.hibernate.SQL                        : 
    select
        m1_0.id,
        m1_0.created_at,
        m1_0.numero_colegiatura,
        m1_0.updated_at,
        m1_0.usuario_id 
    from
        medicos m1_0 
    left join
        usuarios u1_0 
            on u1_0.id=m1_0.usuario_id 
    where
        u1_0.id=?
2026-07-09 00:34:10.002 DEBUG 15948 --- [http-nio-8080-exec-9] org.hibernate.SQL                        : 
    select
        c1_0.id,
        c1_0.created_at,
        c1_0.especialidad_id,
        c1_0.estado,
        c1_0.fecha,
        c1_0.hora_fin,
        c1_0.hora_inicio,
        c1_0.medico_id,
        c1_0.motivo_consulta,
        c1_0.observaciones,
        c1_0.paciente_id,
        c1_0.updated_at 
    from
        citas c1_0 
    left join
        medicos m1_0 
            on m1_0.id=c1_0.medico_id 
    where
        m1_0.id=? 
        and c1_0.fecha=?
2026-07-09 00:34:10.009 DEBUG 15948 --- [http-nio-8080-exec-9] org.hibernate.SQL                        : 
    select
        c1_0.id,
        c1_0.created_at,
        c1_0.especialidad_id,
        c1_0.estado,
        c1_0.fecha,
        c1_0.hora_fin,
        c1_0.hora_inicio,
        c1_0.medico_id,
        c1_0.motivo_consulta,
        c1_0.observaciones,
        c1_0.paciente_id,
        c1_0.updated_at 
    from
        citas c1_0 
    left join
        medicos m1_0 
            on m1_0.id=c1_0.medico_id 
    where
        m1_0.id=?
2026-07-09 00:34:10.043 DEBUG 15948 --- [http-nio-8080-exec-9] org.hibernate.SQL                        : 
    select
        e1_0.medico_id,
        e1_1.id,
        e1_1.activo,
        e1_1.costo,
        e1_1.created_at,
        e1_1.descripcion,
        e1_1.nombre 
    from
        medico_especialidades e1_0 
    join
        especialidades e1_1 
            on e1_1.id=e1_0.especialidad_id 
    where
        e1_0.medico_id=?
2026-07-09 00:34:12.329 DEBUG 15948 --- [http-nio-8080-exec-1] org.hibernate.SQL                        : 
    select
        u1_0.id,
        u1_0.activo,
        u1_0.apellido,
        u1_0.created_at,
        u1_0.dni,
        u1_0.email,
        u1_0.foto_perfil,
        u1_0.nombre,
        u1_0.password,
        u1_0.rol,
        u1_0.telefono,
        u1_0.updated_at 
    from
        usuarios u1_0 
    where
        u1_0.email=?
2026-07-09 00:34:12.335 DEBUG 15948 --- [http-nio-8080-exec-1] org.hibernate.SQL                        : 
    select
        u1_0.id,
        u1_0.activo,
        u1_0.apellido,
        u1_0.created_at,
        u1_0.dni,
        u1_0.email,
        u1_0.foto_perfil,
        u1_0.nombre,
        u1_0.password,
        u1_0.rol,
        u1_0.telefono,
        u1_0.updated_at 
    from
        usuarios u1_0 
    where
        u1_0.email=?
2026-07-09 00:34:12.339 DEBUG 15948 --- [http-nio-8080-exec-1] org.hibernate.SQL                        : 
    select
        m1_0.id,
        m1_0.created_at,
        m1_0.numero_colegiatura,
        m1_0.updated_at,
        m1_0.usuario_id 
    from
        medicos m1_0 
    left join
        usuarios u1_0 
            on u1_0.id=m1_0.usuario_id 
    where
        u1_0.id=?
2026-07-09 00:34:12.342 DEBUG 15948 --- [http-nio-8080-exec-1] org.hibernate.SQL                        : 
    select
        c1_0.id,
        c1_0.created_at,
        c1_0.especialidad_id,
        c1_0.estado,
        c1_0.fecha,
        c1_0.hora_fin,
        c1_0.hora_inicio,
        c1_0.medico_id,
        c1_0.motivo_consulta,
        c1_0.observaciones,
        c1_0.paciente_id,
        c1_0.updated_at 
    from
        citas c1_0 
    left join
        medicos m1_0 
            on m1_0.id=c1_0.medico_id 
    where
        m1_0.id=? 
        and c1_0.fecha=?
2026-07-09 00:34:12.371 DEBUG 15948 --- [http-nio-8080-exec-1] org.hibernate.SQL                        : 
    select
        e1_0.medico_id,
        e1_1.id,
        e1_1.activo,
        e1_1.costo,
        e1_1.created_at,
        e1_1.descripcion,
        e1_1.nombre 
    from
        medico_especialidades e1_0 
    join
        especialidades e1_1 
            on e1_1.id=e1_0.especialidad_id 
    where
        e1_0.medico_id=?
2026-07-09 00:34:12.423 DEBUG 15948 --- [http-nio-8080-exec-7] org.hibernate.SQL                        : 
    select
        u1_0.id,
        u1_0.activo,
        u1_0.apellido,
        u1_0.created_at,
        u1_0.dni,
        u1_0.email,
        u1_0.foto_perfil,
        u1_0.nombre,
        u1_0.password,
        u1_0.rol,
        u1_0.telefono,
        u1_0.updated_at 
    from
        usuarios u1_0 
    where
        u1_0.email=?
2026-07-09 00:34:12.431 DEBUG 15948 --- [http-nio-8080-exec-7] org.hibernate.SQL                        : 
    select
        u1_0.id,
        u1_0.activo,
        u1_0.apellido,
        u1_0.created_at,
        u1_0.dni,
        u1_0.email,
        u1_0.foto_perfil,
        u1_0.nombre,
        u1_0.password,
        u1_0.rol,
        u1_0.telefono,
        u1_0.updated_at 
    from
        usuarios u1_0 
    where
        u1_0.email=?
2026-07-09 00:34:12.436 DEBUG 15948 --- [http-nio-8080-exec-7] org.hibernate.SQL                        : 
    select
        m1_0.id,
        m1_0.created_at,
        m1_0.numero_colegiatura,
        m1_0.updated_at,
        m1_0.usuario_id 
    from
        medicos m1_0 
    left join
        usuarios u1_0 
            on u1_0.id=m1_0.usuario_id 
    where
        u1_0.id=?
2026-07-09 00:34:12.440 DEBUG 15948 --- [http-nio-8080-exec-7] org.hibernate.SQL                        : 
    select
        c1_0.id,
        c1_0.created_at,
        c1_0.especialidad_id,
        c1_0.estado,
        c1_0.fecha,
        c1_0.hora_fin,
        c1_0.hora_inicio,
        c1_0.medico_id,
        c1_0.motivo_consulta,
        c1_0.observaciones,
        c1_0.paciente_id,
        c1_0.updated_at 
    from
        citas c1_0 
    left join
        medicos m1_0 
            on m1_0.id=c1_0.medico_id 
    where
        m1_0.id=?
2026-07-09 00:34:13.750 DEBUG 15948 --- [http-nio-8080-exec-4] org.hibernate.SQL                        : 
    select
        u1_0.id,
        u1_0.activo,
        u1_0.apellido,
        u1_0.created_at,
        u1_0.dni,
        u1_0.email,
        u1_0.foto_perfil,
        u1_0.nombre,
        u1_0.password,
        u1_0.rol,
        u1_0.telefono,
        u1_0.updated_at 
    from
        usuarios u1_0 
    where
        u1_0.email=?
2026-07-09 00:34:13.756 DEBUG 15948 --- [http-nio-8080-exec-4] org.hibernate.SQL                        : 
    select
        u1_0.id,
        u1_0.activo,
        u1_0.apellido,
        u1_0.created_at,
        u1_0.dni,
        u1_0.email,
        u1_0.foto_perfil,
        u1_0.nombre,
        u1_0.password,
        u1_0.rol,
        u1_0.telefono,
        u1_0.updated_at 
    from
        usuarios u1_0 
    where
        u1_0.email=?
2026-07-09 00:34:13.761 DEBUG 15948 --- [http-nio-8080-exec-4] org.hibernate.SQL                        : 
    select
        m1_0.id,
        m1_0.created_at,
        m1_0.numero_colegiatura,
        m1_0.updated_at,
        m1_0.usuario_id 
    from
        medicos m1_0 
    left join
        usuarios u1_0 
            on u1_0.id=m1_0.usuario_id 
    where
        u1_0.id=?
2026-07-09 00:34:13.766 DEBUG 15948 --- [http-nio-8080-exec-4] org.hibernate.SQL                        : 
    select
        c1_0.id,
        c1_0.created_at,
        c1_0.especialidad_id,
        c1_0.estado,
        c1_0.fecha,
        c1_0.hora_fin,
        c1_0.hora_inicio,
        c1_0.medico_id,
        c1_0.motivo_consulta,
        c1_0.observaciones,
        c1_0.paciente_id,
        c1_0.updated_at 
    from
        citas c1_0 
    left join
        medicos m1_0 
            on m1_0.id=c1_0.medico_id 
    where
        m1_0.id=? 
        and c1_0.fecha=?
2026-07-09 00:34:13.770 DEBUG 15948 --- [http-nio-8080-exec-4] org.hibernate.SQL                        : 
    select
        c1_0.id,
        c1_0.created_at,
        c1_0.especialidad_id,
        c1_0.estado,
        c1_0.fecha,
        c1_0.hora_fin,
        c1_0.hora_inicio,
        c1_0.medico_id,
        c1_0.motivo_consulta,
        c1_0.observaciones,
        c1_0.paciente_id,
        c1_0.updated_at 
    from
        citas c1_0 
    left join
        medicos m1_0 
            on m1_0.id=c1_0.medico_id 
    where
        m1_0.id=?
2026-07-09 00:34:13.802 DEBUG 15948 --- [http-nio-8080-exec-4] org.hibernate.SQL                        : 
    select
        e1_0.medico_id,
        e1_1.id,
        e1_1.activo,
        e1_1.costo,
        e1_1.created_at,
        e1_1.descripcion,
        e1_1.nombre 
    from
        medico_especialidades e1_0 
    join
        especialidades e1_1 
            on e1_1.id=e1_0.especialidad_id 
    where
        e1_0.medico_id=?
2026-07-09 00:34:14.164 DEBUG 15948 --- [http-nio-8080-exec-6] org.hibernate.SQL                        : 
    select
        u1_0.id,
        u1_0.activo,
        u1_0.apellido,
        u1_0.created_at,
        u1_0.dni,
        u1_0.email,
        u1_0.foto_perfil,
        u1_0.nombre,
        u1_0.password,
        u1_0.rol,
        u1_0.telefono,
        u1_0.updated_at 
    from
        usuarios u1_0 
    where
        u1_0.email=?
2026-07-09 00:34:14.172 DEBUG 15948 --- [http-nio-8080-exec-6] org.hibernate.SQL                        : 
    select
        u1_0.id,
        u1_0.activo,
        u1_0.apellido,
        u1_0.created_at,
        u1_0.dni,
        u1_0.email,
        u1_0.foto_perfil,
        u1_0.nombre,
        u1_0.password,
        u1_0.rol,
        u1_0.telefono,
        u1_0.updated_at 
    from
        usuarios u1_0 
    where
        u1_0.email=?
2026-07-09 00:34:14.178 DEBUG 15948 --- [http-nio-8080-exec-6] org.hibernate.SQL                        : 
    select
        m1_0.id,
        m1_0.created_at,
        m1_0.numero_colegiatura,
        m1_0.updated_at,
        m1_0.usuario_id 
    from
        medicos m1_0 
    left join
        usuarios u1_0 
            on u1_0.id=m1_0.usuario_id 
    where
        u1_0.id=?
2026-07-09 00:34:14.181 DEBUG 15948 --- [http-nio-8080-exec-6] org.hibernate.SQL                        : 
    select
        c1_0.id,
        c1_0.created_at,
        c1_0.especialidad_id,
        c1_0.estado,
        c1_0.fecha,
        c1_0.hora_fin,
        c1_0.hora_inicio,
        c1_0.medico_id,
        c1_0.motivo_consulta,
        c1_0.observaciones,
        c1_0.paciente_id,
        c1_0.updated_at 
    from
        citas c1_0 
    left join
        medicos m1_0 
            on m1_0.id=c1_0.medico_id 
    where
        m1_0.id=? 
        and c1_0.fecha=?
2026-07-09 00:34:14.209 DEBUG 15948 --- [http-nio-8080-exec-6] org.hibernate.SQL                        : 
    select
        e1_0.medico_id,
        e1_1.id,
        e1_1.activo,
        e1_1.costo,
        e1_1.created_at,
        e1_1.descripcion,
        e1_1.nombre 
    from
        medico_especialidades e1_0 
    join
        especialidades e1_1 
            on e1_1.id=e1_0.especialidad_id 
    where
        e1_0.medico_id=?
2026-07-09 00:34:14.228 DEBUG 15948 --- [http-nio-8080-exec-8] org.hibernate.SQL                        : 
    select
        u1_0.id,
        u1_0.activo,
        u1_0.apellido,
        u1_0.created_at,
        u1_0.dni,
        u1_0.email,
        u1_0.foto_perfil,
        u1_0.nombre,
        u1_0.password,
        u1_0.rol,
        u1_0.telefono,
        u1_0.updated_at 
    from
        usuarios u1_0 
    where
        u1_0.email=?
2026-07-09 00:34:14.237 DEBUG 15948 --- [http-nio-8080-exec-8] org.hibernate.SQL                        : 
    select
        u1_0.id,
        u1_0.activo,
        u1_0.apellido,
        u1_0.created_at,
        u1_0.dni,
        u1_0.email,
        u1_0.foto_perfil,
        u1_0.nombre,
        u1_0.password,
        u1_0.rol,
        u1_0.telefono,
        u1_0.updated_at 
    from
        usuarios u1_0 
    where
        u1_0.email=?
2026-07-09 00:34:14.240 DEBUG 15948 --- [http-nio-8080-exec-8] org.hibernate.SQL                        : 
    select
        m1_0.id,
        m1_0.created_at,
        m1_0.numero_colegiatura,
        m1_0.updated_at,
        m1_0.usuario_id 
    from
        medicos m1_0 
    left join
        usuarios u1_0 
            on u1_0.id=m1_0.usuario_id 
    where
        u1_0.id=?
2026-07-09 00:34:14.244 DEBUG 15948 --- [http-nio-8080-exec-8] org.hibernate.SQL                        : 
    select
        c1_0.id,
        c1_0.created_at,
        c1_0.especialidad_id,
        c1_0.estado,
        c1_0.fecha,
        c1_0.hora_fin,
        c1_0.hora_inicio,
        c1_0.medico_id,
        c1_0.motivo_consulta,
        c1_0.observaciones,
        c1_0.paciente_id,
        c1_0.updated_at 
    from
        citas c1_0 
    left join
        medicos m1_0 
            on m1_0.id=c1_0.medico_id 
    where
        m1_0.id=?
2026-07-09 00:34:14.453 DEBUG 15948 --- [http-nio-8080-exec-2] org.hibernate.SQL                        : 
    select
        u1_0.id,
        u1_0.activo,
        u1_0.apellido,
        u1_0.created_at,
        u1_0.dni,
        u1_0.email,
        u1_0.foto_perfil,
        u1_0.nombre,
        u1_0.password,
        u1_0.rol,
        u1_0.telefono,
        u1_0.updated_at 
    from
        usuarios u1_0 
    where
        u1_0.email=?
2026-07-09 00:34:14.459 DEBUG 15948 --- [http-nio-8080-exec-2] org.hibernate.SQL                        : 
    select
        u1_0.id,
        u1_0.activo,
        u1_0.apellido,
        u1_0.created_at,
        u1_0.dni,
        u1_0.email,
        u1_0.foto_perfil,
        u1_0.nombre,
        u1_0.password,
        u1_0.rol,
        u1_0.telefono,
        u1_0.updated_at 
    from
        usuarios u1_0 
    where
        u1_0.email=?
2026-07-09 00:34:14.462 DEBUG 15948 --- [http-nio-8080-exec-2] org.hibernate.SQL                        : 
    select
        m1_0.id,
        m1_0.created_at,
        m1_0.numero_colegiatura,
        m1_0.updated_at,
        m1_0.usuario_id 
    from
        medicos m1_0 
    left join
        usuarios u1_0 
            on u1_0.id=m1_0.usuario_id 
    where
        u1_0.id=?
2026-07-09 00:34:14.467 DEBUG 15948 --- [http-nio-8080-exec-2] org.hibernate.SQL                        : 
    select
        c1_0.id,
        c1_0.created_at,
        c1_0.especialidad_id,
        c1_0.estado,
        c1_0.fecha,
        c1_0.hora_fin,
        c1_0.hora_inicio,
        c1_0.medico_id,
        c1_0.motivo_consulta,
        c1_0.observaciones,
        c1_0.paciente_id,
        c1_0.updated_at 
    from
        citas c1_0 
    left join
        medicos m1_0 
            on m1_0.id=c1_0.medico_id 
    where
        m1_0.id=?
2026-07-09 00:34:14.471 DEBUG 15948 --- [http-nio-8080-exec-2] org.hibernate.SQL                        : 
    select
        dm1_0.id,
        dm1_0.activo,
        dm1_0.created_at,
        dm1_0.dia_semana,
        dm1_0.duracion_consulta_min,
        dm1_0.hora_fin,
        dm1_0.hora_inicio,
        dm1_0.medico_id,
        dm1_0.updated_at 
    from
        disponibilidad_medica dm1_0 
    left join
        medicos m1_0 
            on m1_0.id=dm1_0.medico_id 
    where
        m1_0.id=?
2026-07-09 00:34:14.506 DEBUG 15948 --- [http-nio-8080-exec-2] org.hibernate.SQL                        : 
    select
        e1_0.medico_id,
        e1_1.id,
        e1_1.activo,
        e1_1.costo,
        e1_1.created_at,
        e1_1.descripcion,
        e1_1.nombre 
    from
        medico_especialidades e1_0 
    join
        especialidades e1_1 
            on e1_1.id=e1_0.especialidad_id 
    where
        e1_0.medico_id=?
2026-07-09 00:34:14.734 DEBUG 15948 --- [http-nio-8080-exec-10] org.hibernate.SQL                        : 
    select
        u1_0.id,
        u1_0.activo,
        u1_0.apellido,
        u1_0.created_at,
        u1_0.dni,
        u1_0.email,
        u1_0.foto_perfil,
        u1_0.nombre,
        u1_0.password,
        u1_0.rol,
        u1_0.telefono,
        u1_0.updated_at 
    from
        usuarios u1_0 
    where
        u1_0.email=?
2026-07-09 00:34:14.739 DEBUG 15948 --- [http-nio-8080-exec-10] org.hibernate.SQL                        : 
    select
        u1_0.id,
        u1_0.activo,
        u1_0.apellido,
        u1_0.created_at,
        u1_0.dni,
        u1_0.email,
        u1_0.foto_perfil,
        u1_0.nombre,
        u1_0.password,
        u1_0.rol,
        u1_0.telefono,
        u1_0.updated_at 
    from
        usuarios u1_0 
    where
        u1_0.email=?
2026-07-09 00:34:14.743 DEBUG 15948 --- [http-nio-8080-exec-10] org.hibernate.SQL                        : 
    select
        m1_0.id,
        m1_0.created_at,
        m1_0.numero_colegiatura,
        m1_0.updated_at,
        m1_0.usuario_id 
    from
        medicos m1_0 
    left join
        usuarios u1_0 
            on u1_0.id=m1_0.usuario_id 
    where
        u1_0.id=?
2026-07-09 00:34:14.749 DEBUG 15948 --- [http-nio-8080-exec-10] org.hibernate.SQL                        : 
    select
        c1_0.id,
        c1_0.created_at,
        c1_0.especialidad_id,
        c1_0.estado,
        c1_0.fecha,
        c1_0.hora_fin,
        c1_0.hora_inicio,
        c1_0.medico_id,
        c1_0.motivo_consulta,
        c1_0.observaciones,
        c1_0.paciente_id,
        c1_0.updated_at 
    from
        citas c1_0 
    left join
        medicos m1_0 
            on m1_0.id=c1_0.medico_id 
    where
        m1_0.id=? 
        and c1_0.fecha=?
2026-07-09 00:34:14.773 DEBUG 15948 --- [http-nio-8080-exec-10] org.hibernate.SQL                        : 
    select
        e1_0.medico_id,
        e1_1.id,
        e1_1.activo,
        e1_1.costo,
        e1_1.created_at,
        e1_1.descripcion,
        e1_1.nombre 
    from
        medico_especialidades e1_0 
    join
        especialidades e1_1 
            on e1_1.id=e1_0.especialidad_id 
    where
        e1_0.medico_id=?
2026-07-09 00:34:14.796 DEBUG 15948 --- [http-nio-8080-exec-3] org.hibernate.SQL                        : 
    select
        u1_0.id,
        u1_0.activo,
        u1_0.apellido,
        u1_0.created_at,
        u1_0.dni,
        u1_0.email,
        u1_0.foto_perfil,
        u1_0.nombre,
        u1_0.password,
        u1_0.rol,
        u1_0.telefono,
        u1_0.updated_at 
    from
        usuarios u1_0 
    where
        u1_0.email=?
2026-07-09 00:34:14.803 DEBUG 15948 --- [http-nio-8080-exec-3] org.hibernate.SQL                        : 
    select
        u1_0.id,
        u1_0.activo,
        u1_0.apellido,
        u1_0.created_at,
        u1_0.dni,
        u1_0.email,
        u1_0.foto_perfil,
        u1_0.nombre,
        u1_0.password,
        u1_0.rol,
        u1_0.telefono,
        u1_0.updated_at 
    from
        usuarios u1_0 
    where
        u1_0.email=?
2026-07-09 00:34:14.807 DEBUG 15948 --- [http-nio-8080-exec-3] org.hibernate.SQL                        : 
    select
        m1_0.id,
        m1_0.created_at,
        m1_0.numero_colegiatura,
        m1_0.updated_at,
        m1_0.usuario_id 
    from
        medicos m1_0 
    left join
        usuarios u1_0 
            on u1_0.id=m1_0.usuario_id 
    where
        u1_0.id=?
2026-07-09 00:34:14.811 DEBUG 15948 --- [http-nio-8080-exec-3] org.hibernate.SQL                        : 
    select
        c1_0.id,
        c1_0.created_at,
        c1_0.especialidad_id,
        c1_0.estado,
        c1_0.fecha,
        c1_0.hora_fin,
        c1_0.hora_inicio,
        c1_0.medico_id,
        c1_0.motivo_consulta,
        c1_0.observaciones,
        c1_0.paciente_id,
        c1_0.updated_at 
    from
        citas c1_0 
    left join
        medicos m1_0 
            on m1_0.id=c1_0.medico_id 
    where
        m1_0.id=?
2026-07-09 00:34:14.956 DEBUG 15948 --- [http-nio-8080-exec-5] org.hibernate.SQL                        : 
    select
        u1_0.id,
        u1_0.activo,
        u1_0.apellido,
        u1_0.created_at,
        u1_0.dni,
        u1_0.email,
        u1_0.foto_perfil,
        u1_0.nombre,
        u1_0.password,
        u1_0.rol,
        u1_0.telefono,
        u1_0.updated_at 
    from
        usuarios u1_0 
    where
        u1_0.email=?
2026-07-09 00:34:14.962 DEBUG 15948 --- [http-nio-8080-exec-5] org.hibernate.SQL                        : 
    select
        u1_0.id,
        u1_0.activo,
        u1_0.apellido,
        u1_0.created_at,
        u1_0.dni,
        u1_0.email,
        u1_0.foto_perfil,
        u1_0.nombre,
        u1_0.password,
        u1_0.rol,
        u1_0.telefono,
        u1_0.updated_at 
    from
        usuarios u1_0 
    where
        u1_0.email=?
2026-07-09 00:34:14.965 DEBUG 15948 --- [http-nio-8080-exec-5] org.hibernate.SQL                        : 
    select
        m1_0.id,
        m1_0.created_at,
        m1_0.numero_colegiatura,
        m1_0.updated_at,
        m1_0.usuario_id 
    from
        medicos m1_0 
    left join
        usuarios u1_0 
            on u1_0.id=m1_0.usuario_id 
    where
        u1_0.id=?
2026-07-09 00:34:14.969 DEBUG 15948 --- [http-nio-8080-exec-5] org.hibernate.SQL                        : 
    select
        c1_0.id,
        c1_0.created_at,
        c1_0.especialidad_id,
        c1_0.estado,
        c1_0.fecha,
        c1_0.hora_fin,
        c1_0.hora_inicio,
        c1_0.medico_id,
        c1_0.motivo_consulta,
        c1_0.observaciones,
        c1_0.paciente_id,
        c1_0.updated_at 
    from
        citas c1_0 
    left join
        medicos m1_0 
            on m1_0.id=c1_0.medico_id 
    where
        m1_0.id=? 
        and c1_0.fecha=?
2026-07-09 00:34:14.971 DEBUG 15948 --- [http-nio-8080-exec-5] org.hibernate.SQL                        : 
    select
        c1_0.id,
        c1_0.created_at,
        c1_0.especialidad_id,
        c1_0.estado,
        c1_0.fecha,
        c1_0.hora_fin,
        c1_0.hora_inicio,
        c1_0.medico_id,
        c1_0.motivo_consulta,
        c1_0.observaciones,
        c1_0.paciente_id,
        c1_0.updated_at 
    from
        citas c1_0 
    left join
        medicos m1_0 
            on m1_0.id=c1_0.medico_id 
    where
        m1_0.id=?
2026-07-09 00:34:15.010 DEBUG 15948 --- [http-nio-8080-exec-5] org.hibernate.SQL                        : 
    select
        e1_0.medico_id,
        e1_1.id,
        e1_1.activo,
        e1_1.costo,
        e1_1.created_at,
        e1_1.descripcion,
        e1_1.nombre 
    from
        medico_especialidades e1_0 
    join
        especialidades e1_1 
            on e1_1.id=e1_0.especialidad_id 
    where
        e1_0.medico_id=?
2026-07-09 00:34:15.421 DEBUG 15948 --- [http-nio-8080-exec-9] org.hibernate.SQL                        : 
    select
        u1_0.id,
        u1_0.activo,
        u1_0.apellido,
        u1_0.created_at,
        u1_0.dni,
        u1_0.email,
        u1_0.foto_perfil,
        u1_0.nombre,
        u1_0.password,
        u1_0.rol,
        u1_0.telefono,
        u1_0.updated_at 
    from
        usuarios u1_0 
    where
        u1_0.email=?
2026-07-09 00:34:15.426 DEBUG 15948 --- [http-nio-8080-exec-9] org.hibernate.SQL                        : 
    select
        u1_0.id,
        u1_0.activo,
        u1_0.apellido,
        u1_0.created_at,
        u1_0.dni,
        u1_0.email,
        u1_0.foto_perfil,
        u1_0.nombre,
        u1_0.password,
        u1_0.rol,
        u1_0.telefono,
        u1_0.updated_at 
    from
        usuarios u1_0 
    where
        u1_0.email=?
2026-07-09 00:34:15.430 DEBUG 15948 --- [http-nio-8080-exec-9] org.hibernate.SQL                        : 
    select
        m1_0.id,
        m1_0.created_at,
        m1_0.numero_colegiatura,
        m1_0.updated_at,
        m1_0.usuario_id 
    from
        medicos m1_0 
    left join
        usuarios u1_0 
            on u1_0.id=m1_0.usuario_id 
    where
        u1_0.id=?
2026-07-09 00:34:15.434 DEBUG 15948 --- [http-nio-8080-exec-9] org.hibernate.SQL                        : 
    select
        c1_0.id,
        c1_0.created_at,
        c1_0.especialidad_id,
        c1_0.estado,
        c1_0.fecha,
        c1_0.hora_fin,
        c1_0.hora_inicio,
        c1_0.medico_id,
        c1_0.motivo_consulta,
        c1_0.observaciones,
        c1_0.paciente_id,
        c1_0.updated_at 
    from
        citas c1_0 
    left join
        medicos m1_0 
            on m1_0.id=c1_0.medico_id 
    where
        m1_0.id=?
2026-07-09 00:34:15.437 DEBUG 15948 --- [http-nio-8080-exec-9] org.hibernate.SQL                        : 
    select
        dm1_0.id,
        dm1_0.activo,
        dm1_0.created_at,
        dm1_0.dia_semana,
        dm1_0.duracion_consulta_min,
        dm1_0.hora_fin,
        dm1_0.hora_inicio,
        dm1_0.medico_id,
        dm1_0.updated_at 
    from
        disponibilidad_medica dm1_0 
    left join
        medicos m1_0 
            on m1_0.id=dm1_0.medico_id 
    where
        m1_0.id=?
2026-07-09 00:34:15.472 DEBUG 15948 --- [http-nio-8080-exec-9] org.hibernate.SQL                        : 
    select
        e1_0.medico_id,
        e1_1.id,
        e1_1.activo,
        e1_1.costo,
        e1_1.created_at,
        e1_1.descripcion,
        e1_1.nombre 
    from
        medico_especialidades e1_0 
    join
        especialidades e1_1 
            on e1_1.id=e1_0.especialidad_id 
    where
        e1_0.medico_id=?
2026-07-09 00:34:25.944 DEBUG 15948 --- [http-nio-8080-exec-1] org.hibernate.SQL                        : 
    select
        u1_0.id,
        u1_0.activo,
        u1_0.apellido,
        u1_0.created_at,
        u1_0.dni,
        u1_0.email,
        u1_0.foto_perfil,
        u1_0.nombre,
        u1_0.password,
        u1_0.rol,
        u1_0.telefono,
        u1_0.updated_at 
    from
        usuarios u1_0 
    where
        u1_0.email=?
2026-07-09 00:34:25.949 DEBUG 15948 --- [http-nio-8080-exec-1] org.hibernate.SQL                        : 
    select
        u1_0.id,
        u1_0.activo,
        u1_0.apellido,
        u1_0.created_at,
        u1_0.dni,
        u1_0.email,
        u1_0.foto_perfil,
        u1_0.nombre,
        u1_0.password,
        u1_0.rol,
        u1_0.telefono,
        u1_0.updated_at 
    from
        usuarios u1_0 
    where
        u1_0.email=?
2026-07-09 00:34:25.952 DEBUG 15948 --- [http-nio-8080-exec-1] org.hibernate.SQL                        : 
    select
        m1_0.id,
        m1_0.created_at,
        m1_0.numero_colegiatura,
        m1_0.updated_at,
        m1_0.usuario_id 
    from
        medicos m1_0 
    left join
        usuarios u1_0 
            on u1_0.id=m1_0.usuario_id 
    where
        u1_0.id=?
2026-07-09 00:34:25.955 DEBUG 15948 --- [http-nio-8080-exec-1] org.hibernate.SQL                        : 
    select
        c1_0.id,
        c1_0.created_at,
        c1_0.especialidad_id,
        c1_0.estado,
        c1_0.fecha,
        c1_0.hora_fin,
        c1_0.hora_inicio,
        c1_0.medico_id,
        c1_0.motivo_consulta,
        c1_0.observaciones,
        c1_0.paciente_id,
        c1_0.updated_at 
    from
        citas c1_0 
    left join
        medicos m1_0 
            on m1_0.id=c1_0.medico_id 
    where
        m1_0.id=? 
        and c1_0.fecha=?
2026-07-09 00:34:25.959 DEBUG 15948 --- [http-nio-8080-exec-1] org.hibernate.SQL                        : 
    select
        c1_0.id,
        c1_0.created_at,
        c1_0.especialidad_id,
        c1_0.estado,
        c1_0.fecha,
        c1_0.hora_fin,
        c1_0.hora_inicio,
        c1_0.medico_id,
        c1_0.motivo_consulta,
        c1_0.observaciones,
        c1_0.paciente_id,
        c1_0.updated_at 
    from
        citas c1_0 
    left join
        medicos m1_0 
            on m1_0.id=c1_0.medico_id 
    where
        m1_0.id=?
2026-07-09 00:34:26.075 DEBUG 15948 --- [http-nio-8080-exec-1] org.hibernate.SQL                        : 
    select
        e1_0.medico_id,
        e1_1.id,
        e1_1.activo,
        e1_1.costo,
        e1_1.created_at,
        e1_1.descripcion,
        e1_1.nombre 
    from
        medico_especialidades e1_0 
    join
        especialidades e1_1 
            on e1_1.id=e1_0.especialidad_id 
    where
        e1_0.medico_id=?
2026-07-09 00:34:28.072 DEBUG 15948 --- [http-nio-8080-exec-7] org.hibernate.SQL                        : 
    select
        u1_0.id,
        u1_0.activo,
        u1_0.apellido,
        u1_0.created_at,
        u1_0.dni,
        u1_0.email,
        u1_0.foto_perfil,
        u1_0.nombre,
        u1_0.password,
        u1_0.rol,
        u1_0.telefono,
        u1_0.updated_at 
    from
        usuarios u1_0 
    where
        u1_0.email=?
2026-07-09 00:34:34.601  INFO 15948 --- [http-nio-8080-exec-8] com.sisol.salud.service.AuthService      : Intento de inicio de sesión para el usuario: paciente1@sisol.com
2026-07-09 00:34:34.602 DEBUG 15948 --- [http-nio-8080-exec-8] org.hibernate.SQL                        : 
    select
        u1_0.id,
        u1_0.activo,
        u1_0.apellido,
        u1_0.created_at,
        u1_0.dni,
        u1_0.email,
        u1_0.foto_perfil,
        u1_0.nombre,
        u1_0.password,
        u1_0.rol,
        u1_0.telefono,
        u1_0.updated_at 
    from
        usuarios u1_0 
    where
        u1_0.email=?
2026-07-09 00:34:34.663 DEBUG 15948 --- [http-nio-8080-exec-8] org.hibernate.SQL                        : 
    select
        u1_0.id,
        u1_0.activo,
        u1_0.apellido,
        u1_0.created_at,
        u1_0.dni,
        u1_0.email,
        u1_0.foto_perfil,
        u1_0.nombre,
        u1_0.password,
        u1_0.rol,
        u1_0.telefono,
        u1_0.updated_at 
    from
        usuarios u1_0 
    where
        u1_0.email=?
2026-07-09 00:34:34.665 DEBUG 15948 --- [http-nio-8080-exec-8] org.hibernate.SQL                        : 
    select
        u1_0.id,
        u1_0.activo,
        u1_0.apellido,
        u1_0.created_at,
        u1_0.dni,
        u1_0.email,
        u1_0.foto_perfil,
        u1_0.nombre,
        u1_0.password,
        u1_0.rol,
        u1_0.telefono,
        u1_0.updated_at 
    from
        usuarios u1_0 
    where
        u1_0.email=?
2026-07-09 00:34:34.674 DEBUG 15948 --- [http-nio-8080-exec-6] org.hibernate.SQL                        : 
    select
        u1_0.id,
        u1_0.activo,
        u1_0.apellido,
        u1_0.created_at,
        u1_0.dni,
        u1_0.email,
        u1_0.foto_perfil,
        u1_0.nombre,
        u1_0.password,
        u1_0.rol,
        u1_0.telefono,
        u1_0.updated_at 
    from
        usuarios u1_0 
    where
        u1_0.email=?
2026-07-09 00:34:34.682 DEBUG 15948 --- [http-nio-8080-exec-6] org.hibernate.SQL                        : 
    select
        u1_0.id,
        u1_0.activo,
        u1_0.apellido,
        u1_0.created_at,
        u1_0.dni,
        u1_0.email,
        u1_0.foto_perfil,
        u1_0.nombre,
        u1_0.password,
        u1_0.rol,
        u1_0.telefono,
        u1_0.updated_at 
    from
        usuarios u1_0 
    where
        u1_0.email=?
2026-07-09 00:34:34.686 DEBUG 15948 --- [http-nio-8080-exec-6] org.hibernate.SQL                        : 
    select
        p1_0.id,
        p1_0.contacto_emergencia_nombre,
        p1_0.contacto_emergencia_parentesco,
        p1_0.contacto_emergencia_telefono,
        p1_0.created_at,
        p1_0.direccion,
        p1_0.fecha_nacimiento,
        p1_0.genero,
        p1_0.grupo_sanguineo,
        p1_0.updated_at,
        p1_0.usuario_id 
    from
        pacientes p1_0 
    left join
        usuarios u1_0 
            on u1_0.id=p1_0.usuario_id 
    where
        u1_0.id=?
2026-07-09 00:34:34.692 DEBUG 15948 --- [http-nio-8080-exec-6] org.hibernate.SQL                        : 
    select
        c1_0.id,
        c1_0.created_at,
        c1_0.especialidad_id,
        c1_0.estado,
        c1_0.fecha,
        c1_0.hora_fin,
        c1_0.hora_inicio,
        c1_0.medico_id,
        c1_0.motivo_consulta,
        c1_0.observaciones,
        c1_0.paciente_id,
        c1_0.updated_at 
    from
        citas c1_0 
    left join
        pacientes p1_0 
            on p1_0.id=c1_0.paciente_id 
    where
        p1_0.id=?
2026-07-09 00:34:34.762 DEBUG 15948 --- [http-nio-8080-exec-2] org.hibernate.SQL                        : 
    select
        u1_0.id,
        u1_0.activo,
        u1_0.apellido,
        u1_0.created_at,
        u1_0.dni,
        u1_0.email,
        u1_0.foto_perfil,
        u1_0.nombre,
        u1_0.password,
        u1_0.rol,
        u1_0.telefono,
        u1_0.updated_at 
    from
        usuarios u1_0 
    where
        u1_0.email=?
2026-07-09 00:34:34.762 DEBUG 15948 --- [http-nio-8080-exec-7] org.hibernate.SQL                        : 
    select
        u1_0.id,
        u1_0.activo,
        u1_0.apellido,
        u1_0.created_at,
        u1_0.dni,
        u1_0.email,
        u1_0.foto_perfil,
        u1_0.nombre,
        u1_0.password,
        u1_0.rol,
        u1_0.telefono,
        u1_0.updated_at 
    from
        usuarios u1_0 
    where
        u1_0.email=?
2026-07-09 00:34:34.763 DEBUG 15948 --- [http-nio-8080-exec-3] org.hibernate.SQL                        : 
    select
        u1_0.id,
        u1_0.activo,
        u1_0.apellido,
        u1_0.created_at,
        u1_0.dni,
        u1_0.email,
        u1_0.foto_perfil,
        u1_0.nombre,
        u1_0.password,
        u1_0.rol,
        u1_0.telefono,
        u1_0.updated_at 
    from
        usuarios u1_0 
    where
        u1_0.email=?
2026-07-09 00:34:34.763 DEBUG 15948 --- [http-nio-8080-exec-5] org.hibernate.SQL                        : 
    select
        u1_0.id,
        u1_0.activo,
        u1_0.apellido,
        u1_0.created_at,
        u1_0.dni,
        u1_0.email,
        u1_0.foto_perfil,
        u1_0.nombre,
        u1_0.password,
        u1_0.rol,
        u1_0.telefono,
        u1_0.updated_at 
    from
        usuarios u1_0 
    where
        u1_0.email=?
2026-07-09 00:34:34.794 DEBUG 15948 --- [http-nio-8080-exec-9] org.hibernate.SQL                        : 
    select
        u1_0.id,
        u1_0.activo,
        u1_0.apellido,
        u1_0.created_at,
        u1_0.dni,
        u1_0.email,
        u1_0.foto_perfil,
        u1_0.nombre,
        u1_0.password,
        u1_0.rol,
        u1_0.telefono,
        u1_0.updated_at 
    from
        usuarios u1_0 
    where
        u1_0.email=?
2026-07-09 00:34:49.195 DEBUG 15948 --- [http-nio-8080-exec-1] org.hibernate.SQL                        : 
    select
        u1_0.id,
        u1_0.activo,
        u1_0.apellido,
        u1_0.created_at,
        u1_0.dni,
        u1_0.email,
        u1_0.foto_perfil,
        u1_0.nombre,
        u1_0.password,
        u1_0.rol,
        u1_0.telefono,
        u1_0.updated_at 
    from
        usuarios u1_0 
    where
        u1_0.email=?
2026-07-09 00:34:49.203 DEBUG 15948 --- [http-nio-8080-exec-1] org.hibernate.SQL                        : 
    select
        u1_0.id,
        u1_0.activo,
        u1_0.apellido,
        u1_0.created_at,
        u1_0.dni,
        u1_0.email,
        u1_0.foto_perfil,
        u1_0.nombre,
        u1_0.password,
        u1_0.rol,
        u1_0.telefono,
        u1_0.updated_at 
    from
        usuarios u1_0 
    where
        u1_0.email=?
2026-07-09 00:34:49.207 DEBUG 15948 --- [http-nio-8080-exec-1] org.hibernate.SQL                        : 
    select
        p1_0.id,
        p1_0.contacto_emergencia_nombre,
        p1_0.contacto_emergencia_parentesco,
        p1_0.contacto_emergencia_telefono,
        p1_0.created_at,
        p1_0.direccion,
        p1_0.fecha_nacimiento,
        p1_0.genero,
        p1_0.grupo_sanguineo,
        p1_0.updated_at,
        p1_0.usuario_id 
    from
        pacientes p1_0 
    left join
        usuarios u1_0 
            on u1_0.id=p1_0.usuario_id 
    where
        u1_0.id=?
2026-07-09 00:34:49.213 DEBUG 15948 --- [http-nio-8080-exec-1] org.hibernate.SQL                        : 
    select
        c1_0.id,
        c1_0.created_at,
        c1_0.especialidad_id,
        c1_0.estado,
        c1_0.fecha,
        c1_0.hora_fin,
        c1_0.hora_inicio,
        c1_0.medico_id,
        c1_0.motivo_consulta,
        c1_0.observaciones,
        c1_0.paciente_id,
        c1_0.updated_at 
    from
        citas c1_0 
    left join
        pacientes p1_0 
            on p1_0.id=c1_0.paciente_id 
    where
        p1_0.id=?
2026-07-09 00:34:49.281 DEBUG 15948 --- [http-nio-8080-exec-6] org.hibernate.SQL                        : 
    select
        u1_0.id,
        u1_0.activo,
        u1_0.apellido,
        u1_0.created_at,
        u1_0.dni,
        u1_0.email,
        u1_0.foto_perfil,
        u1_0.nombre,
        u1_0.password,
        u1_0.rol,
        u1_0.telefono,
        u1_0.updated_at 
    from
        usuarios u1_0 
    where
        u1_0.email=?
2026-07-09 00:34:49.294 DEBUG 15948 --- [http-nio-8080-exec-10] org.hibernate.SQL                        : 
    select
        u1_0.id,
        u1_0.activo,
        u1_0.apellido,
        u1_0.created_at,
        u1_0.dni,
        u1_0.email,
        u1_0.foto_perfil,
        u1_0.nombre,
        u1_0.password,
        u1_0.rol,
        u1_0.telefono,
        u1_0.updated_at 
    from
        usuarios u1_0 
    where
        u1_0.email=?
2026-07-09 00:34:49.294 DEBUG 15948 --- [http-nio-8080-exec-8] org.hibernate.SQL                        : 
    select
        u1_0.id,
        u1_0.activo,
        u1_0.apellido,
        u1_0.created_at,
        u1_0.dni,
        u1_0.email,
        u1_0.foto_perfil,
        u1_0.nombre,
        u1_0.password,
        u1_0.rol,
        u1_0.telefono,
        u1_0.updated_at 
    from
        usuarios u1_0 
    where
        u1_0.email=?
2026-07-09 00:34:49.372 DEBUG 15948 --- [http-nio-8080-exec-7] org.hibernate.SQL                        : 
    select
        u1_0.id,
        u1_0.activo,
        u1_0.apellido,
        u1_0.created_at,
        u1_0.dni,
        u1_0.email,
        u1_0.foto_perfil,
        u1_0.nombre,
        u1_0.password,
        u1_0.rol,
        u1_0.telefono,
        u1_0.updated_at 
    from
        usuarios u1_0 
    where
        u1_0.email=?
2026-07-09 00:34:49.432 DEBUG 15948 --- [http-nio-8080-exec-2] org.hibernate.SQL                        : 
    select
        u1_0.id,
        u1_0.activo,
        u1_0.apellido,
        u1_0.created_at,
        u1_0.dni,
        u1_0.email,
        u1_0.foto_perfil,
        u1_0.nombre,
        u1_0.password,
        u1_0.rol,
        u1_0.telefono,
        u1_0.updated_at 
    from
        usuarios u1_0 
    where
        u1_0.email=?
2026-07-09 00:34:52.507 DEBUG 15948 --- [http-nio-8080-exec-5] org.hibernate.SQL                        : 
    select
        u1_0.id,
        u1_0.activo,
        u1_0.apellido,
        u1_0.created_at,
        u1_0.dni,
        u1_0.email,
        u1_0.foto_perfil,
        u1_0.nombre,
        u1_0.password,
        u1_0.rol,
        u1_0.telefono,
        u1_0.updated_at 
    from
        usuarios u1_0 
    where
        u1_0.email=?
2026-07-09 00:34:52.516 DEBUG 15948 --- [http-nio-8080-exec-5] org.hibernate.SQL                        : 
    select
        u1_0.id,
        u1_0.activo,
        u1_0.apellido,
        u1_0.created_at,
        u1_0.dni,
        u1_0.email,
        u1_0.foto_perfil,
        u1_0.nombre,
        u1_0.password,
        u1_0.rol,
        u1_0.telefono,
        u1_0.updated_at 
    from
        usuarios u1_0 
    where
        u1_0.email=?
2026-07-09 00:34:52.519 DEBUG 15948 --- [http-nio-8080-exec-5] org.hibernate.SQL                        : 
    select
        p1_0.id,
        p1_0.contacto_emergencia_nombre,
        p1_0.contacto_emergencia_parentesco,
        p1_0.contacto_emergencia_telefono,
        p1_0.created_at,
        p1_0.direccion,
        p1_0.fecha_nacimiento,
        p1_0.genero,
        p1_0.grupo_sanguineo,
        p1_0.updated_at,
        p1_0.usuario_id 
    from
        pacientes p1_0 
    left join
        usuarios u1_0 
            on u1_0.id=p1_0.usuario_id 
    where
        u1_0.id=?
2026-07-09 00:34:52.522 DEBUG 15948 --- [http-nio-8080-exec-5] org.hibernate.SQL                        : 
    select
        c1_0.id,
        c1_0.created_at,
        c1_0.especialidad_id,
        c1_0.estado,
        c1_0.fecha,
        c1_0.hora_fin,
        c1_0.hora_inicio,
        c1_0.medico_id,
        c1_0.motivo_consulta,
        c1_0.observaciones,
        c1_0.paciente_id,
        c1_0.updated_at 
    from
        citas c1_0 
    left join
        pacientes p1_0 
            on p1_0.id=c1_0.paciente_id 
    where
        p1_0.id=?
2026-07-09 00:34:52.599 DEBUG 15948 --- [http-nio-8080-exec-9] org.hibernate.SQL                        : 
    select
        u1_0.id,
        u1_0.activo,
        u1_0.apellido,
        u1_0.created_at,
        u1_0.dni,
        u1_0.email,
        u1_0.foto_perfil,
        u1_0.nombre,
        u1_0.password,
        u1_0.rol,
        u1_0.telefono,
        u1_0.updated_at 
    from
        usuarios u1_0 
    where
        u1_0.email=?
2026-07-09 00:34:52.602 DEBUG 15948 --- [http-nio-8080-exec-1] org.hibernate.SQL                        : 
    select
        u1_0.id,
        u1_0.activo,
        u1_0.apellido,
        u1_0.created_at,
        u1_0.dni,
        u1_0.email,
        u1_0.foto_perfil,
        u1_0.nombre,
        u1_0.password,
        u1_0.rol,
        u1_0.telefono,
        u1_0.updated_at 
    from
        usuarios u1_0 
    where
        u1_0.email=?
2026-07-09 00:34:52.602 DEBUG 15948 --- [http-nio-8080-exec-3] org.hibernate.SQL                        : 
    select
        u1_0.id,
        u1_0.activo,
        u1_0.apellido,
        u1_0.created_at,
        u1_0.dni,
        u1_0.email,
        u1_0.foto_perfil,
        u1_0.nombre,
        u1_0.password,
        u1_0.rol,
        u1_0.telefono,
        u1_0.updated_at 
    from
        usuarios u1_0 
    where
        u1_0.email=?
2026-07-09 00:34:52.604 DEBUG 15948 --- [http-nio-8080-exec-4] org.hibernate.SQL                        : 
    select
        u1_0.id,
        u1_0.activo,
        u1_0.apellido,
        u1_0.created_at,
        u1_0.dni,
        u1_0.email,
        u1_0.foto_perfil,
        u1_0.nombre,
        u1_0.password,
        u1_0.rol,
        u1_0.telefono,
        u1_0.updated_at 
    from
        usuarios u1_0 
    where
        u1_0.email=?
2026-07-09 00:34:52.646 DEBUG 15948 --- [http-nio-8080-exec-6] org.hibernate.SQL                        : 
    select
        u1_0.id,
        u1_0.activo,
        u1_0.apellido,
        u1_0.created_at,
        u1_0.dni,
        u1_0.email,
        u1_0.foto_perfil,
        u1_0.nombre,
        u1_0.password,
        u1_0.rol,
        u1_0.telefono,
        u1_0.updated_at 
    from
        usuarios u1_0 
    where
        u1_0.email=?
2026-07-09 00:34:54.922 DEBUG 15948 --- [http-nio-8080-exec-8] org.hibernate.SQL                        : 
    select
        u1_0.id,
        u1_0.activo,
        u1_0.apellido,
        u1_0.created_at,
        u1_0.dni,
        u1_0.email,
        u1_0.foto_perfil,
        u1_0.nombre,
        u1_0.password,
        u1_0.rol,
        u1_0.telefono,
        u1_0.updated_at 
    from
        usuarios u1_0 
    where
        u1_0.email=?
2026-07-09 00:34:54.927 DEBUG 15948 --- [http-nio-8080-exec-8] org.hibernate.SQL                        : 
    select
        u1_0.id,
        u1_0.activo,
        u1_0.apellido,
        u1_0.created_at,
        u1_0.dni,
        u1_0.email,
        u1_0.foto_perfil,
        u1_0.nombre,
        u1_0.password,
        u1_0.rol,
        u1_0.telefono,
        u1_0.updated_at 
    from
        usuarios u1_0 
    where
        u1_0.email=?
2026-07-09 00:34:54.931 DEBUG 15948 --- [http-nio-8080-exec-8] org.hibernate.SQL                        : 
    select
        p1_0.id,
        p1_0.contacto_emergencia_nombre,
        p1_0.contacto_emergencia_parentesco,
        p1_0.contacto_emergencia_telefono,
        p1_0.created_at,
        p1_0.direccion,
        p1_0.fecha_nacimiento,
        p1_0.genero,
        p1_0.grupo_sanguineo,
        p1_0.updated_at,
        p1_0.usuario_id 
    from
        pacientes p1_0 
    left join
        usuarios u1_0 
            on u1_0.id=p1_0.usuario_id 
    where
        u1_0.id=?
2026-07-09 00:34:54.935 DEBUG 15948 --- [http-nio-8080-exec-8] org.hibernate.SQL                        : 
    select
        c1_0.id,
        c1_0.created_at,
        c1_0.especialidad_id,
        c1_0.estado,
        c1_0.fecha,
        c1_0.hora_fin,
        c1_0.hora_inicio,
        c1_0.medico_id,
        c1_0.motivo_consulta,
        c1_0.observaciones,
        c1_0.paciente_id,
        c1_0.updated_at 
    from
        citas c1_0 
    left join
        pacientes p1_0 
            on p1_0.id=c1_0.paciente_id 
    where
        p1_0.id=?
2026-07-09 00:34:54.986 DEBUG 15948 --- [http-nio-8080-exec-10] org.hibernate.SQL                        : 
    select
        u1_0.id,
        u1_0.activo,
        u1_0.apellido,
        u1_0.created_at,
        u1_0.dni,
        u1_0.email,
        u1_0.foto_perfil,
        u1_0.nombre,
        u1_0.password,
        u1_0.rol,
        u1_0.telefono,
        u1_0.updated_at 
    from
        usuarios u1_0 
    where
        u1_0.email=?
2026-07-09 00:34:54.988 DEBUG 15948 --- [http-nio-8080-exec-2] org.hibernate.SQL                        : 
    select
        u1_0.id,
        u1_0.activo,
        u1_0.apellido,
        u1_0.created_at,
        u1_0.dni,
        u1_0.email,
        u1_0.foto_perfil,
        u1_0.nombre,
        u1_0.password,
        u1_0.rol,
        u1_0.telefono,
        u1_0.updated_at 
    from
        usuarios u1_0 
    where
        u1_0.email=?
2026-07-09 00:34:54.990 DEBUG 15948 --- [http-nio-8080-exec-7] org.hibernate.SQL                        : 
    select
        u1_0.id,
        u1_0.activo,
        u1_0.apellido,
        u1_0.created_at,
        u1_0.dni,
        u1_0.email,
        u1_0.foto_perfil,
        u1_0.nombre,
        u1_0.password,
        u1_0.rol,
        u1_0.telefono,
        u1_0.updated_at 
    from
        usuarios u1_0 
    where
        u1_0.email=?
2026-07-09 00:34:54.990 DEBUG 15948 --- [http-nio-8080-exec-5] org.hibernate.SQL                        : 
    select
        u1_0.id,
        u1_0.activo,
        u1_0.apellido,
        u1_0.created_at,
        u1_0.dni,
        u1_0.email,
        u1_0.foto_perfil,
        u1_0.nombre,
        u1_0.password,
        u1_0.rol,
        u1_0.telefono,
        u1_0.updated_at 
    from
        usuarios u1_0 
    where
        u1_0.email=?
2026-07-09 00:34:55.025 DEBUG 15948 --- [http-nio-8080-exec-9] org.hibernate.SQL                        : 
    select
        u1_0.id,
        u1_0.activo,
        u1_0.apellido,
        u1_0.created_at,
        u1_0.dni,
        u1_0.email,
        u1_0.foto_perfil,
        u1_0.nombre,
        u1_0.password,
        u1_0.rol,
        u1_0.telefono,
        u1_0.updated_at 
    from
        usuarios u1_0 
    where
        u1_0.email=?
2026-07-09 00:34:56.472 DEBUG 15948 --- [http-nio-8080-exec-1] org.hibernate.SQL                        : 
    select
        u1_0.id,
        u1_0.activo,
        u1_0.apellido,
        u1_0.created_at,
        u1_0.dni,
        u1_0.email,
        u1_0.foto_perfil,
        u1_0.nombre,
        u1_0.password,
        u1_0.rol,
        u1_0.telefono,
        u1_0.updated_at 
    from
        usuarios u1_0 
    where
        u1_0.email=?
2026-07-09 00:34:56.475 DEBUG 15948 --- [http-nio-8080-exec-1] org.hibernate.SQL                        : 
    select
        u1_0.id,
        u1_0.activo,
        u1_0.apellido,
        u1_0.created_at,
        u1_0.dni,
        u1_0.email,
        u1_0.foto_perfil,
        u1_0.nombre,
        u1_0.password,
        u1_0.rol,
        u1_0.telefono,
        u1_0.updated_at 
    from
        usuarios u1_0 
    where
        u1_0.email=?
2026-07-09 00:34:56.480 DEBUG 15948 --- [http-nio-8080-exec-1] org.hibernate.SQL                        : 
    select
        p1_0.id,
        p1_0.contacto_emergencia_nombre,
        p1_0.contacto_emergencia_parentesco,
        p1_0.contacto_emergencia_telefono,
        p1_0.created_at,
        p1_0.direccion,
        p1_0.fecha_nacimiento,
        p1_0.genero,
        p1_0.grupo_sanguineo,
        p1_0.updated_at,
        p1_0.usuario_id 
    from
        pacientes p1_0 
    left join
        usuarios u1_0 
            on u1_0.id=p1_0.usuario_id 
    where
        u1_0.id=?
2026-07-09 00:34:56.486 DEBUG 15948 --- [http-nio-8080-exec-1] org.hibernate.SQL                        : 
    select
        c1_0.id,
        c1_0.created_at,
        c1_0.especialidad_id,
        c1_0.estado,
        c1_0.fecha,
        c1_0.hora_fin,
        c1_0.hora_inicio,
        c1_0.medico_id,
        c1_0.motivo_consulta,
        c1_0.observaciones,
        c1_0.paciente_id,
        c1_0.updated_at 
    from
        citas c1_0 
    left join
        pacientes p1_0 
            on p1_0.id=c1_0.paciente_id 
    where
        p1_0.id=?
2026-07-09 00:34:56.539 DEBUG 15948 --- [http-nio-8080-exec-3] org.hibernate.SQL                        : 
    select
        u1_0.id,
        u1_0.activo,
        u1_0.apellido,
        u1_0.created_at,
        u1_0.dni,
        u1_0.email,
        u1_0.foto_perfil,
        u1_0.nombre,
        u1_0.password,
        u1_0.rol,
        u1_0.telefono,
        u1_0.updated_at 
    from
        usuarios u1_0 
    where
        u1_0.email=?
2026-07-09 00:34:56.541 DEBUG 15948 --- [http-nio-8080-exec-8] org.hibernate.SQL                        : 
    select
        u1_0.id,
        u1_0.activo,
        u1_0.apellido,
        u1_0.created_at,
        u1_0.dni,
        u1_0.email,
        u1_0.foto_perfil,
        u1_0.nombre,
        u1_0.password,
        u1_0.rol,
        u1_0.telefono,
        u1_0.updated_at 
    from
        usuarios u1_0 
    where
        u1_0.email=?
2026-07-09 00:34:56.539 DEBUG 15948 --- [http-nio-8080-exec-6] org.hibernate.SQL                        : 
    select
        u1_0.id,
        u1_0.activo,
        u1_0.apellido,
        u1_0.created_at,
        u1_0.dni,
        u1_0.email,
        u1_0.foto_perfil,
        u1_0.nombre,
        u1_0.password,
        u1_0.rol,
        u1_0.telefono,
        u1_0.updated_at 
    from
        usuarios u1_0 
    where
        u1_0.email=?
2026-07-09 00:34:56.540 DEBUG 15948 --- [http-nio-8080-exec-4] org.hibernate.SQL                        : 
    select
        u1_0.id,
        u1_0.activo,
        u1_0.apellido,
        u1_0.created_at,
        u1_0.dni,
        u1_0.email,
        u1_0.foto_perfil,
        u1_0.nombre,
        u1_0.password,
        u1_0.rol,
        u1_0.telefono,
        u1_0.updated_at 
    from
        usuarios u1_0 
    where
        u1_0.email=?
2026-07-09 00:34:56.579 DEBUG 15948 --- [http-nio-8080-exec-2] org.hibernate.SQL                        : 
    select
        u1_0.id,
        u1_0.activo,
        u1_0.apellido,
        u1_0.created_at,
        u1_0.dni,
        u1_0.email,
        u1_0.foto_perfil,
        u1_0.nombre,
        u1_0.password,
        u1_0.rol,
        u1_0.telefono,
        u1_0.updated_at 
    from
        usuarios u1_0 
    where
        u1_0.email=?
2026-07-09 00:34:57.464 DEBUG 15948 --- [http-nio-8080-exec-7] org.hibernate.SQL                        : 
    select
        u1_0.id,
        u1_0.activo,
        u1_0.apellido,
        u1_0.created_at,
        u1_0.dni,
        u1_0.email,
        u1_0.foto_perfil,
        u1_0.nombre,
        u1_0.password,
        u1_0.rol,
        u1_0.telefono,
        u1_0.updated_at 
    from
        usuarios u1_0 
    where
        u1_0.email=?
2026-07-09 00:34:57.469 DEBUG 15948 --- [http-nio-8080-exec-7] org.hibernate.SQL                        : 
    select
        u1_0.id,
        u1_0.activo,
        u1_0.apellido,
        u1_0.created_at,
        u1_0.dni,
        u1_0.email,
        u1_0.foto_perfil,
        u1_0.nombre,
        u1_0.password,
        u1_0.rol,
        u1_0.telefono,
        u1_0.updated_at 
    from
        usuarios u1_0 
    where
        u1_0.email=?
2026-07-09 00:34:57.472 DEBUG 15948 --- [http-nio-8080-exec-7] org.hibernate.SQL                        : 
    select
        p1_0.id,
        p1_0.contacto_emergencia_nombre,
        p1_0.contacto_emergencia_parentesco,
        p1_0.contacto_emergencia_telefono,
        p1_0.created_at,
        p1_0.direccion,
        p1_0.fecha_nacimiento,
        p1_0.genero,
        p1_0.grupo_sanguineo,
        p1_0.updated_at,
        p1_0.usuario_id 
    from
        pacientes p1_0 
    left join
        usuarios u1_0 
            on u1_0.id=p1_0.usuario_id 
    where
        u1_0.id=?
2026-07-09 00:34:57.474 DEBUG 15948 --- [http-nio-8080-exec-7] org.hibernate.SQL                        : 
    select
        c1_0.id,
        c1_0.created_at,
        c1_0.especialidad_id,
        c1_0.estado,
        c1_0.fecha,
        c1_0.hora_fin,
        c1_0.hora_inicio,
        c1_0.medico_id,
        c1_0.motivo_consulta,
        c1_0.observaciones,
        c1_0.paciente_id,
        c1_0.updated_at 
    from
        citas c1_0 
    left join
        pacientes p1_0 
            on p1_0.id=c1_0.paciente_id 
    where
        p1_0.id=?
2026-07-09 00:34:57.553 DEBUG 15948 --- [http-nio-8080-exec-9] org.hibernate.SQL                        : 
    select
        u1_0.id,
        u1_0.activo,
        u1_0.apellido,
        u1_0.created_at,
        u1_0.dni,
        u1_0.email,
        u1_0.foto_perfil,
        u1_0.nombre,
        u1_0.password,
        u1_0.rol,
        u1_0.telefono,
        u1_0.updated_at 
    from
        usuarios u1_0 
    where
        u1_0.email=?
2026-07-09 00:34:57.554 DEBUG 15948 --- [http-nio-8080-exec-5] org.hibernate.SQL                        : 
    select
        u1_0.id,
        u1_0.activo,
        u1_0.apellido,
        u1_0.created_at,
        u1_0.dni,
        u1_0.email,
        u1_0.foto_perfil,
        u1_0.nombre,
        u1_0.password,
        u1_0.rol,
        u1_0.telefono,
        u1_0.updated_at 
    from
        usuarios u1_0 
    where
        u1_0.email=?
2026-07-09 00:34:57.554 DEBUG 15948 --- [http-nio-8080-exec-10] org.hibernate.SQL                        : 
    select
        u1_0.id,
        u1_0.activo,
        u1_0.apellido,
        u1_0.created_at,
        u1_0.dni,
        u1_0.email,
        u1_0.foto_perfil,
        u1_0.nombre,
        u1_0.password,
        u1_0.rol,
        u1_0.telefono,
        u1_0.updated_at 
    from
        usuarios u1_0 
    where
        u1_0.email=?
2026-07-09 00:34:57.554 DEBUG 15948 --- [http-nio-8080-exec-1] org.hibernate.SQL                        : 
    select
        u1_0.id,
        u1_0.activo,
        u1_0.apellido,
        u1_0.created_at,
        u1_0.dni,
        u1_0.email,
        u1_0.foto_perfil,
        u1_0.nombre,
        u1_0.password,
        u1_0.rol,
        u1_0.telefono,
        u1_0.updated_at 
    from
        usuarios u1_0 
    where
        u1_0.email=?
2026-07-09 00:34:57.602 DEBUG 15948 --- [http-nio-8080-exec-6] org.hibernate.SQL                        : 
    select
        u1_0.id,
        u1_0.activo,
        u1_0.apellido,
        u1_0.created_at,
        u1_0.dni,
        u1_0.email,
        u1_0.foto_perfil,
        u1_0.nombre,
        u1_0.password,
        u1_0.rol,
        u1_0.telefono,
        u1_0.updated_at 
    from
        usuarios u1_0 
    where
        u1_0.email=?
2026-07-09 00:34:58.958 DEBUG 15948 --- [http-nio-8080-exec-4] org.hibernate.SQL                        : 
    select
        u1_0.id,
        u1_0.activo,
        u1_0.apellido,
        u1_0.created_at,
        u1_0.dni,
        u1_0.email,
        u1_0.foto_perfil,
        u1_0.nombre,
        u1_0.password,
        u1_0.rol,
        u1_0.telefono,
        u1_0.updated_at 
    from
        usuarios u1_0 
    where
        u1_0.email=?
2026-07-09 00:34:58.963 DEBUG 15948 --- [http-nio-8080-exec-4] org.hibernate.SQL                        : 
    select
        u1_0.id,
        u1_0.activo,
        u1_0.apellido,
        u1_0.created_at,
        u1_0.dni,
        u1_0.email,
        u1_0.foto_perfil,
        u1_0.nombre,
        u1_0.password,
        u1_0.rol,
        u1_0.telefono,
        u1_0.updated_at 
    from
        usuarios u1_0 
    where
        u1_0.email=?
2026-07-09 00:34:58.970 DEBUG 15948 --- [http-nio-8080-exec-4] org.hibernate.SQL                        : 
    select
        p1_0.id,
        p1_0.contacto_emergencia_nombre,
        p1_0.contacto_emergencia_parentesco,
        p1_0.contacto_emergencia_telefono,
        p1_0.created_at,
        p1_0.direccion,
        p1_0.fecha_nacimiento,
        p1_0.genero,
        p1_0.grupo_sanguineo,
        p1_0.updated_at,
        p1_0.usuario_id 
    from
        pacientes p1_0 
    left join
        usuarios u1_0 
            on u1_0.id=p1_0.usuario_id 
    where
        u1_0.id=?
2026-07-09 00:34:58.975 DEBUG 15948 --- [http-nio-8080-exec-4] org.hibernate.SQL                        : 
    select
        c1_0.id,
        c1_0.created_at,
        c1_0.especialidad_id,
        c1_0.estado,
        c1_0.fecha,
        c1_0.hora_fin,
        c1_0.hora_inicio,
        c1_0.medico_id,
        c1_0.motivo_consulta,
        c1_0.observaciones,
        c1_0.paciente_id,
        c1_0.updated_at 
    from
        citas c1_0 
    left join
        pacientes p1_0 
            on p1_0.id=c1_0.paciente_id 
    where
        p1_0.id=?
2026-07-09 00:34:59.035 DEBUG 15948 --- [http-nio-8080-exec-2] org.hibernate.SQL                        : 
    select
        u1_0.id,
        u1_0.activo,
        u1_0.apellido,
        u1_0.created_at,
        u1_0.dni,
        u1_0.email,
        u1_0.foto_perfil,
        u1_0.nombre,
        u1_0.password,
        u1_0.rol,
        u1_0.telefono,
        u1_0.updated_at 
    from
        usuarios u1_0 
    where
        u1_0.email=?
2026-07-09 00:34:59.038 DEBUG 15948 --- [http-nio-8080-exec-7] org.hibernate.SQL                        : 
    select
        u1_0.id,
        u1_0.activo,
        u1_0.apellido,
        u1_0.created_at,
        u1_0.dni,
        u1_0.email,
        u1_0.foto_perfil,
        u1_0.nombre,
        u1_0.password,
        u1_0.rol,
        u1_0.telefono,
        u1_0.updated_at 
    from
        usuarios u1_0 
    where
        u1_0.email=?
2026-07-09 00:34:59.038 DEBUG 15948 --- [http-nio-8080-exec-3] org.hibernate.SQL                        : 
    select
        u1_0.id,
        u1_0.activo,
        u1_0.apellido,
        u1_0.created_at,
        u1_0.dni,
        u1_0.email,
        u1_0.foto_perfil,
        u1_0.nombre,
        u1_0.password,
        u1_0.rol,
        u1_0.telefono,
        u1_0.updated_at 
    from
        usuarios u1_0 
    where
        u1_0.email=?
2026-07-09 00:34:59.038 DEBUG 15948 --- [http-nio-8080-exec-8] org.hibernate.SQL                        : 
    select
        u1_0.id,
        u1_0.activo,
        u1_0.apellido,
        u1_0.created_at,
        u1_0.dni,
        u1_0.email,
        u1_0.foto_perfil,
        u1_0.nombre,
        u1_0.password,
        u1_0.rol,
        u1_0.telefono,
        u1_0.updated_at 
    from
        usuarios u1_0 
    where
        u1_0.email=?
2026-07-09 00:34:59.070 DEBUG 15948 --- [http-nio-8080-exec-9] org.hibernate.SQL                        : 
    select
        u1_0.id,
        u1_0.activo,
        u1_0.apellido,
        u1_0.created_at,
        u1_0.dni,
        u1_0.email,
        u1_0.foto_perfil,
        u1_0.nombre,
        u1_0.password,
        u1_0.rol,
        u1_0.telefono,
        u1_0.updated_at 
    from
        usuarios u1_0 
    where
        u1_0.email=?
2026-07-09 00:34:59.892 DEBUG 15948 --- [http-nio-8080-exec-10] org.hibernate.SQL                        : 
    select
        u1_0.id,
        u1_0.activo,
        u1_0.apellido,
        u1_0.created_at,
        u1_0.dni,
        u1_0.email,
        u1_0.foto_perfil,
        u1_0.nombre,
        u1_0.password,
        u1_0.rol,
        u1_0.telefono,
        u1_0.updated_at 
    from
        usuarios u1_0 
    where
        u1_0.email=?
2026-07-09 00:34:59.900 DEBUG 15948 --- [http-nio-8080-exec-10] org.hibernate.SQL                        : 
    select
        u1_0.id,
        u1_0.activo,
        u1_0.apellido,
        u1_0.created_at,
        u1_0.dni,
        u1_0.email,
        u1_0.foto_perfil,
        u1_0.nombre,
        u1_0.password,
        u1_0.rol,
        u1_0.telefono,
        u1_0.updated_at 
    from
        usuarios u1_0 
    where
        u1_0.email=?
2026-07-09 00:34:59.903 DEBUG 15948 --- [http-nio-8080-exec-10] org.hibernate.SQL                        : 
    select
        p1_0.id,
        p1_0.contacto_emergencia_nombre,
        p1_0.contacto_emergencia_parentesco,
        p1_0.contacto_emergencia_telefono,
        p1_0.created_at,
        p1_0.direccion,
        p1_0.fecha_nacimiento,
        p1_0.genero,
        p1_0.grupo_sanguineo,
        p1_0.updated_at,
        p1_0.usuario_id 
    from
        pacientes p1_0 
    left join
        usuarios u1_0 
            on u1_0.id=p1_0.usuario_id 
    where
        u1_0.id=?
2026-07-09 00:34:59.914 DEBUG 15948 --- [http-nio-8080-exec-10] org.hibernate.SQL                        : 
    select
        n1_0.id,
        n1_0.asunto,
        n1_0.cita_id,
        n1_0.created_at,
        n1_0.enviado,
        n1_0.fecha_envio,
        n1_0.mensaje,
        n1_0.tipo,
        n1_0.usuario_id 
    from
        notificaciones n1_0 
    left join
        usuarios u1_0 
            on u1_0.id=n1_0.usuario_id 
    where
        u1_0.id=? 
    order by
        n1_0.fecha_envio desc 
    fetch
        first ? rows only
2026-07-09 00:35:00.015 DEBUG 15948 --- [http-nio-8080-exec-1] org.hibernate.SQL                        : 
    select
        u1_0.id,
        u1_0.activo,
        u1_0.apellido,
        u1_0.created_at,
        u1_0.dni,
        u1_0.email,
        u1_0.foto_perfil,
        u1_0.nombre,
        u1_0.password,
        u1_0.rol,
        u1_0.telefono,
        u1_0.updated_at 
    from
        usuarios u1_0 
    where
        u1_0.email=?
2026-07-09 00:35:00.015 DEBUG 15948 --- [http-nio-8080-exec-6] org.hibernate.SQL                        : 
    select
        u1_0.id,
        u1_0.activo,
        u1_0.apellido,
        u1_0.created_at,
        u1_0.dni,
        u1_0.email,
        u1_0.foto_perfil,
        u1_0.nombre,
        u1_0.password,
        u1_0.rol,
        u1_0.telefono,
        u1_0.updated_at 
    from
        usuarios u1_0 
    where
        u1_0.email=?
2026-07-09 00:35:00.016 DEBUG 15948 --- [http-nio-8080-exec-4] org.hibernate.SQL                        : 
    select
        u1_0.id,
        u1_0.activo,
        u1_0.apellido,
        u1_0.created_at,
        u1_0.dni,
        u1_0.email,
        u1_0.foto_perfil,
        u1_0.nombre,
        u1_0.password,
        u1_0.rol,
        u1_0.telefono,
        u1_0.updated_at 
    from
        usuarios u1_0 
    where
        u1_0.email=?
2026-07-09 00:35:00.016 DEBUG 15948 --- [http-nio-8080-exec-5] org.hibernate.SQL                        : 
    select
        u1_0.id,
        u1_0.activo,
        u1_0.apellido,
        u1_0.created_at,
        u1_0.dni,
        u1_0.email,
        u1_0.foto_perfil,
        u1_0.nombre,
        u1_0.password,
        u1_0.rol,
        u1_0.telefono,
        u1_0.updated_at 
    from
        usuarios u1_0 
    where
        u1_0.email=?
2026-07-09 00:35:00.083 DEBUG 15948 --- [http-nio-8080-exec-3] org.hibernate.SQL                        : 
    select
        u1_0.id,
        u1_0.activo,
        u1_0.apellido,
        u1_0.created_at,
        u1_0.dni,
        u1_0.email,
        u1_0.foto_perfil,
        u1_0.nombre,
        u1_0.password,
        u1_0.rol,
        u1_0.telefono,
        u1_0.updated_at 
    from
        usuarios u1_0 
    where
        u1_0.email=?
2026-07-09 00:35:09.748 DEBUG 15948 --- [http-nio-8080-exec-8] org.hibernate.SQL                        : 
    select
        u1_0.id,
        u1_0.activo,
        u1_0.apellido,
        u1_0.created_at,
        u1_0.dni,
        u1_0.email,
        u1_0.foto_perfil,
        u1_0.nombre,
        u1_0.password,
        u1_0.rol,
        u1_0.telefono,
        u1_0.updated_at 
    from
        usuarios u1_0 
    where
        u1_0.email=?
2026-07-09 00:35:09.755 DEBUG 15948 --- [http-nio-8080-exec-8] org.hibernate.SQL                        : 
    select
        u1_0.id,
        u1_0.activo,
        u1_0.apellido,
        u1_0.created_at,
        u1_0.dni,
        u1_0.email,
        u1_0.foto_perfil,
        u1_0.nombre,
        u1_0.password,
        u1_0.rol,
        u1_0.telefono,
        u1_0.updated_at 
    from
        usuarios u1_0 
    where
        u1_0.email=?
2026-07-09 00:35:09.759 DEBUG 15948 --- [http-nio-8080-exec-8] org.hibernate.SQL                        : 
    select
        p1_0.id,
        p1_0.contacto_emergencia_nombre,
        p1_0.contacto_emergencia_parentesco,
        p1_0.contacto_emergencia_telefono,
        p1_0.created_at,
        p1_0.direccion,
        p1_0.fecha_nacimiento,
        p1_0.genero,
        p1_0.grupo_sanguineo,
        p1_0.updated_at,
        p1_0.usuario_id 
    from
        pacientes p1_0 
    left join
        usuarios u1_0 
            on u1_0.id=p1_0.usuario_id 
    where
        u1_0.id=?
2026-07-09 00:35:09.768 DEBUG 15948 --- [http-nio-8080-exec-8] org.hibernate.SQL                        : 
    select
        c1_0.id,
        c1_0.created_at,
        c1_0.especialidad_id,
        c1_0.estado,
        c1_0.fecha,
        c1_0.hora_fin,
        c1_0.hora_inicio,
        c1_0.medico_id,
        c1_0.motivo_consulta,
        c1_0.observaciones,
        c1_0.paciente_id,
        c1_0.updated_at 
    from
        citas c1_0 
    left join
        pacientes p1_0 
            on p1_0.id=c1_0.paciente_id 
    where
        p1_0.id=?
2026-07-09 00:35:09.831 DEBUG 15948 --- [http-nio-8080-exec-10] org.hibernate.SQL                        : 
    select
        u1_0.id,
        u1_0.activo,
        u1_0.apellido,
        u1_0.created_at,
        u1_0.dni,
        u1_0.email,
        u1_0.foto_perfil,
        u1_0.nombre,
        u1_0.password,
        u1_0.rol,
        u1_0.telefono,
        u1_0.updated_at 
    from
        usuarios u1_0 
    where
        u1_0.email=?
2026-07-09 00:35:09.832 DEBUG 15948 --- [http-nio-8080-exec-7] org.hibernate.SQL                        : 
    select
        u1_0.id,
        u1_0.activo,
        u1_0.apellido,
        u1_0.created_at,
        u1_0.dni,
        u1_0.email,
        u1_0.foto_perfil,
        u1_0.nombre,
        u1_0.password,
        u1_0.rol,
        u1_0.telefono,
        u1_0.updated_at 
    from
        usuarios u1_0 
    where
        u1_0.email=?
2026-07-09 00:35:09.832 DEBUG 15948 --- [http-nio-8080-exec-9] org.hibernate.SQL                        : 
    select
        u1_0.id,
        u1_0.activo,
        u1_0.apellido,
        u1_0.created_at,
        u1_0.dni,
        u1_0.email,
        u1_0.foto_perfil,
        u1_0.nombre,
        u1_0.password,
        u1_0.rol,
        u1_0.telefono,
        u1_0.updated_at 
    from
        usuarios u1_0 
    where
        u1_0.email=?
2026-07-09 00:35:09.830 DEBUG 15948 --- [http-nio-8080-exec-2] org.hibernate.SQL                        : 
    select
        u1_0.id,
        u1_0.activo,
        u1_0.apellido,
        u1_0.created_at,
        u1_0.dni,
        u1_0.email,
        u1_0.foto_perfil,
        u1_0.nombre,
        u1_0.password,
        u1_0.rol,
        u1_0.telefono,
        u1_0.updated_at 
    from
        usuarios u1_0 
    where
        u1_0.email=?
2026-07-09 00:35:09.880 DEBUG 15948 --- [http-nio-8080-exec-6] org.hibernate.SQL                        : 
    select
        u1_0.id,
        u1_0.activo,
        u1_0.apellido,
        u1_0.created_at,
        u1_0.dni,
        u1_0.email,
        u1_0.foto_perfil,
        u1_0.nombre,
        u1_0.password,
        u1_0.rol,
        u1_0.telefono,
        u1_0.updated_at 
    from
        usuarios u1_0 
    where
        u1_0.email=?
2026-07-09 00:35:11.174 DEBUG 15948 --- [http-nio-8080-exec-1] org.hibernate.SQL                        : 
    select
        u1_0.id,
        u1_0.activo,
        u1_0.apellido,
        u1_0.created_at,
        u1_0.dni,
        u1_0.email,
        u1_0.foto_perfil,
        u1_0.nombre,
        u1_0.password,
        u1_0.rol,
        u1_0.telefono,
        u1_0.updated_at 
    from
        usuarios u1_0 
    where
        u1_0.email=?
2026-07-09 00:35:11.178 DEBUG 15948 --- [http-nio-8080-exec-1] org.hibernate.SQL                        : 
    select
        u1_0.id,
        u1_0.activo,
        u1_0.apellido,
        u1_0.created_at,
        u1_0.dni,
        u1_0.email,
        u1_0.foto_perfil,
        u1_0.nombre,
        u1_0.password,
        u1_0.rol,
        u1_0.telefono,
        u1_0.updated_at 
    from
        usuarios u1_0 
    where
        u1_0.email=?
2026-07-09 00:35:11.180 DEBUG 15948 --- [http-nio-8080-exec-1] org.hibernate.SQL                        : 
    select
        p1_0.id,
        p1_0.contacto_emergencia_nombre,
        p1_0.contacto_emergencia_parentesco,
        p1_0.contacto_emergencia_telefono,
        p1_0.created_at,
        p1_0.direccion,
        p1_0.fecha_nacimiento,
        p1_0.genero,
        p1_0.grupo_sanguineo,
        p1_0.updated_at,
        p1_0.usuario_id 
    from
        pacientes p1_0 
    left join
        usuarios u1_0 
            on u1_0.id=p1_0.usuario_id 
    where
        u1_0.id=?
2026-07-09 00:35:11.183 DEBUG 15948 --- [http-nio-8080-exec-1] org.hibernate.SQL                        : 
    select
        n1_0.id,
        n1_0.asunto,
        n1_0.cita_id,
        n1_0.created_at,
        n1_0.enviado,
        n1_0.fecha_envio,
        n1_0.mensaje,
        n1_0.tipo,
        n1_0.usuario_id 
    from
        notificaciones n1_0 
    left join
        usuarios u1_0 
            on u1_0.id=n1_0.usuario_id 
    where
        u1_0.id=? 
    order by
        n1_0.fecha_envio desc 
    fetch
        first ? rows only
2026-07-09 00:35:11.240 DEBUG 15948 --- [http-nio-8080-exec-5] org.hibernate.SQL                        : 
    select
        u1_0.id,
        u1_0.activo,
        u1_0.apellido,
        u1_0.created_at,
        u1_0.dni,
        u1_0.email,
        u1_0.foto_perfil,
        u1_0.nombre,
        u1_0.password,
        u1_0.rol,
        u1_0.telefono,
        u1_0.updated_at 
    from
        usuarios u1_0 
    where
        u1_0.email=?
2026-07-09 00:35:11.240 DEBUG 15948 --- [http-nio-8080-exec-4] org.hibernate.SQL                        : 
    select
        u1_0.id,
        u1_0.activo,
        u1_0.apellido,
        u1_0.created_at,
        u1_0.dni,
        u1_0.email,
        u1_0.foto_perfil,
        u1_0.nombre,
        u1_0.password,
        u1_0.rol,
        u1_0.telefono,
        u1_0.updated_at 
    from
        usuarios u1_0 
    where
        u1_0.email=?
2026-07-09 00:35:11.240 DEBUG 15948 --- [http-nio-8080-exec-3] org.hibernate.SQL                        : 
    select
        u1_0.id,
        u1_0.activo,
        u1_0.apellido,
        u1_0.created_at,
        u1_0.dni,
        u1_0.email,
        u1_0.foto_perfil,
        u1_0.nombre,
        u1_0.password,
        u1_0.rol,
        u1_0.telefono,
        u1_0.updated_at 
    from
        usuarios u1_0 
    where
        u1_0.email=?
2026-07-09 00:35:11.248 DEBUG 15948 --- [http-nio-8080-exec-8] org.hibernate.SQL                        : 
    select
        u1_0.id,
        u1_0.activo,
        u1_0.apellido,
        u1_0.created_at,
        u1_0.dni,
        u1_0.email,
        u1_0.foto_perfil,
        u1_0.nombre,
        u1_0.password,
        u1_0.rol,
        u1_0.telefono,
        u1_0.updated_at 
    from
        usuarios u1_0 
    where
        u1_0.email=?
2026-07-09 00:35:11.272 DEBUG 15948 --- [http-nio-8080-exec-10] org.hibernate.SQL                        : 
    select
        u1_0.id,
        u1_0.activo,
        u1_0.apellido,
        u1_0.created_at,
        u1_0.dni,
        u1_0.email,
        u1_0.foto_perfil,
        u1_0.nombre,
        u1_0.password,
        u1_0.rol,
        u1_0.telefono,
        u1_0.updated_at 
    from
        usuarios u1_0 
    where
        u1_0.email=?
2026-07-09 00:35:13.747 DEBUG 15948 --- [http-nio-8080-exec-9] org.hibernate.SQL                        : 
    select
        u1_0.id,
        u1_0.activo,
        u1_0.apellido,
        u1_0.created_at,
        u1_0.dni,
        u1_0.email,
        u1_0.foto_perfil,
        u1_0.nombre,
        u1_0.password,
        u1_0.rol,
        u1_0.telefono,
        u1_0.updated_at 
    from
        usuarios u1_0 
    where
        u1_0.email=?
2026-07-09 00:35:13.797 DEBUG 15948 --- [http-nio-8080-exec-7] org.hibernate.SQL                        : 
    select
        u1_0.id,
        u1_0.activo,
        u1_0.apellido,
        u1_0.created_at,
        u1_0.dni,
        u1_0.email,
        u1_0.foto_perfil,
        u1_0.nombre,
        u1_0.password,
        u1_0.rol,
        u1_0.telefono,
        u1_0.updated_at 
    from
        usuarios u1_0 
    where
        u1_0.email=?
2026-07-09 00:35:13.799 DEBUG 15948 --- [http-nio-8080-exec-6] org.hibernate.SQL                        : 
    select
        u1_0.id,
        u1_0.activo,
        u1_0.apellido,
        u1_0.created_at,
        u1_0.dni,
        u1_0.email,
        u1_0.foto_perfil,
        u1_0.nombre,
        u1_0.password,
        u1_0.rol,
        u1_0.telefono,
        u1_0.updated_at 
    from
        usuarios u1_0 
    where
        u1_0.email=?
2026-07-09 00:35:13.799 DEBUG 15948 --- [http-nio-8080-exec-2] org.hibernate.SQL                        : 
    select
        u1_0.id,
        u1_0.activo,
        u1_0.apellido,
        u1_0.created_at,
        u1_0.dni,
        u1_0.email,
        u1_0.foto_perfil,
        u1_0.nombre,
        u1_0.password,
        u1_0.rol,
        u1_0.telefono,
        u1_0.updated_at 
    from
        usuarios u1_0 
    where
        u1_0.email=?
2026-07-09 00:35:13.799 DEBUG 15948 --- [http-nio-8080-exec-1] org.hibernate.SQL                        : 
    select
        u1_0.id,
        u1_0.activo,
        u1_0.apellido,
        u1_0.created_at,
        u1_0.dni,
        u1_0.email,
        u1_0.foto_perfil,
        u1_0.nombre,
        u1_0.password,
        u1_0.rol,
        u1_0.telefono,
        u1_0.updated_at 
    from
        usuarios u1_0 
    where
        u1_0.email=?
2026-07-09 00:35:13.830 DEBUG 15948 --- [http-nio-8080-exec-5] org.hibernate.SQL                        : 
    select
        u1_0.id,
        u1_0.activo,
        u1_0.apellido,
        u1_0.created_at,
        u1_0.dni,
        u1_0.email,
        u1_0.foto_perfil,
        u1_0.nombre,
        u1_0.password,
        u1_0.rol,
        u1_0.telefono,
        u1_0.updated_at 
    from
        usuarios u1_0 
    where
        u1_0.email=?
2026-07-09 00:35:14.884 DEBUG 15948 --- [http-nio-8080-exec-4] org.hibernate.SQL                        : 
    select
        u1_0.id,
        u1_0.activo,
        u1_0.apellido,
        u1_0.created_at,
        u1_0.dni,
        u1_0.email,
        u1_0.foto_perfil,
        u1_0.nombre,
        u1_0.password,
        u1_0.rol,
        u1_0.telefono,
        u1_0.updated_at 
    from
        usuarios u1_0 
    where
        u1_0.email=?
2026-07-09 00:35:14.947 DEBUG 15948 --- [http-nio-8080-exec-10] org.hibernate.SQL                        : 
    select
        u1_0.id,
        u1_0.activo,
        u1_0.apellido,
        u1_0.created_at,
        u1_0.dni,
        u1_0.email,
        u1_0.foto_perfil,
        u1_0.nombre,
        u1_0.password,
        u1_0.rol,
        u1_0.telefono,
        u1_0.updated_at 
    from
        usuarios u1_0 
    where
        u1_0.email=?
2026-07-09 00:35:14.949 DEBUG 15948 --- [http-nio-8080-exec-3] org.hibernate.SQL                        : 
    select
        u1_0.id,
        u1_0.activo,
        u1_0.apellido,
        u1_0.created_at,
        u1_0.dni,
        u1_0.email,
        u1_0.foto_perfil,
        u1_0.nombre,
        u1_0.password,
        u1_0.rol,
        u1_0.telefono,
        u1_0.updated_at 
    from
        usuarios u1_0 
    where
        u1_0.email=?
2026-07-09 00:35:14.949 DEBUG 15948 --- [http-nio-8080-exec-9] org.hibernate.SQL                        : 
    select
        u1_0.id,
        u1_0.activo,
        u1_0.apellido,
        u1_0.created_at,
        u1_0.dni,
        u1_0.email,
        u1_0.foto_perfil,
        u1_0.nombre,
        u1_0.password,
        u1_0.rol,
        u1_0.telefono,
        u1_0.updated_at 
    from
        usuarios u1_0 
    where
        u1_0.email=?
2026-07-09 00:35:14.950 DEBUG 15948 --- [http-nio-8080-exec-8] org.hibernate.SQL                        : 
    select
        u1_0.id,
        u1_0.activo,
        u1_0.apellido,
        u1_0.created_at,
        u1_0.dni,
        u1_0.email,
        u1_0.foto_perfil,
        u1_0.nombre,
        u1_0.password,
        u1_0.rol,
        u1_0.telefono,
        u1_0.updated_at 
    from
        usuarios u1_0 
    where
        u1_0.email=?
2026-07-09 00:35:14.950 DEBUG 15948 --- [http-nio-8080-exec-6] org.hibernate.SQL                        : 
    select
        u1_0.id,
        u1_0.activo,
        u1_0.apellido,
        u1_0.created_at,
        u1_0.dni,
        u1_0.email,
        u1_0.foto_perfil,
        u1_0.nombre,
        u1_0.password,
        u1_0.rol,
        u1_0.telefono,
        u1_0.updated_at 
    from
        usuarios u1_0 
    where
        u1_0.email=?
2026-07-09 00:35:14.997 DEBUG 15948 --- [http-nio-8080-exec-2] org.hibernate.SQL                        : 
    select
        u1_0.id,
        u1_0.activo,
        u1_0.apellido,
        u1_0.created_at,
        u1_0.dni,
        u1_0.email,
        u1_0.foto_perfil,
        u1_0.nombre,
        u1_0.password,
        u1_0.rol,
        u1_0.telefono,
        u1_0.updated_at 
    from
        usuarios u1_0 
    where
        u1_0.email=?
2026-07-09 00:35:18.283 DEBUG 15948 --- [http-nio-8080-exec-7] org.hibernate.SQL                        : 
    select
        u1_0.id,
        u1_0.activo,
        u1_0.apellido,
        u1_0.created_at,
        u1_0.dni,
        u1_0.email,
        u1_0.foto_perfil,
        u1_0.nombre,
        u1_0.password,
        u1_0.rol,
        u1_0.telefono,
        u1_0.updated_at 
    from
        usuarios u1_0 
    where
        u1_0.email=?
2026-07-09 00:35:18.333 DEBUG 15948 --- [http-nio-8080-exec-4] org.hibernate.SQL                        : 
    select
        u1_0.id,
        u1_0.activo,
        u1_0.apellido,
        u1_0.created_at,
        u1_0.dni,
        u1_0.email,
        u1_0.foto_perfil,
        u1_0.nombre,
        u1_0.password,
        u1_0.rol,
        u1_0.telefono,
        u1_0.updated_at 
    from
        usuarios u1_0 
    where
        u1_0.email=?
2026-07-09 00:35:18.335 DEBUG 15948 --- [http-nio-8080-exec-3] org.hibernate.SQL                        : 
    select
        u1_0.id,
        u1_0.activo,
        u1_0.apellido,
        u1_0.created_at,
        u1_0.dni,
        u1_0.email,
        u1_0.foto_perfil,
        u1_0.nombre,
        u1_0.password,
        u1_0.rol,
        u1_0.telefono,
        u1_0.updated_at 
    from
        usuarios u1_0 
    where
        u1_0.email=?
2026-07-09 00:35:18.336 DEBUG 15948 --- [http-nio-8080-exec-1] org.hibernate.SQL                        : 
    select
        u1_0.id,
        u1_0.activo,
        u1_0.apellido,
        u1_0.created_at,
        u1_0.dni,
        u1_0.email,
        u1_0.foto_perfil,
        u1_0.nombre,
        u1_0.password,
        u1_0.rol,
        u1_0.telefono,
        u1_0.updated_at 
    from
        usuarios u1_0 
    where
        u1_0.email=?
2026-07-09 00:35:18.336 DEBUG 15948 --- [http-nio-8080-exec-5] org.hibernate.SQL                        : 
    select
        u1_0.id,
        u1_0.activo,
        u1_0.apellido,
        u1_0.created_at,
        u1_0.dni,
        u1_0.email,
        u1_0.foto_perfil,
        u1_0.nombre,
        u1_0.password,
        u1_0.rol,
        u1_0.telefono,
        u1_0.updated_at 
    from
        usuarios u1_0 
    where
        u1_0.email=?
2026-07-09 00:35:18.337 DEBUG 15948 --- [http-nio-8080-exec-10] org.hibernate.SQL                        : 
    select
        u1_0.id,
        u1_0.activo,
        u1_0.apellido,
        u1_0.created_at,
        u1_0.dni,
        u1_0.email,
        u1_0.foto_perfil,
        u1_0.nombre,
        u1_0.password,
        u1_0.rol,
        u1_0.telefono,
        u1_0.updated_at 
    from
        usuarios u1_0 
    where
        u1_0.email=?
2026-07-09 00:35:18.373 DEBUG 15948 --- [http-nio-8080-exec-8] org.hibernate.SQL                        : 
    select
        u1_0.id,
        u1_0.activo,
        u1_0.apellido,
        u1_0.created_at,
        u1_0.dni,
        u1_0.email,
        u1_0.foto_perfil,
        u1_0.nombre,
        u1_0.password,
        u1_0.rol,
        u1_0.telefono,
        u1_0.updated_at 
    from
        usuarios u1_0 
    where
        u1_0.email=?
2026-07-09 00:35:20.480 DEBUG 15948 --- [http-nio-8080-exec-9] org.hibernate.SQL                        : 
    select
        u1_0.id,
        u1_0.activo,
        u1_0.apellido,
        u1_0.created_at,
        u1_0.dni,
        u1_0.email,
        u1_0.foto_perfil,
        u1_0.nombre,
        u1_0.password,
        u1_0.rol,
        u1_0.telefono,
        u1_0.updated_at 
    from
        usuarios u1_0 
    where
        u1_0.email=?
2026-07-09 00:35:20.484 DEBUG 15948 --- [http-nio-8080-exec-9] org.hibernate.SQL                        : 
    select
        u1_0.id,
        u1_0.activo,
        u1_0.apellido,
        u1_0.created_at,
        u1_0.dni,
        u1_0.email,
        u1_0.foto_perfil,
        u1_0.nombre,
        u1_0.password,
        u1_0.rol,
        u1_0.telefono,
        u1_0.updated_at 
    from
        usuarios u1_0 
    where
        u1_0.email=?
2026-07-09 00:35:20.488 DEBUG 15948 --- [http-nio-8080-exec-9] org.hibernate.SQL                        : 
    select
        p1_0.id,
        p1_0.contacto_emergencia_nombre,
        p1_0.contacto_emergencia_parentesco,
        p1_0.contacto_emergencia_telefono,
        p1_0.created_at,
        p1_0.direccion,
        p1_0.fecha_nacimiento,
        p1_0.genero,
        p1_0.grupo_sanguineo,
        p1_0.updated_at,
        p1_0.usuario_id 
    from
        pacientes p1_0 
    left join
        usuarios u1_0 
            on u1_0.id=p1_0.usuario_id 
    where
        u1_0.id=?
2026-07-09 00:35:20.492 DEBUG 15948 --- [http-nio-8080-exec-9] org.hibernate.SQL                        : 
    select
        c1_0.id,
        c1_0.created_at,
        c1_0.especialidad_id,
        c1_0.estado,
        c1_0.fecha,
        c1_0.hora_fin,
        c1_0.hora_inicio,
        c1_0.medico_id,
        c1_0.motivo_consulta,
        c1_0.observaciones,
        c1_0.paciente_id,
        c1_0.updated_at 
    from
        citas c1_0 
    left join
        pacientes p1_0 
            on p1_0.id=c1_0.paciente_id 
    where
        p1_0.id=?
2026-07-09 00:35:20.538 DEBUG 15948 --- [http-nio-8080-exec-4] org.hibernate.SQL                        : 
    select
        u1_0.id,
        u1_0.activo,
        u1_0.apellido,
        u1_0.created_at,
        u1_0.dni,
        u1_0.email,
        u1_0.foto_perfil,
        u1_0.nombre,
        u1_0.password,
        u1_0.rol,
        u1_0.telefono,
        u1_0.updated_at 
    from
        usuarios u1_0 
    where
        u1_0.email=?
2026-07-09 00:35:20.539 DEBUG 15948 --- [http-nio-8080-exec-7] org.hibernate.SQL                        : 
    select
        u1_0.id,
        u1_0.activo,
        u1_0.apellido,
        u1_0.created_at,
        u1_0.dni,
        u1_0.email,
        u1_0.foto_perfil,
        u1_0.nombre,
        u1_0.password,
        u1_0.rol,
        u1_0.telefono,
        u1_0.updated_at 
    from
        usuarios u1_0 
    where
        u1_0.email=?
2026-07-09 00:35:20.539 DEBUG 15948 --- [http-nio-8080-exec-6] org.hibernate.SQL                        : 
    select
        u1_0.id,
        u1_0.activo,
        u1_0.apellido,
        u1_0.created_at,
        u1_0.dni,
        u1_0.email,
        u1_0.foto_perfil,
        u1_0.nombre,
        u1_0.password,
        u1_0.rol,
        u1_0.telefono,
        u1_0.updated_at 
    from
        usuarios u1_0 
    where
        u1_0.email=?
2026-07-09 00:35:20.539 DEBUG 15948 --- [http-nio-8080-exec-2] org.hibernate.SQL                        : 
    select
        u1_0.id,
        u1_0.activo,
        u1_0.apellido,
        u1_0.created_at,
        u1_0.dni,
        u1_0.email,
        u1_0.foto_perfil,
        u1_0.nombre,
        u1_0.password,
        u1_0.rol,
        u1_0.telefono,
        u1_0.updated_at 
    from
        usuarios u1_0 
    where
        u1_0.email=?
2026-07-09 00:35:20.569 DEBUG 15948 --- [http-nio-8080-exec-3] org.hibernate.SQL                        : 
    select
        u1_0.id,
        u1_0.activo,
        u1_0.apellido,
        u1_0.created_at,
        u1_0.dni,
        u1_0.email,
        u1_0.foto_perfil,
        u1_0.nombre,
        u1_0.password,
        u1_0.rol,
        u1_0.telefono,
        u1_0.updated_at 
    from
        usuarios u1_0 
    where
        u1_0.email=?
2026-07-09 00:35:22.030 DEBUG 15948 --- [http-nio-8080-exec-1] org.hibernate.SQL                        : 
    select
        u1_0.id,
        u1_0.activo,
        u1_0.apellido,
        u1_0.created_at,
        u1_0.dni,
        u1_0.email,
        u1_0.foto_perfil,
        u1_0.nombre,
        u1_0.password,
        u1_0.rol,
        u1_0.telefono,
        u1_0.updated_at 
    from
        usuarios u1_0 
    where
        u1_0.email=?
2026-07-09 00:35:22.037 DEBUG 15948 --- [http-nio-8080-exec-1] org.hibernate.SQL                        : 
    select
        e1_0.id,
        e1_0.activo,
        e1_0.costo,
        e1_0.created_at,
        e1_0.descripcion,
        e1_0.nombre 
    from
        especialidades e1_0 
    where
        e1_0.activo 
    fetch
        first ? rows only
2026-07-09 00:35:22.040 DEBUG 15948 --- [http-nio-8080-exec-1] org.hibernate.SQL                        : 
    select
        count(e1_0.id) 
    from
        especialidades e1_0 
    where
        e1_0.activo
2026-07-09 00:35:22.094 DEBUG 15948 --- [http-nio-8080-exec-5] org.hibernate.SQL                        : 
    select
        u1_0.id,
        u1_0.activo,
        u1_0.apellido,
        u1_0.created_at,
        u1_0.dni,
        u1_0.email,
        u1_0.foto_perfil,
        u1_0.nombre,
        u1_0.password,
        u1_0.rol,
        u1_0.telefono,
        u1_0.updated_at 
    from
        usuarios u1_0 
    where
        u1_0.email=?
2026-07-09 00:35:22.095 DEBUG 15948 --- [http-nio-8080-exec-9] org.hibernate.SQL                        : 
    select
        u1_0.id,
        u1_0.activo,
        u1_0.apellido,
        u1_0.created_at,
        u1_0.dni,
        u1_0.email,
        u1_0.foto_perfil,
        u1_0.nombre,
        u1_0.password,
        u1_0.rol,
        u1_0.telefono,
        u1_0.updated_at 
    from
        usuarios u1_0 
    where
        u1_0.email=?
2026-07-09 00:35:22.094 DEBUG 15948 --- [http-nio-8080-exec-10] org.hibernate.SQL                        : 
    select
        u1_0.id,
        u1_0.activo,
        u1_0.apellido,
        u1_0.created_at,
        u1_0.dni,
        u1_0.email,
        u1_0.foto_perfil,
        u1_0.nombre,
        u1_0.password,
        u1_0.rol,
        u1_0.telefono,
        u1_0.updated_at 
    from
        usuarios u1_0 
    where
        u1_0.email=?
2026-07-09 00:35:22.095 DEBUG 15948 --- [http-nio-8080-exec-8] org.hibernate.SQL                        : 
    select
        u1_0.id,
        u1_0.activo,
        u1_0.apellido,
        u1_0.created_at,
        u1_0.dni,
        u1_0.email,
        u1_0.foto_perfil,
        u1_0.nombre,
        u1_0.password,
        u1_0.rol,
        u1_0.telefono,
        u1_0.updated_at 
    from
        usuarios u1_0 
    where
        u1_0.email=?
2026-07-09 00:35:22.120 DEBUG 15948 --- [http-nio-8080-exec-7] org.hibernate.SQL                        : 
    select
        u1_0.id,
        u1_0.activo,
        u1_0.apellido,
        u1_0.created_at,
        u1_0.dni,
        u1_0.email,
        u1_0.foto_perfil,
        u1_0.nombre,
        u1_0.password,
        u1_0.rol,
        u1_0.telefono,
        u1_0.updated_at 
    from
        usuarios u1_0 
    where
        u1_0.email=?
2026-07-09 00:35:24.296 DEBUG 15948 --- [http-nio-8080-exec-4] org.hibernate.SQL                        : 
    select
        u1_0.id,
        u1_0.activo,
        u1_0.apellido,
        u1_0.created_at,
        u1_0.dni,
        u1_0.email,
        u1_0.foto_perfil,
        u1_0.nombre,
        u1_0.password,
        u1_0.rol,
        u1_0.telefono,
        u1_0.updated_at 
    from
        usuarios u1_0 
    where
        u1_0.email=?
2026-07-09 00:35:24.302 DEBUG 15948 --- [http-nio-8080-exec-4] org.hibernate.SQL                        : 
    select
        e1_0.id,
        e1_0.activo,
        e1_0.costo,
        e1_0.created_at,
        e1_0.descripcion,
        e1_0.nombre 
    from
        especialidades e1_0 
    where
        e1_0.id=?
2026-07-09 00:35:24.311 DEBUG 15948 --- [http-nio-8080-exec-4] org.hibernate.SQL                        : 
    select
        m1_0.id,
        m1_0.created_at,
        m1_0.numero_colegiatura,
        m1_0.updated_at,
        m1_0.usuario_id 
    from
        medicos m1_0 
    left join
        medico_especialidades e1_0 
            on m1_0.id=e1_0.medico_id 
    where
        e1_0.especialidad_id=?
2026-07-09 00:35:24.335 DEBUG 15948 --- [http-nio-8080-exec-4] org.hibernate.SQL                        : 
    select
        u1_0.id,
        u1_0.activo,
        u1_0.apellido,
        u1_0.created_at,
        u1_0.dni,
        u1_0.email,
        u1_0.foto_perfil,
        u1_0.nombre,
        u1_0.password,
        u1_0.rol,
        u1_0.telefono,
        u1_0.updated_at 
    from
        usuarios u1_0 
    where
        u1_0.id=?
2026-07-09 00:35:24.351 DEBUG 15948 --- [http-nio-8080-exec-2] org.hibernate.SQL                        : 
    select
        u1_0.id,
        u1_0.activo,
        u1_0.apellido,
        u1_0.created_at,
        u1_0.dni,
        u1_0.email,
        u1_0.foto_perfil,
        u1_0.nombre,
        u1_0.password,
        u1_0.rol,
        u1_0.telefono,
        u1_0.updated_at 
    from
        usuarios u1_0 
    where
        u1_0.email=?
2026-07-09 00:35:24.355 DEBUG 15948 --- [http-nio-8080-exec-6] org.hibernate.SQL                        : 
    select
        u1_0.id,
        u1_0.activo,
        u1_0.apellido,
        u1_0.created_at,
        u1_0.dni,
        u1_0.email,
        u1_0.foto_perfil,
        u1_0.nombre,
        u1_0.password,
        u1_0.rol,
        u1_0.telefono,
        u1_0.updated_at 
    from
        usuarios u1_0 
    where
        u1_0.email=?
2026-07-09 00:35:24.355 DEBUG 15948 --- [http-nio-8080-exec-3] org.hibernate.SQL                        : 
    select
        u1_0.id,
        u1_0.activo,
        u1_0.apellido,
        u1_0.created_at,
        u1_0.dni,
        u1_0.email,
        u1_0.foto_perfil,
        u1_0.nombre,
        u1_0.password,
        u1_0.rol,
        u1_0.telefono,
        u1_0.updated_at 
    from
        usuarios u1_0 
    where
        u1_0.email=?
2026-07-09 00:35:24.357 DEBUG 15948 --- [http-nio-8080-exec-1] org.hibernate.SQL                        : 
    select
        u1_0.id,
        u1_0.activo,
        u1_0.apellido,
        u1_0.created_at,
        u1_0.dni,
        u1_0.email,
        u1_0.foto_perfil,
        u1_0.nombre,
        u1_0.password,
        u1_0.rol,
        u1_0.telefono,
        u1_0.updated_at 
    from
        usuarios u1_0 
    where
        u1_0.email=?
2026-07-09 00:35:24.383 DEBUG 15948 --- [http-nio-8080-exec-9] org.hibernate.SQL                        : 
    select
        u1_0.id,
        u1_0.activo,
        u1_0.apellido,
        u1_0.created_at,
        u1_0.dni,
        u1_0.email,
        u1_0.foto_perfil,
        u1_0.nombre,
        u1_0.password,
        u1_0.rol,
        u1_0.telefono,
        u1_0.updated_at 
    from
        usuarios u1_0 
    where
        u1_0.email=?
2026-07-09 00:35:25.136 DEBUG 15948 --- [http-nio-8080-exec-5] org.hibernate.SQL                        : 
    select
        u1_0.id,
        u1_0.activo,
        u1_0.apellido,
        u1_0.created_at,
        u1_0.dni,
        u1_0.email,
        u1_0.foto_perfil,
        u1_0.nombre,
        u1_0.password,
        u1_0.rol,
        u1_0.telefono,
        u1_0.updated_at 
    from
        usuarios u1_0 
    where
        u1_0.email=?
2026-07-09 00:35:25.140 DEBUG 15948 --- [http-nio-8080-exec-5] org.hibernate.SQL                        : 
    select
        e1_0.id,
        e1_0.activo,
        e1_0.costo,
        e1_0.created_at,
        e1_0.descripcion,
        e1_0.nombre 
    from
        especialidades e1_0 
    where
        e1_0.id=?
2026-07-09 00:35:25.142 DEBUG 15948 --- [http-nio-8080-exec-5] org.hibernate.SQL                        : 
    select
        m1_0.id,
        m1_0.created_at,
        m1_0.numero_colegiatura,
        m1_0.updated_at,
        m1_0.usuario_id 
    from
        medicos m1_0 
    where
        m1_0.id=?
2026-07-09 00:35:25.147 DEBUG 15948 --- [http-nio-8080-exec-5] org.hibernate.SQL                        : 
    select
        dm1_0.id,
        dm1_0.activo,
        dm1_0.created_at,
        dm1_0.dia_semana,
        dm1_0.duracion_consulta_min,
        dm1_0.hora_fin,
        dm1_0.hora_inicio,
        dm1_0.medico_id,
        dm1_0.updated_at 
    from
        disponibilidad_medica dm1_0 
    left join
        medicos m1_0 
            on m1_0.id=dm1_0.medico_id 
    where
        m1_0.id=?
2026-07-09 00:35:25.172 DEBUG 15948 --- [http-nio-8080-exec-5] org.hibernate.SQL                        : 
    select
        u1_0.id,
        u1_0.activo,
        u1_0.apellido,
        u1_0.created_at,
        u1_0.dni,
        u1_0.email,
        u1_0.foto_perfil,
        u1_0.nombre,
        u1_0.password,
        u1_0.rol,
        u1_0.telefono,
        u1_0.updated_at 
    from
        usuarios u1_0 
    where
        u1_0.id=?
2026-07-09 00:35:25.193 DEBUG 15948 --- [http-nio-8080-exec-10] org.hibernate.SQL                        : 
    select
        u1_0.id,
        u1_0.activo,
        u1_0.apellido,
        u1_0.created_at,
        u1_0.dni,
        u1_0.email,
        u1_0.foto_perfil,
        u1_0.nombre,
        u1_0.password,
        u1_0.rol,
        u1_0.telefono,
        u1_0.updated_at 
    from
        usuarios u1_0 
    where
        u1_0.email=?
2026-07-09 00:35:25.193 DEBUG 15948 --- [http-nio-8080-exec-8] org.hibernate.SQL                        : 
    select
        u1_0.id,
        u1_0.activo,
        u1_0.apellido,
        u1_0.created_at,
        u1_0.dni,
        u1_0.email,
        u1_0.foto_perfil,
        u1_0.nombre,
        u1_0.password,
        u1_0.rol,
        u1_0.telefono,
        u1_0.updated_at 
    from
        usuarios u1_0 
    where
        u1_0.email=?
2026-07-09 00:35:25.193 DEBUG 15948 --- [http-nio-8080-exec-4] org.hibernate.SQL                        : 
    select
        u1_0.id,
        u1_0.activo,
        u1_0.apellido,
        u1_0.created_at,
        u1_0.dni,
        u1_0.email,
        u1_0.foto_perfil,
        u1_0.nombre,
        u1_0.password,
        u1_0.rol,
        u1_0.telefono,
        u1_0.updated_at 
    from
        usuarios u1_0 
    where
        u1_0.email=?
2026-07-09 00:35:25.194 DEBUG 15948 --- [http-nio-8080-exec-7] org.hibernate.SQL                        : 
    select
        u1_0.id,
        u1_0.activo,
        u1_0.apellido,
        u1_0.created_at,
        u1_0.dni,
        u1_0.email,
        u1_0.foto_perfil,
        u1_0.nombre,
        u1_0.password,
        u1_0.rol,
        u1_0.telefono,
        u1_0.updated_at 
    from
        usuarios u1_0 
    where
        u1_0.email=?
2026-07-09 00:35:25.221 DEBUG 15948 --- [http-nio-8080-exec-2] org.hibernate.SQL                        : 
    select
        u1_0.id,
        u1_0.activo,
        u1_0.apellido,
        u1_0.created_at,
        u1_0.dni,
        u1_0.email,
        u1_0.foto_perfil,
        u1_0.nombre,
        u1_0.password,
        u1_0.rol,
        u1_0.telefono,
        u1_0.updated_at 
    from
        usuarios u1_0 
    where
        u1_0.email=?
2026-07-09 00:35:36.087 DEBUG 15948 --- [http-nio-8080-exec-3] org.hibernate.SQL                        : 
    select
        u1_0.id,
        u1_0.activo,
        u1_0.apellido,
        u1_0.created_at,
        u1_0.dni,
        u1_0.email,
        u1_0.foto_perfil,
        u1_0.nombre,
        u1_0.password,
        u1_0.rol,
        u1_0.telefono,
        u1_0.updated_at 
    from
        usuarios u1_0 
    where
        u1_0.email=?
2026-07-09 00:35:36.100 DEBUG 15948 --- [http-nio-8080-exec-3] org.hibernate.SQL                        : 
    select
        u1_0.id,
        u1_0.activo,
        u1_0.apellido,
        u1_0.created_at,
        u1_0.dni,
        u1_0.email,
        u1_0.foto_perfil,
        u1_0.nombre,
        u1_0.password,
        u1_0.rol,
        u1_0.telefono,
        u1_0.updated_at 
    from
        usuarios u1_0 
    where
        u1_0.email=?
2026-07-09 00:35:36.105 DEBUG 15948 --- [http-nio-8080-exec-3] org.hibernate.SQL                        : 
    select
        p1_0.id,
        p1_0.contacto_emergencia_nombre,
        p1_0.contacto_emergencia_parentesco,
        p1_0.contacto_emergencia_telefono,
        p1_0.created_at,
        p1_0.direccion,
        p1_0.fecha_nacimiento,
        p1_0.genero,
        p1_0.grupo_sanguineo,
        p1_0.updated_at,
        p1_0.usuario_id 
    from
        pacientes p1_0 
    left join
        usuarios u1_0 
            on u1_0.id=p1_0.usuario_id 
    where
        u1_0.id=?
2026-07-09 00:35:36.107 DEBUG 15948 --- [http-nio-8080-exec-3] org.hibernate.SQL                        : 
    select
        e1_0.id,
        e1_0.activo,
        e1_0.costo,
        e1_0.created_at,
        e1_0.descripcion,
        e1_0.nombre 
    from
        especialidades e1_0 
    where
        e1_0.id=?
2026-07-09 00:35:36.108 DEBUG 15948 --- [http-nio-8080-exec-3] org.hibernate.SQL                        : 
    select
        m1_0.id,
        m1_0.created_at,
        m1_0.numero_colegiatura,
        m1_0.updated_at,
        m1_0.usuario_id 
    from
        medicos m1_0 
    where
        m1_0.id=?
2026-07-09 00:35:36.112 DEBUG 15948 --- [http-nio-8080-exec-3] org.hibernate.SQL                        : 
    insert 
    into
        citas
        (created_at, especialidad_id, estado, fecha, hora_fin, hora_inicio, medico_id, motivo_consulta, observaciones, paciente_id, updated_at, id) 
    values
        (?, ?, ?, ?, ?, ?, ?, ?, ?, ?, ?, default)
2026-07-09 00:35:36.114 DEBUG 15948 --- [http-nio-8080-exec-3] org.hibernate.SQL                        : 
    insert 
    into
        revinfo
        (revtstmp, rev) 
    values
        (?, default)
2026-07-09 00:35:36.116 DEBUG 15948 --- [http-nio-8080-exec-3] org.hibernate.SQL                        : 
    insert 
    into
        citas_aud
        (revtype, created_at, especialidad_id, estado, fecha, hora_fin, hora_inicio, medico_id, motivo_consulta, observaciones, paciente_id, updated_at, rev, id) 
    values
        (?, ?, ?, ?, ?, ?, ?, ?, ?, ?, ?, ?, ?, ?)
2026-07-09 00:35:36.120 DEBUG 15948 --- [http-nio-8080-exec-3] org.hibernate.SQL                        : 
    select
        u1_0.id,
        u1_0.activo,
        u1_0.apellido,
        u1_0.created_at,
        u1_0.dni,
        u1_0.email,
        u1_0.foto_perfil,
        u1_0.nombre,
        u1_0.password,
        u1_0.rol,
        u1_0.telefono,
        u1_0.updated_at 
    from
        usuarios u1_0 
    where
        u1_0.id=?
2026-07-09 00:35:36.124 DEBUG 15948 --- [http-nio-8080-exec-3] org.hibernate.SQL                        : 
    insert 
    into
        notificaciones
        (asunto, cita_id, created_at, enviado, fecha_envio, mensaje, tipo, usuario_id, id) 
    values
        (?, ?, ?, ?, ?, ?, ?, ?, default)
2026-07-09 00:35:36.124  INFO 15948 --- [task-1] com.sisol.salud.service.EmailService     : Preparando notificación (genérica) para: paciente1@sisol.com
2026-07-09 00:35:36.125  INFO 15948 --- [http-nio-8080-exec-3] c.s.salud.service.NotificacionService    : Registro de notificación guardado en BD para la cita ID: 1
2026-07-09 00:35:36.156 DEBUG 15948 --- [http-nio-8080-exec-6] org.hibernate.SQL                        : 
    select
        u1_0.id,
        u1_0.activo,
        u1_0.apellido,
        u1_0.created_at,
        u1_0.dni,
        u1_0.email,
        u1_0.foto_perfil,
        u1_0.nombre,
        u1_0.password,
        u1_0.rol,
        u1_0.telefono,
        u1_0.updated_at 
    from
        usuarios u1_0 
    where
        u1_0.email=?
2026-07-09 00:35:36.160 DEBUG 15948 --- [http-nio-8080-exec-6] org.hibernate.SQL                        : 
    select
        u1_0.id,
        u1_0.activo,
        u1_0.apellido,
        u1_0.created_at,
        u1_0.dni,
        u1_0.email,
        u1_0.foto_perfil,
        u1_0.nombre,
        u1_0.password,
        u1_0.rol,
        u1_0.telefono,
        u1_0.updated_at 
    from
        usuarios u1_0 
    where
        u1_0.email=?
2026-07-09 00:35:36.162 DEBUG 15948 --- [http-nio-8080-exec-6] org.hibernate.SQL                        : 
    select
        p1_0.id,
        p1_0.contacto_emergencia_nombre,
        p1_0.contacto_emergencia_parentesco,
        p1_0.contacto_emergencia_telefono,
        p1_0.created_at,
        p1_0.direccion,
        p1_0.fecha_nacimiento,
        p1_0.genero,
        p1_0.grupo_sanguineo,
        p1_0.updated_at,
        p1_0.usuario_id 
    from
        pacientes p1_0 
    left join
        usuarios u1_0 
            on u1_0.id=p1_0.usuario_id 
    where
        u1_0.id=?
2026-07-09 00:35:36.168 DEBUG 15948 --- [http-nio-8080-exec-6] org.hibernate.SQL                        : 
    select
        c1_0.id,
        c1_0.created_at,
        c1_0.especialidad_id,
        c1_0.estado,
        c1_0.fecha,
        c1_0.hora_fin,
        c1_0.hora_inicio,
        c1_0.medico_id,
        c1_0.motivo_consulta,
        c1_0.observaciones,
        c1_0.paciente_id,
        c1_0.updated_at 
    from
        citas c1_0 
    left join
        pacientes p1_0 
            on p1_0.id=c1_0.paciente_id 
    where
        p1_0.id=?
2026-07-09 00:35:36.232 DEBUG 15948 --- [http-nio-8080-exec-1] org.hibernate.SQL                        : 
    select
        u1_0.id,
        u1_0.activo,
        u1_0.apellido,
        u1_0.created_at,
        u1_0.dni,
        u1_0.email,
        u1_0.foto_perfil,
        u1_0.nombre,
        u1_0.password,
        u1_0.rol,
        u1_0.telefono,
        u1_0.updated_at 
    from
        usuarios u1_0 
    where
        u1_0.email=?
2026-07-09 00:35:36.232 DEBUG 15948 --- [http-nio-8080-exec-5] org.hibernate.SQL                        : 
    select
        u1_0.id,
        u1_0.activo,
        u1_0.apellido,
        u1_0.created_at,
        u1_0.dni,
        u1_0.email,
        u1_0.foto_perfil,
        u1_0.nombre,
        u1_0.password,
        u1_0.rol,
        u1_0.telefono,
        u1_0.updated_at 
    from
        usuarios u1_0 
    where
        u1_0.email=?
2026-07-09 00:35:36.236 DEBUG 15948 --- [http-nio-8080-exec-9] org.hibernate.SQL                        : 
    select
        u1_0.id,
        u1_0.activo,
        u1_0.apellido,
        u1_0.created_at,
        u1_0.dni,
        u1_0.email,
        u1_0.foto_perfil,
        u1_0.nombre,
        u1_0.password,
        u1_0.rol,
        u1_0.telefono,
        u1_0.updated_at 
    from
        usuarios u1_0 
    where
        u1_0.email=?
2026-07-09 00:35:36.236 DEBUG 15948 --- [http-nio-8080-exec-6] org.hibernate.SQL                        : 
    select
        e1_0.id,
        e1_0.activo,
        e1_0.costo,
        e1_0.created_at,
        e1_0.descripcion,
        e1_0.nombre 
    from
        especialidades e1_0 
    where
        e1_0.id=?
2026-07-09 00:35:36.271 DEBUG 15948 --- [http-nio-8080-exec-6] org.hibernate.SQL                        : 
    select
        m1_0.id,
        m1_0.created_at,
        m1_0.numero_colegiatura,
        m1_0.updated_at,
        m1_0.usuario_id 
    from
        medicos m1_0 
    where
        m1_0.id=?
2026-07-09 00:35:36.273 DEBUG 15948 --- [http-nio-8080-exec-6] org.hibernate.SQL                        : 
    select
        u1_0.id,
        u1_0.activo,
        u1_0.apellido,
        u1_0.created_at,
        u1_0.dni,
        u1_0.email,
        u1_0.foto_perfil,
        u1_0.nombre,
        u1_0.password,
        u1_0.rol,
        u1_0.telefono,
        u1_0.updated_at 
    from
        usuarios u1_0 
    where
        u1_0.id=?
2026-07-09 00:35:36.297 DEBUG 15948 --- [http-nio-8080-exec-4] org.hibernate.SQL                        : 
    select
        u1_0.id,
        u1_0.activo,
        u1_0.apellido,
        u1_0.created_at,
        u1_0.dni,
        u1_0.email,
        u1_0.foto_perfil,
        u1_0.nombre,
        u1_0.password,
        u1_0.rol,
        u1_0.telefono,
        u1_0.updated_at 
    from
        usuarios u1_0 
    where
        u1_0.email=?
2026-07-09 00:35:36.297 DEBUG 15948 --- [http-nio-8080-exec-8] org.hibernate.SQL                        : 
    select
        u1_0.id,
        u1_0.activo,
        u1_0.apellido,
        u1_0.created_at,
        u1_0.dni,
        u1_0.email,
        u1_0.foto_perfil,
        u1_0.nombre,
        u1_0.password,
        u1_0.rol,
        u1_0.telefono,
        u1_0.updated_at 
    from
        usuarios u1_0 
    where
        u1_0.email=?
2026-07-09 00:35:37.856  WARN 15948 --- [task-1] com.sisol.salud.service.EmailService     : No se pudo enviar el correo a paciente1@sisol.com
2026-07-09 00:35:37.857  WARN 15948 --- [task-1] com.sisol.salud.service.EmailService     : Error: Authentication failed
2026-07-09 00:35:37.857  WARN 15948 --- [task-1] com.sisol.salud.service.EmailService     : HTML que se hubiera enviado:
2026-07-09 00:35:37.860  INFO 15948 --- [task-1] com.sisol.salud.service.EmailService     : <!DOCTYPE html>
<html>
<head>
    <meta charset="UTF-8">
    <meta name="viewport" content="width=device-width, initial-scale=1.0">
    <title>Confirmación de Cita - SISOL Salud</title>
    <style>
        body {
            font-family: 'Segoe UI', Tahoma, Geneva, Verdana, sans-serif;
            background-color: #f4f7f6;
            margin: 0;
            padding: 0;
            color: #333333;
        }
        .email-container {
            max-width: 600px;
            margin: 40px auto;
            background-color: #ffffff;
            border-radius: 8px;
            overflow: hidden;
            box-shadow: 0 4px 15px rgba(0,0,0,0.05);
        }
        .header {
            background-color: #721c24; /* Color Maroon de SISOL */
            padding: 30px 20px;
            text-align: center;
        }
        .header h1 {
            color: #ffffff;
            margin: 0;
            font-size: 24px;
            letter-spacing: 1px;
        }
        .body-content {
            padding: 40px 30px;
        }
        .greeting {
            font-size: 18px;
            font-weight: 600;
            color: #721c24;
            margin-bottom: 20px;
        }
        .message {
            font-size: 15px;
            line-height: 1.6;
            margin-bottom: 30px;
            color: #555555;
        }
        .details-box {
            background-color: #fdf3f3;
            border-left: 4px solid #721c24;
            padding: 20px;
            border-radius: 4px;
            margin-bottom: 30px;
        }
        .detail-row {
            margin-bottom: 12px;
            font-size: 15px;
        }
        .detail-label {
            font-weight: bold;
            color: #721c24;
            display: inline-block;
            width: 120px;
        }
        .footer {
            background-color: #f8f9fa;
            text-align: center;
            padding: 20px;
            font-size: 12px;
            color: #999999;
            border-top: 1px solid #eeeeee;
        }
        .btn {
            display: inline-block;
            background-color: #721c24;
            color: #ffffff;
            text-decoration: none;
            padding: 12px 25px;
            border-radius: 5px;
            font-weight: bold;
            margin-top: 10px;
        }
    </style>
</head>
<body>
    <div class="email-container">
        <!-- Header -->
        <div class="header">
            <h1>SISOL Salud</h1>
        </div>
        
        <!-- Body -->
        <div class="body-content">
            <div class="greeting">¡Hola, <span>Paciente</span>!</div>
            
            <div class="message">
                Nos complace informarte que tu cita médica ha sido registrada y confirmada exitosamente en nuestro sistema. A continuación, te detallamos la información de tu reserva:
            </div>
            
            <div class="details-box">
                <div class="detail-row">
                    <span class="detail-label">Especialidad:</span>
                    <span>Cardiología</span>
                </div>
                <div class="detail-row">
                    <span class="detail-label">Médico:</span>
                    <span>Dr(a). Dr. Card Medico 0</span>
                </div>
                <div class="detail-row">
                    <span class="detail-label">Fecha:</span>
                    <span>2026-07-09</span>
                </div>
                <div class="detail-row">
                    <span class="detail-label">Hora:</span>
                    <span>14:00</span>
                </div>
            </div>
            
            <div class="message" style="font-size: 14px; background-color: #fff8e1; border-left: 4px solid #ffc107; padding: 15px;">
                <strong>Recordatorio Importante:</strong> Por favor preséntate 15 minutos antes de tu cita en la recepción del hospital con tu DNI físico. Si necesitas reprogramar o cancelar, puedes hacerlo desde el Portal del Paciente.
            </div>
        </div>
        
        <!-- Footer -->
        <div class="footer">
            <p>Este es un mensaje automático generado por <span>SISOL Salud</span>, por favor no respondas a este correo.</p>
            <p>&copy; 2026 Todos los derechos reservados.</p>
        </div>
    </div>
</body>
</html>

2026-07-09 00:35:56.559 DEBUG 15948 --- [http-nio-8080-exec-10] org.hibernate.SQL                        : 
    select
        u1_0.id,
        u1_0.activo,
        u1_0.apellido,
        u1_0.created_at,
        u1_0.dni,
        u1_0.email,
        u1_0.foto_perfil,
        u1_0.nombre,
        u1_0.password,
        u1_0.rol,
        u1_0.telefono,
        u1_0.updated_at 
    from
        usuarios u1_0 
    where
        u1_0.email=?
2026-07-09 00:35:56.563 DEBUG 15948 --- [http-nio-8080-exec-10] org.hibernate.SQL                        : 
    select
        u1_0.id,
        u1_0.activo,
        u1_0.apellido,
        u1_0.created_at,
        u1_0.dni,
        u1_0.email,
        u1_0.foto_perfil,
        u1_0.nombre,
        u1_0.password,
        u1_0.rol,
        u1_0.telefono,
        u1_0.updated_at 
    from
        usuarios u1_0 
    where
        u1_0.email=?
2026-07-09 00:35:56.566 DEBUG 15948 --- [http-nio-8080-exec-10] org.hibernate.SQL                        : 
    select
        p1_0.id,
        p1_0.contacto_emergencia_nombre,
        p1_0.contacto_emergencia_parentesco,
        p1_0.contacto_emergencia_telefono,
        p1_0.created_at,
        p1_0.direccion,
        p1_0.fecha_nacimiento,
        p1_0.genero,
        p1_0.grupo_sanguineo,
        p1_0.updated_at,
        p1_0.usuario_id 
    from
        pacientes p1_0 
    left join
        usuarios u1_0 
            on u1_0.id=p1_0.usuario_id 
    where
        u1_0.id=?
2026-07-09 00:35:56.569 DEBUG 15948 --- [http-nio-8080-exec-10] org.hibernate.SQL                        : 
    select
        c1_0.id,
        c1_0.created_at,
        c1_0.especialidad_id,
        c1_0.estado,
        c1_0.fecha,
        c1_0.hora_fin,
        c1_0.hora_inicio,
        c1_0.medico_id,
        c1_0.motivo_consulta,
        c1_0.observaciones,
        c1_0.paciente_id,
        c1_0.updated_at 
    from
        citas c1_0 
    left join
        pacientes p1_0 
            on p1_0.id=c1_0.paciente_id 
    where
        p1_0.id=?
2026-07-09 00:35:56.605 DEBUG 15948 --- [http-nio-8080-exec-10] org.hibernate.SQL                        : 
    select
        m1_0.id,
        m1_0.created_at,
        m1_0.numero_colegiatura,
        m1_0.updated_at,
        m1_0.usuario_id 
    from
        medicos m1_0 
    where
        m1_0.id=?
2026-07-09 00:35:56.606 DEBUG 15948 --- [http-nio-8080-exec-10] org.hibernate.SQL                        : 
    select
        u1_0.id,
        u1_0.activo,
        u1_0.apellido,
        u1_0.created_at,
        u1_0.dni,
        u1_0.email,
        u1_0.foto_perfil,
        u1_0.nombre,
        u1_0.password,
        u1_0.rol,
        u1_0.telefono,
        u1_0.updated_at 
    from
        usuarios u1_0 
    where
        u1_0.id=?
2026-07-09 00:35:56.609 DEBUG 15948 --- [http-nio-8080-exec-10] org.hibernate.SQL                        : 
    select
        e1_0.id,
        e1_0.activo,
        e1_0.costo,
        e1_0.created_at,
        e1_0.descripcion,
        e1_0.nombre 
    from
        especialidades e1_0 
    where
        e1_0.id=?
2026-07-09 00:35:56.621 DEBUG 15948 --- [http-nio-8080-exec-2] org.hibernate.SQL                        : 
    select
        u1_0.id,
        u1_0.activo,
        u1_0.apellido,
        u1_0.created_at,
        u1_0.dni,
        u1_0.email,
        u1_0.foto_perfil,
        u1_0.nombre,
        u1_0.password,
        u1_0.rol,
        u1_0.telefono,
        u1_0.updated_at 
    from
        usuarios u1_0 
    where
        u1_0.email=?
2026-07-09 00:35:56.622 DEBUG 15948 --- [http-nio-8080-exec-3] org.hibernate.SQL                        : 
    select
        u1_0.id,
        u1_0.activo,
        u1_0.apellido,
        u1_0.created_at,
        u1_0.dni,
        u1_0.email,
        u1_0.foto_perfil,
        u1_0.nombre,
        u1_0.password,
        u1_0.rol,
        u1_0.telefono,
        u1_0.updated_at 
    from
        usuarios u1_0 
    where
        u1_0.email=?
2026-07-09 00:35:56.622 DEBUG 15948 --- [http-nio-8080-exec-1] org.hibernate.SQL                        : 
    select
        u1_0.id,
        u1_0.activo,
        u1_0.apellido,
        u1_0.created_at,
        u1_0.dni,
        u1_0.email,
        u1_0.foto_perfil,
        u1_0.nombre,
        u1_0.password,
        u1_0.rol,
        u1_0.telefono,
        u1_0.updated_at 
    from
        usuarios u1_0 
    where
        u1_0.email=?
2026-07-09 00:35:56.623 DEBUG 15948 --- [http-nio-8080-exec-7] org.hibernate.SQL                        : 
    select
        u1_0.id,
        u1_0.activo,
        u1_0.apellido,
        u1_0.created_at,
        u1_0.dni,
        u1_0.email,
        u1_0.foto_perfil,
        u1_0.nombre,
        u1_0.password,
        u1_0.rol,
        u1_0.telefono,
        u1_0.updated_at 
    from
        usuarios u1_0 
    where
        u1_0.email=?
2026-07-09 00:35:56.665 DEBUG 15948 --- [http-nio-8080-exec-5] org.hibernate.SQL                        : 
    select
        u1_0.id,
        u1_0.activo,
        u1_0.apellido,
        u1_0.created_at,
        u1_0.dni,
        u1_0.email,
        u1_0.foto_perfil,
        u1_0.nombre,
        u1_0.password,
        u1_0.rol,
        u1_0.telefono,
        u1_0.updated_at 
    from
        usuarios u1_0 
    where
        u1_0.email=?
2026-07-09 00:35:57.013 DEBUG 15948 --- [http-nio-8080-exec-9] org.hibernate.SQL                        : 
    select
        u1_0.id,
        u1_0.activo,
        u1_0.apellido,
        u1_0.created_at,
        u1_0.dni,
        u1_0.email,
        u1_0.foto_perfil,
        u1_0.nombre,
        u1_0.password,
        u1_0.rol,
        u1_0.telefono,
        u1_0.updated_at 
    from
        usuarios u1_0 
    where
        u1_0.email=?
2026-07-09 00:36:03.841  INFO 15948 --- [http-nio-8080-exec-10] com.sisol.salud.service.AuthService      : Intento de inicio de sesión para el usuario: medico0@sisol.com
2026-07-09 00:36:03.843 DEBUG 15948 --- [http-nio-8080-exec-10] org.hibernate.SQL                        : 
    select
        u1_0.id,
        u1_0.activo,
        u1_0.apellido,
        u1_0.created_at,
        u1_0.dni,
        u1_0.email,
        u1_0.foto_perfil,
        u1_0.nombre,
        u1_0.password,
        u1_0.rol,
        u1_0.telefono,
        u1_0.updated_at 
    from
        usuarios u1_0 
    where
        u1_0.email=?
2026-07-09 00:36:03.906 DEBUG 15948 --- [http-nio-8080-exec-10] org.hibernate.SQL                        : 
    select
        u1_0.id,
        u1_0.activo,
        u1_0.apellido,
        u1_0.created_at,
        u1_0.dni,
        u1_0.email,
        u1_0.foto_perfil,
        u1_0.nombre,
        u1_0.password,
        u1_0.rol,
        u1_0.telefono,
        u1_0.updated_at 
    from
        usuarios u1_0 
    where
        u1_0.email=?
2026-07-09 00:36:03.909 DEBUG 15948 --- [http-nio-8080-exec-10] org.hibernate.SQL                        : 
    select
        u1_0.id,
        u1_0.activo,
        u1_0.apellido,
        u1_0.created_at,
        u1_0.dni,
        u1_0.email,
        u1_0.foto_perfil,
        u1_0.nombre,
        u1_0.password,
        u1_0.rol,
        u1_0.telefono,
        u1_0.updated_at 
    from
        usuarios u1_0 
    where
        u1_0.email=?
2026-07-09 00:36:03.917 DEBUG 15948 --- [http-nio-8080-exec-8] org.hibernate.SQL                        : 
    select
        u1_0.id,
        u1_0.activo,
        u1_0.apellido,
        u1_0.created_at,
        u1_0.dni,
        u1_0.email,
        u1_0.foto_perfil,
        u1_0.nombre,
        u1_0.password,
        u1_0.rol,
        u1_0.telefono,
        u1_0.updated_at 
    from
        usuarios u1_0 
    where
        u1_0.email=?
2026-07-09 00:36:03.922 DEBUG 15948 --- [http-nio-8080-exec-8] org.hibernate.SQL                        : 
    select
        u1_0.id,
        u1_0.activo,
        u1_0.apellido,
        u1_0.created_at,
        u1_0.dni,
        u1_0.email,
        u1_0.foto_perfil,
        u1_0.nombre,
        u1_0.password,
        u1_0.rol,
        u1_0.telefono,
        u1_0.updated_at 
    from
        usuarios u1_0 
    where
        u1_0.email=?
2026-07-09 00:36:03.927 DEBUG 15948 --- [http-nio-8080-exec-8] org.hibernate.SQL                        : 
    select
        m1_0.id,
        m1_0.created_at,
        m1_0.numero_colegiatura,
        m1_0.updated_at,
        m1_0.usuario_id 
    from
        medicos m1_0 
    left join
        usuarios u1_0 
            on u1_0.id=m1_0.usuario_id 
    where
        u1_0.id=?
2026-07-09 00:36:03.929 DEBUG 15948 --- [http-nio-8080-exec-8] org.hibernate.SQL                        : 
    select
        c1_0.id,
        c1_0.created_at,
        c1_0.especialidad_id,
        c1_0.estado,
        c1_0.fecha,
        c1_0.hora_fin,
        c1_0.hora_inicio,
        c1_0.medico_id,
        c1_0.motivo_consulta,
        c1_0.observaciones,
        c1_0.paciente_id,
        c1_0.updated_at 
    from
        citas c1_0 
    left join
        medicos m1_0 
            on m1_0.id=c1_0.medico_id 
    where
        m1_0.id=? 
        and c1_0.fecha=?
2026-07-09 00:36:03.934 DEBUG 15948 --- [http-nio-8080-exec-8] org.hibernate.SQL                        : 
    select
        c1_0.id,
        c1_0.created_at,
        c1_0.especialidad_id,
        c1_0.estado,
        c1_0.fecha,
        c1_0.hora_fin,
        c1_0.hora_inicio,
        c1_0.medico_id,
        c1_0.motivo_consulta,
        c1_0.observaciones,
        c1_0.paciente_id,
        c1_0.updated_at 
    from
        citas c1_0 
    left join
        medicos m1_0 
            on m1_0.id=c1_0.medico_id 
    where
        m1_0.id=?
2026-07-09 00:36:03.952 DEBUG 15948 --- [http-nio-8080-exec-8] org.hibernate.SQL                        : 
    select
        e1_0.medico_id,
        e1_1.id,
        e1_1.activo,
        e1_1.costo,
        e1_1.created_at,
        e1_1.descripcion,
        e1_1.nombre 
    from
        medico_especialidades e1_0 
    join
        especialidades e1_1 
            on e1_1.id=e1_0.especialidad_id 
    where
        e1_0.medico_id=?
2026-07-09 00:36:03.959 DEBUG 15948 --- [http-nio-8080-exec-8] org.hibernate.SQL                        : 
    select
        p1_0.id,
        p1_0.contacto_emergencia_nombre,
        p1_0.contacto_emergencia_parentesco,
        p1_0.contacto_emergencia_telefono,
        p1_0.created_at,
        p1_0.direccion,
        p1_0.fecha_nacimiento,
        p1_0.genero,
        p1_0.grupo_sanguineo,
        p1_0.updated_at,
        p1_0.usuario_id 
    from
        pacientes p1_0 
    where
        p1_0.id=?
2026-07-09 00:36:03.962 DEBUG 15948 --- [http-nio-8080-exec-8] org.hibernate.SQL                        : 
    select
        u1_0.id,
        u1_0.activo,
        u1_0.apellido,
        u1_0.created_at,
        u1_0.dni,
        u1_0.email,
        u1_0.foto_perfil,
        u1_0.nombre,
        u1_0.password,
        u1_0.rol,
        u1_0.telefono,
        u1_0.updated_at 
    from
        usuarios u1_0 
    where
        u1_0.id=?
2026-07-09 00:36:06.179 DEBUG 15948 --- [http-nio-8080-exec-1] org.hibernate.SQL                        : 
    select
        u1_0.id,
        u1_0.activo,
        u1_0.apellido,
        u1_0.created_at,
        u1_0.dni,
        u1_0.email,
        u1_0.foto_perfil,
        u1_0.nombre,
        u1_0.password,
        u1_0.rol,
        u1_0.telefono,
        u1_0.updated_at 
    from
        usuarios u1_0 
    where
        u1_0.email=?
2026-07-09 00:36:06.183 DEBUG 15948 --- [http-nio-8080-exec-1] org.hibernate.SQL                        : 
    select
        u1_0.id,
        u1_0.activo,
        u1_0.apellido,
        u1_0.created_at,
        u1_0.dni,
        u1_0.email,
        u1_0.foto_perfil,
        u1_0.nombre,
        u1_0.password,
        u1_0.rol,
        u1_0.telefono,
        u1_0.updated_at 
    from
        usuarios u1_0 
    where
        u1_0.email=?
2026-07-09 00:36:06.186 DEBUG 15948 --- [http-nio-8080-exec-1] org.hibernate.SQL                        : 
    select
        m1_0.id,
        m1_0.created_at,
        m1_0.numero_colegiatura,
        m1_0.updated_at,
        m1_0.usuario_id 
    from
        medicos m1_0 
    left join
        usuarios u1_0 
            on u1_0.id=m1_0.usuario_id 
    where
        u1_0.id=?
2026-07-09 00:36:06.193 DEBUG 15948 --- [http-nio-8080-exec-1] org.hibernate.SQL                        : 
    select
        c1_0.id,
        c1_0.created_at,
        c1_0.especialidad_id,
        c1_0.estado,
        c1_0.fecha,
        c1_0.hora_fin,
        c1_0.hora_inicio,
        c1_0.medico_id,
        c1_0.motivo_consulta,
        c1_0.observaciones,
        c1_0.paciente_id,
        c1_0.updated_at 
    from
        citas c1_0 
    left join
        medicos m1_0 
            on m1_0.id=c1_0.medico_id 
    where
        m1_0.id=? 
        and c1_0.fecha=?
2026-07-09 00:36:06.214 DEBUG 15948 --- [http-nio-8080-exec-1] org.hibernate.SQL                        : 
    select
        e1_0.medico_id,
        e1_1.id,
        e1_1.activo,
        e1_1.costo,
        e1_1.created_at,
        e1_1.descripcion,
        e1_1.nombre 
    from
        medico_especialidades e1_0 
    join
        especialidades e1_1 
            on e1_1.id=e1_0.especialidad_id 
    where
        e1_0.medico_id=?
2026-07-09 00:36:06.237 DEBUG 15948 --- [http-nio-8080-exec-3] org.hibernate.SQL                        : 
    select
        u1_0.id,
        u1_0.activo,
        u1_0.apellido,
        u1_0.created_at,
        u1_0.dni,
        u1_0.email,
        u1_0.foto_perfil,
        u1_0.nombre,
        u1_0.password,
        u1_0.rol,
        u1_0.telefono,
        u1_0.updated_at 
    from
        usuarios u1_0 
    where
        u1_0.email=?
2026-07-09 00:36:06.241 DEBUG 15948 --- [http-nio-8080-exec-3] org.hibernate.SQL                        : 
    select
        u1_0.id,
        u1_0.activo,
        u1_0.apellido,
        u1_0.created_at,
        u1_0.dni,
        u1_0.email,
        u1_0.foto_perfil,
        u1_0.nombre,
        u1_0.password,
        u1_0.rol,
        u1_0.telefono,
        u1_0.updated_at 
    from
        usuarios u1_0 
    where
        u1_0.email=?
2026-07-09 00:36:06.244 DEBUG 15948 --- [http-nio-8080-exec-3] org.hibernate.SQL                        : 
    select
        m1_0.id,
        m1_0.created_at,
        m1_0.numero_colegiatura,
        m1_0.updated_at,
        m1_0.usuario_id 
    from
        medicos m1_0 
    left join
        usuarios u1_0 
            on u1_0.id=m1_0.usuario_id 
    where
        u1_0.id=?
2026-07-09 00:36:06.249 DEBUG 15948 --- [http-nio-8080-exec-3] org.hibernate.SQL                        : 
    select
        c1_0.id,
        c1_0.created_at,
        c1_0.especialidad_id,
        c1_0.estado,
        c1_0.fecha,
        c1_0.hora_fin,
        c1_0.hora_inicio,
        c1_0.medico_id,
        c1_0.motivo_consulta,
        c1_0.observaciones,
        c1_0.paciente_id,
        c1_0.updated_at 
    from
        citas c1_0 
    left join
        medicos m1_0 
            on m1_0.id=c1_0.medico_id 
    where
        m1_0.id=?
2026-07-09 00:36:06.251 DEBUG 15948 --- [http-nio-8080-exec-3] org.hibernate.SQL                        : 
    select
        p1_0.id,
        p1_0.contacto_emergencia_nombre,
        p1_0.contacto_emergencia_parentesco,
        p1_0.contacto_emergencia_telefono,
        p1_0.created_at,
        p1_0.direccion,
        p1_0.fecha_nacimiento,
        p1_0.genero,
        p1_0.grupo_sanguineo,
        p1_0.updated_at,
        p1_0.usuario_id 
    from
        pacientes p1_0 
    where
        p1_0.id=?
2026-07-09 00:36:06.253 DEBUG 15948 --- [http-nio-8080-exec-3] org.hibernate.SQL                        : 
    select
        u1_0.id,
        u1_0.activo,
        u1_0.apellido,
        u1_0.created_at,
        u1_0.dni,
        u1_0.email,
        u1_0.foto_perfil,
        u1_0.nombre,
        u1_0.password,
        u1_0.rol,
        u1_0.telefono,
        u1_0.updated_at 
    from
        usuarios u1_0 
    where
        u1_0.id=?
2026-07-09 00:36:07.422 DEBUG 15948 --- [http-nio-8080-exec-9] org.hibernate.SQL                        : 
    select
        u1_0.id,
        u1_0.activo,
        u1_0.apellido,
        u1_0.created_at,
        u1_0.dni,
        u1_0.email,
        u1_0.foto_perfil,
        u1_0.nombre,
        u1_0.password,
        u1_0.rol,
        u1_0.telefono,
        u1_0.updated_at 
    from
        usuarios u1_0 
    where
        u1_0.email=?
2026-07-09 00:36:07.426 DEBUG 15948 --- [http-nio-8080-exec-9] org.hibernate.SQL                        : 
    select
        u1_0.id,
        u1_0.activo,
        u1_0.apellido,
        u1_0.created_at,
        u1_0.dni,
        u1_0.email,
        u1_0.foto_perfil,
        u1_0.nombre,
        u1_0.password,
        u1_0.rol,
        u1_0.telefono,
        u1_0.updated_at 
    from
        usuarios u1_0 
    where
        u1_0.email=?
2026-07-09 00:36:07.430 DEBUG 15948 --- [http-nio-8080-exec-9] org.hibernate.SQL                        : 
    select
        m1_0.id,
        m1_0.created_at,
        m1_0.numero_colegiatura,
        m1_0.updated_at,
        m1_0.usuario_id 
    from
        medicos m1_0 
    left join
        usuarios u1_0 
            on u1_0.id=m1_0.usuario_id 
    where
        u1_0.id=?
2026-07-09 00:36:07.432 DEBUG 15948 --- [http-nio-8080-exec-9] org.hibernate.SQL                        : 
    select
        c1_0.id,
        c1_0.created_at,
        c1_0.especialidad_id,
        c1_0.estado,
        c1_0.fecha,
        c1_0.hora_fin,
        c1_0.hora_inicio,
        c1_0.medico_id,
        c1_0.motivo_consulta,
        c1_0.observaciones,
        c1_0.paciente_id,
        c1_0.updated_at 
    from
        citas c1_0 
    where
        c1_0.id=?
2026-07-09 00:36:07.434 DEBUG 15948 --- [http-nio-8080-exec-9] org.hibernate.SQL                        : 
    select
        p1_0.id,
        p1_0.contacto_emergencia_nombre,
        p1_0.contacto_emergencia_parentesco,
        p1_0.contacto_emergencia_telefono,
        p1_0.created_at,
        p1_0.direccion,
        p1_0.fecha_nacimiento,
        p1_0.genero,
        p1_0.grupo_sanguineo,
        p1_0.updated_at,
        p1_0.usuario_id 
    from
        pacientes p1_0 
    where
        p1_0.id=?
2026-07-09 00:36:07.454 DEBUG 15948 --- [http-nio-8080-exec-9] org.hibernate.SQL                        : 
    select
        u1_0.id,
        u1_0.activo,
        u1_0.apellido,
        u1_0.created_at,
        u1_0.dni,
        u1_0.email,
        u1_0.foto_perfil,
        u1_0.nombre,
        u1_0.password,
        u1_0.rol,
        u1_0.telefono,
        u1_0.updated_at 
    from
        usuarios u1_0 
    where
        u1_0.id=?
2026-07-09 00:36:07.458 DEBUG 15948 --- [http-nio-8080-exec-9] org.hibernate.SQL                        : 
    select
        e1_0.id,
        e1_0.activo,
        e1_0.costo,
        e1_0.created_at,
        e1_0.descripcion,
        e1_0.nombre 
    from
        especialidades e1_0 
    where
        e1_0.id=?
2026-07-09 00:36:08.715 DEBUG 15948 --- [http-nio-8080-exec-6] org.hibernate.SQL                        : 
    select
        u1_0.id,
        u1_0.activo,
        u1_0.apellido,
        u1_0.created_at,
        u1_0.dni,
        u1_0.email,
        u1_0.foto_perfil,
        u1_0.nombre,
        u1_0.password,
        u1_0.rol,
        u1_0.telefono,
        u1_0.updated_at 
    from
        usuarios u1_0 
    where
        u1_0.email=?
2026-07-09 00:36:08.721 DEBUG 15948 --- [http-nio-8080-exec-6] org.hibernate.SQL                        : 
    select
        u1_0.id,
        u1_0.activo,
        u1_0.apellido,
        u1_0.created_at,
        u1_0.dni,
        u1_0.email,
        u1_0.foto_perfil,
        u1_0.nombre,
        u1_0.password,
        u1_0.rol,
        u1_0.telefono,
        u1_0.updated_at 
    from
        usuarios u1_0 
    where
        u1_0.email=?
2026-07-09 00:36:08.726 DEBUG 15948 --- [http-nio-8080-exec-6] org.hibernate.SQL                        : 
    select
        m1_0.id,
        m1_0.created_at,
        m1_0.numero_colegiatura,
        m1_0.updated_at,
        m1_0.usuario_id 
    from
        medicos m1_0 
    left join
        usuarios u1_0 
            on u1_0.id=m1_0.usuario_id 
    where
        u1_0.id=?
2026-07-09 00:36:08.731 DEBUG 15948 --- [http-nio-8080-exec-6] org.hibernate.SQL                        : 
    select
        c1_0.id,
        c1_0.created_at,
        c1_0.especialidad_id,
        c1_0.estado,
        c1_0.fecha,
        c1_0.hora_fin,
        c1_0.hora_inicio,
        c1_0.medico_id,
        c1_0.motivo_consulta,
        c1_0.observaciones,
        c1_0.paciente_id,
        c1_0.updated_at 
    from
        citas c1_0 
    left join
        medicos m1_0 
            on m1_0.id=c1_0.medico_id 
    where
        m1_0.id=? 
        and c1_0.fecha=?
2026-07-09 00:36:08.737 DEBUG 15948 --- [http-nio-8080-exec-6] org.hibernate.SQL                        : 
    select
        c1_0.id,
        c1_0.created_at,
        c1_0.especialidad_id,
        c1_0.estado,
        c1_0.fecha,
        c1_0.hora_fin,
        c1_0.hora_inicio,
        c1_0.medico_id,
        c1_0.motivo_consulta,
        c1_0.observaciones,
        c1_0.paciente_id,
        c1_0.updated_at 
    from
        citas c1_0 
    left join
        medicos m1_0 
            on m1_0.id=c1_0.medico_id 
    where
        m1_0.id=?
2026-07-09 00:36:08.757 DEBUG 15948 --- [http-nio-8080-exec-6] org.hibernate.SQL                        : 
    select
        e1_0.medico_id,
        e1_1.id,
        e1_1.activo,
        e1_1.costo,
        e1_1.created_at,
        e1_1.descripcion,
        e1_1.nombre 
    from
        medico_especialidades e1_0 
    join
        especialidades e1_1 
            on e1_1.id=e1_0.especialidad_id 
    where
        e1_0.medico_id=?
2026-07-09 00:36:08.762 DEBUG 15948 --- [http-nio-8080-exec-6] org.hibernate.SQL                        : 
    select
        p1_0.id,
        p1_0.contacto_emergencia_nombre,
        p1_0.contacto_emergencia_parentesco,
        p1_0.contacto_emergencia_telefono,
        p1_0.created_at,
        p1_0.direccion,
        p1_0.fecha_nacimiento,
        p1_0.genero,
        p1_0.grupo_sanguineo,
        p1_0.updated_at,
        p1_0.usuario_id 
    from
        pacientes p1_0 
    where
        p1_0.id=?
2026-07-09 00:36:08.764 DEBUG 15948 --- [http-nio-8080-exec-6] org.hibernate.SQL                        : 
    select
        u1_0.id,
        u1_0.activo,
        u1_0.apellido,
        u1_0.created_at,
        u1_0.dni,
        u1_0.email,
        u1_0.foto_perfil,
        u1_0.nombre,
        u1_0.password,
        u1_0.rol,
        u1_0.telefono,
        u1_0.updated_at 
    from
        usuarios u1_0 
    where
        u1_0.id=?
2026-07-09 00:36:20.507 DEBUG 15948 --- [http-nio-8080-exec-5] org.hibernate.SQL                        : 
    select
        u1_0.id,
        u1_0.activo,
        u1_0.apellido,
        u1_0.created_at,
        u1_0.dni,
        u1_0.email,
        u1_0.foto_perfil,
        u1_0.nombre,
        u1_0.password,
        u1_0.rol,
        u1_0.telefono,
        u1_0.updated_at 
    from
        usuarios u1_0 
    where
        u1_0.email=?
2026-07-09 00:36:20.512 DEBUG 15948 --- [http-nio-8080-exec-5] org.hibernate.SQL                        : 
    select
        u1_0.id,
        u1_0.activo,
        u1_0.apellido,
        u1_0.created_at,
        u1_0.dni,
        u1_0.email,
        u1_0.foto_perfil,
        u1_0.nombre,
        u1_0.password,
        u1_0.rol,
        u1_0.telefono,
        u1_0.updated_at 
    from
        usuarios u1_0 
    where
        u1_0.email=?
2026-07-09 00:36:20.515 DEBUG 15948 --- [http-nio-8080-exec-5] org.hibernate.SQL                        : 
    select
        m1_0.id,
        m1_0.created_at,
        m1_0.numero_colegiatura,
        m1_0.updated_at,
        m1_0.usuario_id 
    from
        medicos m1_0 
    left join
        usuarios u1_0 
            on u1_0.id=m1_0.usuario_id 
    where
        u1_0.id=?
2026-07-09 00:36:20.524 DEBUG 15948 --- [http-nio-8080-exec-5] org.hibernate.SQL                        : 
    select
        c1_0.id,
        c1_0.created_at,
        c1_0.especialidad_id,
        c1_0.estado,
        c1_0.fecha,
        c1_0.hora_fin,
        c1_0.hora_inicio,
        c1_0.medico_id,
        c1_0.motivo_consulta,
        c1_0.observaciones,
        c1_0.paciente_id,
        c1_0.updated_at 
    from
        citas c1_0 
    where
        c1_0.id=?
2026-07-09 00:36:20.526 DEBUG 15948 --- [http-nio-8080-exec-5] org.hibernate.SQL                        : 
    select
        p1_0.id,
        p1_0.contacto_emergencia_nombre,
        p1_0.contacto_emergencia_parentesco,
        p1_0.contacto_emergencia_telefono,
        p1_0.created_at,
        p1_0.direccion,
        p1_0.fecha_nacimiento,
        p1_0.genero,
        p1_0.grupo_sanguineo,
        p1_0.updated_at,
        p1_0.usuario_id 
    from
        pacientes p1_0 
    where
        p1_0.id=?
2026-07-09 00:36:20.563 DEBUG 15948 --- [http-nio-8080-exec-5] org.hibernate.SQL                        : 
    select
        u1_0.id,
        u1_0.activo,
        u1_0.apellido,
        u1_0.created_at,
        u1_0.dni,
        u1_0.email,
        u1_0.foto_perfil,
        u1_0.nombre,
        u1_0.password,
        u1_0.rol,
        u1_0.telefono,
        u1_0.updated_at 
    from
        usuarios u1_0 
    where
        u1_0.id=?
2026-07-09 00:36:20.565 DEBUG 15948 --- [http-nio-8080-exec-5] org.hibernate.SQL                        : 
    select
        e1_0.id,
        e1_0.activo,
        e1_0.costo,
        e1_0.created_at,
        e1_0.descripcion,
        e1_0.nombre 
    from
        especialidades e1_0 
    where
        e1_0.id=?
2026-07-09 00:36:25.428 DEBUG 15948 --- [http-nio-8080-exec-4] org.hibernate.SQL                        : 
    select
        u1_0.id,
        u1_0.activo,
        u1_0.apellido,
        u1_0.created_at,
        u1_0.dni,
        u1_0.email,
        u1_0.foto_perfil,
        u1_0.nombre,
        u1_0.password,
        u1_0.rol,
        u1_0.telefono,
        u1_0.updated_at 
    from
        usuarios u1_0 
    where
        u1_0.email=?
2026-07-09 00:36:25.433 DEBUG 15948 --- [http-nio-8080-exec-4] org.hibernate.SQL                        : 
    select
        u1_0.id,
        u1_0.activo,
        u1_0.apellido,
        u1_0.created_at,
        u1_0.dni,
        u1_0.email,
        u1_0.foto_perfil,
        u1_0.nombre,
        u1_0.password,
        u1_0.rol,
        u1_0.telefono,
        u1_0.updated_at 
    from
        usuarios u1_0 
    where
        u1_0.email=?
2026-07-09 00:36:25.435 DEBUG 15948 --- [http-nio-8080-exec-4] org.hibernate.SQL                        : 
    select
        m1_0.id,
        m1_0.created_at,
        m1_0.numero_colegiatura,
        m1_0.updated_at,
        m1_0.usuario_id 
    from
        medicos m1_0 
    left join
        usuarios u1_0 
            on u1_0.id=m1_0.usuario_id 
    where
        u1_0.id=?
2026-07-09 00:36:25.441 DEBUG 15948 --- [http-nio-8080-exec-4] org.hibernate.SQL                        : 
    select
        c1_0.id,
        c1_0.created_at,
        c1_0.especialidad_id,
        c1_0.estado,
        c1_0.fecha,
        c1_0.hora_fin,
        c1_0.hora_inicio,
        c1_0.medico_id,
        c1_0.motivo_consulta,
        c1_0.observaciones,
        c1_0.paciente_id,
        c1_0.updated_at 
    from
        citas c1_0 
    left join
        medicos m1_0 
            on m1_0.id=c1_0.medico_id 
    where
        m1_0.id=? 
        and c1_0.fecha=?
2026-07-09 00:36:25.445 DEBUG 15948 --- [http-nio-8080-exec-4] org.hibernate.SQL                        : 
    select
        c1_0.id,
        c1_0.created_at,
        c1_0.especialidad_id,
        c1_0.estado,
        c1_0.fecha,
        c1_0.hora_fin,
        c1_0.hora_inicio,
        c1_0.medico_id,
        c1_0.motivo_consulta,
        c1_0.observaciones,
        c1_0.paciente_id,
        c1_0.updated_at 
    from
        citas c1_0 
    left join
        medicos m1_0 
            on m1_0.id=c1_0.medico_id 
    where
        m1_0.id=?
2026-07-09 00:36:25.465 DEBUG 15948 --- [http-nio-8080-exec-4] org.hibernate.SQL                        : 
    select
        e1_0.medico_id,
        e1_1.id,
        e1_1.activo,
        e1_1.costo,
        e1_1.created_at,
        e1_1.descripcion,
        e1_1.nombre 
    from
        medico_especialidades e1_0 
    join
        especialidades e1_1 
            on e1_1.id=e1_0.especialidad_id 
    where
        e1_0.medico_id=?
2026-07-09 00:36:25.471 DEBUG 15948 --- [http-nio-8080-exec-4] org.hibernate.SQL                        : 
    select
        p1_0.id,
        p1_0.contacto_emergencia_nombre,
        p1_0.contacto_emergencia_parentesco,
        p1_0.contacto_emergencia_telefono,
        p1_0.created_at,
        p1_0.direccion,
        p1_0.fecha_nacimiento,
        p1_0.genero,
        p1_0.grupo_sanguineo,
        p1_0.updated_at,
        p1_0.usuario_id 
    from
        pacientes p1_0 
    where
        p1_0.id=?
2026-07-09 00:36:25.474 DEBUG 15948 --- [http-nio-8080-exec-4] org.hibernate.SQL                        : 
    select
        u1_0.id,
        u1_0.activo,
        u1_0.apellido,
        u1_0.created_at,
        u1_0.dni,
        u1_0.email,
        u1_0.foto_perfil,
        u1_0.nombre,
        u1_0.password,
        u1_0.rol,
        u1_0.telefono,
        u1_0.updated_at 
    from
        usuarios u1_0 
    where
        u1_0.id=?
2026-07-09 00:36:27.027 DEBUG 15948 --- [http-nio-8080-exec-2] org.hibernate.SQL                        : 
    select
        u1_0.id,
        u1_0.activo,
        u1_0.apellido,
        u1_0.created_at,
        u1_0.dni,
        u1_0.email,
        u1_0.foto_perfil,
        u1_0.nombre,
        u1_0.password,
        u1_0.rol,
        u1_0.telefono,
        u1_0.updated_at 
    from
        usuarios u1_0 
    where
        u1_0.email=?
2026-07-09 00:36:27.031 DEBUG 15948 --- [http-nio-8080-exec-2] org.hibernate.SQL                        : 
    select
        u1_0.id,
        u1_0.activo,
        u1_0.apellido,
        u1_0.created_at,
        u1_0.dni,
        u1_0.email,
        u1_0.foto_perfil,
        u1_0.nombre,
        u1_0.password,
        u1_0.rol,
        u1_0.telefono,
        u1_0.updated_at 
    from
        usuarios u1_0 
    where
        u1_0.email=?
2026-07-09 00:36:27.035 DEBUG 15948 --- [http-nio-8080-exec-2] org.hibernate.SQL                        : 
    select
        m1_0.id,
        m1_0.created_at,
        m1_0.numero_colegiatura,
        m1_0.updated_at,
        m1_0.usuario_id 
    from
        medicos m1_0 
    left join
        usuarios u1_0 
            on u1_0.id=m1_0.usuario_id 
    where
        u1_0.id=?
2026-07-09 00:36:27.040 DEBUG 15948 --- [http-nio-8080-exec-2] org.hibernate.SQL                        : 
    select
        c1_0.id,
        c1_0.created_at,
        c1_0.especialidad_id,
        c1_0.estado,
        c1_0.fecha,
        c1_0.hora_fin,
        c1_0.hora_inicio,
        c1_0.medico_id,
        c1_0.motivo_consulta,
        c1_0.observaciones,
        c1_0.paciente_id,
        c1_0.updated_at 
    from
        citas c1_0 
    left join
        medicos m1_0 
            on m1_0.id=c1_0.medico_id 
    where
        m1_0.id=? 
        and c1_0.fecha=?
2026-07-09 00:36:27.063 DEBUG 15948 --- [http-nio-8080-exec-2] org.hibernate.SQL                        : 
    select
        e1_0.medico_id,
        e1_1.id,
        e1_1.activo,
        e1_1.costo,
        e1_1.created_at,
        e1_1.descripcion,
        e1_1.nombre 
    from
        medico_especialidades e1_0 
    join
        especialidades e1_1 
            on e1_1.id=e1_0.especialidad_id 
    where
        e1_0.medico_id=?
2026-07-09 00:36:27.084 DEBUG 15948 --- [http-nio-8080-exec-10] org.hibernate.SQL                        : 
    select
        u1_0.id,
        u1_0.activo,
        u1_0.apellido,
        u1_0.created_at,
        u1_0.dni,
        u1_0.email,
        u1_0.foto_perfil,
        u1_0.nombre,
        u1_0.password,
        u1_0.rol,
        u1_0.telefono,
        u1_0.updated_at 
    from
        usuarios u1_0 
    where
        u1_0.email=?
2026-07-09 00:36:27.088 DEBUG 15948 --- [http-nio-8080-exec-10] org.hibernate.SQL                        : 
    select
        u1_0.id,
        u1_0.activo,
        u1_0.apellido,
        u1_0.created_at,
        u1_0.dni,
        u1_0.email,
        u1_0.foto_perfil,
        u1_0.nombre,
        u1_0.password,
        u1_0.rol,
        u1_0.telefono,
        u1_0.updated_at 
    from
        usuarios u1_0 
    where
        u1_0.email=?
2026-07-09 00:36:27.092 DEBUG 15948 --- [http-nio-8080-exec-10] org.hibernate.SQL                        : 
    select
        m1_0.id,
        m1_0.created_at,
        m1_0.numero_colegiatura,
        m1_0.updated_at,
        m1_0.usuario_id 
    from
        medicos m1_0 
    left join
        usuarios u1_0 
            on u1_0.id=m1_0.usuario_id 
    where
        u1_0.id=?
2026-07-09 00:36:27.095 DEBUG 15948 --- [http-nio-8080-exec-10] org.hibernate.SQL                        : 
    select
        c1_0.id,
        c1_0.created_at,
        c1_0.especialidad_id,
        c1_0.estado,
        c1_0.fecha,
        c1_0.hora_fin,
        c1_0.hora_inicio,
        c1_0.medico_id,
        c1_0.motivo_consulta,
        c1_0.observaciones,
        c1_0.paciente_id,
        c1_0.updated_at 
    from
        citas c1_0 
    left join
        medicos m1_0 
            on m1_0.id=c1_0.medico_id 
    where
        m1_0.id=?
2026-07-09 00:36:27.097 DEBUG 15948 --- [http-nio-8080-exec-10] org.hibernate.SQL                        : 
    select
        p1_0.id,
        p1_0.contacto_emergencia_nombre,
        p1_0.contacto_emergencia_parentesco,
        p1_0.contacto_emergencia_telefono,
        p1_0.created_at,
        p1_0.direccion,
        p1_0.fecha_nacimiento,
        p1_0.genero,
        p1_0.grupo_sanguineo,
        p1_0.updated_at,
        p1_0.usuario_id 
    from
        pacientes p1_0 
    where
        p1_0.id=?
2026-07-09 00:36:27.098 DEBUG 15948 --- [http-nio-8080-exec-10] org.hibernate.SQL                        : 
    select
        u1_0.id,
        u1_0.activo,
        u1_0.apellido,
        u1_0.created_at,
        u1_0.dni,
        u1_0.email,
        u1_0.foto_perfil,
        u1_0.nombre,
        u1_0.password,
        u1_0.rol,
        u1_0.telefono,
        u1_0.updated_at 
    from
        usuarios u1_0 
    where
        u1_0.id=?
2026-07-09 00:37:05.518 DEBUG 15948 --- [http-nio-8080-exec-9] org.hibernate.SQL                        : 
    select
        u1_0.id,
        u1_0.activo,
        u1_0.apellido,
        u1_0.created_at,
        u1_0.dni,
        u1_0.email,
        u1_0.foto_perfil,
        u1_0.nombre,
        u1_0.password,
        u1_0.rol,
        u1_0.telefono,
        u1_0.updated_at 
    from
        usuarios u1_0 
    where
        u1_0.email=?
2026-07-09 00:37:05.521 DEBUG 15948 --- [http-nio-8080-exec-9] org.hibernate.SQL                        : 
    select
        u1_0.id,
        u1_0.activo,
        u1_0.apellido,
        u1_0.created_at,
        u1_0.dni,
        u1_0.email,
        u1_0.foto_perfil,
        u1_0.nombre,
        u1_0.password,
        u1_0.rol,
        u1_0.telefono,
        u1_0.updated_at 
    from
        usuarios u1_0 
    where
        u1_0.email=?
2026-07-09 00:37:05.523 DEBUG 15948 --- [http-nio-8080-exec-9] org.hibernate.SQL                        : 
    select
        m1_0.id,
        m1_0.created_at,
        m1_0.numero_colegiatura,
        m1_0.updated_at,
        m1_0.usuario_id 
    from
        medicos m1_0 
    left join
        usuarios u1_0 
            on u1_0.id=m1_0.usuario_id 
    where
        u1_0.id=?
2026-07-09 00:37:05.526 DEBUG 15948 --- [http-nio-8080-exec-9] org.hibernate.SQL                        : 
    select
        c1_0.id,
        c1_0.created_at,
        c1_0.especialidad_id,
        c1_0.estado,
        c1_0.fecha,
        c1_0.hora_fin,
        c1_0.hora_inicio,
        c1_0.medico_id,
        c1_0.motivo_consulta,
        c1_0.observaciones,
        c1_0.paciente_id,
        c1_0.updated_at 
    from
        citas c1_0 
    left join
        medicos m1_0 
            on m1_0.id=c1_0.medico_id 
    where
        m1_0.id=?
2026-07-09 00:37:05.531 DEBUG 15948 --- [http-nio-8080-exec-9] org.hibernate.SQL                        : 
    select
        p1_0.id,
        p1_0.contacto_emergencia_nombre,
        p1_0.contacto_emergencia_parentesco,
        p1_0.contacto_emergencia_telefono,
        p1_0.created_at,
        p1_0.direccion,
        p1_0.fecha_nacimiento,
        p1_0.genero,
        p1_0.grupo_sanguineo,
        p1_0.updated_at,
        p1_0.usuario_id 
    from
        pacientes p1_0 
    where
        p1_0.id=?
2026-07-09 00:37:05.533 DEBUG 15948 --- [http-nio-8080-exec-9] org.hibernate.SQL                        : 
    select
        u1_0.id,
        u1_0.activo,
        u1_0.apellido,
        u1_0.created_at,
        u1_0.dni,
        u1_0.email,
        u1_0.foto_perfil,
        u1_0.nombre,
        u1_0.password,
        u1_0.rol,
        u1_0.telefono,
        u1_0.updated_at 
    from
        usuarios u1_0 
    where
        u1_0.id=?
2026-07-09 00:37:15.263 DEBUG 15948 --- [http-nio-8080-exec-6] org.hibernate.SQL                        : 
    select
        u1_0.id,
        u1_0.activo,
        u1_0.apellido,
        u1_0.created_at,
        u1_0.dni,
        u1_0.email,
        u1_0.foto_perfil,
        u1_0.nombre,
        u1_0.password,
        u1_0.rol,
        u1_0.telefono,
        u1_0.updated_at 
    from
        usuarios u1_0 
    where
        u1_0.email=?
2026-07-09 00:37:15.267 DEBUG 15948 --- [http-nio-8080-exec-6] org.hibernate.SQL                        : 
    select
        u1_0.id,
        u1_0.activo,
        u1_0.apellido,
        u1_0.created_at,
        u1_0.dni,
        u1_0.email,
        u1_0.foto_perfil,
        u1_0.nombre,
        u1_0.password,
        u1_0.rol,
        u1_0.telefono,
        u1_0.updated_at 
    from
        usuarios u1_0 
    where
        u1_0.email=?
2026-07-09 00:37:15.271 DEBUG 15948 --- [http-nio-8080-exec-6] org.hibernate.SQL                        : 
    select
        m1_0.id,
        m1_0.created_at,
        m1_0.numero_colegiatura,
        m1_0.updated_at,
        m1_0.usuario_id 
    from
        medicos m1_0 
    left join
        usuarios u1_0 
            on u1_0.id=m1_0.usuario_id 
    where
        u1_0.id=?
2026-07-09 00:37:15.276 DEBUG 15948 --- [http-nio-8080-exec-6] org.hibernate.SQL                        : 
    select
        c1_0.id,
        c1_0.created_at,
        c1_0.especialidad_id,
        c1_0.estado,
        c1_0.fecha,
        c1_0.hora_fin,
        c1_0.hora_inicio,
        c1_0.medico_id,
        c1_0.motivo_consulta,
        c1_0.observaciones,
        c1_0.paciente_id,
        c1_0.updated_at 
    from
        citas c1_0 
    left join
        medicos m1_0 
            on m1_0.id=c1_0.medico_id 
    where
        m1_0.id=?
2026-07-09 00:37:15.278 DEBUG 15948 --- [http-nio-8080-exec-6] org.hibernate.SQL                        : 
    select
        p1_0.id,
        p1_0.contacto_emergencia_nombre,
        p1_0.contacto_emergencia_parentesco,
        p1_0.contacto_emergencia_telefono,
        p1_0.created_at,
        p1_0.direccion,
        p1_0.fecha_nacimiento,
        p1_0.genero,
        p1_0.grupo_sanguineo,
        p1_0.updated_at,
        p1_0.usuario_id 
    from
        pacientes p1_0 
    where
        p1_0.id=?
2026-07-09 00:37:15.279 DEBUG 15948 --- [http-nio-8080-exec-6] org.hibernate.SQL                        : 
    select
        u1_0.id,
        u1_0.activo,
        u1_0.apellido,
        u1_0.created_at,
        u1_0.dni,
        u1_0.email,
        u1_0.foto_perfil,
        u1_0.nombre,
        u1_0.password,
        u1_0.rol,
        u1_0.telefono,
        u1_0.updated_at 
    from
        usuarios u1_0 
    where
        u1_0.id=?
2026-07-09 00:37:15.501 DEBUG 15948 --- [http-nio-8080-exec-7] org.hibernate.SQL                        : 
    select
        u1_0.id,
        u1_0.activo,
        u1_0.apellido,
        u1_0.created_at,
        u1_0.dni,
        u1_0.email,
        u1_0.foto_perfil,
        u1_0.nombre,
        u1_0.password,
        u1_0.rol,
        u1_0.telefono,
        u1_0.updated_at 
    from
        usuarios u1_0 
    where
        u1_0.email=?
2026-07-09 00:37:15.504 DEBUG 15948 --- [http-nio-8080-exec-7] org.hibernate.SQL                        : 
    select
        u1_0.id,
        u1_0.activo,
        u1_0.apellido,
        u1_0.created_at,
        u1_0.dni,
        u1_0.email,
        u1_0.foto_perfil,
        u1_0.nombre,
        u1_0.password,
        u1_0.rol,
        u1_0.telefono,
        u1_0.updated_at 
    from
        usuarios u1_0 
    where
        u1_0.email=?
2026-07-09 00:37:15.507 DEBUG 15948 --- [http-nio-8080-exec-7] org.hibernate.SQL                        : 
    select
        m1_0.id,
        m1_0.created_at,
        m1_0.numero_colegiatura,
        m1_0.updated_at,
        m1_0.usuario_id 
    from
        medicos m1_0 
    left join
        usuarios u1_0 
            on u1_0.id=m1_0.usuario_id 
    where
        u1_0.id=?
2026-07-09 00:37:15.511 DEBUG 15948 --- [http-nio-8080-exec-7] org.hibernate.SQL                        : 
    select
        c1_0.id,
        c1_0.created_at,
        c1_0.especialidad_id,
        c1_0.estado,
        c1_0.fecha,
        c1_0.hora_fin,
        c1_0.hora_inicio,
        c1_0.medico_id,
        c1_0.motivo_consulta,
        c1_0.observaciones,
        c1_0.paciente_id,
        c1_0.updated_at 
    from
        citas c1_0 
    left join
        medicos m1_0 
            on m1_0.id=c1_0.medico_id 
    where
        m1_0.id=?
2026-07-09 00:37:15.514 DEBUG 15948 --- [http-nio-8080-exec-7] org.hibernate.SQL                        : 
    select
        p1_0.id,
        p1_0.contacto_emergencia_nombre,
        p1_0.contacto_emergencia_parentesco,
        p1_0.contacto_emergencia_telefono,
        p1_0.created_at,
        p1_0.direccion,
        p1_0.fecha_nacimiento,
        p1_0.genero,
        p1_0.grupo_sanguineo,
        p1_0.updated_at,
        p1_0.usuario_id 
    from
        pacientes p1_0 
    where
        p1_0.id=?
2026-07-09 00:37:15.515 DEBUG 15948 --- [http-nio-8080-exec-7] org.hibernate.SQL                        : 
    select
        u1_0.id,
        u1_0.activo,
        u1_0.apellido,
        u1_0.created_at,
        u1_0.dni,
        u1_0.email,
        u1_0.foto_perfil,
        u1_0.nombre,
        u1_0.password,
        u1_0.rol,
        u1_0.telefono,
        u1_0.updated_at 
    from
        usuarios u1_0 
    where
        u1_0.id=?
2026-07-09 00:37:15.629 DEBUG 15948 --- [http-nio-8080-exec-5] org.hibernate.SQL                        : 
    select
        u1_0.id,
        u1_0.activo,
        u1_0.apellido,
        u1_0.created_at,
        u1_0.dni,
        u1_0.email,
        u1_0.foto_perfil,
        u1_0.nombre,
        u1_0.password,
        u1_0.rol,
        u1_0.telefono,
        u1_0.updated_at 
    from
        usuarios u1_0 
    where
        u1_0.email=?
2026-07-09 00:37:15.634 DEBUG 15948 --- [http-nio-8080-exec-5] org.hibernate.SQL                        : 
    select
        u1_0.id,
        u1_0.activo,
        u1_0.apellido,
        u1_0.created_at,
        u1_0.dni,
        u1_0.email,
        u1_0.foto_perfil,
        u1_0.nombre,
        u1_0.password,
        u1_0.rol,
        u1_0.telefono,
        u1_0.updated_at 
    from
        usuarios u1_0 
    where
        u1_0.email=?
2026-07-09 00:37:15.635 DEBUG 15948 --- [http-nio-8080-exec-5] org.hibernate.SQL                        : 
    select
        m1_0.id,
        m1_0.created_at,
        m1_0.numero_colegiatura,
        m1_0.updated_at,
        m1_0.usuario_id 
    from
        medicos m1_0 
    left join
        usuarios u1_0 
            on u1_0.id=m1_0.usuario_id 
    where
        u1_0.id=?
2026-07-09 00:37:15.643 DEBUG 15948 --- [http-nio-8080-exec-5] org.hibernate.SQL                        : 
    select
        c1_0.id,
        c1_0.created_at,
        c1_0.especialidad_id,
        c1_0.estado,
        c1_0.fecha,
        c1_0.hora_fin,
        c1_0.hora_inicio,
        c1_0.medico_id,
        c1_0.motivo_consulta,
        c1_0.observaciones,
        c1_0.paciente_id,
        c1_0.updated_at 
    from
        citas c1_0 
    left join
        medicos m1_0 
            on m1_0.id=c1_0.medico_id 
    where
        m1_0.id=?
2026-07-09 00:37:15.648 DEBUG 15948 --- [http-nio-8080-exec-5] org.hibernate.SQL                        : 
    select
        p1_0.id,
        p1_0.contacto_emergencia_nombre,
        p1_0.contacto_emergencia_parentesco,
        p1_0.contacto_emergencia_telefono,
        p1_0.created_at,
        p1_0.direccion,
        p1_0.fecha_nacimiento,
        p1_0.genero,
        p1_0.grupo_sanguineo,
        p1_0.updated_at,
        p1_0.usuario_id 
    from
        pacientes p1_0 
    where
        p1_0.id=?
2026-07-09 00:37:15.649 DEBUG 15948 --- [http-nio-8080-exec-5] org.hibernate.SQL                        : 
    select
        u1_0.id,
        u1_0.activo,
        u1_0.apellido,
        u1_0.created_at,
        u1_0.dni,
        u1_0.email,
        u1_0.foto_perfil,
        u1_0.nombre,
        u1_0.password,
        u1_0.rol,
        u1_0.telefono,
        u1_0.updated_at 
    from
        usuarios u1_0 
    where
        u1_0.id=?
2026-07-09 00:37:15.990 DEBUG 15948 --- [http-nio-8080-exec-4] org.hibernate.SQL                        : 
    select
        u1_0.id,
        u1_0.activo,
        u1_0.apellido,
        u1_0.created_at,
        u1_0.dni,
        u1_0.email,
        u1_0.foto_perfil,
        u1_0.nombre,
        u1_0.password,
        u1_0.rol,
        u1_0.telefono,
        u1_0.updated_at 
    from
        usuarios u1_0 
    where
        u1_0.email=?
2026-07-09 00:37:15.994 DEBUG 15948 --- [http-nio-8080-exec-4] org.hibernate.SQL                        : 
    select
        u1_0.id,
        u1_0.activo,
        u1_0.apellido,
        u1_0.created_at,
        u1_0.dni,
        u1_0.email,
        u1_0.foto_perfil,
        u1_0.nombre,
        u1_0.password,
        u1_0.rol,
        u1_0.telefono,
        u1_0.updated_at 
    from
        usuarios u1_0 
    where
        u1_0.email=?
2026-07-09 00:37:15.996 DEBUG 15948 --- [http-nio-8080-exec-4] org.hibernate.SQL                        : 
    select
        m1_0.id,
        m1_0.created_at,
        m1_0.numero_colegiatura,
        m1_0.updated_at,
        m1_0.usuario_id 
    from
        medicos m1_0 
    left join
        usuarios u1_0 
            on u1_0.id=m1_0.usuario_id 
    where
        u1_0.id=?
2026-07-09 00:37:16.002 DEBUG 15948 --- [http-nio-8080-exec-4] org.hibernate.SQL                        : 
    select
        c1_0.id,
        c1_0.created_at,
        c1_0.especialidad_id,
        c1_0.estado,
        c1_0.fecha,
        c1_0.hora_fin,
        c1_0.hora_inicio,
        c1_0.medico_id,
        c1_0.motivo_consulta,
        c1_0.observaciones,
        c1_0.paciente_id,
        c1_0.updated_at 
    from
        citas c1_0 
    left join
        medicos m1_0 
            on m1_0.id=c1_0.medico_id 
    where
        m1_0.id=?
2026-07-09 00:37:16.004 DEBUG 15948 --- [http-nio-8080-exec-4] org.hibernate.SQL                        : 
    select
        p1_0.id,
        p1_0.contacto_emergencia_nombre,
        p1_0.contacto_emergencia_parentesco,
        p1_0.contacto_emergencia_telefono,
        p1_0.created_at,
        p1_0.direccion,
        p1_0.fecha_nacimiento,
        p1_0.genero,
        p1_0.grupo_sanguineo,
        p1_0.updated_at,
        p1_0.usuario_id 
    from
        pacientes p1_0 
    where
        p1_0.id=?
2026-07-09 00:37:16.005 DEBUG 15948 --- [http-nio-8080-exec-4] org.hibernate.SQL                        : 
    select
        u1_0.id,
        u1_0.activo,
        u1_0.apellido,
        u1_0.created_at,
        u1_0.dni,
        u1_0.email,
        u1_0.foto_perfil,
        u1_0.nombre,
        u1_0.password,
        u1_0.rol,
        u1_0.telefono,
        u1_0.updated_at 
    from
        usuarios u1_0 
    where
        u1_0.id=?
2026-07-09 00:38:08.459 DEBUG 15948 --- [http-nio-8080-exec-2] org.hibernate.SQL                        : 
    select
        u1_0.id,
        u1_0.activo,
        u1_0.apellido,
        u1_0.created_at,
        u1_0.dni,
        u1_0.email,
        u1_0.foto_perfil,
        u1_0.nombre,
        u1_0.password,
        u1_0.rol,
        u1_0.telefono,
        u1_0.updated_at 
    from
        usuarios u1_0 
    where
        u1_0.email=?
2026-07-09 00:38:08.462 DEBUG 15948 --- [http-nio-8080-exec-2] org.hibernate.SQL                        : 
    select
        u1_0.id,
        u1_0.activo,
        u1_0.apellido,
        u1_0.created_at,
        u1_0.dni,
        u1_0.email,
        u1_0.foto_perfil,
        u1_0.nombre,
        u1_0.password,
        u1_0.rol,
        u1_0.telefono,
        u1_0.updated_at 
    from
        usuarios u1_0 
    where
        u1_0.email=?
2026-07-09 00:38:08.464 DEBUG 15948 --- [http-nio-8080-exec-2] org.hibernate.SQL                        : 
    select
        m1_0.id,
        m1_0.created_at,
        m1_0.numero_colegiatura,
        m1_0.updated_at,
        m1_0.usuario_id 
    from
        medicos m1_0 
    left join
        usuarios u1_0 
            on u1_0.id=m1_0.usuario_id 
    where
        u1_0.id=?
2026-07-09 00:38:08.465 DEBUG 15948 --- [http-nio-8080-exec-2] org.hibernate.SQL                        : 
    select
        c1_0.id,
        c1_0.created_at,
        c1_0.especialidad_id,
        c1_0.estado,
        c1_0.fecha,
        c1_0.hora_fin,
        c1_0.hora_inicio,
        c1_0.medico_id,
        c1_0.motivo_consulta,
        c1_0.observaciones,
        c1_0.paciente_id,
        c1_0.updated_at 
    from
        citas c1_0 
    left join
        medicos m1_0 
            on m1_0.id=c1_0.medico_id 
    where
        m1_0.id=? 
        and c1_0.fecha=?
2026-07-09 00:38:08.484 DEBUG 15948 --- [http-nio-8080-exec-2] org.hibernate.SQL                        : 
    select
        e1_0.medico_id,
        e1_1.id,
        e1_1.activo,
        e1_1.costo,
        e1_1.created_at,
        e1_1.descripcion,
        e1_1.nombre 
    from
        medico_especialidades e1_0 
    join
        especialidades e1_1 
            on e1_1.id=e1_0.especialidad_id 
    where
        e1_0.medico_id=?
2026-07-09 00:38:08.502 DEBUG 15948 --- [http-nio-8080-exec-10] org.hibernate.SQL                        : 
    select
        u1_0.id,
        u1_0.activo,
        u1_0.apellido,
        u1_0.created_at,
        u1_0.dni,
        u1_0.email,
        u1_0.foto_perfil,
        u1_0.nombre,
        u1_0.password,
        u1_0.rol,
        u1_0.telefono,
        u1_0.updated_at 
    from
        usuarios u1_0 
    where
        u1_0.email=?
2026-07-09 00:38:08.504 DEBUG 15948 --- [http-nio-8080-exec-10] org.hibernate.SQL                        : 
    select
        u1_0.id,
        u1_0.activo,
        u1_0.apellido,
        u1_0.created_at,
        u1_0.dni,
        u1_0.email,
        u1_0.foto_perfil,
        u1_0.nombre,
        u1_0.password,
        u1_0.rol,
        u1_0.telefono,
        u1_0.updated_at 
    from
        usuarios u1_0 
    where
        u1_0.email=?
2026-07-09 00:38:08.506 DEBUG 15948 --- [http-nio-8080-exec-10] org.hibernate.SQL                        : 
    select
        m1_0.id,
        m1_0.created_at,
        m1_0.numero_colegiatura,
        m1_0.updated_at,
        m1_0.usuario_id 
    from
        medicos m1_0 
    left join
        usuarios u1_0 
            on u1_0.id=m1_0.usuario_id 
    where
        u1_0.id=?
2026-07-09 00:38:08.508 DEBUG 15948 --- [http-nio-8080-exec-10] org.hibernate.SQL                        : 
    select
        c1_0.id,
        c1_0.created_at,
        c1_0.especialidad_id,
        c1_0.estado,
        c1_0.fecha,
        c1_0.hora_fin,
        c1_0.hora_inicio,
        c1_0.medico_id,
        c1_0.motivo_consulta,
        c1_0.observaciones,
        c1_0.paciente_id,
        c1_0.updated_at 
    from
        citas c1_0 
    left join
        medicos m1_0 
            on m1_0.id=c1_0.medico_id 
    where
        m1_0.id=?
2026-07-09 00:38:08.509 DEBUG 15948 --- [http-nio-8080-exec-10] org.hibernate.SQL                        : 
    select
        p1_0.id,
        p1_0.contacto_emergencia_nombre,
        p1_0.contacto_emergencia_parentesco,
        p1_0.contacto_emergencia_telefono,
        p1_0.created_at,
        p1_0.direccion,
        p1_0.fecha_nacimiento,
        p1_0.genero,
        p1_0.grupo_sanguineo,
        p1_0.updated_at,
        p1_0.usuario_id 
    from
        pacientes p1_0 
    where
        p1_0.id=?
2026-07-09 00:38:08.510 DEBUG 15948 --- [http-nio-8080-exec-10] org.hibernate.SQL                        : 
    select
        u1_0.id,
        u1_0.activo,
        u1_0.apellido,
        u1_0.created_at,
        u1_0.dni,
        u1_0.email,
        u1_0.foto_perfil,
        u1_0.nombre,
        u1_0.password,
        u1_0.rol,
        u1_0.telefono,
        u1_0.updated_at 
    from
        usuarios u1_0 
    where
        u1_0.id=?
2026-07-09 00:38:12.876 DEBUG 15948 --- [http-nio-8080-exec-1] org.hibernate.SQL                        : 
    select
        u1_0.id,
        u1_0.activo,
        u1_0.apellido,
        u1_0.created_at,
        u1_0.dni,
        u1_0.email,
        u1_0.foto_perfil,
        u1_0.nombre,
        u1_0.password,
        u1_0.rol,
        u1_0.telefono,
        u1_0.updated_at 
    from
        usuarios u1_0 
    where
        u1_0.email=?
2026-07-09 00:38:12.879 DEBUG 15948 --- [http-nio-8080-exec-1] org.hibernate.SQL                        : 
    select
        u1_0.id,
        u1_0.activo,
        u1_0.apellido,
        u1_0.created_at,
        u1_0.dni,
        u1_0.email,
        u1_0.foto_perfil,
        u1_0.nombre,
        u1_0.password,
        u1_0.rol,
        u1_0.telefono,
        u1_0.updated_at 
    from
        usuarios u1_0 
    where
        u1_0.email=?
2026-07-09 00:38:12.880 DEBUG 15948 --- [http-nio-8080-exec-1] org.hibernate.SQL                        : 
    select
        m1_0.id,
        m1_0.created_at,
        m1_0.numero_colegiatura,
        m1_0.updated_at,
        m1_0.usuario_id 
    from
        medicos m1_0 
    left join
        usuarios u1_0 
            on u1_0.id=m1_0.usuario_id 
    where
        u1_0.id=?
2026-07-09 00:38:12.881 DEBUG 15948 --- [http-nio-8080-exec-1] org.hibernate.SQL                        : 
    select
        c1_0.id,
        c1_0.created_at,
        c1_0.especialidad_id,
        c1_0.estado,
        c1_0.fecha,
        c1_0.hora_fin,
        c1_0.hora_inicio,
        c1_0.medico_id,
        c1_0.motivo_consulta,
        c1_0.observaciones,
        c1_0.paciente_id,
        c1_0.updated_at 
    from
        citas c1_0 
    left join
        medicos m1_0 
            on m1_0.id=c1_0.medico_id 
    where
        m1_0.id=?
2026-07-09 00:38:12.882 DEBUG 15948 --- [http-nio-8080-exec-1] org.hibernate.SQL                        : 
    select
        p1_0.id,
        p1_0.contacto_emergencia_nombre,
        p1_0.contacto_emergencia_parentesco,
        p1_0.contacto_emergencia_telefono,
        p1_0.created_at,
        p1_0.direccion,
        p1_0.fecha_nacimiento,
        p1_0.genero,
        p1_0.grupo_sanguineo,
        p1_0.updated_at,
        p1_0.usuario_id 
    from
        pacientes p1_0 
    where
        p1_0.id=?
2026-07-09 00:38:12.882 DEBUG 15948 --- [http-nio-8080-exec-1] org.hibernate.SQL                        : 
    select
        u1_0.id,
        u1_0.activo,
        u1_0.apellido,
        u1_0.created_at,
        u1_0.dni,
        u1_0.email,
        u1_0.foto_perfil,
        u1_0.nombre,
        u1_0.password,
        u1_0.rol,
        u1_0.telefono,
        u1_0.updated_at 
    from
        usuarios u1_0 
    where
        u1_0.id=?
2026-07-09 00:38:14.492 DEBUG 15948 --- [http-nio-8080-exec-3] org.hibernate.SQL                        : 
    select
        u1_0.id,
        u1_0.activo,
        u1_0.apellido,
        u1_0.created_at,
        u1_0.dni,
        u1_0.email,
        u1_0.foto_perfil,
        u1_0.nombre,
        u1_0.password,
        u1_0.rol,
        u1_0.telefono,
        u1_0.updated_at 
    from
        usuarios u1_0 
    where
        u1_0.email=?
2026-07-09 00:38:14.494 DEBUG 15948 --- [http-nio-8080-exec-3] org.hibernate.SQL                        : 
    select
        u1_0.id,
        u1_0.activo,
        u1_0.apellido,
        u1_0.created_at,
        u1_0.dni,
        u1_0.email,
        u1_0.foto_perfil,
        u1_0.nombre,
        u1_0.password,
        u1_0.rol,
        u1_0.telefono,
        u1_0.updated_at 
    from
        usuarios u1_0 
    where
        u1_0.email=?
2026-07-09 00:38:14.495 DEBUG 15948 --- [http-nio-8080-exec-3] org.hibernate.SQL                        : 
    select
        m1_0.id,
        m1_0.created_at,
        m1_0.numero_colegiatura,
        m1_0.updated_at,
        m1_0.usuario_id 
    from
        medicos m1_0 
    left join
        usuarios u1_0 
            on u1_0.id=m1_0.usuario_id 
    where
        u1_0.id=?
2026-07-09 00:38:14.496 DEBUG 15948 --- [http-nio-8080-exec-3] org.hibernate.SQL                        : 
    select
        c1_0.id,
        c1_0.created_at,
        c1_0.especialidad_id,
        c1_0.estado,
        c1_0.fecha,
        c1_0.hora_fin,
        c1_0.hora_inicio,
        c1_0.medico_id,
        c1_0.motivo_consulta,
        c1_0.observaciones,
        c1_0.paciente_id,
        c1_0.updated_at 
    from
        citas c1_0 
    where
        c1_0.id=?
2026-07-09 00:38:14.497 DEBUG 15948 --- [http-nio-8080-exec-3] org.hibernate.SQL                        : 
    select
        p1_0.id,
        p1_0.contacto_emergencia_nombre,
        p1_0.contacto_emergencia_parentesco,
        p1_0.contacto_emergencia_telefono,
        p1_0.created_at,
        p1_0.direccion,
        p1_0.fecha_nacimiento,
        p1_0.genero,
        p1_0.grupo_sanguineo,
        p1_0.updated_at,
        p1_0.usuario_id 
    from
        pacientes p1_0 
    where
        p1_0.id=?
2026-07-09 00:38:14.505 DEBUG 15948 --- [http-nio-8080-exec-3] org.hibernate.SQL                        : 
    select
        u1_0.id,
        u1_0.activo,
        u1_0.apellido,
        u1_0.created_at,
        u1_0.dni,
        u1_0.email,
        u1_0.foto_perfil,
        u1_0.nombre,
        u1_0.password,
        u1_0.rol,
        u1_0.telefono,
        u1_0.updated_at 
    from
        usuarios u1_0 
    where
        u1_0.id=?
2026-07-09 00:38:14.506 DEBUG 15948 --- [http-nio-8080-exec-3] org.hibernate.SQL                        : 
    select
        e1_0.id,
        e1_0.activo,
        e1_0.costo,
        e1_0.created_at,
        e1_0.descripcion,
        e1_0.nombre 
    from
        especialidades e1_0 
    where
        e1_0.id=?
2026-07-09 00:38:16.081 DEBUG 15948 --- [http-nio-8080-exec-8] org.hibernate.SQL                        : 
    select
        u1_0.id,
        u1_0.activo,
        u1_0.apellido,
        u1_0.created_at,
        u1_0.dni,
        u1_0.email,
        u1_0.foto_perfil,
        u1_0.nombre,
        u1_0.password,
        u1_0.rol,
        u1_0.telefono,
        u1_0.updated_at 
    from
        usuarios u1_0 
    where
        u1_0.email=?
2026-07-09 00:38:16.083 DEBUG 15948 --- [http-nio-8080-exec-8] org.hibernate.SQL                        : 
    select
        u1_0.id,
        u1_0.activo,
        u1_0.apellido,
        u1_0.created_at,
        u1_0.dni,
        u1_0.email,
        u1_0.foto_perfil,
        u1_0.nombre,
        u1_0.password,
        u1_0.rol,
        u1_0.telefono,
        u1_0.updated_at 
    from
        usuarios u1_0 
    where
        u1_0.email=?
2026-07-09 00:38:16.086 DEBUG 15948 --- [http-nio-8080-exec-8] org.hibernate.SQL                        : 
    select
        m1_0.id,
        m1_0.created_at,
        m1_0.numero_colegiatura,
        m1_0.updated_at,
        m1_0.usuario_id 
    from
        medicos m1_0 
    left join
        usuarios u1_0 
            on u1_0.id=m1_0.usuario_id 
    where
        u1_0.id=?
2026-07-09 00:38:16.087 DEBUG 15948 --- [http-nio-8080-exec-8] org.hibernate.SQL                        : 
    select
        c1_0.id,
        c1_0.created_at,
        c1_0.especialidad_id,
        c1_0.estado,
        c1_0.fecha,
        c1_0.hora_fin,
        c1_0.hora_inicio,
        c1_0.medico_id,
        c1_0.motivo_consulta,
        c1_0.observaciones,
        c1_0.paciente_id,
        c1_0.updated_at 
    from
        citas c1_0 
    left join
        medicos m1_0 
            on m1_0.id=c1_0.medico_id 
    where
        m1_0.id=? 
        and c1_0.fecha=?
2026-07-09 00:38:16.094 DEBUG 15948 --- [http-nio-8080-exec-8] org.hibernate.SQL                        : 
    select
        e1_0.medico_id,
        e1_1.id,
        e1_1.activo,
        e1_1.costo,
        e1_1.created_at,
        e1_1.descripcion,
        e1_1.nombre 
    from
        medico_especialidades e1_0 
    join
        especialidades e1_1 
            on e1_1.id=e1_0.especialidad_id 
    where
        e1_0.medico_id=?
2026-07-09 00:38:16.112 DEBUG 15948 --- [http-nio-8080-exec-9] org.hibernate.SQL                        : 
    select
        u1_0.id,
        u1_0.activo,
        u1_0.apellido,
        u1_0.created_at,
        u1_0.dni,
        u1_0.email,
        u1_0.foto_perfil,
        u1_0.nombre,
        u1_0.password,
        u1_0.rol,
        u1_0.telefono,
        u1_0.updated_at 
    from
        usuarios u1_0 
    where
        u1_0.email=?
2026-07-09 00:38:16.114 DEBUG 15948 --- [http-nio-8080-exec-9] org.hibernate.SQL                        : 
    select
        u1_0.id,
        u1_0.activo,
        u1_0.apellido,
        u1_0.created_at,
        u1_0.dni,
        u1_0.email,
        u1_0.foto_perfil,
        u1_0.nombre,
        u1_0.password,
        u1_0.rol,
        u1_0.telefono,
        u1_0.updated_at 
    from
        usuarios u1_0 
    where
        u1_0.email=?
2026-07-09 00:38:16.115 DEBUG 15948 --- [http-nio-8080-exec-9] org.hibernate.SQL                        : 
    select
        m1_0.id,
        m1_0.created_at,
        m1_0.numero_colegiatura,
        m1_0.updated_at,
        m1_0.usuario_id 
    from
        medicos m1_0 
    left join
        usuarios u1_0 
            on u1_0.id=m1_0.usuario_id 
    where
        u1_0.id=?
2026-07-09 00:38:16.116 DEBUG 15948 --- [http-nio-8080-exec-9] org.hibernate.SQL                        : 
    select
        c1_0.id,
        c1_0.created_at,
        c1_0.especialidad_id,
        c1_0.estado,
        c1_0.fecha,
        c1_0.hora_fin,
        c1_0.hora_inicio,
        c1_0.medico_id,
        c1_0.motivo_consulta,
        c1_0.observaciones,
        c1_0.paciente_id,
        c1_0.updated_at 
    from
        citas c1_0 
    left join
        medicos m1_0 
            on m1_0.id=c1_0.medico_id 
    where
        m1_0.id=?
2026-07-09 00:38:16.117 DEBUG 15948 --- [http-nio-8080-exec-9] org.hibernate.SQL                        : 
    select
        p1_0.id,
        p1_0.contacto_emergencia_nombre,
        p1_0.contacto_emergencia_parentesco,
        p1_0.contacto_emergencia_telefono,
        p1_0.created_at,
        p1_0.direccion,
        p1_0.fecha_nacimiento,
        p1_0.genero,
        p1_0.grupo_sanguineo,
        p1_0.updated_at,
        p1_0.usuario_id 
    from
        pacientes p1_0 
    where
        p1_0.id=?
2026-07-09 00:38:16.119 DEBUG 15948 --- [http-nio-8080-exec-9] org.hibernate.SQL                        : 
    select
        u1_0.id,
        u1_0.activo,
        u1_0.apellido,
        u1_0.created_at,
        u1_0.dni,
        u1_0.email,
        u1_0.foto_perfil,
        u1_0.nombre,
        u1_0.password,
        u1_0.rol,
        u1_0.telefono,
        u1_0.updated_at 
    from
        usuarios u1_0 
    where
        u1_0.id=?
2026-07-09 00:38:22.332 DEBUG 15948 --- [http-nio-8080-exec-6] org.hibernate.SQL                        : 
    select
        u1_0.id,
        u1_0.activo,
        u1_0.apellido,
        u1_0.created_at,
        u1_0.dni,
        u1_0.email,
        u1_0.foto_perfil,
        u1_0.nombre,
        u1_0.password,
        u1_0.rol,
        u1_0.telefono,
        u1_0.updated_at 
    from
        usuarios u1_0 
    where
        u1_0.email=?
2026-07-09 00:38:22.333 DEBUG 15948 --- [http-nio-8080-exec-6] org.hibernate.SQL                        : 
    select
        u1_0.id,
        u1_0.activo,
        u1_0.apellido,
        u1_0.created_at,
        u1_0.dni,
        u1_0.email,
        u1_0.foto_perfil,
        u1_0.nombre,
        u1_0.password,
        u1_0.rol,
        u1_0.telefono,
        u1_0.updated_at 
    from
        usuarios u1_0 
    where
        u1_0.email=?
2026-07-09 00:38:22.334 DEBUG 15948 --- [http-nio-8080-exec-6] org.hibernate.SQL                        : 
    select
        m1_0.id,
        m1_0.created_at,
        m1_0.numero_colegiatura,
        m1_0.updated_at,
        m1_0.usuario_id 
    from
        medicos m1_0 
    left join
        usuarios u1_0 
            on u1_0.id=m1_0.usuario_id 
    where
        u1_0.id=?
2026-07-09 00:38:22.335 DEBUG 15948 --- [http-nio-8080-exec-6] org.hibernate.SQL                        : 
    select
        c1_0.id,
        c1_0.created_at,
        c1_0.especialidad_id,
        c1_0.estado,
        c1_0.fecha,
        c1_0.hora_fin,
        c1_0.hora_inicio,
        c1_0.medico_id,
        c1_0.motivo_consulta,
        c1_0.observaciones,
        c1_0.paciente_id,
        c1_0.updated_at 
    from
        citas c1_0 
    left join
        medicos m1_0 
            on m1_0.id=c1_0.medico_id 
    where
        m1_0.id=?
2026-07-09 00:38:22.336 DEBUG 15948 --- [http-nio-8080-exec-6] org.hibernate.SQL                        : 
    select
        p1_0.id,
        p1_0.contacto_emergencia_nombre,
        p1_0.contacto_emergencia_parentesco,
        p1_0.contacto_emergencia_telefono,
        p1_0.created_at,
        p1_0.direccion,
        p1_0.fecha_nacimiento,
        p1_0.genero,
        p1_0.grupo_sanguineo,
        p1_0.updated_at,
        p1_0.usuario_id 
    from
        pacientes p1_0 
    where
        p1_0.id=?
2026-07-09 00:38:22.336 DEBUG 15948 --- [http-nio-8080-exec-6] org.hibernate.SQL                        : 
    select
        u1_0.id,
        u1_0.activo,
        u1_0.apellido,
        u1_0.created_at,
        u1_0.dni,
        u1_0.email,
        u1_0.foto_perfil,
        u1_0.nombre,
        u1_0.password,
        u1_0.rol,
        u1_0.telefono,
        u1_0.updated_at 
    from
        usuarios u1_0 
    where
        u1_0.id=?
2026-07-09 00:38:44.261 DEBUG 15948 --- [http-nio-8080-exec-7] org.hibernate.SQL                        : 
    select
        u1_0.id,
        u1_0.activo,
        u1_0.apellido,
        u1_0.created_at,
        u1_0.dni,
        u1_0.email,
        u1_0.foto_perfil,
        u1_0.nombre,
        u1_0.password,
        u1_0.rol,
        u1_0.telefono,
        u1_0.updated_at 
    from
        usuarios u1_0 
    where
        u1_0.email=?
2026-07-09 00:38:44.264 DEBUG 15948 --- [http-nio-8080-exec-7] org.hibernate.SQL                        : 
    select
        u1_0.id,
        u1_0.activo,
        u1_0.apellido,
        u1_0.created_at,
        u1_0.dni,
        u1_0.email,
        u1_0.foto_perfil,
        u1_0.nombre,
        u1_0.password,
        u1_0.rol,
        u1_0.telefono,
        u1_0.updated_at 
    from
        usuarios u1_0 
    where
        u1_0.email=?
2026-07-09 00:38:44.266 DEBUG 15948 --- [http-nio-8080-exec-7] org.hibernate.SQL                        : 
    select
        m1_0.id,
        m1_0.created_at,
        m1_0.numero_colegiatura,
        m1_0.updated_at,
        m1_0.usuario_id 
    from
        medicos m1_0 
    left join
        usuarios u1_0 
            on u1_0.id=m1_0.usuario_id 
    where
        u1_0.id=?
2026-07-09 00:38:44.266 DEBUG 15948 --- [http-nio-8080-exec-7] org.hibernate.SQL                        : 
    select
        c1_0.id,
        c1_0.created_at,
        c1_0.especialidad_id,
        c1_0.estado,
        c1_0.fecha,
        c1_0.hora_fin,
        c1_0.hora_inicio,
        c1_0.medico_id,
        c1_0.motivo_consulta,
        c1_0.observaciones,
        c1_0.paciente_id,
        c1_0.updated_at 
    from
        citas c1_0 
    where
        c1_0.id=?
2026-07-09 00:38:44.268 DEBUG 15948 --- [http-nio-8080-exec-7] org.hibernate.SQL                        : 
    select
        p1_0.id,
        p1_0.contacto_emergencia_nombre,
        p1_0.contacto_emergencia_parentesco,
        p1_0.contacto_emergencia_telefono,
        p1_0.created_at,
        p1_0.direccion,
        p1_0.fecha_nacimiento,
        p1_0.genero,
        p1_0.grupo_sanguineo,
        p1_0.updated_at,
        p1_0.usuario_id 
    from
        pacientes p1_0 
    where
        p1_0.id=?
2026-07-09 00:38:44.277 DEBUG 15948 --- [http-nio-8080-exec-7] org.hibernate.SQL                        : 
    select
        u1_0.id,
        u1_0.activo,
        u1_0.apellido,
        u1_0.created_at,
        u1_0.dni,
        u1_0.email,
        u1_0.foto_perfil,
        u1_0.nombre,
        u1_0.password,
        u1_0.rol,
        u1_0.telefono,
        u1_0.updated_at 
    from
        usuarios u1_0 
    where
        u1_0.id=?
2026-07-09 00:38:44.279 DEBUG 15948 --- [http-nio-8080-exec-7] org.hibernate.SQL                        : 
    select
        e1_0.id,
        e1_0.activo,
        e1_0.costo,
        e1_0.created_at,
        e1_0.descripcion,
        e1_0.nombre 
    from
        especialidades e1_0 
    where
        e1_0.id=?
2026-07-09 00:39:56.725 DEBUG 15948 --- [http-nio-8080-exec-4] org.hibernate.SQL                        : 
    select
        u1_0.id,
        u1_0.activo,
        u1_0.apellido,
        u1_0.created_at,
        u1_0.dni,
        u1_0.email,
        u1_0.foto_perfil,
        u1_0.nombre,
        u1_0.password,
        u1_0.rol,
        u1_0.telefono,
        u1_0.updated_at 
    from
        usuarios u1_0 
    where
        u1_0.email=?
2026-07-09 00:39:56.727 DEBUG 15948 --- [http-nio-8080-exec-4] org.hibernate.SQL                        : 
    select
        u1_0.id,
        u1_0.activo,
        u1_0.apellido,
        u1_0.created_at,
        u1_0.dni,
        u1_0.email,
        u1_0.foto_perfil,
        u1_0.nombre,
        u1_0.password,
        u1_0.rol,
        u1_0.telefono,
        u1_0.updated_at 
    from
        usuarios u1_0 
    where
        u1_0.email=?
2026-07-09 00:39:56.729 DEBUG 15948 --- [http-nio-8080-exec-4] org.hibernate.SQL                        : 
    select
        m1_0.id,
        m1_0.created_at,
        m1_0.numero_colegiatura,
        m1_0.updated_at,
        m1_0.usuario_id 
    from
        medicos m1_0 
    left join
        usuarios u1_0 
            on u1_0.id=m1_0.usuario_id 
    where
        u1_0.id=?
2026-07-09 00:39:56.730 DEBUG 15948 --- [http-nio-8080-exec-4] org.hibernate.SQL                        : 
    select
        c1_0.id,
        c1_0.created_at,
        c1_0.especialidad_id,
        c1_0.estado,
        c1_0.fecha,
        c1_0.hora_fin,
        c1_0.hora_inicio,
        c1_0.medico_id,
        c1_0.motivo_consulta,
        c1_0.observaciones,
        c1_0.paciente_id,
        c1_0.updated_at 
    from
        citas c1_0 
    left join
        medicos m1_0 
            on m1_0.id=c1_0.medico_id 
    where
        m1_0.id=? 
        and c1_0.fecha=?
2026-07-09 00:39:56.740 DEBUG 15948 --- [http-nio-8080-exec-4] org.hibernate.SQL                        : 
    select
        e1_0.medico_id,
        e1_1.id,
        e1_1.activo,
        e1_1.costo,
        e1_1.created_at,
        e1_1.descripcion,
        e1_1.nombre 
    from
        medico_especialidades e1_0 
    join
        especialidades e1_1 
            on e1_1.id=e1_0.especialidad_id 
    where
        e1_0.medico_id=?
2026-07-09 00:39:56.756 DEBUG 15948 --- [http-nio-8080-exec-2] org.hibernate.SQL                        : 
    select
        u1_0.id,
        u1_0.activo,
        u1_0.apellido,
        u1_0.created_at,
        u1_0.dni,
        u1_0.email,
        u1_0.foto_perfil,
        u1_0.nombre,
        u1_0.password,
        u1_0.rol,
        u1_0.telefono,
        u1_0.updated_at 
    from
        usuarios u1_0 
    where
        u1_0.email=?
2026-07-09 00:39:56.758 DEBUG 15948 --- [http-nio-8080-exec-2] org.hibernate.SQL                        : 
    select
        u1_0.id,
        u1_0.activo,
        u1_0.apellido,
        u1_0.created_at,
        u1_0.dni,
        u1_0.email,
        u1_0.foto_perfil,
        u1_0.nombre,
        u1_0.password,
        u1_0.rol,
        u1_0.telefono,
        u1_0.updated_at 
    from
        usuarios u1_0 
    where
        u1_0.email=?
2026-07-09 00:39:56.759 DEBUG 15948 --- [http-nio-8080-exec-2] org.hibernate.SQL                        : 
    select
        m1_0.id,
        m1_0.created_at,
        m1_0.numero_colegiatura,
        m1_0.updated_at,
        m1_0.usuario_id 
    from
        medicos m1_0 
    left join
        usuarios u1_0 
            on u1_0.id=m1_0.usuario_id 
    where
        u1_0.id=?
2026-07-09 00:39:56.760 DEBUG 15948 --- [http-nio-8080-exec-2] org.hibernate.SQL                        : 
    select
        c1_0.id,
        c1_0.created_at,
        c1_0.especialidad_id,
        c1_0.estado,
        c1_0.fecha,
        c1_0.hora_fin,
        c1_0.hora_inicio,
        c1_0.medico_id,
        c1_0.motivo_consulta,
        c1_0.observaciones,
        c1_0.paciente_id,
        c1_0.updated_at 
    from
        citas c1_0 
    left join
        medicos m1_0 
            on m1_0.id=c1_0.medico_id 
    where
        m1_0.id=?
2026-07-09 00:39:56.761 DEBUG 15948 --- [http-nio-8080-exec-2] org.hibernate.SQL                        : 
    select
        p1_0.id,
        p1_0.contacto_emergencia_nombre,
        p1_0.contacto_emergencia_parentesco,
        p1_0.contacto_emergencia_telefono,
        p1_0.created_at,
        p1_0.direccion,
        p1_0.fecha_nacimiento,
        p1_0.genero,
        p1_0.grupo_sanguineo,
        p1_0.updated_at,
        p1_0.usuario_id 
    from
        pacientes p1_0 
    where
        p1_0.id=?
2026-07-09 00:39:56.761 DEBUG 15948 --- [http-nio-8080-exec-2] org.hibernate.SQL                        : 
    select
        u1_0.id,
        u1_0.activo,
        u1_0.apellido,
        u1_0.created_at,
        u1_0.dni,
        u1_0.email,
        u1_0.foto_perfil,
        u1_0.nombre,
        u1_0.password,
        u1_0.rol,
        u1_0.telefono,
        u1_0.updated_at 
    from
        usuarios u1_0 
    where
        u1_0.id=?
2026-07-09 00:39:57.566 DEBUG 15948 --- [http-nio-8080-exec-10] org.hibernate.SQL                        : 
    select
        u1_0.id,
        u1_0.activo,
        u1_0.apellido,
        u1_0.created_at,
        u1_0.dni,
        u1_0.email,
        u1_0.foto_perfil,
        u1_0.nombre,
        u1_0.password,
        u1_0.rol,
        u1_0.telefono,
        u1_0.updated_at 
    from
        usuarios u1_0 
    where
        u1_0.email=?
2026-07-09 00:39:57.568 DEBUG 15948 --- [http-nio-8080-exec-10] org.hibernate.SQL                        : 
    select
        u1_0.id,
        u1_0.activo,
        u1_0.apellido,
        u1_0.created_at,
        u1_0.dni,
        u1_0.email,
        u1_0.foto_perfil,
        u1_0.nombre,
        u1_0.password,
        u1_0.rol,
        u1_0.telefono,
        u1_0.updated_at 
    from
        usuarios u1_0 
    where
        u1_0.email=?
2026-07-09 00:39:57.569 DEBUG 15948 --- [http-nio-8080-exec-10] org.hibernate.SQL                        : 
    select
        m1_0.id,
        m1_0.created_at,
        m1_0.numero_colegiatura,
        m1_0.updated_at,
        m1_0.usuario_id 
    from
        medicos m1_0 
    left join
        usuarios u1_0 
            on u1_0.id=m1_0.usuario_id 
    where
        u1_0.id=?
2026-07-09 00:39:57.570 DEBUG 15948 --- [http-nio-8080-exec-10] org.hibernate.SQL                        : 
    select
        c1_0.id,
        c1_0.created_at,
        c1_0.especialidad_id,
        c1_0.estado,
        c1_0.fecha,
        c1_0.hora_fin,
        c1_0.hora_inicio,
        c1_0.medico_id,
        c1_0.motivo_consulta,
        c1_0.observaciones,
        c1_0.paciente_id,
        c1_0.updated_at 
    from
        citas c1_0 
    where
        c1_0.id=?
2026-07-09 00:39:57.570 DEBUG 15948 --- [http-nio-8080-exec-10] org.hibernate.SQL                        : 
    select
        p1_0.id,
        p1_0.contacto_emergencia_nombre,
        p1_0.contacto_emergencia_parentesco,
        p1_0.contacto_emergencia_telefono,
        p1_0.created_at,
        p1_0.direccion,
        p1_0.fecha_nacimiento,
        p1_0.genero,
        p1_0.grupo_sanguineo,
        p1_0.updated_at,
        p1_0.usuario_id 
    from
        pacientes p1_0 
    where
        p1_0.id=?
2026-07-09 00:39:57.579 DEBUG 15948 --- [http-nio-8080-exec-10] org.hibernate.SQL                        : 
    select
        u1_0.id,
        u1_0.activo,
        u1_0.apellido,
        u1_0.created_at,
        u1_0.dni,
        u1_0.email,
        u1_0.foto_perfil,
        u1_0.nombre,
        u1_0.password,
        u1_0.rol,
        u1_0.telefono,
        u1_0.updated_at 
    from
        usuarios u1_0 
    where
        u1_0.id=?
2026-07-09 00:39:57.580 DEBUG 15948 --- [http-nio-8080-exec-10] org.hibernate.SQL                        : 
    select
        e1_0.id,
        e1_0.activo,
        e1_0.costo,
        e1_0.created_at,
        e1_0.descripcion,
        e1_0.nombre 
    from
        especialidades e1_0 
    where
        e1_0.id=?
2026-07-09 00:39:58.604 DEBUG 15948 --- [http-nio-8080-exec-1] org.hibernate.SQL                        : 
    select
        u1_0.id,
        u1_0.activo,
        u1_0.apellido,
        u1_0.created_at,
        u1_0.dni,
        u1_0.email,
        u1_0.foto_perfil,
        u1_0.nombre,
        u1_0.password,
        u1_0.rol,
        u1_0.telefono,
        u1_0.updated_at 
    from
        usuarios u1_0 
    where
        u1_0.email=?
2026-07-09 00:39:58.606 DEBUG 15948 --- [http-nio-8080-exec-1] org.hibernate.SQL                        : 
    select
        u1_0.id,
        u1_0.activo,
        u1_0.apellido,
        u1_0.created_at,
        u1_0.dni,
        u1_0.email,
        u1_0.foto_perfil,
        u1_0.nombre,
        u1_0.password,
        u1_0.rol,
        u1_0.telefono,
        u1_0.updated_at 
    from
        usuarios u1_0 
    where
        u1_0.email=?
2026-07-09 00:39:58.607 DEBUG 15948 --- [http-nio-8080-exec-1] org.hibernate.SQL                        : 
    select
        m1_0.id,
        m1_0.created_at,
        m1_0.numero_colegiatura,
        m1_0.updated_at,
        m1_0.usuario_id 
    from
        medicos m1_0 
    left join
        usuarios u1_0 
            on u1_0.id=m1_0.usuario_id 
    where
        u1_0.id=?
2026-07-09 00:39:58.608 DEBUG 15948 --- [http-nio-8080-exec-1] org.hibernate.SQL                        : 
    select
        c1_0.id,
        c1_0.created_at,
        c1_0.especialidad_id,
        c1_0.estado,
        c1_0.fecha,
        c1_0.hora_fin,
        c1_0.hora_inicio,
        c1_0.medico_id,
        c1_0.motivo_consulta,
        c1_0.observaciones,
        c1_0.paciente_id,
        c1_0.updated_at 
    from
        citas c1_0 
    left join
        medicos m1_0 
            on m1_0.id=c1_0.medico_id 
    where
        m1_0.id=? 
        and c1_0.fecha=?
2026-07-09 00:39:58.616 DEBUG 15948 --- [http-nio-8080-exec-1] org.hibernate.SQL                        : 
    select
        e1_0.medico_id,
        e1_1.id,
        e1_1.activo,
        e1_1.costo,
        e1_1.created_at,
        e1_1.descripcion,
        e1_1.nombre 
    from
        medico_especialidades e1_0 
    join
        especialidades e1_1 
            on e1_1.id=e1_0.especialidad_id 
    where
        e1_0.medico_id=?
2026-07-09 00:39:58.633 DEBUG 15948 --- [http-nio-8080-exec-3] org.hibernate.SQL                        : 
    select
        u1_0.id,
        u1_0.activo,
        u1_0.apellido,
        u1_0.created_at,
        u1_0.dni,
        u1_0.email,
        u1_0.foto_perfil,
        u1_0.nombre,
        u1_0.password,
        u1_0.rol,
        u1_0.telefono,
        u1_0.updated_at 
    from
        usuarios u1_0 
    where
        u1_0.email=?
2026-07-09 00:39:58.636 DEBUG 15948 --- [http-nio-8080-exec-3] org.hibernate.SQL                        : 
    select
        u1_0.id,
        u1_0.activo,
        u1_0.apellido,
        u1_0.created_at,
        u1_0.dni,
        u1_0.email,
        u1_0.foto_perfil,
        u1_0.nombre,
        u1_0.password,
        u1_0.rol,
        u1_0.telefono,
        u1_0.updated_at 
    from
        usuarios u1_0 
    where
        u1_0.email=?
2026-07-09 00:39:58.637 DEBUG 15948 --- [http-nio-8080-exec-3] org.hibernate.SQL                        : 
    select
        m1_0.id,
        m1_0.created_at,
        m1_0.numero_colegiatura,
        m1_0.updated_at,
        m1_0.usuario_id 
    from
        medicos m1_0 
    left join
        usuarios u1_0 
            on u1_0.id=m1_0.usuario_id 
    where
        u1_0.id=?
2026-07-09 00:39:58.639 DEBUG 15948 --- [http-nio-8080-exec-3] org.hibernate.SQL                        : 
    select
        c1_0.id,
        c1_0.created_at,
        c1_0.especialidad_id,
        c1_0.estado,
        c1_0.fecha,
        c1_0.hora_fin,
        c1_0.hora_inicio,
        c1_0.medico_id,
        c1_0.motivo_consulta,
        c1_0.observaciones,
        c1_0.paciente_id,
        c1_0.updated_at 
    from
        citas c1_0 
    left join
        medicos m1_0 
            on m1_0.id=c1_0.medico_id 
    where
        m1_0.id=?
2026-07-09 00:39:58.640 DEBUG 15948 --- [http-nio-8080-exec-3] org.hibernate.SQL                        : 
    select
        p1_0.id,
        p1_0.contacto_emergencia_nombre,
        p1_0.contacto_emergencia_parentesco,
        p1_0.contacto_emergencia_telefono,
        p1_0.created_at,
        p1_0.direccion,
        p1_0.fecha_nacimiento,
        p1_0.genero,
        p1_0.grupo_sanguineo,
        p1_0.updated_at,
        p1_0.usuario_id 
    from
        pacientes p1_0 
    where
        p1_0.id=?
2026-07-09 00:39:58.640 DEBUG 15948 --- [http-nio-8080-exec-3] org.hibernate.SQL                        : 
    select
        u1_0.id,
        u1_0.activo,
        u1_0.apellido,
        u1_0.created_at,
        u1_0.dni,
        u1_0.email,
        u1_0.foto_perfil,
        u1_0.nombre,
        u1_0.password,
        u1_0.rol,
        u1_0.telefono,
        u1_0.updated_at 
    from
        usuarios u1_0 
    where
        u1_0.id=?
2026-07-09 00:39:59.222 DEBUG 15948 --- [http-nio-8080-exec-8] org.hibernate.SQL                        : 
    select
        u1_0.id,
        u1_0.activo,
        u1_0.apellido,
        u1_0.created_at,
        u1_0.dni,
        u1_0.email,
        u1_0.foto_perfil,
        u1_0.nombre,
        u1_0.password,
        u1_0.rol,
        u1_0.telefono,
        u1_0.updated_at 
    from
        usuarios u1_0 
    where
        u1_0.email=?
2026-07-09 00:39:59.224 DEBUG 15948 --- [http-nio-8080-exec-8] org.hibernate.SQL                        : 
    select
        u1_0.id,
        u1_0.activo,
        u1_0.apellido,
        u1_0.created_at,
        u1_0.dni,
        u1_0.email,
        u1_0.foto_perfil,
        u1_0.nombre,
        u1_0.password,
        u1_0.rol,
        u1_0.telefono,
        u1_0.updated_at 
    from
        usuarios u1_0 
    where
        u1_0.email=?
2026-07-09 00:39:59.225 DEBUG 15948 --- [http-nio-8080-exec-8] org.hibernate.SQL                        : 
    select
        m1_0.id,
        m1_0.created_at,
        m1_0.numero_colegiatura,
        m1_0.updated_at,
        m1_0.usuario_id 
    from
        medicos m1_0 
    left join
        usuarios u1_0 
            on u1_0.id=m1_0.usuario_id 
    where
        u1_0.id=?
2026-07-09 00:39:59.225 DEBUG 15948 --- [http-nio-8080-exec-8] org.hibernate.SQL                        : 
    select
        c1_0.id,
        c1_0.created_at,
        c1_0.especialidad_id,
        c1_0.estado,
        c1_0.fecha,
        c1_0.hora_fin,
        c1_0.hora_inicio,
        c1_0.medico_id,
        c1_0.motivo_consulta,
        c1_0.observaciones,
        c1_0.paciente_id,
        c1_0.updated_at 
    from
        citas c1_0 
    where
        c1_0.id=?
2026-07-09 00:39:59.226 DEBUG 15948 --- [http-nio-8080-exec-8] org.hibernate.SQL                        : 
    select
        p1_0.id,
        p1_0.contacto_emergencia_nombre,
        p1_0.contacto_emergencia_parentesco,
        p1_0.contacto_emergencia_telefono,
        p1_0.created_at,
        p1_0.direccion,
        p1_0.fecha_nacimiento,
        p1_0.genero,
        p1_0.grupo_sanguineo,
        p1_0.updated_at,
        p1_0.usuario_id 
    from
        pacientes p1_0 
    where
        p1_0.id=?
2026-07-09 00:39:59.234 DEBUG 15948 --- [http-nio-8080-exec-8] org.hibernate.SQL                        : 
    select
        u1_0.id,
        u1_0.activo,
        u1_0.apellido,
        u1_0.created_at,
        u1_0.dni,
        u1_0.email,
        u1_0.foto_perfil,
        u1_0.nombre,
        u1_0.password,
        u1_0.rol,
        u1_0.telefono,
        u1_0.updated_at 
    from
        usuarios u1_0 
    where
        u1_0.id=?
2026-07-09 00:39:59.236 DEBUG 15948 --- [http-nio-8080-exec-8] org.hibernate.SQL                        : 
    select
        e1_0.id,
        e1_0.activo,
        e1_0.costo,
        e1_0.created_at,
        e1_0.descripcion,
        e1_0.nombre 
    from
        especialidades e1_0 
    where
        e1_0.id=?
2026-07-09 00:40:00.058 DEBUG 15948 --- [http-nio-8080-exec-9] org.hibernate.SQL                        : 
    select
        u1_0.id,
        u1_0.activo,
        u1_0.apellido,
        u1_0.created_at,
        u1_0.dni,
        u1_0.email,
        u1_0.foto_perfil,
        u1_0.nombre,
        u1_0.password,
        u1_0.rol,
        u1_0.telefono,
        u1_0.updated_at 
    from
        usuarios u1_0 
    where
        u1_0.email=?
2026-07-09 00:40:00.061 DEBUG 15948 --- [http-nio-8080-exec-9] org.hibernate.SQL                        : 
    select
        u1_0.id,
        u1_0.activo,
        u1_0.apellido,
        u1_0.created_at,
        u1_0.dni,
        u1_0.email,
        u1_0.foto_perfil,
        u1_0.nombre,
        u1_0.password,
        u1_0.rol,
        u1_0.telefono,
        u1_0.updated_at 
    from
        usuarios u1_0 
    where
        u1_0.email=?
2026-07-09 00:40:00.063 DEBUG 15948 --- [http-nio-8080-exec-9] org.hibernate.SQL                        : 
    select
        m1_0.id,
        m1_0.created_at,
        m1_0.numero_colegiatura,
        m1_0.updated_at,
        m1_0.usuario_id 
    from
        medicos m1_0 
    left join
        usuarios u1_0 
            on u1_0.id=m1_0.usuario_id 
    where
        u1_0.id=?
2026-07-09 00:40:00.064 DEBUG 15948 --- [http-nio-8080-exec-9] org.hibernate.SQL                        : 
    select
        c1_0.id,
        c1_0.created_at,
        c1_0.especialidad_id,
        c1_0.estado,
        c1_0.fecha,
        c1_0.hora_fin,
        c1_0.hora_inicio,
        c1_0.medico_id,
        c1_0.motivo_consulta,
        c1_0.observaciones,
        c1_0.paciente_id,
        c1_0.updated_at 
    from
        citas c1_0 
    left join
        medicos m1_0 
            on m1_0.id=c1_0.medico_id 
    where
        m1_0.id=? 
        and c1_0.fecha=?
2026-07-09 00:40:00.072 DEBUG 15948 --- [http-nio-8080-exec-9] org.hibernate.SQL                        : 
    select
        e1_0.medico_id,
        e1_1.id,
        e1_1.activo,
        e1_1.costo,
        e1_1.created_at,
        e1_1.descripcion,
        e1_1.nombre 
    from
        medico_especialidades e1_0 
    join
        especialidades e1_1 
            on e1_1.id=e1_0.especialidad_id 
    where
        e1_0.medico_id=?
2026-07-09 00:40:00.092 DEBUG 15948 --- [http-nio-8080-exec-6] org.hibernate.SQL                        : 
    select
        u1_0.id,
        u1_0.activo,
        u1_0.apellido,
        u1_0.created_at,
        u1_0.dni,
        u1_0.email,
        u1_0.foto_perfil,
        u1_0.nombre,
        u1_0.password,
        u1_0.rol,
        u1_0.telefono,
        u1_0.updated_at 
    from
        usuarios u1_0 
    where
        u1_0.email=?
2026-07-09 00:40:00.095 DEBUG 15948 --- [http-nio-8080-exec-6] org.hibernate.SQL                        : 
    select
        u1_0.id,
        u1_0.activo,
        u1_0.apellido,
        u1_0.created_at,
        u1_0.dni,
        u1_0.email,
        u1_0.foto_perfil,
        u1_0.nombre,
        u1_0.password,
        u1_0.rol,
        u1_0.telefono,
        u1_0.updated_at 
    from
        usuarios u1_0 
    where
        u1_0.email=?
2026-07-09 00:40:00.096 DEBUG 15948 --- [http-nio-8080-exec-6] org.hibernate.SQL                        : 
    select
        m1_0.id,
        m1_0.created_at,
        m1_0.numero_colegiatura,
        m1_0.updated_at,
        m1_0.usuario_id 
    from
        medicos m1_0 
    left join
        usuarios u1_0 
            on u1_0.id=m1_0.usuario_id 
    where
        u1_0.id=?
2026-07-09 00:40:00.098 DEBUG 15948 --- [http-nio-8080-exec-6] org.hibernate.SQL                        : 
    select
        c1_0.id,
        c1_0.created_at,
        c1_0.especialidad_id,
        c1_0.estado,
        c1_0.fecha,
        c1_0.hora_fin,
        c1_0.hora_inicio,
        c1_0.medico_id,
        c1_0.motivo_consulta,
        c1_0.observaciones,
        c1_0.paciente_id,
        c1_0.updated_at 
    from
        citas c1_0 
    left join
        medicos m1_0 
            on m1_0.id=c1_0.medico_id 
    where
        m1_0.id=?
2026-07-09 00:40:00.098 DEBUG 15948 --- [http-nio-8080-exec-6] org.hibernate.SQL                        : 
    select
        p1_0.id,
        p1_0.contacto_emergencia_nombre,
        p1_0.contacto_emergencia_parentesco,
        p1_0.contacto_emergencia_telefono,
        p1_0.created_at,
        p1_0.direccion,
        p1_0.fecha_nacimiento,
        p1_0.genero,
        p1_0.grupo_sanguineo,
        p1_0.updated_at,
        p1_0.usuario_id 
    from
        pacientes p1_0 
    where
        p1_0.id=?
2026-07-09 00:40:00.099 DEBUG 15948 --- [http-nio-8080-exec-6] org.hibernate.SQL                        : 
    select
        u1_0.id,
        u1_0.activo,
        u1_0.apellido,
        u1_0.created_at,
        u1_0.dni,
        u1_0.email,
        u1_0.foto_perfil,
        u1_0.nombre,
        u1_0.password,
        u1_0.rol,
        u1_0.telefono,
        u1_0.updated_at 
    from
        usuarios u1_0 
    where
        u1_0.id=?
2026-07-09 00:40:27.475 DEBUG 15948 --- [http-nio-8080-exec-7] org.hibernate.SQL                        : 
    select
        u1_0.id,
        u1_0.activo,
        u1_0.apellido,
        u1_0.created_at,
        u1_0.dni,
        u1_0.email,
        u1_0.foto_perfil,
        u1_0.nombre,
        u1_0.password,
        u1_0.rol,
        u1_0.telefono,
        u1_0.updated_at 
    from
        usuarios u1_0 
    where
        u1_0.email=?
2026-07-09 00:40:27.477 DEBUG 15948 --- [http-nio-8080-exec-7] org.hibernate.SQL                        : 
    select
        u1_0.id,
        u1_0.activo,
        u1_0.apellido,
        u1_0.created_at,
        u1_0.dni,
        u1_0.email,
        u1_0.foto_perfil,
        u1_0.nombre,
        u1_0.password,
        u1_0.rol,
        u1_0.telefono,
        u1_0.updated_at 
    from
        usuarios u1_0 
    where
        u1_0.email=?
2026-07-09 00:40:27.479 DEBUG 15948 --- [http-nio-8080-exec-7] org.hibernate.SQL                        : 
    select
        m1_0.id,
        m1_0.created_at,
        m1_0.numero_colegiatura,
        m1_0.updated_at,
        m1_0.usuario_id 
    from
        medicos m1_0 
    left join
        usuarios u1_0 
            on u1_0.id=m1_0.usuario_id 
    where
        u1_0.id=?
2026-07-09 00:40:27.480 DEBUG 15948 --- [http-nio-8080-exec-7] org.hibernate.SQL                        : 
    select
        c1_0.id,
        c1_0.created_at,
        c1_0.especialidad_id,
        c1_0.estado,
        c1_0.fecha,
        c1_0.hora_fin,
        c1_0.hora_inicio,
        c1_0.medico_id,
        c1_0.motivo_consulta,
        c1_0.observaciones,
        c1_0.paciente_id,
        c1_0.updated_at 
    from
        citas c1_0 
    where
        c1_0.id=?
2026-07-09 00:40:27.481 DEBUG 15948 --- [http-nio-8080-exec-7] org.hibernate.SQL                        : 
    select
        p1_0.id,
        p1_0.contacto_emergencia_nombre,
        p1_0.contacto_emergencia_parentesco,
        p1_0.contacto_emergencia_telefono,
        p1_0.created_at,
        p1_0.direccion,
        p1_0.fecha_nacimiento,
        p1_0.genero,
        p1_0.grupo_sanguineo,
        p1_0.updated_at,
        p1_0.usuario_id 
    from
        pacientes p1_0 
    where
        p1_0.id=?
2026-07-09 00:40:27.490 DEBUG 15948 --- [http-nio-8080-exec-7] org.hibernate.SQL                        : 
    select
        u1_0.id,
        u1_0.activo,
        u1_0.apellido,
        u1_0.created_at,
        u1_0.dni,
        u1_0.email,
        u1_0.foto_perfil,
        u1_0.nombre,
        u1_0.password,
        u1_0.rol,
        u1_0.telefono,
        u1_0.updated_at 
    from
        usuarios u1_0 
    where
        u1_0.id=?
2026-07-09 00:40:27.491 DEBUG 15948 --- [http-nio-8080-exec-7] org.hibernate.SQL                        : 
    select
        e1_0.id,
        e1_0.activo,
        e1_0.costo,
        e1_0.created_at,
        e1_0.descripcion,
        e1_0.nombre 
    from
        especialidades e1_0 
    where
        e1_0.id=?
2026-07-09 00:40:48.936 DEBUG 15948 --- [http-nio-8080-exec-5] org.hibernate.SQL                        : 
    select
        u1_0.id,
        u1_0.activo,
        u1_0.apellido,
        u1_0.created_at,
        u1_0.dni,
        u1_0.email,
        u1_0.foto_perfil,
        u1_0.nombre,
        u1_0.password,
        u1_0.rol,
        u1_0.telefono,
        u1_0.updated_at 
    from
        usuarios u1_0 
    where
        u1_0.email=?
2026-07-09 00:40:48.941  WARN 15948 --- [http-nio-8080-exec-5] .m.m.a.ExceptionHandlerExceptionResolver : Resolved [org.springframework.web.servlet.resource.NoResourceFoundException: No static resource .well-known/appspecific/com.chrome.devtools.json.]
2026-07-09 00:40:57.071 DEBUG 15948 --- [http-nio-8080-exec-4] org.hibernate.SQL                        : 
    select
        u1_0.id,
        u1_0.activo,
        u1_0.apellido,
        u1_0.created_at,
        u1_0.dni,
        u1_0.email,
        u1_0.foto_perfil,
        u1_0.nombre,
        u1_0.password,
        u1_0.rol,
        u1_0.telefono,
        u1_0.updated_at 
    from
        usuarios u1_0 
    where
        u1_0.email=?
2026-07-09 00:40:57.075 DEBUG 15948 --- [http-nio-8080-exec-4] org.hibernate.SQL                        : 
    select
        u1_0.id,
        u1_0.activo,
        u1_0.apellido,
        u1_0.created_at,
        u1_0.dni,
        u1_0.email,
        u1_0.foto_perfil,
        u1_0.nombre,
        u1_0.password,
        u1_0.rol,
        u1_0.telefono,
        u1_0.updated_at 
    from
        usuarios u1_0 
    where
        u1_0.email=?
2026-07-09 00:40:57.076 DEBUG 15948 --- [http-nio-8080-exec-4] org.hibernate.SQL                        : 
    select
        m1_0.id,
        m1_0.created_at,
        m1_0.numero_colegiatura,
        m1_0.updated_at,
        m1_0.usuario_id 
    from
        medicos m1_0 
    left join
        usuarios u1_0 
            on u1_0.id=m1_0.usuario_id 
    where
        u1_0.id=?
2026-07-09 00:40:57.076 DEBUG 15948 --- [http-nio-8080-exec-4] org.hibernate.SQL                        : 
    select
        c1_0.id,
        c1_0.created_at,
        c1_0.especialidad_id,
        c1_0.estado,
        c1_0.fecha,
        c1_0.hora_fin,
        c1_0.hora_inicio,
        c1_0.medico_id,
        c1_0.motivo_consulta,
        c1_0.observaciones,
        c1_0.paciente_id,
        c1_0.updated_at 
    from
        citas c1_0 
    where
        c1_0.id=?
2026-07-09 00:40:57.077 DEBUG 15948 --- [http-nio-8080-exec-4] org.hibernate.SQL                        : 
    select
        p1_0.id,
        p1_0.contacto_emergencia_nombre,
        p1_0.contacto_emergencia_parentesco,
        p1_0.contacto_emergencia_telefono,
        p1_0.created_at,
        p1_0.direccion,
        p1_0.fecha_nacimiento,
        p1_0.genero,
        p1_0.grupo_sanguineo,
        p1_0.updated_at,
        p1_0.usuario_id 
    from
        pacientes p1_0 
    where
        p1_0.id=?
2026-07-09 00:40:57.090 DEBUG 15948 --- [http-nio-8080-exec-4] org.hibernate.SQL                        : 
    select
        u1_0.id,
        u1_0.activo,
        u1_0.apellido,
        u1_0.created_at,
        u1_0.dni,
        u1_0.email,
        u1_0.foto_perfil,
        u1_0.nombre,
        u1_0.password,
        u1_0.rol,
        u1_0.telefono,
        u1_0.updated_at 
    from
        usuarios u1_0 
    where
        u1_0.id=?
2026-07-09 00:40:57.091 DEBUG 15948 --- [http-nio-8080-exec-4] org.hibernate.SQL                        : 
    select
        e1_0.id,
        e1_0.activo,
        e1_0.costo,
        e1_0.created_at,
        e1_0.descripcion,
        e1_0.nombre 
    from
        especialidades e1_0 
    where
        e1_0.id=?
2026-07-09 00:40:57.109 DEBUG 15948 --- [http-nio-8080-exec-2] org.hibernate.SQL                        : 
    select
        u1_0.id,
        u1_0.activo,
        u1_0.apellido,
        u1_0.created_at,
        u1_0.dni,
        u1_0.email,
        u1_0.foto_perfil,
        u1_0.nombre,
        u1_0.password,
        u1_0.rol,
        u1_0.telefono,
        u1_0.updated_at 
    from
        usuarios u1_0 
    where
        u1_0.email=?
2026-07-09 00:40:57.113  WARN 15948 --- [http-nio-8080-exec-2] .m.m.a.ExceptionHandlerExceptionResolver : Resolved [org.springframework.web.servlet.resource.NoResourceFoundException: No static resource .well-known/appspecific/com.chrome.devtools.json.]
2026-07-09 00:40:57.971 DEBUG 15948 --- [http-nio-8080-exec-10] org.hibernate.SQL                        : 
    select
        u1_0.id,
        u1_0.activo,
        u1_0.apellido,
        u1_0.created_at,
        u1_0.dni,
        u1_0.email,
        u1_0.foto_perfil,
        u1_0.nombre,
        u1_0.password,
        u1_0.rol,
        u1_0.telefono,
        u1_0.updated_at 
    from
        usuarios u1_0 
    where
        u1_0.email=?
2026-07-09 00:40:57.973 DEBUG 15948 --- [http-nio-8080-exec-10] org.hibernate.SQL                        : 
    select
        u1_0.id,
        u1_0.activo,
        u1_0.apellido,
        u1_0.created_at,
        u1_0.dni,
        u1_0.email,
        u1_0.foto_perfil,
        u1_0.nombre,
        u1_0.password,
        u1_0.rol,
        u1_0.telefono,
        u1_0.updated_at 
    from
        usuarios u1_0 
    where
        u1_0.email=?
2026-07-09 00:40:57.974 DEBUG 15948 --- [http-nio-8080-exec-10] org.hibernate.SQL                        : 
    select
        m1_0.id,
        m1_0.created_at,
        m1_0.numero_colegiatura,
        m1_0.updated_at,
        m1_0.usuario_id 
    from
        medicos m1_0 
    left join
        usuarios u1_0 
            on u1_0.id=m1_0.usuario_id 
    where
        u1_0.id=?
2026-07-09 00:40:57.974 DEBUG 15948 --- [http-nio-8080-exec-10] org.hibernate.SQL                        : 
    select
        c1_0.id,
        c1_0.created_at,
        c1_0.especialidad_id,
        c1_0.estado,
        c1_0.fecha,
        c1_0.hora_fin,
        c1_0.hora_inicio,
        c1_0.medico_id,
        c1_0.motivo_consulta,
        c1_0.observaciones,
        c1_0.paciente_id,
        c1_0.updated_at 
    from
        citas c1_0 
    where
        c1_0.id=?
2026-07-09 00:40:57.975 DEBUG 15948 --- [http-nio-8080-exec-10] org.hibernate.SQL                        : 
    select
        p1_0.id,
        p1_0.contacto_emergencia_nombre,
        p1_0.contacto_emergencia_parentesco,
        p1_0.contacto_emergencia_telefono,
        p1_0.created_at,
        p1_0.direccion,
        p1_0.fecha_nacimiento,
        p1_0.genero,
        p1_0.grupo_sanguineo,
        p1_0.updated_at,
        p1_0.usuario_id 
    from
        pacientes p1_0 
    where
        p1_0.id=?
2026-07-09 00:40:57.983 DEBUG 15948 --- [http-nio-8080-exec-10] org.hibernate.SQL                        : 
    select
        u1_0.id,
        u1_0.activo,
        u1_0.apellido,
        u1_0.created_at,
        u1_0.dni,
        u1_0.email,
        u1_0.foto_perfil,
        u1_0.nombre,
        u1_0.password,
        u1_0.rol,
        u1_0.telefono,
        u1_0.updated_at 
    from
        usuarios u1_0 
    where
        u1_0.id=?
2026-07-09 00:40:57.984 DEBUG 15948 --- [http-nio-8080-exec-10] org.hibernate.SQL                        : 
    select
        e1_0.id,
        e1_0.activo,
        e1_0.costo,
        e1_0.created_at,
        e1_0.descripcion,
        e1_0.nombre 
    from
        especialidades e1_0 
    where
        e1_0.id=?
2026-07-09 00:40:58.000 DEBUG 15948 --- [http-nio-8080-exec-1] org.hibernate.SQL                        : 
    select
        u1_0.id,
        u1_0.activo,
        u1_0.apellido,
        u1_0.created_at,
        u1_0.dni,
        u1_0.email,
        u1_0.foto_perfil,
        u1_0.nombre,
        u1_0.password,
        u1_0.rol,
        u1_0.telefono,
        u1_0.updated_at 
    from
        usuarios u1_0 
    where
        u1_0.email=?
2026-07-09 00:40:58.003  WARN 15948 --- [http-nio-8080-exec-1] .m.m.a.ExceptionHandlerExceptionResolver : Resolved [org.springframework.web.servlet.resource.NoResourceFoundException: No static resource .well-known/appspecific/com.chrome.devtools.json.]
2026-07-09 00:42:11.380 DEBUG 15948 --- [http-nio-8080-exec-3] org.hibernate.SQL                        : 
    select
        u1_0.id,
        u1_0.activo,
        u1_0.apellido,
        u1_0.created_at,
        u1_0.dni,
        u1_0.email,
        u1_0.foto_perfil,
        u1_0.nombre,
        u1_0.password,
        u1_0.rol,
        u1_0.telefono,
        u1_0.updated_at 
    from
        usuarios u1_0 
    where
        u1_0.email=?
2026-07-09 00:42:11.382 DEBUG 15948 --- [http-nio-8080-exec-3] org.hibernate.SQL                        : 
    select
        u1_0.id,
        u1_0.activo,
        u1_0.apellido,
        u1_0.created_at,
        u1_0.dni,
        u1_0.email,
        u1_0.foto_perfil,
        u1_0.nombre,
        u1_0.password,
        u1_0.rol,
        u1_0.telefono,
        u1_0.updated_at 
    from
        usuarios u1_0 
    where
        u1_0.email=?
2026-07-09 00:42:11.383 DEBUG 15948 --- [http-nio-8080-exec-3] org.hibernate.SQL                        : 
    select
        m1_0.id,
        m1_0.created_at,
        m1_0.numero_colegiatura,
        m1_0.updated_at,
        m1_0.usuario_id 
    from
        medicos m1_0 
    left join
        usuarios u1_0 
            on u1_0.id=m1_0.usuario_id 
    where
        u1_0.id=?
2026-07-09 00:42:11.385 DEBUG 15948 --- [http-nio-8080-exec-3] org.hibernate.SQL                        : 
    select
        c1_0.id,
        c1_0.created_at,
        c1_0.especialidad_id,
        c1_0.estado,
        c1_0.fecha,
        c1_0.hora_fin,
        c1_0.hora_inicio,
        c1_0.medico_id,
        c1_0.motivo_consulta,
        c1_0.observaciones,
        c1_0.paciente_id,
        c1_0.updated_at 
    from
        citas c1_0 
    where
        c1_0.id=?
2026-07-09 00:42:11.386 DEBUG 15948 --- [http-nio-8080-exec-3] org.hibernate.SQL                        : 
    select
        p1_0.id,
        p1_0.contacto_emergencia_nombre,
        p1_0.contacto_emergencia_parentesco,
        p1_0.contacto_emergencia_telefono,
        p1_0.created_at,
        p1_0.direccion,
        p1_0.fecha_nacimiento,
        p1_0.genero,
        p1_0.grupo_sanguineo,
        p1_0.updated_at,
        p1_0.usuario_id 
    from
        pacientes p1_0 
    where
        p1_0.id=?
2026-07-09 00:42:11.397 DEBUG 15948 --- [http-nio-8080-exec-3] org.hibernate.SQL                        : 
    select
        u1_0.id,
        u1_0.activo,
        u1_0.apellido,
        u1_0.created_at,
        u1_0.dni,
        u1_0.email,
        u1_0.foto_perfil,
        u1_0.nombre,
        u1_0.password,
        u1_0.rol,
        u1_0.telefono,
        u1_0.updated_at 
    from
        usuarios u1_0 
    where
        u1_0.id=?
2026-07-09 00:42:11.399 DEBUG 15948 --- [http-nio-8080-exec-3] org.hibernate.SQL                        : 
    select
        e1_0.id,
        e1_0.activo,
        e1_0.costo,
        e1_0.created_at,
        e1_0.descripcion,
        e1_0.nombre 
    from
        especialidades e1_0 
    where
        e1_0.id=?
2026-07-09 00:43:08.169 DEBUG 15948 --- [http-nio-8080-exec-8] org.hibernate.SQL                        : 
    select
        u1_0.id,
        u1_0.activo,
        u1_0.apellido,
        u1_0.created_at,
        u1_0.dni,
        u1_0.email,
        u1_0.foto_perfil,
        u1_0.nombre,
        u1_0.password,
        u1_0.rol,
        u1_0.telefono,
        u1_0.updated_at 
    from
        usuarios u1_0 
    where
        u1_0.email=?
2026-07-09 00:43:08.172 DEBUG 15948 --- [http-nio-8080-exec-8] org.hibernate.SQL                        : 
    select
        u1_0.id,
        u1_0.activo,
        u1_0.apellido,
        u1_0.created_at,
        u1_0.dni,
        u1_0.email,
        u1_0.foto_perfil,
        u1_0.nombre,
        u1_0.password,
        u1_0.rol,
        u1_0.telefono,
        u1_0.updated_at 
    from
        usuarios u1_0 
    where
        u1_0.email=?
2026-07-09 00:43:08.173 DEBUG 15948 --- [http-nio-8080-exec-8] org.hibernate.SQL                        : 
    select
        m1_0.id,
        m1_0.created_at,
        m1_0.numero_colegiatura,
        m1_0.updated_at,
        m1_0.usuario_id 
    from
        medicos m1_0 
    left join
        usuarios u1_0 
            on u1_0.id=m1_0.usuario_id 
    where
        u1_0.id=?
2026-07-09 00:43:08.174 DEBUG 15948 --- [http-nio-8080-exec-8] org.hibernate.SQL                        : 
    select
        c1_0.id,
        c1_0.created_at,
        c1_0.especialidad_id,
        c1_0.estado,
        c1_0.fecha,
        c1_0.hora_fin,
        c1_0.hora_inicio,
        c1_0.medico_id,
        c1_0.motivo_consulta,
        c1_0.observaciones,
        c1_0.paciente_id,
        c1_0.updated_at 
    from
        citas c1_0 
    where
        c1_0.id=?
2026-07-09 00:43:08.174 DEBUG 15948 --- [http-nio-8080-exec-8] org.hibernate.SQL                        : 
    select
        p1_0.id,
        p1_0.contacto_emergencia_nombre,
        p1_0.contacto_emergencia_parentesco,
        p1_0.contacto_emergencia_telefono,
        p1_0.created_at,
        p1_0.direccion,
        p1_0.fecha_nacimiento,
        p1_0.genero,
        p1_0.grupo_sanguineo,
        p1_0.updated_at,
        p1_0.usuario_id 
    from
        pacientes p1_0 
    where
        p1_0.id=?
2026-07-09 00:43:08.189 DEBUG 15948 --- [http-nio-8080-exec-8] org.hibernate.SQL                        : 
    select
        u1_0.id,
        u1_0.activo,
        u1_0.apellido,
        u1_0.created_at,
        u1_0.dni,
        u1_0.email,
        u1_0.foto_perfil,
        u1_0.nombre,
        u1_0.password,
        u1_0.rol,
        u1_0.telefono,
        u1_0.updated_at 
    from
        usuarios u1_0 
    where
        u1_0.id=?
2026-07-09 00:43:08.191 DEBUG 15948 --- [http-nio-8080-exec-8] org.hibernate.SQL                        : 
    select
        e1_0.id,
        e1_0.activo,
        e1_0.costo,
        e1_0.created_at,
        e1_0.descripcion,
        e1_0.nombre 
    from
        especialidades e1_0 
    where
        e1_0.id=?
2026-07-09 00:43:09.555 DEBUG 15948 --- [http-nio-8080-exec-9] org.hibernate.SQL                        : 
    select
        u1_0.id,
        u1_0.activo,
        u1_0.apellido,
        u1_0.created_at,
        u1_0.dni,
        u1_0.email,
        u1_0.foto_perfil,
        u1_0.nombre,
        u1_0.password,
        u1_0.rol,
        u1_0.telefono,
        u1_0.updated_at 
    from
        usuarios u1_0 
    where
        u1_0.email=?
2026-07-09 00:43:09.557 DEBUG 15948 --- [http-nio-8080-exec-9] org.hibernate.SQL                        : 
    select
        u1_0.id,
        u1_0.activo,
        u1_0.apellido,
        u1_0.created_at,
        u1_0.dni,
        u1_0.email,
        u1_0.foto_perfil,
        u1_0.nombre,
        u1_0.password,
        u1_0.rol,
        u1_0.telefono,
        u1_0.updated_at 
    from
        usuarios u1_0 
    where
        u1_0.email=?
2026-07-09 00:43:09.558 DEBUG 15948 --- [http-nio-8080-exec-9] org.hibernate.SQL                        : 
    select
        m1_0.id,
        m1_0.created_at,
        m1_0.numero_colegiatura,
        m1_0.updated_at,
        m1_0.usuario_id 
    from
        medicos m1_0 
    left join
        usuarios u1_0 
            on u1_0.id=m1_0.usuario_id 
    where
        u1_0.id=?
2026-07-09 00:43:09.558 DEBUG 15948 --- [http-nio-8080-exec-9] org.hibernate.SQL                        : 
    select
        c1_0.id,
        c1_0.created_at,
        c1_0.especialidad_id,
        c1_0.estado,
        c1_0.fecha,
        c1_0.hora_fin,
        c1_0.hora_inicio,
        c1_0.medico_id,
        c1_0.motivo_consulta,
        c1_0.observaciones,
        c1_0.paciente_id,
        c1_0.updated_at 
    from
        citas c1_0 
    where
        c1_0.id=?
2026-07-09 00:43:09.559 DEBUG 15948 --- [http-nio-8080-exec-9] org.hibernate.SQL                        : 
    select
        p1_0.id,
        p1_0.contacto_emergencia_nombre,
        p1_0.contacto_emergencia_parentesco,
        p1_0.contacto_emergencia_telefono,
        p1_0.created_at,
        p1_0.direccion,
        p1_0.fecha_nacimiento,
        p1_0.genero,
        p1_0.grupo_sanguineo,
        p1_0.updated_at,
        p1_0.usuario_id 
    from
        pacientes p1_0 
    where
        p1_0.id=?
2026-07-09 00:43:09.572 DEBUG 15948 --- [http-nio-8080-exec-9] org.hibernate.SQL                        : 
    select
        u1_0.id,
        u1_0.activo,
        u1_0.apellido,
        u1_0.created_at,
        u1_0.dni,
        u1_0.email,
        u1_0.foto_perfil,
        u1_0.nombre,
        u1_0.password,
        u1_0.rol,
        u1_0.telefono,
        u1_0.updated_at 
    from
        usuarios u1_0 
    where
        u1_0.id=?
2026-07-09 00:43:09.574 DEBUG 15948 --- [http-nio-8080-exec-9] org.hibernate.SQL                        : 
    select
        e1_0.id,
        e1_0.activo,
        e1_0.costo,
        e1_0.created_at,
        e1_0.descripcion,
        e1_0.nombre 
    from
        especialidades e1_0 
    where
        e1_0.id=?
2026-07-09 00:43:16.247 DEBUG 15948 --- [http-nio-8080-exec-6] org.hibernate.SQL                        : 
    select
        u1_0.id,
        u1_0.activo,
        u1_0.apellido,
        u1_0.created_at,
        u1_0.dni,
        u1_0.email,
        u1_0.foto_perfil,
        u1_0.nombre,
        u1_0.password,
        u1_0.rol,
        u1_0.telefono,
        u1_0.updated_at 
    from
        usuarios u1_0 
    where
        u1_0.email=?
2026-07-09 00:43:16.249 DEBUG 15948 --- [http-nio-8080-exec-6] org.hibernate.SQL                        : 
    select
        u1_0.id,
        u1_0.activo,
        u1_0.apellido,
        u1_0.created_at,
        u1_0.dni,
        u1_0.email,
        u1_0.foto_perfil,
        u1_0.nombre,
        u1_0.password,
        u1_0.rol,
        u1_0.telefono,
        u1_0.updated_at 
    from
        usuarios u1_0 
    where
        u1_0.email=?
2026-07-09 00:43:16.251 DEBUG 15948 --- [http-nio-8080-exec-6] org.hibernate.SQL                        : 
    select
        m1_0.id,
        m1_0.created_at,
        m1_0.numero_colegiatura,
        m1_0.updated_at,
        m1_0.usuario_id 
    from
        medicos m1_0 
    left join
        usuarios u1_0 
            on u1_0.id=m1_0.usuario_id 
    where
        u1_0.id=?
2026-07-09 00:43:16.252 DEBUG 15948 --- [http-nio-8080-exec-6] org.hibernate.SQL                        : 
    select
        c1_0.id,
        c1_0.created_at,
        c1_0.especialidad_id,
        c1_0.estado,
        c1_0.fecha,
        c1_0.hora_fin,
        c1_0.hora_inicio,
        c1_0.medico_id,
        c1_0.motivo_consulta,
        c1_0.observaciones,
        c1_0.paciente_id,
        c1_0.updated_at 
    from
        citas c1_0 
    where
        c1_0.id=?
2026-07-09 00:43:16.252 DEBUG 15948 --- [http-nio-8080-exec-6] org.hibernate.SQL                        : 
    select
        p1_0.id,
        p1_0.contacto_emergencia_nombre,
        p1_0.contacto_emergencia_parentesco,
        p1_0.contacto_emergencia_telefono,
        p1_0.created_at,
        p1_0.direccion,
        p1_0.fecha_nacimiento,
        p1_0.genero,
        p1_0.grupo_sanguineo,
        p1_0.updated_at,
        p1_0.usuario_id 
    from
        pacientes p1_0 
    where
        p1_0.id=?
2026-07-09 00:43:16.272 DEBUG 15948 --- [http-nio-8080-exec-6] org.hibernate.SQL                        : 
    select
        u1_0.id,
        u1_0.activo,
        u1_0.apellido,
        u1_0.created_at,
        u1_0.dni,
        u1_0.email,
        u1_0.foto_perfil,
        u1_0.nombre,
        u1_0.password,
        u1_0.rol,
        u1_0.telefono,
        u1_0.updated_at 
    from
        usuarios u1_0 
    where
        u1_0.id=?
2026-07-09 00:43:16.273 DEBUG 15948 --- [http-nio-8080-exec-6] org.hibernate.SQL                        : 
    select
        e1_0.id,
        e1_0.activo,
        e1_0.costo,
        e1_0.created_at,
        e1_0.descripcion,
        e1_0.nombre 
    from
        especialidades e1_0 
    where
        e1_0.id=?
2026-07-09 00:45:38.684 DEBUG 15948 --- [http-nio-8080-exec-5] org.hibernate.SQL                        : 
    select
        u1_0.id,
        u1_0.activo,
        u1_0.apellido,
        u1_0.created_at,
        u1_0.dni,
        u1_0.email,
        u1_0.foto_perfil,
        u1_0.nombre,
        u1_0.password,
        u1_0.rol,
        u1_0.telefono,
        u1_0.updated_at 
    from
        usuarios u1_0 
    where
        u1_0.email=?
2026-07-09 00:45:38.688 DEBUG 15948 --- [http-nio-8080-exec-5] org.hibernate.SQL                        : 
    select
        u1_0.id,
        u1_0.activo,
        u1_0.apellido,
        u1_0.created_at,
        u1_0.dni,
        u1_0.email,
        u1_0.foto_perfil,
        u1_0.nombre,
        u1_0.password,
        u1_0.rol,
        u1_0.telefono,
        u1_0.updated_at 
    from
        usuarios u1_0 
    where
        u1_0.email=?
2026-07-09 00:45:38.690 DEBUG 15948 --- [http-nio-8080-exec-5] org.hibernate.SQL                        : 
    select
        m1_0.id,
        m1_0.created_at,
        m1_0.numero_colegiatura,
        m1_0.updated_at,
        m1_0.usuario_id 
    from
        medicos m1_0 
    left join
        usuarios u1_0 
            on u1_0.id=m1_0.usuario_id 
    where
        u1_0.id=?
2026-07-09 00:45:38.690 DEBUG 15948 --- [http-nio-8080-exec-5] org.hibernate.SQL                        : 
    select
        c1_0.id,
        c1_0.created_at,
        c1_0.especialidad_id,
        c1_0.estado,
        c1_0.fecha,
        c1_0.hora_fin,
        c1_0.hora_inicio,
        c1_0.medico_id,
        c1_0.motivo_consulta,
        c1_0.observaciones,
        c1_0.paciente_id,
        c1_0.updated_at 
    from
        citas c1_0 
    where
        c1_0.id=?
2026-07-09 00:45:38.691 DEBUG 15948 --- [http-nio-8080-exec-5] org.hibernate.SQL                        : 
    select
        p1_0.id,
        p1_0.contacto_emergencia_nombre,
        p1_0.contacto_emergencia_parentesco,
        p1_0.contacto_emergencia_telefono,
        p1_0.created_at,
        p1_0.direccion,
        p1_0.fecha_nacimiento,
        p1_0.genero,
        p1_0.grupo_sanguineo,
        p1_0.updated_at,
        p1_0.usuario_id 
    from
        pacientes p1_0 
    where
        p1_0.id=?
2026-07-09 00:45:38.703 DEBUG 15948 --- [http-nio-8080-exec-5] org.hibernate.SQL                        : 
    select
        u1_0.id,
        u1_0.activo,
        u1_0.apellido,
        u1_0.created_at,
        u1_0.dni,
        u1_0.email,
        u1_0.foto_perfil,
        u1_0.nombre,
        u1_0.password,
        u1_0.rol,
        u1_0.telefono,
        u1_0.updated_at 
    from
        usuarios u1_0 
    where
        u1_0.id=?
2026-07-09 00:45:38.704 DEBUG 15948 --- [http-nio-8080-exec-5] org.hibernate.SQL                        : 
    select
        e1_0.id,
        e1_0.activo,
        e1_0.costo,
        e1_0.created_at,
        e1_0.descripcion,
        e1_0.nombre 
    from
        especialidades e1_0 
    where
        e1_0.id=?
2026-07-09 00:45:45.882 DEBUG 15948 --- [http-nio-8080-exec-4] org.hibernate.SQL                        : 
    select
        u1_0.id,
        u1_0.activo,
        u1_0.apellido,
        u1_0.created_at,
        u1_0.dni,
        u1_0.email,
        u1_0.foto_perfil,
        u1_0.nombre,
        u1_0.password,
        u1_0.rol,
        u1_0.telefono,
        u1_0.updated_at 
    from
        usuarios u1_0 
    where
        u1_0.email=?
2026-07-09 00:45:45.884 DEBUG 15948 --- [http-nio-8080-exec-4] org.hibernate.SQL                        : 
    select
        u1_0.id,
        u1_0.activo,
        u1_0.apellido,
        u1_0.created_at,
        u1_0.dni,
        u1_0.email,
        u1_0.foto_perfil,
        u1_0.nombre,
        u1_0.password,
        u1_0.rol,
        u1_0.telefono,
        u1_0.updated_at 
    from
        usuarios u1_0 
    where
        u1_0.email=?
2026-07-09 00:45:45.886 DEBUG 15948 --- [http-nio-8080-exec-4] org.hibernate.SQL                        : 
    select
        m1_0.id,
        m1_0.created_at,
        m1_0.numero_colegiatura,
        m1_0.updated_at,
        m1_0.usuario_id 
    from
        medicos m1_0 
    left join
        usuarios u1_0 
            on u1_0.id=m1_0.usuario_id 
    where
        u1_0.id=?
2026-07-09 00:45:45.887 DEBUG 15948 --- [http-nio-8080-exec-4] org.hibernate.SQL                        : 
    select
        c1_0.id,
        c1_0.created_at,
        c1_0.especialidad_id,
        c1_0.estado,
        c1_0.fecha,
        c1_0.hora_fin,
        c1_0.hora_inicio,
        c1_0.medico_id,
        c1_0.motivo_consulta,
        c1_0.observaciones,
        c1_0.paciente_id,
        c1_0.updated_at 
    from
        citas c1_0 
    where
        c1_0.id=?
2026-07-09 00:45:45.887 DEBUG 15948 --- [http-nio-8080-exec-4] org.hibernate.SQL                        : 
    select
        p1_0.id,
        p1_0.contacto_emergencia_nombre,
        p1_0.contacto_emergencia_parentesco,
        p1_0.contacto_emergencia_telefono,
        p1_0.created_at,
        p1_0.direccion,
        p1_0.fecha_nacimiento,
        p1_0.genero,
        p1_0.grupo_sanguineo,
        p1_0.updated_at,
        p1_0.usuario_id 
    from
        pacientes p1_0 
    where
        p1_0.id=?
2026-07-09 00:45:45.897 DEBUG 15948 --- [http-nio-8080-exec-4] org.hibernate.SQL                        : 
    select
        u1_0.id,
        u1_0.activo,
        u1_0.apellido,
        u1_0.created_at,
        u1_0.dni,
        u1_0.email,
        u1_0.foto_perfil,
        u1_0.nombre,
        u1_0.password,
        u1_0.rol,
        u1_0.telefono,
        u1_0.updated_at 
    from
        usuarios u1_0 
    where
        u1_0.id=?
2026-07-09 00:45:45.898 DEBUG 15948 --- [http-nio-8080-exec-4] org.hibernate.SQL                        : 
    select
        e1_0.id,
        e1_0.activo,
        e1_0.costo,
        e1_0.created_at,
        e1_0.descripcion,
        e1_0.nombre 
    from
        especialidades e1_0 
    where
        e1_0.id=?
2026-07-09 00:45:49.986 DEBUG 15948 --- [http-nio-8080-exec-2] org.hibernate.SQL                        : 
    select
        u1_0.id,
        u1_0.activo,
        u1_0.apellido,
        u1_0.created_at,
        u1_0.dni,
        u1_0.email,
        u1_0.foto_perfil,
        u1_0.nombre,
        u1_0.password,
        u1_0.rol,
        u1_0.telefono,
        u1_0.updated_at 
    from
        usuarios u1_0 
    where
        u1_0.email=?
2026-07-09 00:45:49.989 DEBUG 15948 --- [http-nio-8080-exec-2] org.hibernate.SQL                        : 
    select
        u1_0.id,
        u1_0.activo,
        u1_0.apellido,
        u1_0.created_at,
        u1_0.dni,
        u1_0.email,
        u1_0.foto_perfil,
        u1_0.nombre,
        u1_0.password,
        u1_0.rol,
        u1_0.telefono,
        u1_0.updated_at 
    from
        usuarios u1_0 
    where
        u1_0.email=?
2026-07-09 00:45:49.990 DEBUG 15948 --- [http-nio-8080-exec-2] org.hibernate.SQL                        : 
    select
        m1_0.id,
        m1_0.created_at,
        m1_0.numero_colegiatura,
        m1_0.updated_at,
        m1_0.usuario_id 
    from
        medicos m1_0 
    left join
        usuarios u1_0 
            on u1_0.id=m1_0.usuario_id 
    where
        u1_0.id=?
2026-07-09 00:45:49.992 DEBUG 15948 --- [http-nio-8080-exec-2] org.hibernate.SQL                        : 
    select
        c1_0.id,
        c1_0.created_at,
        c1_0.especialidad_id,
        c1_0.estado,
        c1_0.fecha,
        c1_0.hora_fin,
        c1_0.hora_inicio,
        c1_0.medico_id,
        c1_0.motivo_consulta,
        c1_0.observaciones,
        c1_0.paciente_id,
        c1_0.updated_at 
    from
        citas c1_0 
    left join
        medicos m1_0 
            on m1_0.id=c1_0.medico_id 
    where
        m1_0.id=? 
        and c1_0.fecha=?
2026-07-09 00:45:50.000 DEBUG 15948 --- [http-nio-8080-exec-2] org.hibernate.SQL                        : 
    select
        e1_0.medico_id,
        e1_1.id,
        e1_1.activo,
        e1_1.costo,
        e1_1.created_at,
        e1_1.descripcion,
        e1_1.nombre 
    from
        medico_especialidades e1_0 
    join
        especialidades e1_1 
            on e1_1.id=e1_0.especialidad_id 
    where
        e1_0.medico_id=?
2026-07-09 00:45:50.066 DEBUG 15948 --- [http-nio-8080-exec-10] org.hibernate.SQL                        : 
    select
        u1_0.id,
        u1_0.activo,
        u1_0.apellido,
        u1_0.created_at,
        u1_0.dni,
        u1_0.email,
        u1_0.foto_perfil,
        u1_0.nombre,
        u1_0.password,
        u1_0.rol,
        u1_0.telefono,
        u1_0.updated_at 
    from
        usuarios u1_0 
    where
        u1_0.email=?
2026-07-09 00:45:50.069 DEBUG 15948 --- [http-nio-8080-exec-10] org.hibernate.SQL                        : 
    select
        u1_0.id,
        u1_0.activo,
        u1_0.apellido,
        u1_0.created_at,
        u1_0.dni,
        u1_0.email,
        u1_0.foto_perfil,
        u1_0.nombre,
        u1_0.password,
        u1_0.rol,
        u1_0.telefono,
        u1_0.updated_at 
    from
        usuarios u1_0 
    where
        u1_0.email=?
2026-07-09 00:45:50.071 DEBUG 15948 --- [http-nio-8080-exec-10] org.hibernate.SQL                        : 
    select
        m1_0.id,
        m1_0.created_at,
        m1_0.numero_colegiatura,
        m1_0.updated_at,
        m1_0.usuario_id 
    from
        medicos m1_0 
    left join
        usuarios u1_0 
            on u1_0.id=m1_0.usuario_id 
    where
        u1_0.id=?
2026-07-09 00:45:50.073 DEBUG 15948 --- [http-nio-8080-exec-10] org.hibernate.SQL                        : 
    select
        c1_0.id,
        c1_0.created_at,
        c1_0.especialidad_id,
        c1_0.estado,
        c1_0.fecha,
        c1_0.hora_fin,
        c1_0.hora_inicio,
        c1_0.medico_id,
        c1_0.motivo_consulta,
        c1_0.observaciones,
        c1_0.paciente_id,
        c1_0.updated_at 
    from
        citas c1_0 
    left join
        medicos m1_0 
            on m1_0.id=c1_0.medico_id 
    where
        m1_0.id=?
2026-07-09 00:45:50.073 DEBUG 15948 --- [http-nio-8080-exec-10] org.hibernate.SQL                        : 
    select
        p1_0.id,
        p1_0.contacto_emergencia_nombre,
        p1_0.contacto_emergencia_parentesco,
        p1_0.contacto_emergencia_telefono,
        p1_0.created_at,
        p1_0.direccion,
        p1_0.fecha_nacimiento,
        p1_0.genero,
        p1_0.grupo_sanguineo,
        p1_0.updated_at,
        p1_0.usuario_id 
    from
        pacientes p1_0 
    where
        p1_0.id=?
2026-07-09 00:45:50.073 DEBUG 15948 --- [http-nio-8080-exec-10] org.hibernate.SQL                        : 
    select
        u1_0.id,
        u1_0.activo,
        u1_0.apellido,
        u1_0.created_at,
        u1_0.dni,
        u1_0.email,
        u1_0.foto_perfil,
        u1_0.nombre,
        u1_0.password,
        u1_0.rol,
        u1_0.telefono,
        u1_0.updated_at 
    from
        usuarios u1_0 
    where
        u1_0.id=?
2026-07-09 00:45:51.325 DEBUG 15948 --- [http-nio-8080-exec-1] org.hibernate.SQL                        : 
    select
        u1_0.id,
        u1_0.activo,
        u1_0.apellido,
        u1_0.created_at,
        u1_0.dni,
        u1_0.email,
        u1_0.foto_perfil,
        u1_0.nombre,
        u1_0.password,
        u1_0.rol,
        u1_0.telefono,
        u1_0.updated_at 
    from
        usuarios u1_0 
    where
        u1_0.email=?
2026-07-09 00:45:51.327 DEBUG 15948 --- [http-nio-8080-exec-1] org.hibernate.SQL                        : 
    select
        u1_0.id,
        u1_0.activo,
        u1_0.apellido,
        u1_0.created_at,
        u1_0.dni,
        u1_0.email,
        u1_0.foto_perfil,
        u1_0.nombre,
        u1_0.password,
        u1_0.rol,
        u1_0.telefono,
        u1_0.updated_at 
    from
        usuarios u1_0 
    where
        u1_0.email=?
2026-07-09 00:45:51.328 DEBUG 15948 --- [http-nio-8080-exec-1] org.hibernate.SQL                        : 
    select
        m1_0.id,
        m1_0.created_at,
        m1_0.numero_colegiatura,
        m1_0.updated_at,
        m1_0.usuario_id 
    from
        medicos m1_0 
    left join
        usuarios u1_0 
            on u1_0.id=m1_0.usuario_id 
    where
        u1_0.id=?
2026-07-09 00:45:51.331 DEBUG 15948 --- [http-nio-8080-exec-1] org.hibernate.SQL                        : 
    select
        c1_0.id,
        c1_0.created_at,
        c1_0.especialidad_id,
        c1_0.estado,
        c1_0.fecha,
        c1_0.hora_fin,
        c1_0.hora_inicio,
        c1_0.medico_id,
        c1_0.motivo_consulta,
        c1_0.observaciones,
        c1_0.paciente_id,
        c1_0.updated_at 
    from
        citas c1_0 
    left join
        medicos m1_0 
            on m1_0.id=c1_0.medico_id 
    where
        m1_0.id=? 
        and c1_0.fecha=?
2026-07-09 00:45:51.332 DEBUG 15948 --- [http-nio-8080-exec-1] org.hibernate.SQL                        : 
    select
        c1_0.id,
        c1_0.created_at,
        c1_0.especialidad_id,
        c1_0.estado,
        c1_0.fecha,
        c1_0.hora_fin,
        c1_0.hora_inicio,
        c1_0.medico_id,
        c1_0.motivo_consulta,
        c1_0.observaciones,
        c1_0.paciente_id,
        c1_0.updated_at 
    from
        citas c1_0 
    left join
        medicos m1_0 
            on m1_0.id=c1_0.medico_id 
    where
        m1_0.id=?
2026-07-09 00:45:51.343 DEBUG 15948 --- [http-nio-8080-exec-1] org.hibernate.SQL                        : 
    select
        e1_0.medico_id,
        e1_1.id,
        e1_1.activo,
        e1_1.costo,
        e1_1.created_at,
        e1_1.descripcion,
        e1_1.nombre 
    from
        medico_especialidades e1_0 
    join
        especialidades e1_1 
            on e1_1.id=e1_0.especialidad_id 
    where
        e1_0.medico_id=?
2026-07-09 00:45:51.344 DEBUG 15948 --- [http-nio-8080-exec-1] org.hibernate.SQL                        : 
    select
        p1_0.id,
        p1_0.contacto_emergencia_nombre,
        p1_0.contacto_emergencia_parentesco,
        p1_0.contacto_emergencia_telefono,
        p1_0.created_at,
        p1_0.direccion,
        p1_0.fecha_nacimiento,
        p1_0.genero,
        p1_0.grupo_sanguineo,
        p1_0.updated_at,
        p1_0.usuario_id 
    from
        pacientes p1_0 
    where
        p1_0.id=?
2026-07-09 00:45:51.344 DEBUG 15948 --- [http-nio-8080-exec-1] org.hibernate.SQL                        : 
    select
        u1_0.id,
        u1_0.activo,
        u1_0.apellido,
        u1_0.created_at,
        u1_0.dni,
        u1_0.email,
        u1_0.foto_perfil,
        u1_0.nombre,
        u1_0.password,
        u1_0.rol,
        u1_0.telefono,
        u1_0.updated_at 
    from
        usuarios u1_0 
    where
        u1_0.id=?
2026-07-09 00:45:52.099 DEBUG 15948 --- [http-nio-8080-exec-3] org.hibernate.SQL                        : 
    select
        u1_0.id,
        u1_0.activo,
        u1_0.apellido,
        u1_0.created_at,
        u1_0.dni,
        u1_0.email,
        u1_0.foto_perfil,
        u1_0.nombre,
        u1_0.password,
        u1_0.rol,
        u1_0.telefono,
        u1_0.updated_at 
    from
        usuarios u1_0 
    where
        u1_0.email=?
2026-07-09 00:45:52.101 DEBUG 15948 --- [http-nio-8080-exec-3] org.hibernate.SQL                        : 
    select
        u1_0.id,
        u1_0.activo,
        u1_0.apellido,
        u1_0.created_at,
        u1_0.dni,
        u1_0.email,
        u1_0.foto_perfil,
        u1_0.nombre,
        u1_0.password,
        u1_0.rol,
        u1_0.telefono,
        u1_0.updated_at 
    from
        usuarios u1_0 
    where
        u1_0.email=?
2026-07-09 00:45:52.102 DEBUG 15948 --- [http-nio-8080-exec-3] org.hibernate.SQL                        : 
    select
        m1_0.id,
        m1_0.created_at,
        m1_0.numero_colegiatura,
        m1_0.updated_at,
        m1_0.usuario_id 
    from
        medicos m1_0 
    left join
        usuarios u1_0 
            on u1_0.id=m1_0.usuario_id 
    where
        u1_0.id=?
2026-07-09 00:45:52.103 DEBUG 15948 --- [http-nio-8080-exec-3] org.hibernate.SQL                        : 
    select
        c1_0.id,
        c1_0.created_at,
        c1_0.especialidad_id,
        c1_0.estado,
        c1_0.fecha,
        c1_0.hora_fin,
        c1_0.hora_inicio,
        c1_0.medico_id,
        c1_0.motivo_consulta,
        c1_0.observaciones,
        c1_0.paciente_id,
        c1_0.updated_at 
    from
        citas c1_0 
    left join
        medicos m1_0 
            on m1_0.id=c1_0.medico_id 
    where
        m1_0.id=? 
        and c1_0.fecha=?
2026-07-09 00:45:52.104 DEBUG 15948 --- [http-nio-8080-exec-3] org.hibernate.SQL                        : 
    select
        c1_0.id,
        c1_0.created_at,
        c1_0.especialidad_id,
        c1_0.estado,
        c1_0.fecha,
        c1_0.hora_fin,
        c1_0.hora_inicio,
        c1_0.medico_id,
        c1_0.motivo_consulta,
        c1_0.observaciones,
        c1_0.paciente_id,
        c1_0.updated_at 
    from
        citas c1_0 
    left join
        medicos m1_0 
            on m1_0.id=c1_0.medico_id 
    where
        m1_0.id=?
2026-07-09 00:45:52.112 DEBUG 15948 --- [http-nio-8080-exec-3] org.hibernate.SQL                        : 
    select
        e1_0.medico_id,
        e1_1.id,
        e1_1.activo,
        e1_1.costo,
        e1_1.created_at,
        e1_1.descripcion,
        e1_1.nombre 
    from
        medico_especialidades e1_0 
    join
        especialidades e1_1 
            on e1_1.id=e1_0.especialidad_id 
    where
        e1_0.medico_id=?
2026-07-09 00:45:52.113 DEBUG 15948 --- [http-nio-8080-exec-3] org.hibernate.SQL                        : 
    select
        p1_0.id,
        p1_0.contacto_emergencia_nombre,
        p1_0.contacto_emergencia_parentesco,
        p1_0.contacto_emergencia_telefono,
        p1_0.created_at,
        p1_0.direccion,
        p1_0.fecha_nacimiento,
        p1_0.genero,
        p1_0.grupo_sanguineo,
        p1_0.updated_at,
        p1_0.usuario_id 
    from
        pacientes p1_0 
    where
        p1_0.id=?
2026-07-09 00:45:52.114 DEBUG 15948 --- [http-nio-8080-exec-3] org.hibernate.SQL                        : 
    select
        u1_0.id,
        u1_0.activo,
        u1_0.apellido,
        u1_0.created_at,
        u1_0.dni,
        u1_0.email,
        u1_0.foto_perfil,
        u1_0.nombre,
        u1_0.password,
        u1_0.rol,
        u1_0.telefono,
        u1_0.updated_at 
    from
        usuarios u1_0 
    where
        u1_0.id=?
2026-07-09 00:45:52.570 DEBUG 15948 --- [http-nio-8080-exec-8] org.hibernate.SQL                        : 
    select
        u1_0.id,
        u1_0.activo,
        u1_0.apellido,
        u1_0.created_at,
        u1_0.dni,
        u1_0.email,
        u1_0.foto_perfil,
        u1_0.nombre,
        u1_0.password,
        u1_0.rol,
        u1_0.telefono,
        u1_0.updated_at 
    from
        usuarios u1_0 
    where
        u1_0.email=?
2026-07-09 00:45:52.571 DEBUG 15948 --- [http-nio-8080-exec-8] org.hibernate.SQL                        : 
    select
        u1_0.id,
        u1_0.activo,
        u1_0.apellido,
        u1_0.created_at,
        u1_0.dni,
        u1_0.email,
        u1_0.foto_perfil,
        u1_0.nombre,
        u1_0.password,
        u1_0.rol,
        u1_0.telefono,
        u1_0.updated_at 
    from
        usuarios u1_0 
    where
        u1_0.email=?
2026-07-09 00:45:52.572 DEBUG 15948 --- [http-nio-8080-exec-8] org.hibernate.SQL                        : 
    select
        m1_0.id,
        m1_0.created_at,
        m1_0.numero_colegiatura,
        m1_0.updated_at,
        m1_0.usuario_id 
    from
        medicos m1_0 
    left join
        usuarios u1_0 
            on u1_0.id=m1_0.usuario_id 
    where
        u1_0.id=?
2026-07-09 00:45:52.573 DEBUG 15948 --- [http-nio-8080-exec-8] org.hibernate.SQL                        : 
    select
        c1_0.id,
        c1_0.created_at,
        c1_0.especialidad_id,
        c1_0.estado,
        c1_0.fecha,
        c1_0.hora_fin,
        c1_0.hora_inicio,
        c1_0.medico_id,
        c1_0.motivo_consulta,
        c1_0.observaciones,
        c1_0.paciente_id,
        c1_0.updated_at 
    from
        citas c1_0 
    left join
        medicos m1_0 
            on m1_0.id=c1_0.medico_id 
    where
        m1_0.id=? 
        and c1_0.fecha=?
2026-07-09 00:45:52.574 DEBUG 15948 --- [http-nio-8080-exec-8] org.hibernate.SQL                        : 
    select
        c1_0.id,
        c1_0.created_at,
        c1_0.especialidad_id,
        c1_0.estado,
        c1_0.fecha,
        c1_0.hora_fin,
        c1_0.hora_inicio,
        c1_0.medico_id,
        c1_0.motivo_consulta,
        c1_0.observaciones,
        c1_0.paciente_id,
        c1_0.updated_at 
    from
        citas c1_0 
    left join
        medicos m1_0 
            on m1_0.id=c1_0.medico_id 
    where
        m1_0.id=?
2026-07-09 00:45:52.581 DEBUG 15948 --- [http-nio-8080-exec-8] org.hibernate.SQL                        : 
    select
        e1_0.medico_id,
        e1_1.id,
        e1_1.activo,
        e1_1.costo,
        e1_1.created_at,
        e1_1.descripcion,
        e1_1.nombre 
    from
        medico_especialidades e1_0 
    join
        especialidades e1_1 
            on e1_1.id=e1_0.especialidad_id 
    where
        e1_0.medico_id=?
2026-07-09 00:45:52.582 DEBUG 15948 --- [http-nio-8080-exec-8] org.hibernate.SQL                        : 
    select
        p1_0.id,
        p1_0.contacto_emergencia_nombre,
        p1_0.contacto_emergencia_parentesco,
        p1_0.contacto_emergencia_telefono,
        p1_0.created_at,
        p1_0.direccion,
        p1_0.fecha_nacimiento,
        p1_0.genero,
        p1_0.grupo_sanguineo,
        p1_0.updated_at,
        p1_0.usuario_id 
    from
        pacientes p1_0 
    where
        p1_0.id=?
2026-07-09 00:45:52.583 DEBUG 15948 --- [http-nio-8080-exec-8] org.hibernate.SQL                        : 
    select
        u1_0.id,
        u1_0.activo,
        u1_0.apellido,
        u1_0.created_at,
        u1_0.dni,
        u1_0.email,
        u1_0.foto_perfil,
        u1_0.nombre,
        u1_0.password,
        u1_0.rol,
        u1_0.telefono,
        u1_0.updated_at 
    from
        usuarios u1_0 
    where
        u1_0.id=?
2026-07-09 00:45:52.729 DEBUG 15948 --- [http-nio-8080-exec-9] org.hibernate.SQL                        : 
    select
        u1_0.id,
        u1_0.activo,
        u1_0.apellido,
        u1_0.created_at,
        u1_0.dni,
        u1_0.email,
        u1_0.foto_perfil,
        u1_0.nombre,
        u1_0.password,
        u1_0.rol,
        u1_0.telefono,
        u1_0.updated_at 
    from
        usuarios u1_0 
    where
        u1_0.email=?
2026-07-09 00:45:52.731 DEBUG 15948 --- [http-nio-8080-exec-9] org.hibernate.SQL                        : 
    select
        u1_0.id,
        u1_0.activo,
        u1_0.apellido,
        u1_0.created_at,
        u1_0.dni,
        u1_0.email,
        u1_0.foto_perfil,
        u1_0.nombre,
        u1_0.password,
        u1_0.rol,
        u1_0.telefono,
        u1_0.updated_at 
    from
        usuarios u1_0 
    where
        u1_0.email=?
2026-07-09 00:45:52.732 DEBUG 15948 --- [http-nio-8080-exec-9] org.hibernate.SQL                        : 
    select
        m1_0.id,
        m1_0.created_at,
        m1_0.numero_colegiatura,
        m1_0.updated_at,
        m1_0.usuario_id 
    from
        medicos m1_0 
    left join
        usuarios u1_0 
            on u1_0.id=m1_0.usuario_id 
    where
        u1_0.id=?
2026-07-09 00:45:52.733 DEBUG 15948 --- [http-nio-8080-exec-9] org.hibernate.SQL                        : 
    select
        c1_0.id,
        c1_0.created_at,
        c1_0.especialidad_id,
        c1_0.estado,
        c1_0.fecha,
        c1_0.hora_fin,
        c1_0.hora_inicio,
        c1_0.medico_id,
        c1_0.motivo_consulta,
        c1_0.observaciones,
        c1_0.paciente_id,
        c1_0.updated_at 
    from
        citas c1_0 
    left join
        medicos m1_0 
            on m1_0.id=c1_0.medico_id 
    where
        m1_0.id=? 
        and c1_0.fecha=?
2026-07-09 00:45:52.734 DEBUG 15948 --- [http-nio-8080-exec-9] org.hibernate.SQL                        : 
    select
        c1_0.id,
        c1_0.created_at,
        c1_0.especialidad_id,
        c1_0.estado,
        c1_0.fecha,
        c1_0.hora_fin,
        c1_0.hora_inicio,
        c1_0.medico_id,
        c1_0.motivo_consulta,
        c1_0.observaciones,
        c1_0.paciente_id,
        c1_0.updated_at 
    from
        citas c1_0 
    left join
        medicos m1_0 
            on m1_0.id=c1_0.medico_id 
    where
        m1_0.id=?
2026-07-09 00:45:52.743 DEBUG 15948 --- [http-nio-8080-exec-9] org.hibernate.SQL                        : 
    select
        e1_0.medico_id,
        e1_1.id,
        e1_1.activo,
        e1_1.costo,
        e1_1.created_at,
        e1_1.descripcion,
        e1_1.nombre 
    from
        medico_especialidades e1_0 
    join
        especialidades e1_1 
            on e1_1.id=e1_0.especialidad_id 
    where
        e1_0.medico_id=?
2026-07-09 00:45:52.745 DEBUG 15948 --- [http-nio-8080-exec-9] org.hibernate.SQL                        : 
    select
        p1_0.id,
        p1_0.contacto_emergencia_nombre,
        p1_0.contacto_emergencia_parentesco,
        p1_0.contacto_emergencia_telefono,
        p1_0.created_at,
        p1_0.direccion,
        p1_0.fecha_nacimiento,
        p1_0.genero,
        p1_0.grupo_sanguineo,
        p1_0.updated_at,
        p1_0.usuario_id 
    from
        pacientes p1_0 
    where
        p1_0.id=?
2026-07-09 00:45:52.746 DEBUG 15948 --- [http-nio-8080-exec-9] org.hibernate.SQL                        : 
    select
        u1_0.id,
        u1_0.activo,
        u1_0.apellido,
        u1_0.created_at,
        u1_0.dni,
        u1_0.email,
        u1_0.foto_perfil,
        u1_0.nombre,
        u1_0.password,
        u1_0.rol,
        u1_0.telefono,
        u1_0.updated_at 
    from
        usuarios u1_0 
    where
        u1_0.id=?
2026-07-09 00:45:52.874 DEBUG 15948 --- [http-nio-8080-exec-6] org.hibernate.SQL                        : 
    select
        u1_0.id,
        u1_0.activo,
        u1_0.apellido,
        u1_0.created_at,
        u1_0.dni,
        u1_0.email,
        u1_0.foto_perfil,
        u1_0.nombre,
        u1_0.password,
        u1_0.rol,
        u1_0.telefono,
        u1_0.updated_at 
    from
        usuarios u1_0 
    where
        u1_0.email=?
2026-07-09 00:45:52.876 DEBUG 15948 --- [http-nio-8080-exec-6] org.hibernate.SQL                        : 
    select
        u1_0.id,
        u1_0.activo,
        u1_0.apellido,
        u1_0.created_at,
        u1_0.dni,
        u1_0.email,
        u1_0.foto_perfil,
        u1_0.nombre,
        u1_0.password,
        u1_0.rol,
        u1_0.telefono,
        u1_0.updated_at 
    from
        usuarios u1_0 
    where
        u1_0.email=?
2026-07-09 00:45:52.876 DEBUG 15948 --- [http-nio-8080-exec-6] org.hibernate.SQL                        : 
    select
        m1_0.id,
        m1_0.created_at,
        m1_0.numero_colegiatura,
        m1_0.updated_at,
        m1_0.usuario_id 
    from
        medicos m1_0 
    left join
        usuarios u1_0 
            on u1_0.id=m1_0.usuario_id 
    where
        u1_0.id=?
2026-07-09 00:45:52.877 DEBUG 15948 --- [http-nio-8080-exec-6] org.hibernate.SQL                        : 
    select
        c1_0.id,
        c1_0.created_at,
        c1_0.especialidad_id,
        c1_0.estado,
        c1_0.fecha,
        c1_0.hora_fin,
        c1_0.hora_inicio,
        c1_0.medico_id,
        c1_0.motivo_consulta,
        c1_0.observaciones,
        c1_0.paciente_id,
        c1_0.updated_at 
    from
        citas c1_0 
    left join
        medicos m1_0 
            on m1_0.id=c1_0.medico_id 
    where
        m1_0.id=? 
        and c1_0.fecha=?
2026-07-09 00:45:52.879 DEBUG 15948 --- [http-nio-8080-exec-6] org.hibernate.SQL                        : 
    select
        c1_0.id,
        c1_0.created_at,
        c1_0.especialidad_id,
        c1_0.estado,
        c1_0.fecha,
        c1_0.hora_fin,
        c1_0.hora_inicio,
        c1_0.medico_id,
        c1_0.motivo_consulta,
        c1_0.observaciones,
        c1_0.paciente_id,
        c1_0.updated_at 
    from
        citas c1_0 
    left join
        medicos m1_0 
            on m1_0.id=c1_0.medico_id 
    where
        m1_0.id=?
2026-07-09 00:45:52.887 DEBUG 15948 --- [http-nio-8080-exec-6] org.hibernate.SQL                        : 
    select
        e1_0.medico_id,
        e1_1.id,
        e1_1.activo,
        e1_1.costo,
        e1_1.created_at,
        e1_1.descripcion,
        e1_1.nombre 
    from
        medico_especialidades e1_0 
    join
        especialidades e1_1 
            on e1_1.id=e1_0.especialidad_id 
    where
        e1_0.medico_id=?
2026-07-09 00:45:52.889 DEBUG 15948 --- [http-nio-8080-exec-6] org.hibernate.SQL                        : 
    select
        p1_0.id,
        p1_0.contacto_emergencia_nombre,
        p1_0.contacto_emergencia_parentesco,
        p1_0.contacto_emergencia_telefono,
        p1_0.created_at,
        p1_0.direccion,
        p1_0.fecha_nacimiento,
        p1_0.genero,
        p1_0.grupo_sanguineo,
        p1_0.updated_at,
        p1_0.usuario_id 
    from
        pacientes p1_0 
    where
        p1_0.id=?
2026-07-09 00:45:52.890 DEBUG 15948 --- [http-nio-8080-exec-6] org.hibernate.SQL                        : 
    select
        u1_0.id,
        u1_0.activo,
        u1_0.apellido,
        u1_0.created_at,
        u1_0.dni,
        u1_0.email,
        u1_0.foto_perfil,
        u1_0.nombre,
        u1_0.password,
        u1_0.rol,
        u1_0.telefono,
        u1_0.updated_at 
    from
        usuarios u1_0 
    where
        u1_0.id=?
2026-07-09 00:45:53.011 DEBUG 15948 --- [http-nio-8080-exec-7] org.hibernate.SQL                        : 
    select
        u1_0.id,
        u1_0.activo,
        u1_0.apellido,
        u1_0.created_at,
        u1_0.dni,
        u1_0.email,
        u1_0.foto_perfil,
        u1_0.nombre,
        u1_0.password,
        u1_0.rol,
        u1_0.telefono,
        u1_0.updated_at 
    from
        usuarios u1_0 
    where
        u1_0.email=?
2026-07-09 00:45:53.012 DEBUG 15948 --- [http-nio-8080-exec-7] org.hibernate.SQL                        : 
    select
        u1_0.id,
        u1_0.activo,
        u1_0.apellido,
        u1_0.created_at,
        u1_0.dni,
        u1_0.email,
        u1_0.foto_perfil,
        u1_0.nombre,
        u1_0.password,
        u1_0.rol,
        u1_0.telefono,
        u1_0.updated_at 
    from
        usuarios u1_0 
    where
        u1_0.email=?
2026-07-09 00:45:53.013 DEBUG 15948 --- [http-nio-8080-exec-7] org.hibernate.SQL                        : 
    select
        m1_0.id,
        m1_0.created_at,
        m1_0.numero_colegiatura,
        m1_0.updated_at,
        m1_0.usuario_id 
    from
        medicos m1_0 
    left join
        usuarios u1_0 
            on u1_0.id=m1_0.usuario_id 
    where
        u1_0.id=?
2026-07-09 00:45:53.014 DEBUG 15948 --- [http-nio-8080-exec-7] org.hibernate.SQL                        : 
    select
        c1_0.id,
        c1_0.created_at,
        c1_0.especialidad_id,
        c1_0.estado,
        c1_0.fecha,
        c1_0.hora_fin,
        c1_0.hora_inicio,
        c1_0.medico_id,
        c1_0.motivo_consulta,
        c1_0.observaciones,
        c1_0.paciente_id,
        c1_0.updated_at 
    from
        citas c1_0 
    left join
        medicos m1_0 
            on m1_0.id=c1_0.medico_id 
    where
        m1_0.id=? 
        and c1_0.fecha=?
2026-07-09 00:45:53.016 DEBUG 15948 --- [http-nio-8080-exec-7] org.hibernate.SQL                        : 
    select
        c1_0.id,
        c1_0.created_at,
        c1_0.especialidad_id,
        c1_0.estado,
        c1_0.fecha,
        c1_0.hora_fin,
        c1_0.hora_inicio,
        c1_0.medico_id,
        c1_0.motivo_consulta,
        c1_0.observaciones,
        c1_0.paciente_id,
        c1_0.updated_at 
    from
        citas c1_0 
    left join
        medicos m1_0 
            on m1_0.id=c1_0.medico_id 
    where
        m1_0.id=?
2026-07-09 00:45:53.023 DEBUG 15948 --- [http-nio-8080-exec-7] org.hibernate.SQL                        : 
    select
        e1_0.medico_id,
        e1_1.id,
        e1_1.activo,
        e1_1.costo,
        e1_1.created_at,
        e1_1.descripcion,
        e1_1.nombre 
    from
        medico_especialidades e1_0 
    join
        especialidades e1_1 
            on e1_1.id=e1_0.especialidad_id 
    where
        e1_0.medico_id=?
2026-07-09 00:45:53.026 DEBUG 15948 --- [http-nio-8080-exec-7] org.hibernate.SQL                        : 
    select
        p1_0.id,
        p1_0.contacto_emergencia_nombre,
        p1_0.contacto_emergencia_parentesco,
        p1_0.contacto_emergencia_telefono,
        p1_0.created_at,
        p1_0.direccion,
        p1_0.fecha_nacimiento,
        p1_0.genero,
        p1_0.grupo_sanguineo,
        p1_0.updated_at,
        p1_0.usuario_id 
    from
        pacientes p1_0 
    where
        p1_0.id=?
2026-07-09 00:45:53.026 DEBUG 15948 --- [http-nio-8080-exec-7] org.hibernate.SQL                        : 
    select
        u1_0.id,
        u1_0.activo,
        u1_0.apellido,
        u1_0.created_at,
        u1_0.dni,
        u1_0.email,
        u1_0.foto_perfil,
        u1_0.nombre,
        u1_0.password,
        u1_0.rol,
        u1_0.telefono,
        u1_0.updated_at 
    from
        usuarios u1_0 
    where
        u1_0.id=?
2026-07-09 00:45:53.170 DEBUG 15948 --- [http-nio-8080-exec-5] org.hibernate.SQL                        : 
    select
        u1_0.id,
        u1_0.activo,
        u1_0.apellido,
        u1_0.created_at,
        u1_0.dni,
        u1_0.email,
        u1_0.foto_perfil,
        u1_0.nombre,
        u1_0.password,
        u1_0.rol,
        u1_0.telefono,
        u1_0.updated_at 
    from
        usuarios u1_0 
    where
        u1_0.email=?
2026-07-09 00:45:53.171 DEBUG 15948 --- [http-nio-8080-exec-5] org.hibernate.SQL                        : 
    select
        u1_0.id,
        u1_0.activo,
        u1_0.apellido,
        u1_0.created_at,
        u1_0.dni,
        u1_0.email,
        u1_0.foto_perfil,
        u1_0.nombre,
        u1_0.password,
        u1_0.rol,
        u1_0.telefono,
        u1_0.updated_at 
    from
        usuarios u1_0 
    where
        u1_0.email=?
2026-07-09 00:45:53.172 DEBUG 15948 --- [http-nio-8080-exec-5] org.hibernate.SQL                        : 
    select
        m1_0.id,
        m1_0.created_at,
        m1_0.numero_colegiatura,
        m1_0.updated_at,
        m1_0.usuario_id 
    from
        medicos m1_0 
    left join
        usuarios u1_0 
            on u1_0.id=m1_0.usuario_id 
    where
        u1_0.id=?
2026-07-09 00:45:53.174 DEBUG 15948 --- [http-nio-8080-exec-5] org.hibernate.SQL                        : 
    select
        c1_0.id,
        c1_0.created_at,
        c1_0.especialidad_id,
        c1_0.estado,
        c1_0.fecha,
        c1_0.hora_fin,
        c1_0.hora_inicio,
        c1_0.medico_id,
        c1_0.motivo_consulta,
        c1_0.observaciones,
        c1_0.paciente_id,
        c1_0.updated_at 
    from
        citas c1_0 
    left join
        medicos m1_0 
            on m1_0.id=c1_0.medico_id 
    where
        m1_0.id=? 
        and c1_0.fecha=?
2026-07-09 00:45:53.174 DEBUG 15948 --- [http-nio-8080-exec-5] org.hibernate.SQL                        : 
    select
        c1_0.id,
        c1_0.created_at,
        c1_0.especialidad_id,
        c1_0.estado,
        c1_0.fecha,
        c1_0.hora_fin,
        c1_0.hora_inicio,
        c1_0.medico_id,
        c1_0.motivo_consulta,
        c1_0.observaciones,
        c1_0.paciente_id,
        c1_0.updated_at 
    from
        citas c1_0 
    left join
        medicos m1_0 
            on m1_0.id=c1_0.medico_id 
    where
        m1_0.id=?
2026-07-09 00:45:53.184 DEBUG 15948 --- [http-nio-8080-exec-5] org.hibernate.SQL                        : 
    select
        e1_0.medico_id,
        e1_1.id,
        e1_1.activo,
        e1_1.costo,
        e1_1.created_at,
        e1_1.descripcion,
        e1_1.nombre 
    from
        medico_especialidades e1_0 
    join
        especialidades e1_1 
            on e1_1.id=e1_0.especialidad_id 
    where
        e1_0.medico_id=?
2026-07-09 00:45:53.186 DEBUG 15948 --- [http-nio-8080-exec-5] org.hibernate.SQL                        : 
    select
        p1_0.id,
        p1_0.contacto_emergencia_nombre,
        p1_0.contacto_emergencia_parentesco,
        p1_0.contacto_emergencia_telefono,
        p1_0.created_at,
        p1_0.direccion,
        p1_0.fecha_nacimiento,
        p1_0.genero,
        p1_0.grupo_sanguineo,
        p1_0.updated_at,
        p1_0.usuario_id 
    from
        pacientes p1_0 
    where
        p1_0.id=?
2026-07-09 00:45:53.186 DEBUG 15948 --- [http-nio-8080-exec-5] org.hibernate.SQL                        : 
    select
        u1_0.id,
        u1_0.activo,
        u1_0.apellido,
        u1_0.created_at,
        u1_0.dni,
        u1_0.email,
        u1_0.foto_perfil,
        u1_0.nombre,
        u1_0.password,
        u1_0.rol,
        u1_0.telefono,
        u1_0.updated_at 
    from
        usuarios u1_0 
    where
        u1_0.id=?
2026-07-09 00:45:55.427 DEBUG 15948 --- [http-nio-8080-exec-4] org.hibernate.SQL                        : 
    select
        u1_0.id,
        u1_0.activo,
        u1_0.apellido,
        u1_0.created_at,
        u1_0.dni,
        u1_0.email,
        u1_0.foto_perfil,
        u1_0.nombre,
        u1_0.password,
        u1_0.rol,
        u1_0.telefono,
        u1_0.updated_at 
    from
        usuarios u1_0 
    where
        u1_0.email=?
2026-07-09 00:45:55.431 DEBUG 15948 --- [http-nio-8080-exec-4] org.hibernate.SQL                        : 
    select
        u1_0.id,
        u1_0.activo,
        u1_0.apellido,
        u1_0.created_at,
        u1_0.dni,
        u1_0.email,
        u1_0.foto_perfil,
        u1_0.nombre,
        u1_0.password,
        u1_0.rol,
        u1_0.telefono,
        u1_0.updated_at 
    from
        usuarios u1_0 
    where
        u1_0.email=?
2026-07-09 00:45:55.431 DEBUG 15948 --- [http-nio-8080-exec-4] org.hibernate.SQL                        : 
    select
        m1_0.id,
        m1_0.created_at,
        m1_0.numero_colegiatura,
        m1_0.updated_at,
        m1_0.usuario_id 
    from
        medicos m1_0 
    left join
        usuarios u1_0 
            on u1_0.id=m1_0.usuario_id 
    where
        u1_0.id=?
2026-07-09 00:45:55.432 DEBUG 15948 --- [http-nio-8080-exec-4] org.hibernate.SQL                        : 
    select
        c1_0.id,
        c1_0.created_at,
        c1_0.especialidad_id,
        c1_0.estado,
        c1_0.fecha,
        c1_0.hora_fin,
        c1_0.hora_inicio,
        c1_0.medico_id,
        c1_0.motivo_consulta,
        c1_0.observaciones,
        c1_0.paciente_id,
        c1_0.updated_at 
    from
        citas c1_0 
    where
        c1_0.id=?
2026-07-09 00:45:55.433 DEBUG 15948 --- [http-nio-8080-exec-4] org.hibernate.SQL                        : 
    select
        p1_0.id,
        p1_0.contacto_emergencia_nombre,
        p1_0.contacto_emergencia_parentesco,
        p1_0.contacto_emergencia_telefono,
        p1_0.created_at,
        p1_0.direccion,
        p1_0.fecha_nacimiento,
        p1_0.genero,
        p1_0.grupo_sanguineo,
        p1_0.updated_at,
        p1_0.usuario_id 
    from
        pacientes p1_0 
    where
        p1_0.id=?
2026-07-09 00:45:55.442 DEBUG 15948 --- [http-nio-8080-exec-4] org.hibernate.SQL                        : 
    select
        u1_0.id,
        u1_0.activo,
        u1_0.apellido,
        u1_0.created_at,
        u1_0.dni,
        u1_0.email,
        u1_0.foto_perfil,
        u1_0.nombre,
        u1_0.password,
        u1_0.rol,
        u1_0.telefono,
        u1_0.updated_at 
    from
        usuarios u1_0 
    where
        u1_0.id=?
2026-07-09 00:45:55.443 DEBUG 15948 --- [http-nio-8080-exec-4] org.hibernate.SQL                        : 
    select
        e1_0.id,
        e1_0.activo,
        e1_0.costo,
        e1_0.created_at,
        e1_0.descripcion,
        e1_0.nombre 
    from
        especialidades e1_0 
    where
        e1_0.id=?
2026-07-09 00:46:45.187 DEBUG 15948 --- [http-nio-8080-exec-2] org.hibernate.SQL                        : 
    select
        u1_0.id,
        u1_0.activo,
        u1_0.apellido,
        u1_0.created_at,
        u1_0.dni,
        u1_0.email,
        u1_0.foto_perfil,
        u1_0.nombre,
        u1_0.password,
        u1_0.rol,
        u1_0.telefono,
        u1_0.updated_at 
    from
        usuarios u1_0 
    where
        u1_0.email=?
2026-07-09 00:46:45.189 DEBUG 15948 --- [http-nio-8080-exec-2] org.hibernate.SQL                        : 
    select
        u1_0.id,
        u1_0.activo,
        u1_0.apellido,
        u1_0.created_at,
        u1_0.dni,
        u1_0.email,
        u1_0.foto_perfil,
        u1_0.nombre,
        u1_0.password,
        u1_0.rol,
        u1_0.telefono,
        u1_0.updated_at 
    from
        usuarios u1_0 
    where
        u1_0.email=?
2026-07-09 00:46:45.190 DEBUG 15948 --- [http-nio-8080-exec-2] org.hibernate.SQL                        : 
    select
        m1_0.id,
        m1_0.created_at,
        m1_0.numero_colegiatura,
        m1_0.updated_at,
        m1_0.usuario_id 
    from
        medicos m1_0 
    left join
        usuarios u1_0 
            on u1_0.id=m1_0.usuario_id 
    where
        u1_0.id=?
2026-07-09 00:46:45.191 DEBUG 15948 --- [http-nio-8080-exec-2] org.hibernate.SQL                        : 
    select
        c1_0.id,
        c1_0.created_at,
        c1_0.especialidad_id,
        c1_0.estado,
        c1_0.fecha,
        c1_0.hora_fin,
        c1_0.hora_inicio,
        c1_0.medico_id,
        c1_0.motivo_consulta,
        c1_0.observaciones,
        c1_0.paciente_id,
        c1_0.updated_at 
    from
        citas c1_0 
    where
        c1_0.id=?
2026-07-09 00:46:45.191 DEBUG 15948 --- [http-nio-8080-exec-2] org.hibernate.SQL                        : 
    select
        p1_0.id,
        p1_0.contacto_emergencia_nombre,
        p1_0.contacto_emergencia_parentesco,
        p1_0.contacto_emergencia_telefono,
        p1_0.created_at,
        p1_0.direccion,
        p1_0.fecha_nacimiento,
        p1_0.genero,
        p1_0.grupo_sanguineo,
        p1_0.updated_at,
        p1_0.usuario_id 
    from
        pacientes p1_0 
    where
        p1_0.id=?
2026-07-09 00:46:45.202 DEBUG 15948 --- [http-nio-8080-exec-2] org.hibernate.SQL                        : 
    select
        u1_0.id,
        u1_0.activo,
        u1_0.apellido,
        u1_0.created_at,
        u1_0.dni,
        u1_0.email,
        u1_0.foto_perfil,
        u1_0.nombre,
        u1_0.password,
        u1_0.rol,
        u1_0.telefono,
        u1_0.updated_at 
    from
        usuarios u1_0 
    where
        u1_0.id=?
2026-07-09 00:46:45.203 DEBUG 15948 --- [http-nio-8080-exec-2] org.hibernate.SQL                        : 
    select
        e1_0.id,
        e1_0.activo,
        e1_0.costo,
        e1_0.created_at,
        e1_0.descripcion,
        e1_0.nombre 
    from
        especialidades e1_0 
    where
        e1_0.id=?
2026-07-09 00:47:17.514 DEBUG 15948 --- [http-nio-8080-exec-10] org.hibernate.SQL                        : 
    select
        u1_0.id,
        u1_0.activo,
        u1_0.apellido,
        u1_0.created_at,
        u1_0.dni,
        u1_0.email,
        u1_0.foto_perfil,
        u1_0.nombre,
        u1_0.password,
        u1_0.rol,
        u1_0.telefono,
        u1_0.updated_at 
    from
        usuarios u1_0 
    where
        u1_0.email=?
2026-07-09 00:47:17.536 DEBUG 15948 --- [http-nio-8080-exec-10] org.hibernate.SQL                        : 
    select
        u1_0.id,
        u1_0.activo,
        u1_0.apellido,
        u1_0.created_at,
        u1_0.dni,
        u1_0.email,
        u1_0.foto_perfil,
        u1_0.nombre,
        u1_0.password,
        u1_0.rol,
        u1_0.telefono,
        u1_0.updated_at 
    from
        usuarios u1_0 
    where
        u1_0.email=?
2026-07-09 00:47:17.537 DEBUG 15948 --- [http-nio-8080-exec-10] org.hibernate.SQL                        : 
    select
        m1_0.id,
        m1_0.created_at,
        m1_0.numero_colegiatura,
        m1_0.updated_at,
        m1_0.usuario_id 
    from
        medicos m1_0 
    left join
        usuarios u1_0 
            on u1_0.id=m1_0.usuario_id 
    where
        u1_0.id=?
2026-07-09 00:47:17.538 DEBUG 15948 --- [http-nio-8080-exec-10] org.hibernate.SQL                        : 
    select
        c1_0.id,
        c1_0.created_at,
        c1_0.especialidad_id,
        c1_0.estado,
        c1_0.fecha,
        c1_0.hora_fin,
        c1_0.hora_inicio,
        c1_0.medico_id,
        c1_0.motivo_consulta,
        c1_0.observaciones,
        c1_0.paciente_id,
        c1_0.updated_at 
    from
        citas c1_0 
    where
        c1_0.id=?
2026-07-09 00:47:17.542 DEBUG 15948 --- [http-nio-8080-exec-10] org.hibernate.SQL                        : 
    update
        citas 
    set
        especialidad_id=?,
        estado=?,
        fecha=?,
        hora_fin=?,
        hora_inicio=?,
        medico_id=?,
        motivo_consulta=?,
        observaciones=?,
        paciente_id=?,
        updated_at=? 
    where
        id=?
2026-07-09 00:47:17.547 DEBUG 15948 --- [http-nio-8080-exec-10] org.hibernate.SQL                        : 
    insert 
    into
        revinfo
        (revtstmp, rev) 
    values
        (?, default)
2026-07-09 00:47:17.548 DEBUG 15948 --- [http-nio-8080-exec-10] org.hibernate.SQL                        : 
    insert 
    into
        citas_aud
        (revtype, created_at, especialidad_id, estado, fecha, hora_fin, hora_inicio, medico_id, motivo_consulta, observaciones, paciente_id, updated_at, rev, id) 
    values
        (?, ?, ?, ?, ?, ?, ?, ?, ?, ?, ?, ?, ?, ?)
2026-07-09 00:47:17.555 DEBUG 15948 --- [http-nio-8080-exec-1] org.hibernate.SQL                        : 
    select
        u1_0.id,
        u1_0.activo,
        u1_0.apellido,
        u1_0.created_at,
        u1_0.dni,
        u1_0.email,
        u1_0.foto_perfil,
        u1_0.nombre,
        u1_0.password,
        u1_0.rol,
        u1_0.telefono,
        u1_0.updated_at 
    from
        usuarios u1_0 
    where
        u1_0.email=?
2026-07-09 00:47:17.558 DEBUG 15948 --- [http-nio-8080-exec-1] org.hibernate.SQL                        : 
    select
        u1_0.id,
        u1_0.activo,
        u1_0.apellido,
        u1_0.created_at,
        u1_0.dni,
        u1_0.email,
        u1_0.foto_perfil,
        u1_0.nombre,
        u1_0.password,
        u1_0.rol,
        u1_0.telefono,
        u1_0.updated_at 
    from
        usuarios u1_0 
    where
        u1_0.email=?
2026-07-09 00:47:17.558 DEBUG 15948 --- [http-nio-8080-exec-1] org.hibernate.SQL                        : 
    select
        m1_0.id,
        m1_0.created_at,
        m1_0.numero_colegiatura,
        m1_0.updated_at,
        m1_0.usuario_id 
    from
        medicos m1_0 
    left join
        usuarios u1_0 
            on u1_0.id=m1_0.usuario_id 
    where
        u1_0.id=?
2026-07-09 00:47:17.559 DEBUG 15948 --- [http-nio-8080-exec-1] org.hibernate.SQL                        : 
    select
        c1_0.id,
        c1_0.created_at,
        c1_0.especialidad_id,
        c1_0.estado,
        c1_0.fecha,
        c1_0.hora_fin,
        c1_0.hora_inicio,
        c1_0.medico_id,
        c1_0.motivo_consulta,
        c1_0.observaciones,
        c1_0.paciente_id,
        c1_0.updated_at 
    from
        citas c1_0 
    left join
        medicos m1_0 
            on m1_0.id=c1_0.medico_id 
    where
        m1_0.id=? 
        and c1_0.fecha=?
2026-07-09 00:47:17.568 DEBUG 15948 --- [http-nio-8080-exec-1] org.hibernate.SQL                        : 
    select
        e1_0.medico_id,
        e1_1.id,
        e1_1.activo,
        e1_1.costo,
        e1_1.created_at,
        e1_1.descripcion,
        e1_1.nombre 
    from
        medico_especialidades e1_0 
    join
        especialidades e1_1 
            on e1_1.id=e1_0.especialidad_id 
    where
        e1_0.medico_id=?
2026-07-09 00:47:17.588 DEBUG 15948 --- [http-nio-8080-exec-3] org.hibernate.SQL                        : 
    select
        u1_0.id,
        u1_0.activo,
        u1_0.apellido,
        u1_0.created_at,
        u1_0.dni,
        u1_0.email,
        u1_0.foto_perfil,
        u1_0.nombre,
        u1_0.password,
        u1_0.rol,
        u1_0.telefono,
        u1_0.updated_at 
    from
        usuarios u1_0 
    where
        u1_0.email=?
2026-07-09 00:47:17.589 DEBUG 15948 --- [http-nio-8080-exec-3] org.hibernate.SQL                        : 
    select
        u1_0.id,
        u1_0.activo,
        u1_0.apellido,
        u1_0.created_at,
        u1_0.dni,
        u1_0.email,
        u1_0.foto_perfil,
        u1_0.nombre,
        u1_0.password,
        u1_0.rol,
        u1_0.telefono,
        u1_0.updated_at 
    from
        usuarios u1_0 
    where
        u1_0.email=?
2026-07-09 00:47:17.590 DEBUG 15948 --- [http-nio-8080-exec-3] org.hibernate.SQL                        : 
    select
        m1_0.id,
        m1_0.created_at,
        m1_0.numero_colegiatura,
        m1_0.updated_at,
        m1_0.usuario_id 
    from
        medicos m1_0 
    left join
        usuarios u1_0 
            on u1_0.id=m1_0.usuario_id 
    where
        u1_0.id=?
2026-07-09 00:47:17.592 DEBUG 15948 --- [http-nio-8080-exec-3] org.hibernate.SQL                        : 
    select
        c1_0.id,
        c1_0.created_at,
        c1_0.especialidad_id,
        c1_0.estado,
        c1_0.fecha,
        c1_0.hora_fin,
        c1_0.hora_inicio,
        c1_0.medico_id,
        c1_0.motivo_consulta,
        c1_0.observaciones,
        c1_0.paciente_id,
        c1_0.updated_at 
    from
        citas c1_0 
    left join
        medicos m1_0 
            on m1_0.id=c1_0.medico_id 
    where
        m1_0.id=?
2026-07-09 00:47:17.592 DEBUG 15948 --- [http-nio-8080-exec-3] org.hibernate.SQL                        : 
    select
        p1_0.id,
        p1_0.contacto_emergencia_nombre,
        p1_0.contacto_emergencia_parentesco,
        p1_0.contacto_emergencia_telefono,
        p1_0.created_at,
        p1_0.direccion,
        p1_0.fecha_nacimiento,
        p1_0.genero,
        p1_0.grupo_sanguineo,
        p1_0.updated_at,
        p1_0.usuario_id 
    from
        pacientes p1_0 
    where
        p1_0.id=?
2026-07-09 00:47:17.593 DEBUG 15948 --- [http-nio-8080-exec-3] org.hibernate.SQL                        : 
    select
        u1_0.id,
        u1_0.activo,
        u1_0.apellido,
        u1_0.created_at,
        u1_0.dni,
        u1_0.email,
        u1_0.foto_perfil,
        u1_0.nombre,
        u1_0.password,
        u1_0.rol,
        u1_0.telefono,
        u1_0.updated_at 
    from
        usuarios u1_0 
    where
        u1_0.id=?
2026-07-09 00:47:19.508 DEBUG 15948 --- [http-nio-8080-exec-8] org.hibernate.SQL                        : 
    select
        u1_0.id,
        u1_0.activo,
        u1_0.apellido,
        u1_0.created_at,
        u1_0.dni,
        u1_0.email,
        u1_0.foto_perfil,
        u1_0.nombre,
        u1_0.password,
        u1_0.rol,
        u1_0.telefono,
        u1_0.updated_at 
    from
        usuarios u1_0 
    where
        u1_0.email=?
2026-07-09 00:47:19.510 DEBUG 15948 --- [http-nio-8080-exec-8] org.hibernate.SQL                        : 
    select
        u1_0.id,
        u1_0.activo,
        u1_0.apellido,
        u1_0.created_at,
        u1_0.dni,
        u1_0.email,
        u1_0.foto_perfil,
        u1_0.nombre,
        u1_0.password,
        u1_0.rol,
        u1_0.telefono,
        u1_0.updated_at 
    from
        usuarios u1_0 
    where
        u1_0.email=?
2026-07-09 00:47:19.511 DEBUG 15948 --- [http-nio-8080-exec-8] org.hibernate.SQL                        : 
    select
        m1_0.id,
        m1_0.created_at,
        m1_0.numero_colegiatura,
        m1_0.updated_at,
        m1_0.usuario_id 
    from
        medicos m1_0 
    left join
        usuarios u1_0 
            on u1_0.id=m1_0.usuario_id 
    where
        u1_0.id=?
2026-07-09 00:47:19.512 DEBUG 15948 --- [http-nio-8080-exec-8] org.hibernate.SQL                        : 
    select
        c1_0.id,
        c1_0.created_at,
        c1_0.especialidad_id,
        c1_0.estado,
        c1_0.fecha,
        c1_0.hora_fin,
        c1_0.hora_inicio,
        c1_0.medico_id,
        c1_0.motivo_consulta,
        c1_0.observaciones,
        c1_0.paciente_id,
        c1_0.updated_at 
    from
        citas c1_0 
    where
        c1_0.id=?
2026-07-09 00:47:19.513 DEBUG 15948 --- [http-nio-8080-exec-8] org.hibernate.SQL                        : 
    select
        p1_0.id,
        p1_0.contacto_emergencia_nombre,
        p1_0.contacto_emergencia_parentesco,
        p1_0.contacto_emergencia_telefono,
        p1_0.created_at,
        p1_0.direccion,
        p1_0.fecha_nacimiento,
        p1_0.genero,
        p1_0.grupo_sanguineo,
        p1_0.updated_at,
        p1_0.usuario_id 
    from
        pacientes p1_0 
    where
        p1_0.id=?
2026-07-09 00:47:19.524 DEBUG 15948 --- [http-nio-8080-exec-8] org.hibernate.SQL                        : 
    select
        u1_0.id,
        u1_0.activo,
        u1_0.apellido,
        u1_0.created_at,
        u1_0.dni,
        u1_0.email,
        u1_0.foto_perfil,
        u1_0.nombre,
        u1_0.password,
        u1_0.rol,
        u1_0.telefono,
        u1_0.updated_at 
    from
        usuarios u1_0 
    where
        u1_0.id=?
2026-07-09 00:47:19.525 DEBUG 15948 --- [http-nio-8080-exec-8] org.hibernate.SQL                        : 
    select
        e1_0.id,
        e1_0.activo,
        e1_0.costo,
        e1_0.created_at,
        e1_0.descripcion,
        e1_0.nombre 
    from
        especialidades e1_0 
    where
        e1_0.id=?
2026-07-09 00:47:23.050 DEBUG 15948 --- [http-nio-8080-exec-9] org.hibernate.SQL                        : 
    select
        u1_0.id,
        u1_0.activo,
        u1_0.apellido,
        u1_0.created_at,
        u1_0.dni,
        u1_0.email,
        u1_0.foto_perfil,
        u1_0.nombre,
        u1_0.password,
        u1_0.rol,
        u1_0.telefono,
        u1_0.updated_at 
    from
        usuarios u1_0 
    where
        u1_0.email=?
2026-07-09 00:47:23.052 DEBUG 15948 --- [http-nio-8080-exec-9] org.hibernate.SQL                        : 
    select
        u1_0.id,
        u1_0.activo,
        u1_0.apellido,
        u1_0.created_at,
        u1_0.dni,
        u1_0.email,
        u1_0.foto_perfil,
        u1_0.nombre,
        u1_0.password,
        u1_0.rol,
        u1_0.telefono,
        u1_0.updated_at 
    from
        usuarios u1_0 
    where
        u1_0.email=?
2026-07-09 00:47:23.054 DEBUG 15948 --- [http-nio-8080-exec-9] org.hibernate.SQL                        : 
    select
        m1_0.id,
        m1_0.created_at,
        m1_0.numero_colegiatura,
        m1_0.updated_at,
        m1_0.usuario_id 
    from
        medicos m1_0 
    left join
        usuarios u1_0 
            on u1_0.id=m1_0.usuario_id 
    where
        u1_0.id=?
2026-07-09 00:47:23.054 DEBUG 15948 --- [http-nio-8080-exec-9] org.hibernate.SQL                        : 
    select
        c1_0.id,
        c1_0.created_at,
        c1_0.especialidad_id,
        c1_0.estado,
        c1_0.fecha,
        c1_0.hora_fin,
        c1_0.hora_inicio,
        c1_0.medico_id,
        c1_0.motivo_consulta,
        c1_0.observaciones,
        c1_0.paciente_id,
        c1_0.updated_at 
    from
        citas c1_0 
    left join
        medicos m1_0 
            on m1_0.id=c1_0.medico_id 
    where
        m1_0.id=? 
        and c1_0.fecha=?
2026-07-09 00:47:23.064 DEBUG 15948 --- [http-nio-8080-exec-9] org.hibernate.SQL                        : 
    select
        e1_0.medico_id,
        e1_1.id,
        e1_1.activo,
        e1_1.costo,
        e1_1.created_at,
        e1_1.descripcion,
        e1_1.nombre 
    from
        medico_especialidades e1_0 
    join
        especialidades e1_1 
            on e1_1.id=e1_0.especialidad_id 
    where
        e1_0.medico_id=?
2026-07-09 00:47:23.083 DEBUG 15948 --- [http-nio-8080-exec-6] org.hibernate.SQL                        : 
    select
        u1_0.id,
        u1_0.activo,
        u1_0.apellido,
        u1_0.created_at,
        u1_0.dni,
        u1_0.email,
        u1_0.foto_perfil,
        u1_0.nombre,
        u1_0.password,
        u1_0.rol,
        u1_0.telefono,
        u1_0.updated_at 
    from
        usuarios u1_0 
    where
        u1_0.email=?
2026-07-09 00:47:23.084 DEBUG 15948 --- [http-nio-8080-exec-6] org.hibernate.SQL                        : 
    select
        u1_0.id,
        u1_0.activo,
        u1_0.apellido,
        u1_0.created_at,
        u1_0.dni,
        u1_0.email,
        u1_0.foto_perfil,
        u1_0.nombre,
        u1_0.password,
        u1_0.rol,
        u1_0.telefono,
        u1_0.updated_at 
    from
        usuarios u1_0 
    where
        u1_0.email=?
2026-07-09 00:47:23.086 DEBUG 15948 --- [http-nio-8080-exec-6] org.hibernate.SQL                        : 
    select
        m1_0.id,
        m1_0.created_at,
        m1_0.numero_colegiatura,
        m1_0.updated_at,
        m1_0.usuario_id 
    from
        medicos m1_0 
    left join
        usuarios u1_0 
            on u1_0.id=m1_0.usuario_id 
    where
        u1_0.id=?
2026-07-09 00:47:23.087 DEBUG 15948 --- [http-nio-8080-exec-6] org.hibernate.SQL                        : 
    select
        c1_0.id,
        c1_0.created_at,
        c1_0.especialidad_id,
        c1_0.estado,
        c1_0.fecha,
        c1_0.hora_fin,
        c1_0.hora_inicio,
        c1_0.medico_id,
        c1_0.motivo_consulta,
        c1_0.observaciones,
        c1_0.paciente_id,
        c1_0.updated_at 
    from
        citas c1_0 
    left join
        medicos m1_0 
            on m1_0.id=c1_0.medico_id 
    where
        m1_0.id=?
2026-07-09 00:47:23.088 DEBUG 15948 --- [http-nio-8080-exec-6] org.hibernate.SQL                        : 
    select
        p1_0.id,
        p1_0.contacto_emergencia_nombre,
        p1_0.contacto_emergencia_parentesco,
        p1_0.contacto_emergencia_telefono,
        p1_0.created_at,
        p1_0.direccion,
        p1_0.fecha_nacimiento,
        p1_0.genero,
        p1_0.grupo_sanguineo,
        p1_0.updated_at,
        p1_0.usuario_id 
    from
        pacientes p1_0 
    where
        p1_0.id=?
2026-07-09 00:47:23.089 DEBUG 15948 --- [http-nio-8080-exec-6] org.hibernate.SQL                        : 
    select
        u1_0.id,
        u1_0.activo,
        u1_0.apellido,
        u1_0.created_at,
        u1_0.dni,
        u1_0.email,
        u1_0.foto_perfil,
        u1_0.nombre,
        u1_0.password,
        u1_0.rol,
        u1_0.telefono,
        u1_0.updated_at 
    from
        usuarios u1_0 
    where
        u1_0.id=?
2026-07-09 00:47:24.650 DEBUG 15948 --- [http-nio-8080-exec-7] org.hibernate.SQL                        : 
    select
        u1_0.id,
        u1_0.activo,
        u1_0.apellido,
        u1_0.created_at,
        u1_0.dni,
        u1_0.email,
        u1_0.foto_perfil,
        u1_0.nombre,
        u1_0.password,
        u1_0.rol,
        u1_0.telefono,
        u1_0.updated_at 
    from
        usuarios u1_0 
    where
        u1_0.email=?
2026-07-09 00:47:24.652 DEBUG 15948 --- [http-nio-8080-exec-7] org.hibernate.SQL                        : 
    select
        u1_0.id,
        u1_0.activo,
        u1_0.apellido,
        u1_0.created_at,
        u1_0.dni,
        u1_0.email,
        u1_0.foto_perfil,
        u1_0.nombre,
        u1_0.password,
        u1_0.rol,
        u1_0.telefono,
        u1_0.updated_at 
    from
        usuarios u1_0 
    where
        u1_0.email=?
2026-07-09 00:47:24.653 DEBUG 15948 --- [http-nio-8080-exec-7] org.hibernate.SQL                        : 
    select
        m1_0.id,
        m1_0.created_at,
        m1_0.numero_colegiatura,
        m1_0.updated_at,
        m1_0.usuario_id 
    from
        medicos m1_0 
    left join
        usuarios u1_0 
            on u1_0.id=m1_0.usuario_id 
    where
        u1_0.id=?
2026-07-09 00:47:24.653 DEBUG 15948 --- [http-nio-8080-exec-7] org.hibernate.SQL                        : 
    select
        c1_0.id,
        c1_0.created_at,
        c1_0.especialidad_id,
        c1_0.estado,
        c1_0.fecha,
        c1_0.hora_fin,
        c1_0.hora_inicio,
        c1_0.medico_id,
        c1_0.motivo_consulta,
        c1_0.observaciones,
        c1_0.paciente_id,
        c1_0.updated_at 
    from
        citas c1_0 
    left join
        medicos m1_0 
            on m1_0.id=c1_0.medico_id 
    where
        m1_0.id=? 
        and c1_0.fecha=?
2026-07-09 00:47:24.654 DEBUG 15948 --- [http-nio-8080-exec-7] org.hibernate.SQL                        : 
    select
        c1_0.id,
        c1_0.created_at,
        c1_0.especialidad_id,
        c1_0.estado,
        c1_0.fecha,
        c1_0.hora_fin,
        c1_0.hora_inicio,
        c1_0.medico_id,
        c1_0.motivo_consulta,
        c1_0.observaciones,
        c1_0.paciente_id,
        c1_0.updated_at 
    from
        citas c1_0 
    left join
        medicos m1_0 
            on m1_0.id=c1_0.medico_id 
    where
        m1_0.id=?
2026-07-09 00:47:24.663 DEBUG 15948 --- [http-nio-8080-exec-7] org.hibernate.SQL                        : 
    select
        e1_0.medico_id,
        e1_1.id,
        e1_1.activo,
        e1_1.costo,
        e1_1.created_at,
        e1_1.descripcion,
        e1_1.nombre 
    from
        medico_especialidades e1_0 
    join
        especialidades e1_1 
            on e1_1.id=e1_0.especialidad_id 
    where
        e1_0.medico_id=?
2026-07-09 00:48:10.348 DEBUG 15948 --- [http-nio-8080-exec-5] org.hibernate.SQL                        : 
    select
        u1_0.id,
        u1_0.activo,
        u1_0.apellido,
        u1_0.created_at,
        u1_0.dni,
        u1_0.email,
        u1_0.foto_perfil,
        u1_0.nombre,
        u1_0.password,
        u1_0.rol,
        u1_0.telefono,
        u1_0.updated_at 
    from
        usuarios u1_0 
    where
        u1_0.email=?
2026-07-09 00:48:10.350 DEBUG 15948 --- [http-nio-8080-exec-5] org.hibernate.SQL                        : 
    select
        u1_0.id,
        u1_0.activo,
        u1_0.apellido,
        u1_0.created_at,
        u1_0.dni,
        u1_0.email,
        u1_0.foto_perfil,
        u1_0.nombre,
        u1_0.password,
        u1_0.rol,
        u1_0.telefono,
        u1_0.updated_at 
    from
        usuarios u1_0 
    where
        u1_0.email=?
2026-07-09 00:48:10.351 DEBUG 15948 --- [http-nio-8080-exec-5] org.hibernate.SQL                        : 
    select
        m1_0.id,
        m1_0.created_at,
        m1_0.numero_colegiatura,
        m1_0.updated_at,
        m1_0.usuario_id 
    from
        medicos m1_0 
    left join
        usuarios u1_0 
            on u1_0.id=m1_0.usuario_id 
    where
        u1_0.id=?
2026-07-09 00:48:10.352 DEBUG 15948 --- [http-nio-8080-exec-5] org.hibernate.SQL                        : 
    select
        c1_0.id,
        c1_0.created_at,
        c1_0.especialidad_id,
        c1_0.estado,
        c1_0.fecha,
        c1_0.hora_fin,
        c1_0.hora_inicio,
        c1_0.medico_id,
        c1_0.motivo_consulta,
        c1_0.observaciones,
        c1_0.paciente_id,
        c1_0.updated_at 
    from
        citas c1_0 
    left join
        medicos m1_0 
            on m1_0.id=c1_0.medico_id 
    where
        m1_0.id=? 
        and c1_0.fecha=?
2026-07-09 00:48:10.362 DEBUG 15948 --- [http-nio-8080-exec-5] org.hibernate.SQL                        : 
    select
        e1_0.medico_id,
        e1_1.id,
        e1_1.activo,
        e1_1.costo,
        e1_1.created_at,
        e1_1.descripcion,
        e1_1.nombre 
    from
        medico_especialidades e1_0 
    join
        especialidades e1_1 
            on e1_1.id=e1_0.especialidad_id 
    where
        e1_0.medico_id=?
2026-07-09 00:48:10.377 DEBUG 15948 --- [http-nio-8080-exec-4] org.hibernate.SQL                        : 
    select
        u1_0.id,
        u1_0.activo,
        u1_0.apellido,
        u1_0.created_at,
        u1_0.dni,
        u1_0.email,
        u1_0.foto_perfil,
        u1_0.nombre,
        u1_0.password,
        u1_0.rol,
        u1_0.telefono,
        u1_0.updated_at 
    from
        usuarios u1_0 
    where
        u1_0.email=?
2026-07-09 00:48:10.379 DEBUG 15948 --- [http-nio-8080-exec-4] org.hibernate.SQL                        : 
    select
        u1_0.id,
        u1_0.activo,
        u1_0.apellido,
        u1_0.created_at,
        u1_0.dni,
        u1_0.email,
        u1_0.foto_perfil,
        u1_0.nombre,
        u1_0.password,
        u1_0.rol,
        u1_0.telefono,
        u1_0.updated_at 
    from
        usuarios u1_0 
    where
        u1_0.email=?
2026-07-09 00:48:10.380 DEBUG 15948 --- [http-nio-8080-exec-4] org.hibernate.SQL                        : 
    select
        m1_0.id,
        m1_0.created_at,
        m1_0.numero_colegiatura,
        m1_0.updated_at,
        m1_0.usuario_id 
    from
        medicos m1_0 
    left join
        usuarios u1_0 
            on u1_0.id=m1_0.usuario_id 
    where
        u1_0.id=?
2026-07-09 00:48:10.381 DEBUG 15948 --- [http-nio-8080-exec-4] org.hibernate.SQL                        : 
    select
        c1_0.id,
        c1_0.created_at,
        c1_0.especialidad_id,
        c1_0.estado,
        c1_0.fecha,
        c1_0.hora_fin,
        c1_0.hora_inicio,
        c1_0.medico_id,
        c1_0.motivo_consulta,
        c1_0.observaciones,
        c1_0.paciente_id,
        c1_0.updated_at 
    from
        citas c1_0 
    left join
        medicos m1_0 
            on m1_0.id=c1_0.medico_id 
    where
        m1_0.id=?
2026-07-09 00:48:10.381 DEBUG 15948 --- [http-nio-8080-exec-4] org.hibernate.SQL                        : 
    select
        p1_0.id,
        p1_0.contacto_emergencia_nombre,
        p1_0.contacto_emergencia_parentesco,
        p1_0.contacto_emergencia_telefono,
        p1_0.created_at,
        p1_0.direccion,
        p1_0.fecha_nacimiento,
        p1_0.genero,
        p1_0.grupo_sanguineo,
        p1_0.updated_at,
        p1_0.usuario_id 
    from
        pacientes p1_0 
    where
        p1_0.id=?
2026-07-09 00:48:10.382 DEBUG 15948 --- [http-nio-8080-exec-4] org.hibernate.SQL                        : 
    select
        u1_0.id,
        u1_0.activo,
        u1_0.apellido,
        u1_0.created_at,
        u1_0.dni,
        u1_0.email,
        u1_0.foto_perfil,
        u1_0.nombre,
        u1_0.password,
        u1_0.rol,
        u1_0.telefono,
        u1_0.updated_at 
    from
        usuarios u1_0 
    where
        u1_0.id=?
2026-07-09 00:48:10.818 DEBUG 15948 --- [http-nio-8080-exec-2] org.hibernate.SQL                        : 
    select
        u1_0.id,
        u1_0.activo,
        u1_0.apellido,
        u1_0.created_at,
        u1_0.dni,
        u1_0.email,
        u1_0.foto_perfil,
        u1_0.nombre,
        u1_0.password,
        u1_0.rol,
        u1_0.telefono,
        u1_0.updated_at 
    from
        usuarios u1_0 
    where
        u1_0.email=?
2026-07-09 00:48:10.819 DEBUG 15948 --- [http-nio-8080-exec-2] org.hibernate.SQL                        : 
    select
        u1_0.id,
        u1_0.activo,
        u1_0.apellido,
        u1_0.created_at,
        u1_0.dni,
        u1_0.email,
        u1_0.foto_perfil,
        u1_0.nombre,
        u1_0.password,
        u1_0.rol,
        u1_0.telefono,
        u1_0.updated_at 
    from
        usuarios u1_0 
    where
        u1_0.email=?
2026-07-09 00:48:10.820 DEBUG 15948 --- [http-nio-8080-exec-2] org.hibernate.SQL                        : 
    select
        m1_0.id,
        m1_0.created_at,
        m1_0.numero_colegiatura,
        m1_0.updated_at,
        m1_0.usuario_id 
    from
        medicos m1_0 
    left join
        usuarios u1_0 
            on u1_0.id=m1_0.usuario_id 
    where
        u1_0.id=?
2026-07-09 00:48:10.821 DEBUG 15948 --- [http-nio-8080-exec-2] org.hibernate.SQL                        : 
    select
        c1_0.id,
        c1_0.created_at,
        c1_0.especialidad_id,
        c1_0.estado,
        c1_0.fecha,
        c1_0.hora_fin,
        c1_0.hora_inicio,
        c1_0.medico_id,
        c1_0.motivo_consulta,
        c1_0.observaciones,
        c1_0.paciente_id,
        c1_0.updated_at 
    from
        citas c1_0 
    left join
        medicos m1_0 
            on m1_0.id=c1_0.medico_id 
    where
        m1_0.id=?
2026-07-09 00:48:10.821 DEBUG 15948 --- [http-nio-8080-exec-2] org.hibernate.SQL                        : 
    select
        dm1_0.id,
        dm1_0.activo,
        dm1_0.created_at,
        dm1_0.dia_semana,
        dm1_0.duracion_consulta_min,
        dm1_0.hora_fin,
        dm1_0.hora_inicio,
        dm1_0.medico_id,
        dm1_0.updated_at 
    from
        disponibilidad_medica dm1_0 
    left join
        medicos m1_0 
            on m1_0.id=dm1_0.medico_id 
    where
        m1_0.id=?
2026-07-09 00:48:10.829 DEBUG 15948 --- [http-nio-8080-exec-2] org.hibernate.SQL                        : 
    select
        e1_0.medico_id,
        e1_1.id,
        e1_1.activo,
        e1_1.costo,
        e1_1.created_at,
        e1_1.descripcion,
        e1_1.nombre 
    from
        medico_especialidades e1_0 
    join
        especialidades e1_1 
            on e1_1.id=e1_0.especialidad_id 
    where
        e1_0.medico_id=?
2026-07-09 00:48:20.315 DEBUG 15948 --- [http-nio-8080-exec-10] org.hibernate.SQL                        : 
    select
        u1_0.id,
        u1_0.activo,
        u1_0.apellido,
        u1_0.created_at,
        u1_0.dni,
        u1_0.email,
        u1_0.foto_perfil,
        u1_0.nombre,
        u1_0.password,
        u1_0.rol,
        u1_0.telefono,
        u1_0.updated_at 
    from
        usuarios u1_0 
    where
        u1_0.email=?
2026-07-09 00:48:20.318 DEBUG 15948 --- [http-nio-8080-exec-10] org.hibernate.SQL                        : 
    select
        u1_0.id,
        u1_0.activo,
        u1_0.apellido,
        u1_0.created_at,
        u1_0.dni,
        u1_0.email,
        u1_0.foto_perfil,
        u1_0.nombre,
        u1_0.password,
        u1_0.rol,
        u1_0.telefono,
        u1_0.updated_at 
    from
        usuarios u1_0 
    where
        u1_0.email=?
2026-07-09 00:48:20.318 DEBUG 15948 --- [http-nio-8080-exec-10] org.hibernate.SQL                        : 
    select
        m1_0.id,
        m1_0.created_at,
        m1_0.numero_colegiatura,
        m1_0.updated_at,
        m1_0.usuario_id 
    from
        medicos m1_0 
    left join
        usuarios u1_0 
            on u1_0.id=m1_0.usuario_id 
    where
        u1_0.id=?
2026-07-09 00:48:20.320 DEBUG 15948 --- [http-nio-8080-exec-10] org.hibernate.SQL                        : 
    select
        c1_0.id,
        c1_0.created_at,
        c1_0.especialidad_id,
        c1_0.estado,
        c1_0.fecha,
        c1_0.hora_fin,
        c1_0.hora_inicio,
        c1_0.medico_id,
        c1_0.motivo_consulta,
        c1_0.observaciones,
        c1_0.paciente_id,
        c1_0.updated_at 
    from
        citas c1_0 
    left join
        medicos m1_0 
            on m1_0.id=c1_0.medico_id 
    where
        m1_0.id=? 
        and c1_0.fecha=?
2026-07-09 00:48:20.321 DEBUG 15948 --- [http-nio-8080-exec-10] org.hibernate.SQL                        : 
    select
        c1_0.id,
        c1_0.created_at,
        c1_0.especialidad_id,
        c1_0.estado,
        c1_0.fecha,
        c1_0.hora_fin,
        c1_0.hora_inicio,
        c1_0.medico_id,
        c1_0.motivo_consulta,
        c1_0.observaciones,
        c1_0.paciente_id,
        c1_0.updated_at 
    from
        citas c1_0 
    left join
        medicos m1_0 
            on m1_0.id=c1_0.medico_id 
    where
        m1_0.id=?
2026-07-09 00:48:20.333 DEBUG 15948 --- [http-nio-8080-exec-10] org.hibernate.SQL                        : 
    select
        e1_0.medico_id,
        e1_1.id,
        e1_1.activo,
        e1_1.costo,
        e1_1.created_at,
        e1_1.descripcion,
        e1_1.nombre 
    from
        medico_especialidades e1_0 
    join
        especialidades e1_1 
            on e1_1.id=e1_0.especialidad_id 
    where
        e1_0.medico_id=?
2026-07-09 00:48:22.268 DEBUG 15948 --- [http-nio-8080-exec-1] org.hibernate.SQL                        : 
    select
        u1_0.id,
        u1_0.activo,
        u1_0.apellido,
        u1_0.created_at,
        u1_0.dni,
        u1_0.email,
        u1_0.foto_perfil,
        u1_0.nombre,
        u1_0.password,
        u1_0.rol,
        u1_0.telefono,
        u1_0.updated_at 
    from
        usuarios u1_0 
    where
        u1_0.email=?
2026-07-09 00:48:29.599  INFO 15948 --- [http-nio-8080-exec-9] com.sisol.salud.service.AuthService      : Intento de inicio de sesión para el usuario: paciente1@sisol.com
2026-07-09 00:48:29.599 DEBUG 15948 --- [http-nio-8080-exec-9] org.hibernate.SQL                        : 
    select
        u1_0.id,
        u1_0.activo,
        u1_0.apellido,
        u1_0.created_at,
        u1_0.dni,
        u1_0.email,
        u1_0.foto_perfil,
        u1_0.nombre,
        u1_0.password,
        u1_0.rol,
        u1_0.telefono,
        u1_0.updated_at 
    from
        usuarios u1_0 
    where
        u1_0.email=?
2026-07-09 00:48:29.650 DEBUG 15948 --- [http-nio-8080-exec-9] org.hibernate.SQL                        : 
    select
        u1_0.id,
        u1_0.activo,
        u1_0.apellido,
        u1_0.created_at,
        u1_0.dni,
        u1_0.email,
        u1_0.foto_perfil,
        u1_0.nombre,
        u1_0.password,
        u1_0.rol,
        u1_0.telefono,
        u1_0.updated_at 
    from
        usuarios u1_0 
    where
        u1_0.email=?
2026-07-09 00:48:29.651 DEBUG 15948 --- [http-nio-8080-exec-9] org.hibernate.SQL                        : 
    select
        u1_0.id,
        u1_0.activo,
        u1_0.apellido,
        u1_0.created_at,
        u1_0.dni,
        u1_0.email,
        u1_0.foto_perfil,
        u1_0.nombre,
        u1_0.password,
        u1_0.rol,
        u1_0.telefono,
        u1_0.updated_at 
    from
        usuarios u1_0 
    where
        u1_0.email=?
2026-07-09 00:48:29.656 DEBUG 15948 --- [http-nio-8080-exec-6] org.hibernate.SQL                        : 
    select
        u1_0.id,
        u1_0.activo,
        u1_0.apellido,
        u1_0.created_at,
        u1_0.dni,
        u1_0.email,
        u1_0.foto_perfil,
        u1_0.nombre,
        u1_0.password,
        u1_0.rol,
        u1_0.telefono,
        u1_0.updated_at 
    from
        usuarios u1_0 
    where
        u1_0.email=?
2026-07-09 00:48:29.657 DEBUG 15948 --- [http-nio-8080-exec-6] org.hibernate.SQL                        : 
    select
        u1_0.id,
        u1_0.activo,
        u1_0.apellido,
        u1_0.created_at,
        u1_0.dni,
        u1_0.email,
        u1_0.foto_perfil,
        u1_0.nombre,
        u1_0.password,
        u1_0.rol,
        u1_0.telefono,
        u1_0.updated_at 
    from
        usuarios u1_0 
    where
        u1_0.email=?
2026-07-09 00:48:29.658 DEBUG 15948 --- [http-nio-8080-exec-6] org.hibernate.SQL                        : 
    select
        p1_0.id,
        p1_0.contacto_emergencia_nombre,
        p1_0.contacto_emergencia_parentesco,
        p1_0.contacto_emergencia_telefono,
        p1_0.created_at,
        p1_0.direccion,
        p1_0.fecha_nacimiento,
        p1_0.genero,
        p1_0.grupo_sanguineo,
        p1_0.updated_at,
        p1_0.usuario_id 
    from
        pacientes p1_0 
    left join
        usuarios u1_0 
            on u1_0.id=p1_0.usuario_id 
    where
        u1_0.id=?
2026-07-09 00:48:29.659 DEBUG 15948 --- [http-nio-8080-exec-6] org.hibernate.SQL                        : 
    select
        c1_0.id,
        c1_0.created_at,
        c1_0.especialidad_id,
        c1_0.estado,
        c1_0.fecha,
        c1_0.hora_fin,
        c1_0.hora_inicio,
        c1_0.medico_id,
        c1_0.motivo_consulta,
        c1_0.observaciones,
        c1_0.paciente_id,
        c1_0.updated_at 
    from
        citas c1_0 
    left join
        pacientes p1_0 
            on p1_0.id=c1_0.paciente_id 
    where
        p1_0.id=?
2026-07-09 00:48:29.689 DEBUG 15948 --- [http-nio-8080-exec-5] org.hibernate.SQL                        : 
    select
        u1_0.id,
        u1_0.activo,
        u1_0.apellido,
        u1_0.created_at,
        u1_0.dni,
        u1_0.email,
        u1_0.foto_perfil,
        u1_0.nombre,
        u1_0.password,
        u1_0.rol,
        u1_0.telefono,
        u1_0.updated_at 
    from
        usuarios u1_0 
    where
        u1_0.email=?
2026-07-09 00:48:29.690 DEBUG 15948 --- [http-nio-8080-exec-1] org.hibernate.SQL                        : 
    select
        u1_0.id,
        u1_0.activo,
        u1_0.apellido,
        u1_0.created_at,
        u1_0.dni,
        u1_0.email,
        u1_0.foto_perfil,
        u1_0.nombre,
        u1_0.password,
        u1_0.rol,
        u1_0.telefono,
        u1_0.updated_at 
    from
        usuarios u1_0 
    where
        u1_0.email=?
2026-07-09 00:48:29.690 DEBUG 15948 --- [http-nio-8080-exec-4] org.hibernate.SQL                        : 
    select
        u1_0.id,
        u1_0.activo,
        u1_0.apellido,
        u1_0.created_at,
        u1_0.dni,
        u1_0.email,
        u1_0.foto_perfil,
        u1_0.nombre,
        u1_0.password,
        u1_0.rol,
        u1_0.telefono,
        u1_0.updated_at 
    from
        usuarios u1_0 
    where
        u1_0.email=?
2026-07-09 00:48:29.690 DEBUG 15948 --- [http-nio-8080-exec-3] org.hibernate.SQL                        : 
    select
        u1_0.id,
        u1_0.activo,
        u1_0.apellido,
        u1_0.created_at,
        u1_0.dni,
        u1_0.email,
        u1_0.foto_perfil,
        u1_0.nombre,
        u1_0.password,
        u1_0.rol,
        u1_0.telefono,
        u1_0.updated_at 
    from
        usuarios u1_0 
    where
        u1_0.email=?
2026-07-09 00:48:29.707 DEBUG 15948 --- [http-nio-8080-exec-10] org.hibernate.SQL                        : 
    select
        u1_0.id,
        u1_0.activo,
        u1_0.apellido,
        u1_0.created_at,
        u1_0.dni,
        u1_0.email,
        u1_0.foto_perfil,
        u1_0.nombre,
        u1_0.password,
        u1_0.rol,
        u1_0.telefono,
        u1_0.updated_at 
    from
        usuarios u1_0 
    where
        u1_0.email=?
2026-07-09 00:48:34.387 DEBUG 15948 --- [http-nio-8080-exec-2] org.hibernate.SQL                        : 
    select
        u1_0.id,
        u1_0.activo,
        u1_0.apellido,
        u1_0.created_at,
        u1_0.dni,
        u1_0.email,
        u1_0.foto_perfil,
        u1_0.nombre,
        u1_0.password,
        u1_0.rol,
        u1_0.telefono,
        u1_0.updated_at 
    from
        usuarios u1_0 
    where
        u1_0.email=?
2026-07-09 00:48:34.389 DEBUG 15948 --- [http-nio-8080-exec-2] org.hibernate.SQL                        : 
    select
        u1_0.id,
        u1_0.activo,
        u1_0.apellido,
        u1_0.created_at,
        u1_0.dni,
        u1_0.email,
        u1_0.foto_perfil,
        u1_0.nombre,
        u1_0.password,
        u1_0.rol,
        u1_0.telefono,
        u1_0.updated_at 
    from
        usuarios u1_0 
    where
        u1_0.email=?
2026-07-09 00:48:34.390 DEBUG 15948 --- [http-nio-8080-exec-2] org.hibernate.SQL                        : 
    select
        p1_0.id,
        p1_0.contacto_emergencia_nombre,
        p1_0.contacto_emergencia_parentesco,
        p1_0.contacto_emergencia_telefono,
        p1_0.created_at,
        p1_0.direccion,
        p1_0.fecha_nacimiento,
        p1_0.genero,
        p1_0.grupo_sanguineo,
        p1_0.updated_at,
        p1_0.usuario_id 
    from
        pacientes p1_0 
    left join
        usuarios u1_0 
            on u1_0.id=p1_0.usuario_id 
    where
        u1_0.id=?
2026-07-09 00:48:34.391 DEBUG 15948 --- [http-nio-8080-exec-2] org.hibernate.SQL                        : 
    select
        c1_0.id,
        c1_0.created_at,
        c1_0.especialidad_id,
        c1_0.estado,
        c1_0.fecha,
        c1_0.hora_fin,
        c1_0.hora_inicio,
        c1_0.medico_id,
        c1_0.motivo_consulta,
        c1_0.observaciones,
        c1_0.paciente_id,
        c1_0.updated_at 
    from
        citas c1_0 
    left join
        pacientes p1_0 
            on p1_0.id=c1_0.paciente_id 
    where
        p1_0.id=?
2026-07-09 00:48:34.403 DEBUG 15948 --- [http-nio-8080-exec-2] org.hibernate.SQL                        : 
    select
        m1_0.id,
        m1_0.created_at,
        m1_0.numero_colegiatura,
        m1_0.updated_at,
        m1_0.usuario_id 
    from
        medicos m1_0 
    where
        m1_0.id=?
2026-07-09 00:48:34.404 DEBUG 15948 --- [http-nio-8080-exec-2] org.hibernate.SQL                        : 
    select
        u1_0.id,
        u1_0.activo,
        u1_0.apellido,
        u1_0.created_at,
        u1_0.dni,
        u1_0.email,
        u1_0.foto_perfil,
        u1_0.nombre,
        u1_0.password,
        u1_0.rol,
        u1_0.telefono,
        u1_0.updated_at 
    from
        usuarios u1_0 
    where
        u1_0.id=?
2026-07-09 00:48:34.405 DEBUG 15948 --- [http-nio-8080-exec-2] org.hibernate.SQL                        : 
    select
        e1_0.id,
        e1_0.activo,
        e1_0.costo,
        e1_0.created_at,
        e1_0.descripcion,
        e1_0.nombre 
    from
        especialidades e1_0 
    where
        e1_0.id=?
2026-07-09 00:48:34.419 DEBUG 15948 --- [http-nio-8080-exec-6] org.hibernate.SQL                        : 
    select
        u1_0.id,
        u1_0.activo,
        u1_0.apellido,
        u1_0.created_at,
        u1_0.dni,
        u1_0.email,
        u1_0.foto_perfil,
        u1_0.nombre,
        u1_0.password,
        u1_0.rol,
        u1_0.telefono,
        u1_0.updated_at 
    from
        usuarios u1_0 
    where
        u1_0.email=?
2026-07-09 00:48:34.419 DEBUG 15948 --- [http-nio-8080-exec-8] org.hibernate.SQL                        : 
    select
        u1_0.id,
        u1_0.activo,
        u1_0.apellido,
        u1_0.created_at,
        u1_0.dni,
        u1_0.email,
        u1_0.foto_perfil,
        u1_0.nombre,
        u1_0.password,
        u1_0.rol,
        u1_0.telefono,
        u1_0.updated_at 
    from
        usuarios u1_0 
    where
        u1_0.email=?
2026-07-09 00:48:34.419 DEBUG 15948 --- [http-nio-8080-exec-9] org.hibernate.SQL                        : 
    select
        u1_0.id,
        u1_0.activo,
        u1_0.apellido,
        u1_0.created_at,
        u1_0.dni,
        u1_0.email,
        u1_0.foto_perfil,
        u1_0.nombre,
        u1_0.password,
        u1_0.rol,
        u1_0.telefono,
        u1_0.updated_at 
    from
        usuarios u1_0 
    where
        u1_0.email=?
2026-07-09 00:48:34.419 DEBUG 15948 --- [http-nio-8080-exec-7] org.hibernate.SQL                        : 
    select
        u1_0.id,
        u1_0.activo,
        u1_0.apellido,
        u1_0.created_at,
        u1_0.dni,
        u1_0.email,
        u1_0.foto_perfil,
        u1_0.nombre,
        u1_0.password,
        u1_0.rol,
        u1_0.telefono,
        u1_0.updated_at 
    from
        usuarios u1_0 
    where
        u1_0.email=?
2026-07-09 00:48:34.437 DEBUG 15948 --- [http-nio-8080-exec-5] org.hibernate.SQL                        : 
    select
        u1_0.id,
        u1_0.activo,
        u1_0.apellido,
        u1_0.created_at,
        u1_0.dni,
        u1_0.email,
        u1_0.foto_perfil,
        u1_0.nombre,
        u1_0.password,
        u1_0.rol,
        u1_0.telefono,
        u1_0.updated_at 
    from
        usuarios u1_0 
    where
        u1_0.email=?
2026-07-09 00:48:37.280 DEBUG 15948 --- [http-nio-8080-exec-3] org.hibernate.SQL                        : 
    select
        u1_0.id,
        u1_0.activo,
        u1_0.apellido,
        u1_0.created_at,
        u1_0.dni,
        u1_0.email,
        u1_0.foto_perfil,
        u1_0.nombre,
        u1_0.password,
        u1_0.rol,
        u1_0.telefono,
        u1_0.updated_at 
    from
        usuarios u1_0 
    where
        u1_0.email=?
2026-07-09 00:48:37.282 DEBUG 15948 --- [http-nio-8080-exec-3] org.hibernate.SQL                        : 
    select
        u1_0.id,
        u1_0.activo,
        u1_0.apellido,
        u1_0.created_at,
        u1_0.dni,
        u1_0.email,
        u1_0.foto_perfil,
        u1_0.nombre,
        u1_0.password,
        u1_0.rol,
        u1_0.telefono,
        u1_0.updated_at 
    from
        usuarios u1_0 
    where
        u1_0.email=?
2026-07-09 00:48:37.283 DEBUG 15948 --- [http-nio-8080-exec-3] org.hibernate.SQL                        : 
    select
        p1_0.id,
        p1_0.contacto_emergencia_nombre,
        p1_0.contacto_emergencia_parentesco,
        p1_0.contacto_emergencia_telefono,
        p1_0.created_at,
        p1_0.direccion,
        p1_0.fecha_nacimiento,
        p1_0.genero,
        p1_0.grupo_sanguineo,
        p1_0.updated_at,
        p1_0.usuario_id 
    from
        pacientes p1_0 
    left join
        usuarios u1_0 
            on u1_0.id=p1_0.usuario_id 
    where
        u1_0.id=?
2026-07-09 00:48:37.284 DEBUG 15948 --- [http-nio-8080-exec-3] org.hibernate.SQL                        : 
    select
        c1_0.id,
        c1_0.created_at,
        c1_0.especialidad_id,
        c1_0.estado,
        c1_0.fecha,
        c1_0.hora_fin,
        c1_0.hora_inicio,
        c1_0.medico_id,
        c1_0.motivo_consulta,
        c1_0.observaciones,
        c1_0.paciente_id,
        c1_0.updated_at 
    from
        citas c1_0 
    left join
        pacientes p1_0 
            on p1_0.id=c1_0.paciente_id 
    where
        p1_0.id=?
2026-07-09 00:48:37.314 DEBUG 15948 --- [http-nio-8080-exec-4] org.hibernate.SQL                        : 
    select
        u1_0.id,
        u1_0.activo,
        u1_0.apellido,
        u1_0.created_at,
        u1_0.dni,
        u1_0.email,
        u1_0.foto_perfil,
        u1_0.nombre,
        u1_0.password,
        u1_0.rol,
        u1_0.telefono,
        u1_0.updated_at 
    from
        usuarios u1_0 
    where
        u1_0.email=?
2026-07-09 00:48:37.314 DEBUG 15948 --- [http-nio-8080-exec-2] org.hibernate.SQL                        : 
    select
        u1_0.id,
        u1_0.activo,
        u1_0.apellido,
        u1_0.created_at,
        u1_0.dni,
        u1_0.email,
        u1_0.foto_perfil,
        u1_0.nombre,
        u1_0.password,
        u1_0.rol,
        u1_0.telefono,
        u1_0.updated_at 
    from
        usuarios u1_0 
    where
        u1_0.email=?
2026-07-09 00:48:37.314 DEBUG 15948 --- [http-nio-8080-exec-10] org.hibernate.SQL                        : 
    select
        u1_0.id,
        u1_0.activo,
        u1_0.apellido,
        u1_0.created_at,
        u1_0.dni,
        u1_0.email,
        u1_0.foto_perfil,
        u1_0.nombre,
        u1_0.password,
        u1_0.rol,
        u1_0.telefono,
        u1_0.updated_at 
    from
        usuarios u1_0 
    where
        u1_0.email=?
2026-07-09 00:48:37.314 DEBUG 15948 --- [http-nio-8080-exec-1] org.hibernate.SQL                        : 
    select
        u1_0.id,
        u1_0.activo,
        u1_0.apellido,
        u1_0.created_at,
        u1_0.dni,
        u1_0.email,
        u1_0.foto_perfil,
        u1_0.nombre,
        u1_0.password,
        u1_0.rol,
        u1_0.telefono,
        u1_0.updated_at 
    from
        usuarios u1_0 
    where
        u1_0.email=?
2026-07-09 00:48:37.330 DEBUG 15948 --- [http-nio-8080-exec-9] org.hibernate.SQL                        : 
    select
        u1_0.id,
        u1_0.activo,
        u1_0.apellido,
        u1_0.created_at,
        u1_0.dni,
        u1_0.email,
        u1_0.foto_perfil,
        u1_0.nombre,
        u1_0.password,
        u1_0.rol,
        u1_0.telefono,
        u1_0.updated_at 
    from
        usuarios u1_0 
    where
        u1_0.email=?
2026-07-09 00:48:37.844 DEBUG 15948 --- [http-nio-8080-exec-7] org.hibernate.SQL                        : 
    select
        u1_0.id,
        u1_0.activo,
        u1_0.apellido,
        u1_0.created_at,
        u1_0.dni,
        u1_0.email,
        u1_0.foto_perfil,
        u1_0.nombre,
        u1_0.password,
        u1_0.rol,
        u1_0.telefono,
        u1_0.updated_at 
    from
        usuarios u1_0 
    where
        u1_0.email=?
2026-07-09 00:48:37.845 DEBUG 15948 --- [http-nio-8080-exec-7] org.hibernate.SQL                        : 
    select
        u1_0.id,
        u1_0.activo,
        u1_0.apellido,
        u1_0.created_at,
        u1_0.dni,
        u1_0.email,
        u1_0.foto_perfil,
        u1_0.nombre,
        u1_0.password,
        u1_0.rol,
        u1_0.telefono,
        u1_0.updated_at 
    from
        usuarios u1_0 
    where
        u1_0.email=?
2026-07-09 00:48:37.846 DEBUG 15948 --- [http-nio-8080-exec-7] org.hibernate.SQL                        : 
    select
        p1_0.id,
        p1_0.contacto_emergencia_nombre,
        p1_0.contacto_emergencia_parentesco,
        p1_0.contacto_emergencia_telefono,
        p1_0.created_at,
        p1_0.direccion,
        p1_0.fecha_nacimiento,
        p1_0.genero,
        p1_0.grupo_sanguineo,
        p1_0.updated_at,
        p1_0.usuario_id 
    from
        pacientes p1_0 
    left join
        usuarios u1_0 
            on u1_0.id=p1_0.usuario_id 
    where
        u1_0.id=?
2026-07-09 00:48:37.847 DEBUG 15948 --- [http-nio-8080-exec-7] org.hibernate.SQL                        : 
    select
        c1_0.id,
        c1_0.created_at,
        c1_0.especialidad_id,
        c1_0.estado,
        c1_0.fecha,
        c1_0.hora_fin,
        c1_0.hora_inicio,
        c1_0.medico_id,
        c1_0.motivo_consulta,
        c1_0.observaciones,
        c1_0.paciente_id,
        c1_0.updated_at 
    from
        citas c1_0 
    left join
        pacientes p1_0 
            on p1_0.id=c1_0.paciente_id 
    where
        p1_0.id=?
2026-07-09 00:48:37.856 DEBUG 15948 --- [http-nio-8080-exec-7] org.hibernate.SQL                        : 
    select
        m1_0.id,
        m1_0.created_at,
        m1_0.numero_colegiatura,
        m1_0.updated_at,
        m1_0.usuario_id 
    from
        medicos m1_0 
    where
        m1_0.id=?
2026-07-09 00:48:37.857 DEBUG 15948 --- [http-nio-8080-exec-7] org.hibernate.SQL                        : 
    select
        u1_0.id,
        u1_0.activo,
        u1_0.apellido,
        u1_0.created_at,
        u1_0.dni,
        u1_0.email,
        u1_0.foto_perfil,
        u1_0.nombre,
        u1_0.password,
        u1_0.rol,
        u1_0.telefono,
        u1_0.updated_at 
    from
        usuarios u1_0 
    where
        u1_0.id=?
2026-07-09 00:48:37.858 DEBUG 15948 --- [http-nio-8080-exec-7] org.hibernate.SQL                        : 
    select
        e1_0.id,
        e1_0.activo,
        e1_0.costo,
        e1_0.created_at,
        e1_0.descripcion,
        e1_0.nombre 
    from
        especialidades e1_0 
    where
        e1_0.id=?
2026-07-09 00:48:37.872 DEBUG 15948 --- [http-nio-8080-exec-6] org.hibernate.SQL                        : 
    select
        u1_0.id,
        u1_0.activo,
        u1_0.apellido,
        u1_0.created_at,
        u1_0.dni,
        u1_0.email,
        u1_0.foto_perfil,
        u1_0.nombre,
        u1_0.password,
        u1_0.rol,
        u1_0.telefono,
        u1_0.updated_at 
    from
        usuarios u1_0 
    where
        u1_0.email=?
2026-07-09 00:48:37.872 DEBUG 15948 --- [http-nio-8080-exec-5] org.hibernate.SQL                        : 
    select
        u1_0.id,
        u1_0.activo,
        u1_0.apellido,
        u1_0.created_at,
        u1_0.dni,
        u1_0.email,
        u1_0.foto_perfil,
        u1_0.nombre,
        u1_0.password,
        u1_0.rol,
        u1_0.telefono,
        u1_0.updated_at 
    from
        usuarios u1_0 
    where
        u1_0.email=?
2026-07-09 00:48:37.872 DEBUG 15948 --- [http-nio-8080-exec-3] org.hibernate.SQL                        : 
    select
        u1_0.id,
        u1_0.activo,
        u1_0.apellido,
        u1_0.created_at,
        u1_0.dni,
        u1_0.email,
        u1_0.foto_perfil,
        u1_0.nombre,
        u1_0.password,
        u1_0.rol,
        u1_0.telefono,
        u1_0.updated_at 
    from
        usuarios u1_0 
    where
        u1_0.email=?
2026-07-09 00:48:37.872 DEBUG 15948 --- [http-nio-8080-exec-8] org.hibernate.SQL                        : 
    select
        u1_0.id,
        u1_0.activo,
        u1_0.apellido,
        u1_0.created_at,
        u1_0.dni,
        u1_0.email,
        u1_0.foto_perfil,
        u1_0.nombre,
        u1_0.password,
        u1_0.rol,
        u1_0.telefono,
        u1_0.updated_at 
    from
        usuarios u1_0 
    where
        u1_0.email=?
2026-07-09 00:48:37.888 DEBUG 15948 --- [http-nio-8080-exec-1] org.hibernate.SQL                        : 
    select
        u1_0.id,
        u1_0.activo,
        u1_0.apellido,
        u1_0.created_at,
        u1_0.dni,
        u1_0.email,
        u1_0.foto_perfil,
        u1_0.nombre,
        u1_0.password,
        u1_0.rol,
        u1_0.telefono,
        u1_0.updated_at 
    from
        usuarios u1_0 
    where
        u1_0.email=?
2026-07-09 00:48:46.317 DEBUG 15948 --- [http-nio-8080-exec-2] org.hibernate.SQL                        : 
    select
        u1_0.id,
        u1_0.activo,
        u1_0.apellido,
        u1_0.created_at,
        u1_0.dni,
        u1_0.email,
        u1_0.foto_perfil,
        u1_0.nombre,
        u1_0.password,
        u1_0.rol,
        u1_0.telefono,
        u1_0.updated_at 
    from
        usuarios u1_0 
    where
        u1_0.email=?
2026-07-09 00:48:46.318 DEBUG 15948 --- [http-nio-8080-exec-2] org.hibernate.SQL                        : 
    select
        u1_0.id,
        u1_0.activo,
        u1_0.apellido,
        u1_0.created_at,
        u1_0.dni,
        u1_0.email,
        u1_0.foto_perfil,
        u1_0.nombre,
        u1_0.password,
        u1_0.rol,
        u1_0.telefono,
        u1_0.updated_at 
    from
        usuarios u1_0 
    where
        u1_0.email=?
2026-07-09 00:48:46.320 DEBUG 15948 --- [http-nio-8080-exec-2] org.hibernate.SQL                        : 
    select
        p1_0.id,
        p1_0.contacto_emergencia_nombre,
        p1_0.contacto_emergencia_parentesco,
        p1_0.contacto_emergencia_telefono,
        p1_0.created_at,
        p1_0.direccion,
        p1_0.fecha_nacimiento,
        p1_0.genero,
        p1_0.grupo_sanguineo,
        p1_0.updated_at,
        p1_0.usuario_id 
    from
        pacientes p1_0 
    left join
        usuarios u1_0 
            on u1_0.id=p1_0.usuario_id 
    where
        u1_0.id=?
2026-07-09 00:48:46.320 DEBUG 15948 --- [http-nio-8080-exec-2] org.hibernate.SQL                        : 
    select
        c1_0.id,
        c1_0.created_at,
        c1_0.especialidad_id,
        c1_0.estado,
        c1_0.fecha,
        c1_0.hora_fin,
        c1_0.hora_inicio,
        c1_0.medico_id,
        c1_0.motivo_consulta,
        c1_0.observaciones,
        c1_0.paciente_id,
        c1_0.updated_at 
    from
        citas c1_0 
    left join
        pacientes p1_0 
            on p1_0.id=c1_0.paciente_id 
    where
        p1_0.id=?
2026-07-09 00:48:46.351 DEBUG 15948 --- [http-nio-8080-exec-9] org.hibernate.SQL                        : 
    select
        u1_0.id,
        u1_0.activo,
        u1_0.apellido,
        u1_0.created_at,
        u1_0.dni,
        u1_0.email,
        u1_0.foto_perfil,
        u1_0.nombre,
        u1_0.password,
        u1_0.rol,
        u1_0.telefono,
        u1_0.updated_at 
    from
        usuarios u1_0 
    where
        u1_0.email=?
2026-07-09 00:48:46.351 DEBUG 15948 --- [http-nio-8080-exec-4] org.hibernate.SQL                        : 
    select
        u1_0.id,
        u1_0.activo,
        u1_0.apellido,
        u1_0.created_at,
        u1_0.dni,
        u1_0.email,
        u1_0.foto_perfil,
        u1_0.nombre,
        u1_0.password,
        u1_0.rol,
        u1_0.telefono,
        u1_0.updated_at 
    from
        usuarios u1_0 
    where
        u1_0.email=?
2026-07-09 00:48:46.351 DEBUG 15948 --- [http-nio-8080-exec-10] org.hibernate.SQL                        : 
    select
        u1_0.id,
        u1_0.activo,
        u1_0.apellido,
        u1_0.created_at,
        u1_0.dni,
        u1_0.email,
        u1_0.foto_perfil,
        u1_0.nombre,
        u1_0.password,
        u1_0.rol,
        u1_0.telefono,
        u1_0.updated_at 
    from
        usuarios u1_0 
    where
        u1_0.email=?
2026-07-09 00:48:46.351 DEBUG 15948 --- [http-nio-8080-exec-7] org.hibernate.SQL                        : 
    select
        u1_0.id,
        u1_0.activo,
        u1_0.apellido,
        u1_0.created_at,
        u1_0.dni,
        u1_0.email,
        u1_0.foto_perfil,
        u1_0.nombre,
        u1_0.password,
        u1_0.rol,
        u1_0.telefono,
        u1_0.updated_at 
    from
        usuarios u1_0 
    where
        u1_0.email=?
2026-07-09 00:48:46.365 DEBUG 15948 --- [http-nio-8080-exec-5] org.hibernate.SQL                        : 
    select
        u1_0.id,
        u1_0.activo,
        u1_0.apellido,
        u1_0.created_at,
        u1_0.dni,
        u1_0.email,
        u1_0.foto_perfil,
        u1_0.nombre,
        u1_0.password,
        u1_0.rol,
        u1_0.telefono,
        u1_0.updated_at 
    from
        usuarios u1_0 
    where
        u1_0.email=?
2026-07-09 00:48:47.611 DEBUG 15948 --- [http-nio-8080-exec-6] org.hibernate.SQL                        : 
    select
        u1_0.id,
        u1_0.activo,
        u1_0.apellido,
        u1_0.created_at,
        u1_0.dni,
        u1_0.email,
        u1_0.foto_perfil,
        u1_0.nombre,
        u1_0.password,
        u1_0.rol,
        u1_0.telefono,
        u1_0.updated_at 
    from
        usuarios u1_0 
    where
        u1_0.email=?
2026-07-09 00:48:47.613 DEBUG 15948 --- [http-nio-8080-exec-6] org.hibernate.SQL                        : 
    select
        u1_0.id,
        u1_0.activo,
        u1_0.apellido,
        u1_0.created_at,
        u1_0.dni,
        u1_0.email,
        u1_0.foto_perfil,
        u1_0.nombre,
        u1_0.password,
        u1_0.rol,
        u1_0.telefono,
        u1_0.updated_at 
    from
        usuarios u1_0 
    where
        u1_0.email=?
2026-07-09 00:48:47.614 DEBUG 15948 --- [http-nio-8080-exec-6] org.hibernate.SQL                        : 
    select
        p1_0.id,
        p1_0.contacto_emergencia_nombre,
        p1_0.contacto_emergencia_parentesco,
        p1_0.contacto_emergencia_telefono,
        p1_0.created_at,
        p1_0.direccion,
        p1_0.fecha_nacimiento,
        p1_0.genero,
        p1_0.grupo_sanguineo,
        p1_0.updated_at,
        p1_0.usuario_id 
    from
        pacientes p1_0 
    left join
        usuarios u1_0 
            on u1_0.id=p1_0.usuario_id 
    where
        u1_0.id=?
2026-07-09 00:48:47.614 DEBUG 15948 --- [http-nio-8080-exec-6] org.hibernate.SQL                        : 
    select
        c1_0.id,
        c1_0.created_at,
        c1_0.especialidad_id,
        c1_0.estado,
        c1_0.fecha,
        c1_0.hora_fin,
        c1_0.hora_inicio,
        c1_0.medico_id,
        c1_0.motivo_consulta,
        c1_0.observaciones,
        c1_0.paciente_id,
        c1_0.updated_at 
    from
        citas c1_0 
    left join
        pacientes p1_0 
            on p1_0.id=c1_0.paciente_id 
    where
        p1_0.id=?
2026-07-09 00:48:47.624 DEBUG 15948 --- [http-nio-8080-exec-6] org.hibernate.SQL                        : 
    select
        e1_0.id,
        e1_0.activo,
        e1_0.costo,
        e1_0.created_at,
        e1_0.descripcion,
        e1_0.nombre 
    from
        especialidades e1_0 
    where
        e1_0.id=?
2026-07-09 00:48:47.625 DEBUG 15948 --- [http-nio-8080-exec-6] org.hibernate.SQL                        : 
    select
        m1_0.id,
        m1_0.created_at,
        m1_0.numero_colegiatura,
        m1_0.updated_at,
        m1_0.usuario_id 
    from
        medicos m1_0 
    where
        m1_0.id=?
2026-07-09 00:48:47.626 DEBUG 15948 --- [http-nio-8080-exec-6] org.hibernate.SQL                        : 
    select
        u1_0.id,
        u1_0.activo,
        u1_0.apellido,
        u1_0.created_at,
        u1_0.dni,
        u1_0.email,
        u1_0.foto_perfil,
        u1_0.nombre,
        u1_0.password,
        u1_0.rol,
        u1_0.telefono,
        u1_0.updated_at 
    from
        usuarios u1_0 
    where
        u1_0.id=?
2026-07-09 00:48:47.640 DEBUG 15948 --- [http-nio-8080-exec-8] org.hibernate.SQL                        : 
    select
        u1_0.id,
        u1_0.activo,
        u1_0.apellido,
        u1_0.created_at,
        u1_0.dni,
        u1_0.email,
        u1_0.foto_perfil,
        u1_0.nombre,
        u1_0.password,
        u1_0.rol,
        u1_0.telefono,
        u1_0.updated_at 
    from
        usuarios u1_0 
    where
        u1_0.email=?
2026-07-09 00:48:47.640 DEBUG 15948 --- [http-nio-8080-exec-3] org.hibernate.SQL                        : 
    select
        u1_0.id,
        u1_0.activo,
        u1_0.apellido,
        u1_0.created_at,
        u1_0.dni,
        u1_0.email,
        u1_0.foto_perfil,
        u1_0.nombre,
        u1_0.password,
        u1_0.rol,
        u1_0.telefono,
        u1_0.updated_at 
    from
        usuarios u1_0 
    where
        u1_0.email=?
2026-07-09 00:48:47.640 DEBUG 15948 --- [http-nio-8080-exec-1] org.hibernate.SQL                        : 
    select
        u1_0.id,
        u1_0.activo,
        u1_0.apellido,
        u1_0.created_at,
        u1_0.dni,
        u1_0.email,
        u1_0.foto_perfil,
        u1_0.nombre,
        u1_0.password,
        u1_0.rol,
        u1_0.telefono,
        u1_0.updated_at 
    from
        usuarios u1_0 
    where
        u1_0.email=?
2026-07-09 00:48:47.640 DEBUG 15948 --- [http-nio-8080-exec-2] org.hibernate.SQL                        : 
    select
        u1_0.id,
        u1_0.activo,
        u1_0.apellido,
        u1_0.created_at,
        u1_0.dni,
        u1_0.email,
        u1_0.foto_perfil,
        u1_0.nombre,
        u1_0.password,
        u1_0.rol,
        u1_0.telefono,
        u1_0.updated_at 
    from
        usuarios u1_0 
    where
        u1_0.email=?
2026-07-09 00:48:47.658 DEBUG 15948 --- [http-nio-8080-exec-7] org.hibernate.SQL                        : 
    select
        u1_0.id,
        u1_0.activo,
        u1_0.apellido,
        u1_0.created_at,
        u1_0.dni,
        u1_0.email,
        u1_0.foto_perfil,
        u1_0.nombre,
        u1_0.password,
        u1_0.rol,
        u1_0.telefono,
        u1_0.updated_at 
    from
        usuarios u1_0 
    where
        u1_0.email=?
2026-07-09 00:50:06.932 DEBUG 15948 --- [http-nio-8080-exec-2] org.hibernate.SQL                        : 
    select
        u1_0.id,
        u1_0.activo,
        u1_0.apellido,
        u1_0.created_at,
        u1_0.dni,
        u1_0.email,
        u1_0.foto_perfil,
        u1_0.nombre,
        u1_0.password,
        u1_0.rol,
        u1_0.telefono,
        u1_0.updated_at 
    from
        usuarios u1_0 
    where
        u1_0.email=?
2026-07-09 00:50:06.934 DEBUG 15948 --- [http-nio-8080-exec-2] org.hibernate.SQL                        : 
    select
        u1_0.id,
        u1_0.activo,
        u1_0.apellido,
        u1_0.created_at,
        u1_0.dni,
        u1_0.email,
        u1_0.foto_perfil,
        u1_0.nombre,
        u1_0.password,
        u1_0.rol,
        u1_0.telefono,
        u1_0.updated_at 
    from
        usuarios u1_0 
    where
        u1_0.email=?
2026-07-09 00:50:06.936 DEBUG 15948 --- [http-nio-8080-exec-2] org.hibernate.SQL                        : 
    select
        p1_0.id,
        p1_0.contacto_emergencia_nombre,
        p1_0.contacto_emergencia_parentesco,
        p1_0.contacto_emergencia_telefono,
        p1_0.created_at,
        p1_0.direccion,
        p1_0.fecha_nacimiento,
        p1_0.genero,
        p1_0.grupo_sanguineo,
        p1_0.updated_at,
        p1_0.usuario_id 
    from
        pacientes p1_0 
    left join
        usuarios u1_0 
            on u1_0.id=p1_0.usuario_id 
    where
        u1_0.id=?
2026-07-09 00:50:06.937 DEBUG 15948 --- [http-nio-8080-exec-2] org.hibernate.SQL                        : 
    select
        c1_0.id,
        c1_0.created_at,
        c1_0.especialidad_id,
        c1_0.estado,
        c1_0.fecha,
        c1_0.hora_fin,
        c1_0.hora_inicio,
        c1_0.medico_id,
        c1_0.motivo_consulta,
        c1_0.observaciones,
        c1_0.paciente_id,
        c1_0.updated_at 
    from
        citas c1_0 
    left join
        pacientes p1_0 
            on p1_0.id=c1_0.paciente_id 
    where
        p1_0.id=?
2026-07-09 00:50:06.968 DEBUG 15948 --- [http-nio-8080-exec-8] org.hibernate.SQL                        : 
    select
        u1_0.id,
        u1_0.activo,
        u1_0.apellido,
        u1_0.created_at,
        u1_0.dni,
        u1_0.email,
        u1_0.foto_perfil,
        u1_0.nombre,
        u1_0.password,
        u1_0.rol,
        u1_0.telefono,
        u1_0.updated_at 
    from
        usuarios u1_0 
    where
        u1_0.email=?
2026-07-09 00:50:06.968 DEBUG 15948 --- [http-nio-8080-exec-1] org.hibernate.SQL                        : 
    select
        u1_0.id,
        u1_0.activo,
        u1_0.apellido,
        u1_0.created_at,
        u1_0.dni,
        u1_0.email,
        u1_0.foto_perfil,
        u1_0.nombre,
        u1_0.password,
        u1_0.rol,
        u1_0.telefono,
        u1_0.updated_at 
    from
        usuarios u1_0 
    where
        u1_0.email=?
2026-07-09 00:50:06.968 DEBUG 15948 --- [http-nio-8080-exec-3] org.hibernate.SQL                        : 
    select
        u1_0.id,
        u1_0.activo,
        u1_0.apellido,
        u1_0.created_at,
        u1_0.dni,
        u1_0.email,
        u1_0.foto_perfil,
        u1_0.nombre,
        u1_0.password,
        u1_0.rol,
        u1_0.telefono,
        u1_0.updated_at 
    from
        usuarios u1_0 
    where
        u1_0.email=?
2026-07-09 00:50:06.968 DEBUG 15948 --- [http-nio-8080-exec-7] org.hibernate.SQL                        : 
    select
        u1_0.id,
        u1_0.activo,
        u1_0.apellido,
        u1_0.created_at,
        u1_0.dni,
        u1_0.email,
        u1_0.foto_perfil,
        u1_0.nombre,
        u1_0.password,
        u1_0.rol,
        u1_0.telefono,
        u1_0.updated_at 
    from
        usuarios u1_0 
    where
        u1_0.email=?
2026-07-09 00:50:06.983 DEBUG 15948 --- [http-nio-8080-exec-9] org.hibernate.SQL                        : 
    select
        u1_0.id,
        u1_0.activo,
        u1_0.apellido,
        u1_0.created_at,
        u1_0.dni,
        u1_0.email,
        u1_0.foto_perfil,
        u1_0.nombre,
        u1_0.password,
        u1_0.rol,
        u1_0.telefono,
        u1_0.updated_at 
    from
        usuarios u1_0 
    where
        u1_0.email=?
2026-07-09 00:50:08.282 DEBUG 15948 --- [http-nio-8080-exec-10] org.hibernate.SQL                        : 
    select
        u1_0.id,
        u1_0.activo,
        u1_0.apellido,
        u1_0.created_at,
        u1_0.dni,
        u1_0.email,
        u1_0.foto_perfil,
        u1_0.nombre,
        u1_0.password,
        u1_0.rol,
        u1_0.telefono,
        u1_0.updated_at 
    from
        usuarios u1_0 
    where
        u1_0.email=?
2026-07-09 00:50:08.284 DEBUG 15948 --- [http-nio-8080-exec-10] org.hibernate.SQL                        : 
    select
        u1_0.id,
        u1_0.activo,
        u1_0.apellido,
        u1_0.created_at,
        u1_0.dni,
        u1_0.email,
        u1_0.foto_perfil,
        u1_0.nombre,
        u1_0.password,
        u1_0.rol,
        u1_0.telefono,
        u1_0.updated_at 
    from
        usuarios u1_0 
    where
        u1_0.email=?
2026-07-09 00:50:08.285 DEBUG 15948 --- [http-nio-8080-exec-10] org.hibernate.SQL                        : 
    select
        p1_0.id,
        p1_0.contacto_emergencia_nombre,
        p1_0.contacto_emergencia_parentesco,
        p1_0.contacto_emergencia_telefono,
        p1_0.created_at,
        p1_0.direccion,
        p1_0.fecha_nacimiento,
        p1_0.genero,
        p1_0.grupo_sanguineo,
        p1_0.updated_at,
        p1_0.usuario_id 
    from
        pacientes p1_0 
    left join
        usuarios u1_0 
            on u1_0.id=p1_0.usuario_id 
    where
        u1_0.id=?
2026-07-09 00:50:08.287 DEBUG 15948 --- [http-nio-8080-exec-10] org.hibernate.SQL                        : 
    select
        c1_0.id,
        c1_0.created_at,
        c1_0.especialidad_id,
        c1_0.estado,
        c1_0.fecha,
        c1_0.hora_fin,
        c1_0.hora_inicio,
        c1_0.medico_id,
        c1_0.motivo_consulta,
        c1_0.observaciones,
        c1_0.paciente_id,
        c1_0.updated_at 
    from
        citas c1_0 
    left join
        pacientes p1_0 
            on p1_0.id=c1_0.paciente_id 
    where
        p1_0.id=?
2026-07-09 00:50:08.295 DEBUG 15948 --- [http-nio-8080-exec-10] org.hibernate.SQL                        : 
    select
        e1_0.id,
        e1_0.activo,
        e1_0.costo,
        e1_0.created_at,
        e1_0.descripcion,
        e1_0.nombre 
    from
        especialidades e1_0 
    where
        e1_0.id=?
2026-07-09 00:50:08.296 DEBUG 15948 --- [http-nio-8080-exec-10] org.hibernate.SQL                        : 
    select
        m1_0.id,
        m1_0.created_at,
        m1_0.numero_colegiatura,
        m1_0.updated_at,
        m1_0.usuario_id 
    from
        medicos m1_0 
    where
        m1_0.id=?
2026-07-09 00:50:08.296 DEBUG 15948 --- [http-nio-8080-exec-10] org.hibernate.SQL                        : 
    select
        u1_0.id,
        u1_0.activo,
        u1_0.apellido,
        u1_0.created_at,
        u1_0.dni,
        u1_0.email,
        u1_0.foto_perfil,
        u1_0.nombre,
        u1_0.password,
        u1_0.rol,
        u1_0.telefono,
        u1_0.updated_at 
    from
        usuarios u1_0 
    where
        u1_0.id=?
2026-07-09 00:50:08.311 DEBUG 15948 --- [http-nio-8080-exec-4] org.hibernate.SQL                        : 
    select
        u1_0.id,
        u1_0.activo,
        u1_0.apellido,
        u1_0.created_at,
        u1_0.dni,
        u1_0.email,
        u1_0.foto_perfil,
        u1_0.nombre,
        u1_0.password,
        u1_0.rol,
        u1_0.telefono,
        u1_0.updated_at 
    from
        usuarios u1_0 
    where
        u1_0.email=?
2026-07-09 00:50:08.311 DEBUG 15948 --- [http-nio-8080-exec-6] org.hibernate.SQL                        : 
    select
        u1_0.id,
        u1_0.activo,
        u1_0.apellido,
        u1_0.created_at,
        u1_0.dni,
        u1_0.email,
        u1_0.foto_perfil,
        u1_0.nombre,
        u1_0.password,
        u1_0.rol,
        u1_0.telefono,
        u1_0.updated_at 
    from
        usuarios u1_0 
    where
        u1_0.email=?
2026-07-09 00:50:08.311 DEBUG 15948 --- [http-nio-8080-exec-2] org.hibernate.SQL                        : 
    select
        u1_0.id,
        u1_0.activo,
        u1_0.apellido,
        u1_0.created_at,
        u1_0.dni,
        u1_0.email,
        u1_0.foto_perfil,
        u1_0.nombre,
        u1_0.password,
        u1_0.rol,
        u1_0.telefono,
        u1_0.updated_at 
    from
        usuarios u1_0 
    where
        u1_0.email=?
2026-07-09 00:50:08.311 DEBUG 15948 --- [http-nio-8080-exec-5] org.hibernate.SQL                        : 
    select
        u1_0.id,
        u1_0.activo,
        u1_0.apellido,
        u1_0.created_at,
        u1_0.dni,
        u1_0.email,
        u1_0.foto_perfil,
        u1_0.nombre,
        u1_0.password,
        u1_0.rol,
        u1_0.telefono,
        u1_0.updated_at 
    from
        usuarios u1_0 
    where
        u1_0.email=?
2026-07-09 00:50:08.327 DEBUG 15948 --- [http-nio-8080-exec-3] org.hibernate.SQL                        : 
    select
        u1_0.id,
        u1_0.activo,
        u1_0.apellido,
        u1_0.created_at,
        u1_0.dni,
        u1_0.email,
        u1_0.foto_perfil,
        u1_0.nombre,
        u1_0.password,
        u1_0.rol,
        u1_0.telefono,
        u1_0.updated_at 
    from
        usuarios u1_0 
    where
        u1_0.email=?
2026-07-09 00:50:09.842 DEBUG 15948 --- [http-nio-8080-exec-1] org.hibernate.SQL                        : 
    select
        u1_0.id,
        u1_0.activo,
        u1_0.apellido,
        u1_0.created_at,
        u1_0.dni,
        u1_0.email,
        u1_0.foto_perfil,
        u1_0.nombre,
        u1_0.password,
        u1_0.rol,
        u1_0.telefono,
        u1_0.updated_at 
    from
        usuarios u1_0 
    where
        u1_0.email=?
2026-07-09 00:50:09.844 DEBUG 15948 --- [http-nio-8080-exec-1] org.hibernate.SQL                        : 
    select
        u1_0.id,
        u1_0.activo,
        u1_0.apellido,
        u1_0.created_at,
        u1_0.dni,
        u1_0.email,
        u1_0.foto_perfil,
        u1_0.nombre,
        u1_0.password,
        u1_0.rol,
        u1_0.telefono,
        u1_0.updated_at 
    from
        usuarios u1_0 
    where
        u1_0.email=?
2026-07-09 00:50:09.845 DEBUG 15948 --- [http-nio-8080-exec-1] org.hibernate.SQL                        : 
    select
        p1_0.id,
        p1_0.contacto_emergencia_nombre,
        p1_0.contacto_emergencia_parentesco,
        p1_0.contacto_emergencia_telefono,
        p1_0.created_at,
        p1_0.direccion,
        p1_0.fecha_nacimiento,
        p1_0.genero,
        p1_0.grupo_sanguineo,
        p1_0.updated_at,
        p1_0.usuario_id 
    from
        pacientes p1_0 
    left join
        usuarios u1_0 
            on u1_0.id=p1_0.usuario_id 
    where
        u1_0.id=?
2026-07-09 00:50:09.846 DEBUG 15948 --- [http-nio-8080-exec-1] org.hibernate.SQL                        : 
    select
        c1_0.id,
        c1_0.created_at,
        c1_0.especialidad_id,
        c1_0.estado,
        c1_0.fecha,
        c1_0.hora_fin,
        c1_0.hora_inicio,
        c1_0.medico_id,
        c1_0.motivo_consulta,
        c1_0.observaciones,
        c1_0.paciente_id,
        c1_0.updated_at 
    from
        citas c1_0 
    left join
        pacientes p1_0 
            on p1_0.id=c1_0.paciente_id 
    where
        p1_0.id=?
2026-07-09 00:50:09.855 DEBUG 15948 --- [http-nio-8080-exec-1] org.hibernate.SQL                        : 
    select
        e1_0.id,
        e1_0.activo,
        e1_0.costo,
        e1_0.created_at,
        e1_0.descripcion,
        e1_0.nombre 
    from
        especialidades e1_0 
    where
        e1_0.id=?
2026-07-09 00:50:09.856 DEBUG 15948 --- [http-nio-8080-exec-1] org.hibernate.SQL                        : 
    select
        m1_0.id,
        m1_0.created_at,
        m1_0.numero_colegiatura,
        m1_0.updated_at,
        m1_0.usuario_id 
    from
        medicos m1_0 
    where
        m1_0.id=?
2026-07-09 00:50:09.857 DEBUG 15948 --- [http-nio-8080-exec-1] org.hibernate.SQL                        : 
    select
        u1_0.id,
        u1_0.activo,
        u1_0.apellido,
        u1_0.created_at,
        u1_0.dni,
        u1_0.email,
        u1_0.foto_perfil,
        u1_0.nombre,
        u1_0.password,
        u1_0.rol,
        u1_0.telefono,
        u1_0.updated_at 
    from
        usuarios u1_0 
    where
        u1_0.id=?
2026-07-09 00:50:09.868 DEBUG 15948 --- [http-nio-8080-exec-8] org.hibernate.SQL                        : 
    select
        u1_0.id,
        u1_0.activo,
        u1_0.apellido,
        u1_0.created_at,
        u1_0.dni,
        u1_0.email,
        u1_0.foto_perfil,
        u1_0.nombre,
        u1_0.password,
        u1_0.rol,
        u1_0.telefono,
        u1_0.updated_at 
    from
        usuarios u1_0 
    where
        u1_0.email=?
2026-07-09 00:50:09.868 DEBUG 15948 --- [http-nio-8080-exec-9] org.hibernate.SQL                        : 
    select
        u1_0.id,
        u1_0.activo,
        u1_0.apellido,
        u1_0.created_at,
        u1_0.dni,
        u1_0.email,
        u1_0.foto_perfil,
        u1_0.nombre,
        u1_0.password,
        u1_0.rol,
        u1_0.telefono,
        u1_0.updated_at 
    from
        usuarios u1_0 
    where
        u1_0.email=?
2026-07-09 00:50:09.868 DEBUG 15948 --- [http-nio-8080-exec-10] org.hibernate.SQL                        : 
    select
        u1_0.id,
        u1_0.activo,
        u1_0.apellido,
        u1_0.created_at,
        u1_0.dni,
        u1_0.email,
        u1_0.foto_perfil,
        u1_0.nombre,
        u1_0.password,
        u1_0.rol,
        u1_0.telefono,
        u1_0.updated_at 
    from
        usuarios u1_0 
    where
        u1_0.email=?
2026-07-09 00:50:09.869 DEBUG 15948 --- [http-nio-8080-exec-7] org.hibernate.SQL                        : 
    select
        u1_0.id,
        u1_0.activo,
        u1_0.apellido,
        u1_0.created_at,
        u1_0.dni,
        u1_0.email,
        u1_0.foto_perfil,
        u1_0.nombre,
        u1_0.password,
        u1_0.rol,
        u1_0.telefono,
        u1_0.updated_at 
    from
        usuarios u1_0 
    where
        u1_0.email=?
2026-07-09 00:50:09.882 DEBUG 15948 --- [http-nio-8080-exec-6] org.hibernate.SQL                        : 
    select
        u1_0.id,
        u1_0.activo,
        u1_0.apellido,
        u1_0.created_at,
        u1_0.dni,
        u1_0.email,
        u1_0.foto_perfil,
        u1_0.nombre,
        u1_0.password,
        u1_0.rol,
        u1_0.telefono,
        u1_0.updated_at 
    from
        usuarios u1_0 
    where
        u1_0.email=?
2026-07-09 00:50:10.672 DEBUG 15948 --- [http-nio-8080-exec-2] org.hibernate.SQL                        : 
    select
        u1_0.id,
        u1_0.activo,
        u1_0.apellido,
        u1_0.created_at,
        u1_0.dni,
        u1_0.email,
        u1_0.foto_perfil,
        u1_0.nombre,
        u1_0.password,
        u1_0.rol,
        u1_0.telefono,
        u1_0.updated_at 
    from
        usuarios u1_0 
    where
        u1_0.email=?
2026-07-09 00:50:10.674 DEBUG 15948 --- [http-nio-8080-exec-2] org.hibernate.SQL                        : 
    select
        u1_0.id,
        u1_0.activo,
        u1_0.apellido,
        u1_0.created_at,
        u1_0.dni,
        u1_0.email,
        u1_0.foto_perfil,
        u1_0.nombre,
        u1_0.password,
        u1_0.rol,
        u1_0.telefono,
        u1_0.updated_at 
    from
        usuarios u1_0 
    where
        u1_0.email=?
2026-07-09 00:50:10.674 DEBUG 15948 --- [http-nio-8080-exec-2] org.hibernate.SQL                        : 
    select
        p1_0.id,
        p1_0.contacto_emergencia_nombre,
        p1_0.contacto_emergencia_parentesco,
        p1_0.contacto_emergencia_telefono,
        p1_0.created_at,
        p1_0.direccion,
        p1_0.fecha_nacimiento,
        p1_0.genero,
        p1_0.grupo_sanguineo,
        p1_0.updated_at,
        p1_0.usuario_id 
    from
        pacientes p1_0 
    left join
        usuarios u1_0 
            on u1_0.id=p1_0.usuario_id 
    where
        u1_0.id=?
2026-07-09 00:50:10.676 DEBUG 15948 --- [http-nio-8080-exec-2] org.hibernate.SQL                        : 
    select
        c1_0.id,
        c1_0.created_at,
        c1_0.especialidad_id,
        c1_0.estado,
        c1_0.fecha,
        c1_0.hora_fin,
        c1_0.hora_inicio,
        c1_0.medico_id,
        c1_0.motivo_consulta,
        c1_0.observaciones,
        c1_0.paciente_id,
        c1_0.updated_at 
    from
        citas c1_0 
    left join
        pacientes p1_0 
            on p1_0.id=c1_0.paciente_id 
    where
        p1_0.id=?
2026-07-09 00:50:10.685 DEBUG 15948 --- [http-nio-8080-exec-2] org.hibernate.SQL                        : 
    select
        e1_0.id,
        e1_0.activo,
        e1_0.costo,
        e1_0.created_at,
        e1_0.descripcion,
        e1_0.nombre 
    from
        especialidades e1_0 
    where
        e1_0.id=?
2026-07-09 00:50:10.686 DEBUG 15948 --- [http-nio-8080-exec-2] org.hibernate.SQL                        : 
    select
        m1_0.id,
        m1_0.created_at,
        m1_0.numero_colegiatura,
        m1_0.updated_at,
        m1_0.usuario_id 
    from
        medicos m1_0 
    where
        m1_0.id=?
2026-07-09 00:50:10.686 DEBUG 15948 --- [http-nio-8080-exec-2] org.hibernate.SQL                        : 
    select
        u1_0.id,
        u1_0.activo,
        u1_0.apellido,
        u1_0.created_at,
        u1_0.dni,
        u1_0.email,
        u1_0.foto_perfil,
        u1_0.nombre,
        u1_0.password,
        u1_0.rol,
        u1_0.telefono,
        u1_0.updated_at 
    from
        usuarios u1_0 
    where
        u1_0.id=?
2026-07-09 00:50:10.700 DEBUG 15948 --- [http-nio-8080-exec-4] org.hibernate.SQL                        : 
    select
        u1_0.id,
        u1_0.activo,
        u1_0.apellido,
        u1_0.created_at,
        u1_0.dni,
        u1_0.email,
        u1_0.foto_perfil,
        u1_0.nombre,
        u1_0.password,
        u1_0.rol,
        u1_0.telefono,
        u1_0.updated_at 
    from
        usuarios u1_0 
    where
        u1_0.email=?
2026-07-09 00:50:10.700 DEBUG 15948 --- [http-nio-8080-exec-5] org.hibernate.SQL                        : 
    select
        u1_0.id,
        u1_0.activo,
        u1_0.apellido,
        u1_0.created_at,
        u1_0.dni,
        u1_0.email,
        u1_0.foto_perfil,
        u1_0.nombre,
        u1_0.password,
        u1_0.rol,
        u1_0.telefono,
        u1_0.updated_at 
    from
        usuarios u1_0 
    where
        u1_0.email=?
2026-07-09 00:50:10.700 DEBUG 15948 --- [http-nio-8080-exec-1] org.hibernate.SQL                        : 
    select
        u1_0.id,
        u1_0.activo,
        u1_0.apellido,
        u1_0.created_at,
        u1_0.dni,
        u1_0.email,
        u1_0.foto_perfil,
        u1_0.nombre,
        u1_0.password,
        u1_0.rol,
        u1_0.telefono,
        u1_0.updated_at 
    from
        usuarios u1_0 
    where
        u1_0.email=?
2026-07-09 00:50:10.700 DEBUG 15948 --- [http-nio-8080-exec-3] org.hibernate.SQL                        : 
    select
        u1_0.id,
        u1_0.activo,
        u1_0.apellido,
        u1_0.created_at,
        u1_0.dni,
        u1_0.email,
        u1_0.foto_perfil,
        u1_0.nombre,
        u1_0.password,
        u1_0.rol,
        u1_0.telefono,
        u1_0.updated_at 
    from
        usuarios u1_0 
    where
        u1_0.email=?
2026-07-09 00:50:10.716 DEBUG 15948 --- [http-nio-8080-exec-9] org.hibernate.SQL                        : 
    select
        u1_0.id,
        u1_0.activo,
        u1_0.apellido,
        u1_0.created_at,
        u1_0.dni,
        u1_0.email,
        u1_0.foto_perfil,
        u1_0.nombre,
        u1_0.password,
        u1_0.rol,
        u1_0.telefono,
        u1_0.updated_at 
    from
        usuarios u1_0 
    where
        u1_0.email=?
2026-07-09 00:52:05.990  INFO 15948 --- [File Watcher] rtingClassPathChangeChangedEventListener : Restarting due to 2 class path changes (2 additions, 0 deletions, 0 modifications)
2026-07-09 00:52:05.994  INFO 15948 --- [Thread-5] o.s.b.w.e.tomcat.GracefulShutdown        : Commencing graceful shutdown. Waiting for active requests to complete
2026-07-09 00:52:05.998  INFO 15948 --- [tomcat-shutdown] o.s.b.w.e.tomcat.GracefulShutdown        : Graceful shutdown complete
2026-07-09 00:52:06.004  INFO 15948 --- [Thread-5] j.LocalContainerEntityManagerFactoryBean : Closing JPA EntityManagerFactory for persistence unit 'default'
2026-07-09 00:52:06.005 DEBUG 15948 --- [Thread-5] org.hibernate.SQL                        : 
    drop table if exists citas cascade 
2026-07-09 00:52:06.006 DEBUG 15948 --- [Thread-5] org.hibernate.SQL                        : 
    drop table if exists citas_aud cascade 
2026-07-09 00:52:06.006 DEBUG 15948 --- [Thread-5] org.hibernate.SQL                        : 
    drop table if exists disponibilidad_medica cascade 
2026-07-09 00:52:06.008 DEBUG 15948 --- [Thread-5] org.hibernate.SQL                        : 
    drop table if exists especialidades cascade 
2026-07-09 00:52:06.008 DEBUG 15948 --- [Thread-5] org.hibernate.SQL                        : 
    drop table if exists especialidades_aud cascade 
2026-07-09 00:52:06.008 DEBUG 15948 --- [Thread-5] org.hibernate.SQL                        : 
    drop table if exists medico_especialidades cascade 
2026-07-09 00:52:06.009 DEBUG 15948 --- [Thread-5] org.hibernate.SQL                        : 
    drop table if exists medico_especialidades_aud cascade 
2026-07-09 00:52:06.009 DEBUG 15948 --- [Thread-5] org.hibernate.SQL                        : 
    drop table if exists medicos cascade 
2026-07-09 00:52:06.009 DEBUG 15948 --- [Thread-5] org.hibernate.SQL                        : 
    drop table if exists medicos_aud cascade 
2026-07-09 00:52:06.009 DEBUG 15948 --- [Thread-5] org.hibernate.SQL                        : 
    drop table if exists notificaciones cascade 
2026-07-09 00:52:06.010 DEBUG 15948 --- [Thread-5] org.hibernate.SQL                        : 
    drop table if exists pacientes cascade 
2026-07-09 00:52:06.010 DEBUG 15948 --- [Thread-5] org.hibernate.SQL                        : 
    drop table if exists pacientes_aud cascade 
2026-07-09 00:52:06.010 DEBUG 15948 --- [Thread-5] org.hibernate.SQL                        : 
    drop table if exists pagos cascade 
2026-07-09 00:52:06.010 DEBUG 15948 --- [Thread-5] org.hibernate.SQL                        : 
    drop table if exists pagos_aud cascade 
2026-07-09 00:52:06.011 DEBUG 15948 --- [Thread-5] org.hibernate.SQL                        : 
    drop table if exists revinfo cascade 
2026-07-09 00:52:06.011 DEBUG 15948 --- [Thread-5] org.hibernate.SQL                        : 
    drop table if exists usuarios cascade 
2026-07-09 00:52:06.011 DEBUG 15948 --- [Thread-5] org.hibernate.SQL                        : 
    drop table if exists usuarios_aud cascade 
2026-07-09 00:52:06.018  WARN 15948 --- [Thread-5] o.s.b.f.support.DisposableBeanAdapter    : Invocation of destroy method failed on bean with name 'inMemoryDatabaseShutdownExecutor': org.h2.jdbc.JdbcSQLNonTransientConnectionException: La base de datos ya esta cerrada (para des-habilitar el cerrado automatico durante el shutdown de la VM, agregue ";DB_CLOSE_ON_EXIT=FALSE" a la URL de conexión)
Database is already closed (to disable automatic closing at VM shutdown, add ";DB_CLOSE_ON_EXIT=FALSE" to the db URL) [90121-232]
2026-07-09 00:52:06.018  INFO 15948 --- [Thread-5] com.zaxxer.hikari.HikariDataSource       : HikariPool-1 - Shutdown initiated...
2026-07-09 00:52:06.019  INFO 15948 --- [Thread-5] com.zaxxer.hikari.HikariDataSource       : HikariPool-1 - Shutdown completed.
2026-07-09 00:52:06.111  INFO 15948 --- [restartedMain] com.sisol.salud.SisolSaludApplication    : Starting SisolSaludApplication using Java 21.0.10 with PID 15948 (C:\Users\fabri\OneDrive\Desktop\Repositorios\Proyecto-Integrador\target\classes started by fabri in C:\Users\fabri\OneDrive\Desktop\Repositorios\Proyecto-Integrador)
2026-07-09 00:52:06.111 DEBUG 15948 --- [restartedMain] com.sisol.salud.SisolSaludApplication    : Running with Spring Boot v3.5.9, Spring v6.2.15
2026-07-09 00:52:06.111  INFO 15948 --- [restartedMain] com.sisol.salud.SisolSaludApplication    : No active profile set, falling back to 1 default profile: "default"
2026-07-09 00:52:06.394  INFO 15948 --- [restartedMain] .s.d.r.c.RepositoryConfigurationDelegate : Bootstrapping Spring Data JPA repositories in DEFAULT mode.
2026-07-09 00:52:06.418  INFO 15948 --- [restartedMain] .s.d.r.c.RepositoryConfigurationDelegate : Finished Spring Data repository scanning in 21 ms. Found 8 JPA repository interfaces.
2026-07-09 00:52:06.490  INFO 15948 --- [restartedMain] o.s.b.w.embedded.tomcat.TomcatWebServer  : Tomcat initialized with port 8080 (http)
2026-07-09 00:52:06.490  INFO 15948 --- [restartedMain] o.apache.catalina.core.StandardService   : Starting service [Tomcat]
2026-07-09 00:52:06.490  INFO 15948 --- [restartedMain] o.apache.catalina.core.StandardEngine    : Starting Servlet engine: [Apache Tomcat/10.1.50]
2026-07-09 00:52:06.509  INFO 15948 --- [restartedMain] o.a.c.c.C.[Tomcat].[localhost].[/]       : Initializing Spring embedded WebApplicationContext
2026-07-09 00:52:06.510  INFO 15948 --- [restartedMain] w.s.c.ServletWebServerApplicationContext : Root WebApplicationContext: initialization completed in 396 ms
2026-07-09 00:52:06.543  INFO 15948 --- [restartedMain] o.hibernate.jpa.internal.util.LogHelper  : HHH000204: Processing PersistenceUnitInfo [name: default]
2026-07-09 00:52:06.549  INFO 15948 --- [restartedMain] o.h.c.internal.RegionFactoryInitiator    : HHH000026: Second-level cache disabled
2026-07-09 00:52:06.552  INFO 15948 --- [restartedMain] o.h.e.boot.internal.EnversServiceImpl    : Envers integration enabled? : true
2026-07-09 00:52:06.558  INFO 15948 --- [restartedMain] o.s.o.j.p.SpringPersistenceUnitInfo      : No LoadTimeWeaver setup: ignoring JPA class transformer
2026-07-09 00:52:06.559  INFO 15948 --- [restartedMain] com.zaxxer.hikari.HikariDataSource       : HikariPool-2 - Starting...
2026-07-09 00:52:06.562  INFO 15948 --- [restartedMain] com.zaxxer.hikari.pool.HikariPool        : HikariPool-2 - Added connection conn10: url=jdbc:h2:mem:sisoldb user=SA
2026-07-09 00:52:06.562  INFO 15948 --- [restartedMain] com.zaxxer.hikari.HikariDataSource       : HikariPool-2 - Start completed.
2026-07-09 00:52:06.563  WARN 15948 --- [restartedMain] org.hibernate.orm.deprecation            : HHH90000025: H2Dialect does not need to be specified explicitly using 'hibernate.dialect' (remove the property setting and it will be selected by default)
2026-07-09 00:52:06.563  INFO 15948 --- [restartedMain] org.hibernate.orm.connections.pooling    : HHH10001005: Database info:
	Database JDBC URL [Connecting through datasource 'HikariDataSource (HikariPool-2)']
	Database driver: undefined/unknown
	Database version: 2.3.232
	Autocommit mode: undefined/unknown
	Isolation level: undefined/unknown
	Minimum pool size: undefined/unknown
	Maximum pool size: undefined/unknown
2026-07-09 00:52:06.629  INFO 15948 --- [restartedMain] o.h.e.c.i.m.AuditMetadataGenerator       : Adding properties for entity: com.sisol.salud.model.entity.Cita
2026-07-09 00:52:06.629  INFO 15948 --- [restartedMain] o.h.e.c.i.m.AuditMetadataGenerator       : Adding properties for entity: com.sisol.salud.model.entity.Paciente
2026-07-09 00:52:06.630  INFO 15948 --- [restartedMain] o.h.e.c.i.m.AuditMetadataGenerator       : Adding properties for entity: com.sisol.salud.model.entity.Especialidad
2026-07-09 00:52:06.630  INFO 15948 --- [restartedMain] o.h.e.c.i.m.AuditMetadataGenerator       : Adding properties for entity: com.sisol.salud.model.entity.ArchivoCita
2026-07-09 00:52:06.630  INFO 15948 --- [restartedMain] o.h.e.c.i.m.AuditMetadataGenerator       : Adding properties for entity: com.sisol.salud.model.entity.Medico
2026-07-09 00:52:06.630  INFO 15948 --- [restartedMain] o.h.e.c.i.m.AuditMetadataGenerator       : Adding properties for entity: com.sisol.salud.model.entity.Pago
2026-07-09 00:52:06.630  INFO 15948 --- [restartedMain] o.h.e.c.i.m.AuditMetadataGenerator       : Adding properties for entity: com.sisol.salud.model.entity.Usuario
2026-07-09 00:52:06.782  INFO 15948 --- [restartedMain] o.h.e.t.j.p.i.JtaPlatformInitiator       : HHH000489: No JTA platform available (set 'hibernate.transaction.jta.platform' to enable JTA platform integration)
2026-07-09 00:52:06.783 DEBUG 15948 --- [restartedMain] org.hibernate.SQL                        : 
    drop table if exists archivos_cita cascade 
2026-07-09 00:52:06.783 DEBUG 15948 --- [restartedMain] org.hibernate.SQL                        : 
    drop table if exists archivos_cita_aud cascade 
2026-07-09 00:52:06.783 DEBUG 15948 --- [restartedMain] org.hibernate.SQL                        : 
    drop table if exists citas cascade 
2026-07-09 00:52:06.783 DEBUG 15948 --- [restartedMain] org.hibernate.SQL                        : 
    drop table if exists citas_aud cascade 
2026-07-09 00:52:06.783 DEBUG 15948 --- [restartedMain] org.hibernate.SQL                        : 
    drop table if exists disponibilidad_medica cascade 
2026-07-09 00:52:06.784 DEBUG 15948 --- [restartedMain] org.hibernate.SQL                        : 
    drop table if exists especialidades cascade 
2026-07-09 00:52:06.784 DEBUG 15948 --- [restartedMain] org.hibernate.SQL                        : 
    drop table if exists especialidades_aud cascade 
2026-07-09 00:52:06.785 DEBUG 15948 --- [restartedMain] org.hibernate.SQL                        : 
    drop table if exists medico_especialidades cascade 
2026-07-09 00:52:06.785 DEBUG 15948 --- [restartedMain] org.hibernate.SQL                        : 
    drop table if exists medico_especialidades_aud cascade 
2026-07-09 00:52:06.785 DEBUG 15948 --- [restartedMain] org.hibernate.SQL                        : 
    drop table if exists medicos cascade 
2026-07-09 00:52:06.785 DEBUG 15948 --- [restartedMain] org.hibernate.SQL                        : 
    drop table if exists medicos_aud cascade 
2026-07-09 00:52:06.785 DEBUG 15948 --- [restartedMain] org.hibernate.SQL                        : 
    drop table if exists notificaciones cascade 
2026-07-09 00:52:06.786 DEBUG 15948 --- [restartedMain] org.hibernate.SQL                        : 
    drop table if exists pacientes cascade 
2026-07-09 00:52:06.786 DEBUG 15948 --- [restartedMain] org.hibernate.SQL                        : 
    drop table if exists pacientes_aud cascade 
2026-07-09 00:52:06.786 DEBUG 15948 --- [restartedMain] org.hibernate.SQL                        : 
    drop table if exists pagos cascade 
2026-07-09 00:52:06.786 DEBUG 15948 --- [restartedMain] org.hibernate.SQL                        : 
    drop table if exists pagos_aud cascade 
2026-07-09 00:52:06.786 DEBUG 15948 --- [restartedMain] org.hibernate.SQL                        : 
    drop table if exists revinfo cascade 
2026-07-09 00:52:06.786 DEBUG 15948 --- [restartedMain] org.hibernate.SQL                        : 
    drop table if exists usuarios cascade 
2026-07-09 00:52:06.786 DEBUG 15948 --- [restartedMain] org.hibernate.SQL                        : 
    drop table if exists usuarios_aud cascade 
2026-07-09 00:52:06.787 DEBUG 15948 --- [restartedMain] org.hibernate.SQL                        : 
    create table archivos_cita (
        cita_id bigint not null,
        created_at timestamp(6),
        id bigint generated by default as identity,
        datos_base64 LONGTEXT not null,
        nombre_archivo varchar(255) not null,
        tipo_contenido varchar(255) not null,
        primary key (id)
    )
2026-07-09 00:52:06.788 DEBUG 15948 --- [restartedMain] org.hibernate.SQL                        : 
    create table archivos_cita_aud (
        rev integer not null,
        revtype tinyint,
        cita_id bigint,
        created_at timestamp(6),
        id bigint not null,
        datos_base64 LONGTEXT,
        nombre_archivo varchar(255),
        tipo_contenido varchar(255),
        primary key (rev, id)
    )
2026-07-09 00:52:06.788 DEBUG 15948 --- [restartedMain] org.hibernate.SQL                        : 
    create table citas (
        fecha date not null,
        hora_fin time(6) not null,
        hora_inicio time(6) not null,
        created_at timestamp(6),
        especialidad_id bigint not null,
        id bigint generated by default as identity,
        medico_id bigint not null,
        paciente_id bigint not null,
        updated_at timestamp(6),
        motivo_consulta varchar(500),
        observaciones TEXT,
        estado enum ('CANCELADA','COMPLETADA','CONFIRMADA','NO_ASISTIO','PENDIENTE') not null,
        primary key (id)
    )
2026-07-09 00:52:06.789 DEBUG 15948 --- [restartedMain] org.hibernate.SQL                        : 
    create table citas_aud (
        fecha date,
        hora_fin time(6),
        hora_inicio time(6),
        rev integer not null,
        revtype tinyint,
        created_at timestamp(6),
        especialidad_id bigint,
        id bigint not null,
        medico_id bigint,
        paciente_id bigint,
        updated_at timestamp(6),
        motivo_consulta varchar(500),
        observaciones TEXT,
        estado enum ('CANCELADA','COMPLETADA','CONFIRMADA','NO_ASISTIO','PENDIENTE'),
        primary key (rev, id)
    )
2026-07-09 00:52:06.790 DEBUG 15948 --- [restartedMain] org.hibernate.SQL                        : 
    create table disponibilidad_medica (
        activo boolean not null,
        duracion_consulta_min integer not null,
        hora_fin time(6) not null,
        hora_inicio time(6) not null,
        created_at timestamp(6),
        id bigint generated by default as identity,
        medico_id bigint not null,
        updated_at timestamp(6),
        dia_semana enum ('DOMINGO','JUEVES','LUNES','MARTES','MIERCOLES','SABADO','VIERNES') not null,
        primary key (id)
    )
2026-07-09 00:52:06.791 DEBUG 15948 --- [restartedMain] org.hibernate.SQL                        : 
    create table especialidades (
        activo boolean not null,
        costo numeric(10,2) not null,
        created_at timestamp(6),
        id bigint generated by default as identity,
        nombre varchar(100) not null unique,
        descripcion varchar(500),
        primary key (id)
    )
2026-07-09 00:52:06.792 DEBUG 15948 --- [restartedMain] org.hibernate.SQL                        : 
    create table especialidades_aud (
        activo boolean,
        costo numeric(10,2),
        rev integer not null,
        revtype tinyint,
        created_at timestamp(6),
        id bigint not null,
        nombre varchar(100),
        descripcion varchar(500),
        primary key (rev, id)
    )
2026-07-09 00:52:06.792 DEBUG 15948 --- [restartedMain] org.hibernate.SQL                        : 
    create table medico_especialidades (
        especialidad_id bigint not null,
        medico_id bigint not null,
        primary key (especialidad_id, medico_id)
    )
2026-07-09 00:52:06.793 DEBUG 15948 --- [restartedMain] org.hibernate.SQL                        : 
    create table medico_especialidades_aud (
        rev integer not null,
        revtype tinyint,
        especialidad_id bigint not null,
        medico_id bigint not null,
        primary key (rev, especialidad_id, medico_id)
    )
2026-07-09 00:52:06.793 DEBUG 15948 --- [restartedMain] org.hibernate.SQL                        : 
    create table medicos (
        created_at timestamp(6),
        id bigint generated by default as identity,
        updated_at timestamp(6),
        usuario_id bigint not null unique,
        numero_colegiatura varchar(20) not null unique,
        primary key (id)
    )
2026-07-09 00:52:06.794 DEBUG 15948 --- [restartedMain] org.hibernate.SQL                        : 
    create table medicos_aud (
        rev integer not null,
        revtype tinyint,
        created_at timestamp(6),
        id bigint not null,
        updated_at timestamp(6),
        usuario_id bigint,
        numero_colegiatura varchar(20),
        primary key (rev, id)
    )
2026-07-09 00:52:06.795 DEBUG 15948 --- [restartedMain] org.hibernate.SQL                        : 
    create table notificaciones (
        enviado boolean not null,
        cita_id bigint not null,
        created_at timestamp(6),
        fecha_envio timestamp(6),
        id bigint generated by default as identity,
        usuario_id bigint not null,
        asunto varchar(255) not null,
        mensaje TEXT not null,
        tipo enum ('EMAIL','SMS') not null,
        primary key (id)
    )
2026-07-09 00:52:06.796 DEBUG 15948 --- [restartedMain] org.hibernate.SQL                        : 
    create table pacientes (
        fecha_nacimiento date,
        grupo_sanguineo varchar(5),
        created_at timestamp(6),
        id bigint generated by default as identity,
        updated_at timestamp(6),
        usuario_id bigint not null unique,
        contacto_emergencia_telefono varchar(20),
        genero varchar(20),
        contacto_emergencia_parentesco varchar(50),
        contacto_emergencia_nombre varchar(150),
        direccion varchar(255),
        primary key (id)
    )
2026-07-09 00:52:06.797 DEBUG 15948 --- [restartedMain] org.hibernate.SQL                        : 
    create table pacientes_aud (
        fecha_nacimiento date,
        rev integer not null,
        revtype tinyint,
        grupo_sanguineo varchar(5),
        created_at timestamp(6),
        id bigint not null,
        updated_at timestamp(6),
        usuario_id bigint,
        contacto_emergencia_telefono varchar(20),
        genero varchar(20),
        contacto_emergencia_parentesco varchar(50),
        contacto_emergencia_nombre varchar(150),
        direccion varchar(255),
        primary key (rev, id)
    )
2026-07-09 00:52:06.798 DEBUG 15948 --- [restartedMain] org.hibernate.SQL                        : 
    create table pagos (
        monto numeric(10,2) not null,
        cita_id bigint not null unique,
        created_at timestamp(6),
        fecha_pago timestamp(6),
        id bigint generated by default as identity,
        paciente_id bigint not null,
        updated_at timestamp(6),
        referencia_pago varchar(100),
        notas varchar(500),
        estado_pago enum ('PAGADO','PENDIENTE','REEMBOLSADO') not null,
        metodo_pago enum ('EFECTIVO','PLIN','TARJETA_CREDITO','TARJETA_DEBITO','TRANSFERENCIA','YAPE') not null,
        primary key (id)
    )
2026-07-09 00:52:06.799 DEBUG 15948 --- [restartedMain] org.hibernate.SQL                        : 
    create table pagos_aud (
        monto numeric(10,2),
        rev integer not null,
        revtype tinyint,
        cita_id bigint,
        created_at timestamp(6),
        fecha_pago timestamp(6),
        id bigint not null,
        paciente_id bigint,
        updated_at timestamp(6),
        referencia_pago varchar(100),
        notas varchar(500),
        estado_pago enum ('PAGADO','PENDIENTE','REEMBOLSADO'),
        metodo_pago enum ('EFECTIVO','PLIN','TARJETA_CREDITO','TARJETA_DEBITO','TRANSFERENCIA','YAPE'),
        primary key (rev, id)
    )
2026-07-09 00:52:06.801 DEBUG 15948 --- [restartedMain] org.hibernate.SQL                        : 
    create table revinfo (
        rev integer generated by default as identity,
        revtstmp bigint,
        primary key (rev)
    )
2026-07-09 00:52:06.802 DEBUG 15948 --- [restartedMain] org.hibernate.SQL                        : 
    create table usuarios (
        activo boolean not null,
        created_at timestamp(6),
        id bigint generated by default as identity,
        updated_at timestamp(6),
        dni varchar(15) not null unique,
        telefono varchar(20),
        apellido varchar(100) not null,
        nombre varchar(100) not null,
        email varchar(150) not null unique,
        password varchar(255) not null,
        foto_perfil LONGTEXT,
        rol enum ('ADMIN','MEDICO','PACIENTE') not null,
        primary key (id)
    )
2026-07-09 00:52:06.804 DEBUG 15948 --- [restartedMain] org.hibernate.SQL                        : 
    create table usuarios_aud (
        activo boolean,
        rev integer not null,
        revtype tinyint,
        created_at timestamp(6),
        id bigint not null,
        updated_at timestamp(6),
        dni varchar(15),
        telefono varchar(20),
        apellido varchar(100),
        nombre varchar(100),
        email varchar(150),
        foto_perfil LONGTEXT,
        password varchar(255),
        rol enum ('ADMIN','MEDICO','PACIENTE'),
        primary key (rev, id)
    )
2026-07-09 00:52:06.805 DEBUG 15948 --- [restartedMain] org.hibernate.SQL                        : 
    alter table if exists archivos_cita 
       add constraint FK1umuq070au7vh5wi01xxw1d2x 
       foreign key (cita_id) 
       references citas
2026-07-09 00:52:06.807 DEBUG 15948 --- [restartedMain] org.hibernate.SQL                        : 
    alter table if exists archivos_cita_aud 
       add constraint FKgb95d0iif245d4wqkjxmkwd5u 
       foreign key (rev) 
       references revinfo
2026-07-09 00:52:06.808 DEBUG 15948 --- [restartedMain] org.hibernate.SQL                        : 
    alter table if exists citas 
       add constraint FKapkrvku8ylaqff5yx6gmv7hfb 
       foreign key (especialidad_id) 
       references especialidades
2026-07-09 00:52:06.808 DEBUG 15948 --- [restartedMain] org.hibernate.SQL                        : 
    alter table if exists citas 
       add constraint FKbfl57ey8hx1a3ubtrpy8x9ll 
       foreign key (medico_id) 
       references medicos
2026-07-09 00:52:06.809 DEBUG 15948 --- [restartedMain] org.hibernate.SQL                        : 
    alter table if exists citas 
       add constraint FKnqrsxxcuysfcxiekvixm7h8r1 
       foreign key (paciente_id) 
       references pacientes
2026-07-09 00:52:06.810 DEBUG 15948 --- [restartedMain] org.hibernate.SQL                        : 
    alter table if exists citas_aud 
       add constraint FK3qxb7u9ddr5a1v8iyp2ew7j7a 
       foreign key (rev) 
       references revinfo
2026-07-09 00:52:06.810 DEBUG 15948 --- [restartedMain] org.hibernate.SQL                        : 
    alter table if exists disponibilidad_medica 
       add constraint FK2gp5w61ar5b1ncquajq6jtxvx 
       foreign key (medico_id) 
       references medicos
2026-07-09 00:52:06.811 DEBUG 15948 --- [restartedMain] org.hibernate.SQL                        : 
    alter table if exists especialidades_aud 
       add constraint FK47semrxdveencd7ehm5mybrur 
       foreign key (rev) 
       references revinfo
2026-07-09 00:52:06.812 DEBUG 15948 --- [restartedMain] org.hibernate.SQL                        : 
    alter table if exists medico_especialidades 
       add constraint FKg053qn341nw53yhgoq1c2mjj0 
       foreign key (especialidad_id) 
       references especialidades
2026-07-09 00:52:06.813 DEBUG 15948 --- [restartedMain] org.hibernate.SQL                        : 
    alter table if exists medico_especialidades 
       add constraint FK7xw32fy03axlyq7bwcu476vl3 
       foreign key (medico_id) 
       references medicos
2026-07-09 00:52:06.813 DEBUG 15948 --- [restartedMain] org.hibernate.SQL                        : 
    alter table if exists medico_especialidades_aud 
       add constraint FK76j86sh57tifk0laqf5huqv9j 
       foreign key (rev) 
       references revinfo
2026-07-09 00:52:06.814 DEBUG 15948 --- [restartedMain] org.hibernate.SQL                        : 
    alter table if exists medicos 
       add constraint FKa0dd5a1r4o7vgnqr0aigr69td 
       foreign key (usuario_id) 
       references usuarios
2026-07-09 00:52:06.816 DEBUG 15948 --- [restartedMain] org.hibernate.SQL                        : 
    alter table if exists medicos_aud 
       add constraint FKcyfyosarrcjqc36531rjwa8f8 
       foreign key (rev) 
       references revinfo
2026-07-09 00:52:06.817 DEBUG 15948 --- [restartedMain] org.hibernate.SQL                        : 
    alter table if exists notificaciones 
       add constraint FKf6vsd72tpuysbhes31nygw0v0 
       foreign key (cita_id) 
       references citas
2026-07-09 00:52:06.817 DEBUG 15948 --- [restartedMain] org.hibernate.SQL                        : 
    alter table if exists notificaciones 
       add constraint FK1mxbjb81ft61gwlh0kabubndc 
       foreign key (usuario_id) 
       references usuarios
2026-07-09 00:52:06.818 DEBUG 15948 --- [restartedMain] org.hibernate.SQL                        : 
    alter table if exists pacientes 
       add constraint FK96vvhaactwhv7l8ymuq6b4r6j 
       foreign key (usuario_id) 
       references usuarios
2026-07-09 00:52:06.819 DEBUG 15948 --- [restartedMain] org.hibernate.SQL                        : 
    alter table if exists pacientes_aud 
       add constraint FK9mhanil692brifthmv83puxb3 
       foreign key (rev) 
       references revinfo
2026-07-09 00:52:06.819 DEBUG 15948 --- [restartedMain] org.hibernate.SQL                        : 
    alter table if exists pagos 
       add constraint FKdyyqrbd5gg0lhhcijte5qkt88 
       foreign key (cita_id) 
       references citas
2026-07-09 00:52:06.820 DEBUG 15948 --- [restartedMain] org.hibernate.SQL                        : 
    alter table if exists pagos 
       add constraint FKtrjk63m5s2jlwfdvx16p8ehbi 
       foreign key (paciente_id) 
       references pacientes
2026-07-09 00:52:06.820 DEBUG 15948 --- [restartedMain] org.hibernate.SQL                        : 
    alter table if exists pagos_aud 
       add constraint FKk5yir6kvro5c15qd8q5vacmtl 
       foreign key (rev) 
       references revinfo
2026-07-09 00:52:06.821 DEBUG 15948 --- [restartedMain] org.hibernate.SQL                        : 
    alter table if exists usuarios_aud 
       add constraint FKn9o74udlh4qxjv04akbysl83b 
       foreign key (rev) 
       references revinfo
2026-07-09 00:52:06.822  INFO 15948 --- [restartedMain] j.LocalContainerEntityManagerFactoryBean : Initialized JPA EntityManagerFactory for persistence unit 'default'
2026-07-09 00:52:06.847 DEBUG 15948 --- [restartedMain] c.s.s.s.jwt.JwtAuthenticationFilter      : Filter 'jwtAuthenticationFilter' configured for use
2026-07-09 00:52:06.889  INFO 15948 --- [restartedMain] eAuthenticationProviderManagerConfigurer : Global AuthenticationManager configured with AuthenticationProvider bean with name authenticationProvider
2026-07-09 00:52:06.889  WARN 15948 --- [restartedMain] r$InitializeUserDetailsManagerConfigurer : Global AuthenticationManager configured with an AuthenticationProvider bean. UserDetailsService beans will not be used by Spring Security for automatically configuring username/password login. Consider removing the AuthenticationProvider bean. Alternatively, consider using the UserDetailsService in a manually instantiated DaoAuthenticationProvider. If the current configuration is intentional, to turn off this warning, increase the logging level of 'org.springframework.security.config.annotation.authentication.configuration.InitializeUserDetailsBeanManagerConfigurer' to ERROR
2026-07-09 00:52:06.983  WARN 15948 --- [restartedMain] JpaBaseConfiguration$JpaWebConfiguration : spring.jpa.open-in-view is enabled by default. Therefore, database queries may be performed during view rendering. Explicitly configure spring.jpa.open-in-view to disable this warning
2026-07-09 00:52:06.989  INFO 15948 --- [restartedMain] o.s.b.a.w.s.WelcomePageHandlerMapping    : Adding welcome page template: index
2026-07-09 00:52:07.046  INFO 15948 --- [restartedMain] o.s.b.a.e.web.EndpointLinksResolver      : Exposing 5 endpoints beneath base path '/actuator'
2026-07-09 00:52:07.118  INFO 15948 --- [restartedMain] o.s.b.a.h2.H2ConsoleAutoConfiguration    : H2 console available at '/h2-console'. Database available at 'jdbc:h2:mem:sisoldb'
2026-07-09 00:52:07.123  INFO 15948 --- [restartedMain] o.s.b.d.a.OptionalLiveReloadServer       : LiveReload server is running on port 35729
2026-07-09 00:52:07.135  INFO 15948 --- [restartedMain] o.s.b.w.embedded.tomcat.TomcatWebServer  : Tomcat started on port 8080 (http) with context path '/'
2026-07-09 00:52:07.146  INFO 15948 --- [restartedMain] com.sisol.salud.SisolSaludApplication    : Started SisolSaludApplication in 1.066 seconds (process running for 1124.519)
2026-07-09 00:52:07.147  INFO 15948 --- [restartedMain] com.sisol.salud.config.DataSeeder        : Verificando librerías requeridas...
2026-07-09 00:52:07.147  INFO 15948 --- [restartedMain] com.sisol.salud.config.DataSeeder        : [Guava] Creada lista inmutable de 3 elementos
2026-07-09 00:52:07.147  INFO 15948 --- [restartedMain] com.sisol.salud.config.DataSeeder        : [Apache Commons] Código seguro generado: FNAYZRULJK
2026-07-09 00:52:07.150  INFO 15948 --- [restartedMain] com.sisol.salud.config.DataSeeder        : [Apache POI] Archivo Excel estructurado y creado en memoria exitosamente.
2026-07-09 00:52:07.156 DEBUG 15948 --- [restartedMain] org.hibernate.SQL                        : 
    select
        count(*) 
    from
        especialidades e1_0
2026-07-09 00:52:07.158  INFO 15948 --- [restartedMain] com.sisol.salud.config.DataSeeder        : Sembrando base de datos desde 0 con 10 especialidades, 10 médicos y 2 pacientes...
2026-07-09 00:52:07.159 DEBUG 15948 --- [restartedMain] org.hibernate.SQL                        : 
    insert 
    into
        especialidades
        (activo, costo, created_at, descripcion, nombre, id) 
    values
        (?, ?, ?, ?, ?, default)
2026-07-09 00:52:07.211 DEBUG 15948 --- [restartedMain] org.hibernate.SQL                        : 
    insert 
    into
        usuarios
        (activo, apellido, created_at, dni, email, foto_perfil, nombre, password, rol, telefono, updated_at, id) 
    values
        (?, ?, ?, ?, ?, ?, ?, ?, ?, ?, ?, default)
2026-07-09 00:52:07.212 DEBUG 15948 --- [restartedMain] org.hibernate.SQL                        : 
    insert 
    into
        medicos
        (created_at, numero_colegiatura, updated_at, usuario_id, id) 
    values
        (?, ?, ?, ?, default)
2026-07-09 00:52:07.214 DEBUG 15948 --- [restartedMain] org.hibernate.SQL                        : 
    insert 
    into
        disponibilidad_medica
        (activo, created_at, dia_semana, duracion_consulta_min, hora_fin, hora_inicio, medico_id, updated_at, id) 
    values
        (?, ?, ?, ?, ?, ?, ?, ?, default)
2026-07-09 00:52:07.214 DEBUG 15948 --- [restartedMain] org.hibernate.SQL                        : 
    insert 
    into
        disponibilidad_medica
        (activo, created_at, dia_semana, duracion_consulta_min, hora_fin, hora_inicio, medico_id, updated_at, id) 
    values
        (?, ?, ?, ?, ?, ?, ?, ?, default)
2026-07-09 00:52:07.214 DEBUG 15948 --- [restartedMain] org.hibernate.SQL                        : 
    insert 
    into
        disponibilidad_medica
        (activo, created_at, dia_semana, duracion_consulta_min, hora_fin, hora_inicio, medico_id, updated_at, id) 
    values
        (?, ?, ?, ?, ?, ?, ?, ?, default)
2026-07-09 00:52:07.216 DEBUG 15948 --- [restartedMain] org.hibernate.SQL                        : 
    insert 
    into
        disponibilidad_medica
        (activo, created_at, dia_semana, duracion_consulta_min, hora_fin, hora_inicio, medico_id, updated_at, id) 
    values
        (?, ?, ?, ?, ?, ?, ?, ?, default)
2026-07-09 00:52:07.216 DEBUG 15948 --- [restartedMain] org.hibernate.SQL                        : 
    insert 
    into
        disponibilidad_medica
        (activo, created_at, dia_semana, duracion_consulta_min, hora_fin, hora_inicio, medico_id, updated_at, id) 
    values
        (?, ?, ?, ?, ?, ?, ?, ?, default)
2026-07-09 00:52:07.217 DEBUG 15948 --- [restartedMain] org.hibernate.SQL                        : 
    insert 
    into
        especialidades
        (activo, costo, created_at, descripcion, nombre, id) 
    values
        (?, ?, ?, ?, ?, default)
2026-07-09 00:52:07.266 DEBUG 15948 --- [restartedMain] org.hibernate.SQL                        : 
    insert 
    into
        usuarios
        (activo, apellido, created_at, dni, email, foto_perfil, nombre, password, rol, telefono, updated_at, id) 
    values
        (?, ?, ?, ?, ?, ?, ?, ?, ?, ?, ?, default)
2026-07-09 00:52:07.267 DEBUG 15948 --- [restartedMain] org.hibernate.SQL                        : 
    insert 
    into
        medicos
        (created_at, numero_colegiatura, updated_at, usuario_id, id) 
    values
        (?, ?, ?, ?, default)
2026-07-09 00:52:07.268 DEBUG 15948 --- [restartedMain] org.hibernate.SQL                        : 
    insert 
    into
        disponibilidad_medica
        (activo, created_at, dia_semana, duracion_consulta_min, hora_fin, hora_inicio, medico_id, updated_at, id) 
    values
        (?, ?, ?, ?, ?, ?, ?, ?, default)
2026-07-09 00:52:07.268 DEBUG 15948 --- [restartedMain] org.hibernate.SQL                        : 
    insert 
    into
        disponibilidad_medica
        (activo, created_at, dia_semana, duracion_consulta_min, hora_fin, hora_inicio, medico_id, updated_at, id) 
    values
        (?, ?, ?, ?, ?, ?, ?, ?, default)
2026-07-09 00:52:07.268 DEBUG 15948 --- [restartedMain] org.hibernate.SQL                        : 
    insert 
    into
        disponibilidad_medica
        (activo, created_at, dia_semana, duracion_consulta_min, hora_fin, hora_inicio, medico_id, updated_at, id) 
    values
        (?, ?, ?, ?, ?, ?, ?, ?, default)
2026-07-09 00:52:07.269 DEBUG 15948 --- [restartedMain] org.hibernate.SQL                        : 
    insert 
    into
        disponibilidad_medica
        (activo, created_at, dia_semana, duracion_consulta_min, hora_fin, hora_inicio, medico_id, updated_at, id) 
    values
        (?, ?, ?, ?, ?, ?, ?, ?, default)
2026-07-09 00:52:07.269 DEBUG 15948 --- [restartedMain] org.hibernate.SQL                        : 
    insert 
    into
        disponibilidad_medica
        (activo, created_at, dia_semana, duracion_consulta_min, hora_fin, hora_inicio, medico_id, updated_at, id) 
    values
        (?, ?, ?, ?, ?, ?, ?, ?, default)
2026-07-09 00:52:07.270 DEBUG 15948 --- [restartedMain] org.hibernate.SQL                        : 
    insert 
    into
        especialidades
        (activo, costo, created_at, descripcion, nombre, id) 
    values
        (?, ?, ?, ?, ?, default)
2026-07-09 00:52:07.320 DEBUG 15948 --- [restartedMain] org.hibernate.SQL                        : 
    insert 
    into
        usuarios
        (activo, apellido, created_at, dni, email, foto_perfil, nombre, password, rol, telefono, updated_at, id) 
    values
        (?, ?, ?, ?, ?, ?, ?, ?, ?, ?, ?, default)
2026-07-09 00:52:07.321 DEBUG 15948 --- [restartedMain] org.hibernate.SQL                        : 
    insert 
    into
        medicos
        (created_at, numero_colegiatura, updated_at, usuario_id, id) 
    values
        (?, ?, ?, ?, default)
2026-07-09 00:52:07.322 DEBUG 15948 --- [restartedMain] org.hibernate.SQL                        : 
    insert 
    into
        disponibilidad_medica
        (activo, created_at, dia_semana, duracion_consulta_min, hora_fin, hora_inicio, medico_id, updated_at, id) 
    values
        (?, ?, ?, ?, ?, ?, ?, ?, default)
2026-07-09 00:52:07.322 DEBUG 15948 --- [restartedMain] org.hibernate.SQL                        : 
    insert 
    into
        disponibilidad_medica
        (activo, created_at, dia_semana, duracion_consulta_min, hora_fin, hora_inicio, medico_id, updated_at, id) 
    values
        (?, ?, ?, ?, ?, ?, ?, ?, default)
2026-07-09 00:52:07.323 DEBUG 15948 --- [restartedMain] org.hibernate.SQL                        : 
    insert 
    into
        disponibilidad_medica
        (activo, created_at, dia_semana, duracion_consulta_min, hora_fin, hora_inicio, medico_id, updated_at, id) 
    values
        (?, ?, ?, ?, ?, ?, ?, ?, default)
2026-07-09 00:52:07.323 DEBUG 15948 --- [restartedMain] org.hibernate.SQL                        : 
    insert 
    into
        disponibilidad_medica
        (activo, created_at, dia_semana, duracion_consulta_min, hora_fin, hora_inicio, medico_id, updated_at, id) 
    values
        (?, ?, ?, ?, ?, ?, ?, ?, default)
2026-07-09 00:52:07.324 DEBUG 15948 --- [restartedMain] org.hibernate.SQL                        : 
    insert 
    into
        disponibilidad_medica
        (activo, created_at, dia_semana, duracion_consulta_min, hora_fin, hora_inicio, medico_id, updated_at, id) 
    values
        (?, ?, ?, ?, ?, ?, ?, ?, default)
2026-07-09 00:52:07.324 DEBUG 15948 --- [restartedMain] org.hibernate.SQL                        : 
    insert 
    into
        especialidades
        (activo, costo, created_at, descripcion, nombre, id) 
    values
        (?, ?, ?, ?, ?, default)
2026-07-09 00:52:07.374 DEBUG 15948 --- [restartedMain] org.hibernate.SQL                        : 
    insert 
    into
        usuarios
        (activo, apellido, created_at, dni, email, foto_perfil, nombre, password, rol, telefono, updated_at, id) 
    values
        (?, ?, ?, ?, ?, ?, ?, ?, ?, ?, ?, default)
2026-07-09 00:52:07.376 DEBUG 15948 --- [restartedMain] org.hibernate.SQL                        : 
    insert 
    into
        medicos
        (created_at, numero_colegiatura, updated_at, usuario_id, id) 
    values
        (?, ?, ?, ?, default)
2026-07-09 00:52:07.376 DEBUG 15948 --- [restartedMain] org.hibernate.SQL                        : 
    insert 
    into
        disponibilidad_medica
        (activo, created_at, dia_semana, duracion_consulta_min, hora_fin, hora_inicio, medico_id, updated_at, id) 
    values
        (?, ?, ?, ?, ?, ?, ?, ?, default)
2026-07-09 00:52:07.377 DEBUG 15948 --- [restartedMain] org.hibernate.SQL                        : 
    insert 
    into
        disponibilidad_medica
        (activo, created_at, dia_semana, duracion_consulta_min, hora_fin, hora_inicio, medico_id, updated_at, id) 
    values
        (?, ?, ?, ?, ?, ?, ?, ?, default)
2026-07-09 00:52:07.377 DEBUG 15948 --- [restartedMain] org.hibernate.SQL                        : 
    insert 
    into
        disponibilidad_medica
        (activo, created_at, dia_semana, duracion_consulta_min, hora_fin, hora_inicio, medico_id, updated_at, id) 
    values
        (?, ?, ?, ?, ?, ?, ?, ?, default)
2026-07-09 00:52:07.378 DEBUG 15948 --- [restartedMain] org.hibernate.SQL                        : 
    insert 
    into
        disponibilidad_medica
        (activo, created_at, dia_semana, duracion_consulta_min, hora_fin, hora_inicio, medico_id, updated_at, id) 
    values
        (?, ?, ?, ?, ?, ?, ?, ?, default)
2026-07-09 00:52:07.378 DEBUG 15948 --- [restartedMain] org.hibernate.SQL                        : 
    insert 
    into
        disponibilidad_medica
        (activo, created_at, dia_semana, duracion_consulta_min, hora_fin, hora_inicio, medico_id, updated_at, id) 
    values
        (?, ?, ?, ?, ?, ?, ?, ?, default)
2026-07-09 00:52:07.378 DEBUG 15948 --- [restartedMain] org.hibernate.SQL                        : 
    insert 
    into
        especialidades
        (activo, costo, created_at, descripcion, nombre, id) 
    values
        (?, ?, ?, ?, ?, default)
2026-07-09 00:52:07.429 DEBUG 15948 --- [restartedMain] org.hibernate.SQL                        : 
    insert 
    into
        usuarios
        (activo, apellido, created_at, dni, email, foto_perfil, nombre, password, rol, telefono, updated_at, id) 
    values
        (?, ?, ?, ?, ?, ?, ?, ?, ?, ?, ?, default)
2026-07-09 00:52:07.430 DEBUG 15948 --- [restartedMain] org.hibernate.SQL                        : 
    insert 
    into
        medicos
        (created_at, numero_colegiatura, updated_at, usuario_id, id) 
    values
        (?, ?, ?, ?, default)
2026-07-09 00:52:07.431 DEBUG 15948 --- [restartedMain] org.hibernate.SQL                        : 
    insert 
    into
        disponibilidad_medica
        (activo, created_at, dia_semana, duracion_consulta_min, hora_fin, hora_inicio, medico_id, updated_at, id) 
    values
        (?, ?, ?, ?, ?, ?, ?, ?, default)
2026-07-09 00:52:07.432 DEBUG 15948 --- [restartedMain] org.hibernate.SQL                        : 
    insert 
    into
        disponibilidad_medica
        (activo, created_at, dia_semana, duracion_consulta_min, hora_fin, hora_inicio, medico_id, updated_at, id) 
    values
        (?, ?, ?, ?, ?, ?, ?, ?, default)
2026-07-09 00:52:07.433 DEBUG 15948 --- [restartedMain] org.hibernate.SQL                        : 
    insert 
    into
        disponibilidad_medica
        (activo, created_at, dia_semana, duracion_consulta_min, hora_fin, hora_inicio, medico_id, updated_at, id) 
    values
        (?, ?, ?, ?, ?, ?, ?, ?, default)
2026-07-09 00:52:07.433 DEBUG 15948 --- [restartedMain] org.hibernate.SQL                        : 
    insert 
    into
        disponibilidad_medica
        (activo, created_at, dia_semana, duracion_consulta_min, hora_fin, hora_inicio, medico_id, updated_at, id) 
    values
        (?, ?, ?, ?, ?, ?, ?, ?, default)
2026-07-09 00:52:07.434 DEBUG 15948 --- [restartedMain] org.hibernate.SQL                        : 
    insert 
    into
        disponibilidad_medica
        (activo, created_at, dia_semana, duracion_consulta_min, hora_fin, hora_inicio, medico_id, updated_at, id) 
    values
        (?, ?, ?, ?, ?, ?, ?, ?, default)
2026-07-09 00:52:07.434 DEBUG 15948 --- [restartedMain] org.hibernate.SQL                        : 
    insert 
    into
        especialidades
        (activo, costo, created_at, descripcion, nombre, id) 
    values
        (?, ?, ?, ?, ?, default)
2026-07-09 00:52:07.485 DEBUG 15948 --- [restartedMain] org.hibernate.SQL                        : 
    insert 
    into
        usuarios
        (activo, apellido, created_at, dni, email, foto_perfil, nombre, password, rol, telefono, updated_at, id) 
    values
        (?, ?, ?, ?, ?, ?, ?, ?, ?, ?, ?, default)
2026-07-09 00:52:07.486 DEBUG 15948 --- [restartedMain] org.hibernate.SQL                        : 
    insert 
    into
        medicos
        (created_at, numero_colegiatura, updated_at, usuario_id, id) 
    values
        (?, ?, ?, ?, default)
2026-07-09 00:52:07.487 DEBUG 15948 --- [restartedMain] org.hibernate.SQL                        : 
    insert 
    into
        disponibilidad_medica
        (activo, created_at, dia_semana, duracion_consulta_min, hora_fin, hora_inicio, medico_id, updated_at, id) 
    values
        (?, ?, ?, ?, ?, ?, ?, ?, default)
2026-07-09 00:52:07.487 DEBUG 15948 --- [restartedMain] org.hibernate.SQL                        : 
    insert 
    into
        disponibilidad_medica
        (activo, created_at, dia_semana, duracion_consulta_min, hora_fin, hora_inicio, medico_id, updated_at, id) 
    values
        (?, ?, ?, ?, ?, ?, ?, ?, default)
2026-07-09 00:52:07.488 DEBUG 15948 --- [restartedMain] org.hibernate.SQL                        : 
    insert 
    into
        disponibilidad_medica
        (activo, created_at, dia_semana, duracion_consulta_min, hora_fin, hora_inicio, medico_id, updated_at, id) 
    values
        (?, ?, ?, ?, ?, ?, ?, ?, default)
2026-07-09 00:52:07.488 DEBUG 15948 --- [restartedMain] org.hibernate.SQL                        : 
    insert 
    into
        disponibilidad_medica
        (activo, created_at, dia_semana, duracion_consulta_min, hora_fin, hora_inicio, medico_id, updated_at, id) 
    values
        (?, ?, ?, ?, ?, ?, ?, ?, default)
2026-07-09 00:52:07.488 DEBUG 15948 --- [restartedMain] org.hibernate.SQL                        : 
    insert 
    into
        disponibilidad_medica
        (activo, created_at, dia_semana, duracion_consulta_min, hora_fin, hora_inicio, medico_id, updated_at, id) 
    values
        (?, ?, ?, ?, ?, ?, ?, ?, default)
2026-07-09 00:52:07.489 DEBUG 15948 --- [restartedMain] org.hibernate.SQL                        : 
    insert 
    into
        especialidades
        (activo, costo, created_at, descripcion, nombre, id) 
    values
        (?, ?, ?, ?, ?, default)
2026-07-09 00:52:07.538 DEBUG 15948 --- [restartedMain] org.hibernate.SQL                        : 
    insert 
    into
        usuarios
        (activo, apellido, created_at, dni, email, foto_perfil, nombre, password, rol, telefono, updated_at, id) 
    values
        (?, ?, ?, ?, ?, ?, ?, ?, ?, ?, ?, default)
2026-07-09 00:52:07.539 DEBUG 15948 --- [restartedMain] org.hibernate.SQL                        : 
    insert 
    into
        medicos
        (created_at, numero_colegiatura, updated_at, usuario_id, id) 
    values
        (?, ?, ?, ?, default)
2026-07-09 00:52:07.539 DEBUG 15948 --- [restartedMain] org.hibernate.SQL                        : 
    insert 
    into
        disponibilidad_medica
        (activo, created_at, dia_semana, duracion_consulta_min, hora_fin, hora_inicio, medico_id, updated_at, id) 
    values
        (?, ?, ?, ?, ?, ?, ?, ?, default)
2026-07-09 00:52:07.540 DEBUG 15948 --- [restartedMain] org.hibernate.SQL                        : 
    insert 
    into
        disponibilidad_medica
        (activo, created_at, dia_semana, duracion_consulta_min, hora_fin, hora_inicio, medico_id, updated_at, id) 
    values
        (?, ?, ?, ?, ?, ?, ?, ?, default)
2026-07-09 00:52:07.540 DEBUG 15948 --- [restartedMain] org.hibernate.SQL                        : 
    insert 
    into
        disponibilidad_medica
        (activo, created_at, dia_semana, duracion_consulta_min, hora_fin, hora_inicio, medico_id, updated_at, id) 
    values
        (?, ?, ?, ?, ?, ?, ?, ?, default)
2026-07-09 00:52:07.541 DEBUG 15948 --- [restartedMain] org.hibernate.SQL                        : 
    insert 
    into
        disponibilidad_medica
        (activo, created_at, dia_semana, duracion_consulta_min, hora_fin, hora_inicio, medico_id, updated_at, id) 
    values
        (?, ?, ?, ?, ?, ?, ?, ?, default)
2026-07-09 00:52:07.541 DEBUG 15948 --- [restartedMain] org.hibernate.SQL                        : 
    insert 
    into
        disponibilidad_medica
        (activo, created_at, dia_semana, duracion_consulta_min, hora_fin, hora_inicio, medico_id, updated_at, id) 
    values
        (?, ?, ?, ?, ?, ?, ?, ?, default)
2026-07-09 00:52:07.541 DEBUG 15948 --- [restartedMain] org.hibernate.SQL                        : 
    insert 
    into
        especialidades
        (activo, costo, created_at, descripcion, nombre, id) 
    values
        (?, ?, ?, ?, ?, default)
2026-07-09 00:52:07.593 DEBUG 15948 --- [restartedMain] org.hibernate.SQL                        : 
    insert 
    into
        usuarios
        (activo, apellido, created_at, dni, email, foto_perfil, nombre, password, rol, telefono, updated_at, id) 
    values
        (?, ?, ?, ?, ?, ?, ?, ?, ?, ?, ?, default)
2026-07-09 00:52:07.594 DEBUG 15948 --- [restartedMain] org.hibernate.SQL                        : 
    insert 
    into
        medicos
        (created_at, numero_colegiatura, updated_at, usuario_id, id) 
    values
        (?, ?, ?, ?, default)
2026-07-09 00:52:07.594 DEBUG 15948 --- [restartedMain] org.hibernate.SQL                        : 
    insert 
    into
        disponibilidad_medica
        (activo, created_at, dia_semana, duracion_consulta_min, hora_fin, hora_inicio, medico_id, updated_at, id) 
    values
        (?, ?, ?, ?, ?, ?, ?, ?, default)
2026-07-09 00:52:07.595 DEBUG 15948 --- [restartedMain] org.hibernate.SQL                        : 
    insert 
    into
        disponibilidad_medica
        (activo, created_at, dia_semana, duracion_consulta_min, hora_fin, hora_inicio, medico_id, updated_at, id) 
    values
        (?, ?, ?, ?, ?, ?, ?, ?, default)
2026-07-09 00:52:07.595 DEBUG 15948 --- [restartedMain] org.hibernate.SQL                        : 
    insert 
    into
        disponibilidad_medica
        (activo, created_at, dia_semana, duracion_consulta_min, hora_fin, hora_inicio, medico_id, updated_at, id) 
    values
        (?, ?, ?, ?, ?, ?, ?, ?, default)
2026-07-09 00:52:07.596 DEBUG 15948 --- [restartedMain] org.hibernate.SQL                        : 
    insert 
    into
        disponibilidad_medica
        (activo, created_at, dia_semana, duracion_consulta_min, hora_fin, hora_inicio, medico_id, updated_at, id) 
    values
        (?, ?, ?, ?, ?, ?, ?, ?, default)
2026-07-09 00:52:07.596 DEBUG 15948 --- [restartedMain] org.hibernate.SQL                        : 
    insert 
    into
        disponibilidad_medica
        (activo, created_at, dia_semana, duracion_consulta_min, hora_fin, hora_inicio, medico_id, updated_at, id) 
    values
        (?, ?, ?, ?, ?, ?, ?, ?, default)
2026-07-09 00:52:07.596 DEBUG 15948 --- [restartedMain] org.hibernate.SQL                        : 
    insert 
    into
        especialidades
        (activo, costo, created_at, descripcion, nombre, id) 
    values
        (?, ?, ?, ?, ?, default)
2026-07-09 00:52:07.646 DEBUG 15948 --- [restartedMain] org.hibernate.SQL                        : 
    insert 
    into
        usuarios
        (activo, apellido, created_at, dni, email, foto_perfil, nombre, password, rol, telefono, updated_at, id) 
    values
        (?, ?, ?, ?, ?, ?, ?, ?, ?, ?, ?, default)
2026-07-09 00:52:07.647 DEBUG 15948 --- [restartedMain] org.hibernate.SQL                        : 
    insert 
    into
        medicos
        (created_at, numero_colegiatura, updated_at, usuario_id, id) 
    values
        (?, ?, ?, ?, default)
2026-07-09 00:52:07.647 DEBUG 15948 --- [restartedMain] org.hibernate.SQL                        : 
    insert 
    into
        disponibilidad_medica
        (activo, created_at, dia_semana, duracion_consulta_min, hora_fin, hora_inicio, medico_id, updated_at, id) 
    values
        (?, ?, ?, ?, ?, ?, ?, ?, default)
2026-07-09 00:52:07.648 DEBUG 15948 --- [restartedMain] org.hibernate.SQL                        : 
    insert 
    into
        disponibilidad_medica
        (activo, created_at, dia_semana, duracion_consulta_min, hora_fin, hora_inicio, medico_id, updated_at, id) 
    values
        (?, ?, ?, ?, ?, ?, ?, ?, default)
2026-07-09 00:52:07.648 DEBUG 15948 --- [restartedMain] org.hibernate.SQL                        : 
    insert 
    into
        disponibilidad_medica
        (activo, created_at, dia_semana, duracion_consulta_min, hora_fin, hora_inicio, medico_id, updated_at, id) 
    values
        (?, ?, ?, ?, ?, ?, ?, ?, default)
2026-07-09 00:52:07.649 DEBUG 15948 --- [restartedMain] org.hibernate.SQL                        : 
    insert 
    into
        disponibilidad_medica
        (activo, created_at, dia_semana, duracion_consulta_min, hora_fin, hora_inicio, medico_id, updated_at, id) 
    values
        (?, ?, ?, ?, ?, ?, ?, ?, default)
2026-07-09 00:52:07.649 DEBUG 15948 --- [restartedMain] org.hibernate.SQL                        : 
    insert 
    into
        disponibilidad_medica
        (activo, created_at, dia_semana, duracion_consulta_min, hora_fin, hora_inicio, medico_id, updated_at, id) 
    values
        (?, ?, ?, ?, ?, ?, ?, ?, default)
2026-07-09 00:52:07.649 DEBUG 15948 --- [restartedMain] org.hibernate.SQL                        : 
    insert 
    into
        especialidades
        (activo, costo, created_at, descripcion, nombre, id) 
    values
        (?, ?, ?, ?, ?, default)
2026-07-09 00:52:07.700 DEBUG 15948 --- [restartedMain] org.hibernate.SQL                        : 
    insert 
    into
        usuarios
        (activo, apellido, created_at, dni, email, foto_perfil, nombre, password, rol, telefono, updated_at, id) 
    values
        (?, ?, ?, ?, ?, ?, ?, ?, ?, ?, ?, default)
2026-07-09 00:52:07.701 DEBUG 15948 --- [restartedMain] org.hibernate.SQL                        : 
    insert 
    into
        medicos
        (created_at, numero_colegiatura, updated_at, usuario_id, id) 
    values
        (?, ?, ?, ?, default)
2026-07-09 00:52:07.701 DEBUG 15948 --- [restartedMain] org.hibernate.SQL                        : 
    insert 
    into
        disponibilidad_medica
        (activo, created_at, dia_semana, duracion_consulta_min, hora_fin, hora_inicio, medico_id, updated_at, id) 
    values
        (?, ?, ?, ?, ?, ?, ?, ?, default)
2026-07-09 00:52:07.702 DEBUG 15948 --- [restartedMain] org.hibernate.SQL                        : 
    insert 
    into
        disponibilidad_medica
        (activo, created_at, dia_semana, duracion_consulta_min, hora_fin, hora_inicio, medico_id, updated_at, id) 
    values
        (?, ?, ?, ?, ?, ?, ?, ?, default)
2026-07-09 00:52:07.702 DEBUG 15948 --- [restartedMain] org.hibernate.SQL                        : 
    insert 
    into
        disponibilidad_medica
        (activo, created_at, dia_semana, duracion_consulta_min, hora_fin, hora_inicio, medico_id, updated_at, id) 
    values
        (?, ?, ?, ?, ?, ?, ?, ?, default)
2026-07-09 00:52:07.703 DEBUG 15948 --- [restartedMain] org.hibernate.SQL                        : 
    insert 
    into
        disponibilidad_medica
        (activo, created_at, dia_semana, duracion_consulta_min, hora_fin, hora_inicio, medico_id, updated_at, id) 
    values
        (?, ?, ?, ?, ?, ?, ?, ?, default)
2026-07-09 00:52:07.703 DEBUG 15948 --- [restartedMain] org.hibernate.SQL                        : 
    insert 
    into
        disponibilidad_medica
        (activo, created_at, dia_semana, duracion_consulta_min, hora_fin, hora_inicio, medico_id, updated_at, id) 
    values
        (?, ?, ?, ?, ?, ?, ?, ?, default)
2026-07-09 00:52:07.753 DEBUG 15948 --- [restartedMain] org.hibernate.SQL                        : 
    insert 
    into
        usuarios
        (activo, apellido, created_at, dni, email, foto_perfil, nombre, password, rol, telefono, updated_at, id) 
    values
        (?, ?, ?, ?, ?, ?, ?, ?, ?, ?, ?, default)
2026-07-09 00:52:07.754 DEBUG 15948 --- [restartedMain] org.hibernate.SQL                        : 
    insert 
    into
        pacientes
        (contacto_emergencia_nombre, contacto_emergencia_parentesco, contacto_emergencia_telefono, created_at, direccion, fecha_nacimiento, genero, grupo_sanguineo, updated_at, usuario_id, id) 
    values
        (?, ?, ?, ?, ?, ?, ?, ?, ?, ?, default)
2026-07-09 00:52:07.803 DEBUG 15948 --- [restartedMain] org.hibernate.SQL                        : 
    insert 
    into
        usuarios
        (activo, apellido, created_at, dni, email, foto_perfil, nombre, password, rol, telefono, updated_at, id) 
    values
        (?, ?, ?, ?, ?, ?, ?, ?, ?, ?, ?, default)
2026-07-09 00:52:07.804 DEBUG 15948 --- [restartedMain] org.hibernate.SQL                        : 
    insert 
    into
        pacientes
        (contacto_emergencia_nombre, contacto_emergencia_parentesco, contacto_emergencia_telefono, created_at, direccion, fecha_nacimiento, genero, grupo_sanguineo, updated_at, usuario_id, id) 
    values
        (?, ?, ?, ?, ?, ?, ?, ?, ?, ?, default)
2026-07-09 00:52:07.804  INFO 15948 --- [restartedMain] com.sisol.salud.config.DataSeeder        : ¡Sembrado completado con éxito!
2026-07-09 00:52:07.804  INFO 15948 --- [restartedMain] com.sisol.salud.config.DataSeeder        : Médicos de prueba (contraseña: 123456): medico0@sisol.com a medico9@sisol.com
2026-07-09 00:52:07.804  INFO 15948 --- [restartedMain] com.sisol.salud.config.DataSeeder        : Pacientes de prueba (contraseña: 123456): paciente1@sisol.com y paciente2@sisol.com
2026-07-09 00:52:07.807 DEBUG 15948 --- [restartedMain] org.hibernate.SQL                        : 
    insert 
    into
        medico_especialidades
        (medico_id, especialidad_id) 
    values
        (?, ?)
2026-07-09 00:52:07.808 DEBUG 15948 --- [restartedMain] org.hibernate.SQL                        : 
    insert 
    into
        medico_especialidades
        (medico_id, especialidad_id) 
    values
        (?, ?)
2026-07-09 00:52:07.808 DEBUG 15948 --- [restartedMain] org.hibernate.SQL                        : 
    insert 
    into
        medico_especialidades
        (medico_id, especialidad_id) 
    values
        (?, ?)
2026-07-09 00:52:07.808 DEBUG 15948 --- [restartedMain] org.hibernate.SQL                        : 
    insert 
    into
        medico_especialidades
        (medico_id, especialidad_id) 
    values
        (?, ?)
2026-07-09 00:52:07.808 DEBUG 15948 --- [restartedMain] org.hibernate.SQL                        : 
    insert 
    into
        medico_especialidades
        (medico_id, especialidad_id) 
    values
        (?, ?)
2026-07-09 00:52:07.808 DEBUG 15948 --- [restartedMain] org.hibernate.SQL                        : 
    insert 
    into
        medico_especialidades
        (medico_id, especialidad_id) 
    values
        (?, ?)
2026-07-09 00:52:07.809 DEBUG 15948 --- [restartedMain] org.hibernate.SQL                        : 
    insert 
    into
        medico_especialidades
        (medico_id, especialidad_id) 
    values
        (?, ?)
2026-07-09 00:52:07.809 DEBUG 15948 --- [restartedMain] org.hibernate.SQL                        : 
    insert 
    into
        medico_especialidades
        (medico_id, especialidad_id) 
    values
        (?, ?)
2026-07-09 00:52:07.809 DEBUG 15948 --- [restartedMain] org.hibernate.SQL                        : 
    insert 
    into
        medico_especialidades
        (medico_id, especialidad_id) 
    values
        (?, ?)
2026-07-09 00:52:07.810 DEBUG 15948 --- [restartedMain] org.hibernate.SQL                        : 
    insert 
    into
        medico_especialidades
        (medico_id, especialidad_id) 
    values
        (?, ?)
2026-07-09 00:52:07.810 DEBUG 15948 --- [restartedMain] org.hibernate.SQL                        : 
    insert 
    into
        revinfo
        (revtstmp, rev) 
    values
        (?, default)
2026-07-09 00:52:07.814 DEBUG 15948 --- [restartedMain] org.hibernate.SQL                        : 
    insert 
    into
        especialidades_aud
        (revtype, activo, costo, created_at, descripcion, nombre, rev, id) 
    values
        (?, ?, ?, ?, ?, ?, ?, ?)
2026-07-09 00:52:07.815 DEBUG 15948 --- [restartedMain] org.hibernate.SQL                        : 
    insert 
    into
        usuarios_aud
        (revtype, activo, apellido, created_at, dni, email, foto_perfil, nombre, password, rol, telefono, updated_at, rev, id) 
    values
        (?, ?, ?, ?, ?, ?, ?, ?, ?, ?, ?, ?, ?, ?)
2026-07-09 00:52:07.816 DEBUG 15948 --- [restartedMain] org.hibernate.SQL                        : 
    insert 
    into
        medicos_aud
        (revtype, created_at, numero_colegiatura, updated_at, usuario_id, rev, id) 
    values
        (?, ?, ?, ?, ?, ?, ?)
2026-07-09 00:52:07.816 DEBUG 15948 --- [restartedMain] org.hibernate.SQL                        : 
    insert 
    into
        especialidades_aud
        (revtype, activo, costo, created_at, descripcion, nombre, rev, id) 
    values
        (?, ?, ?, ?, ?, ?, ?, ?)
2026-07-09 00:52:07.816 DEBUG 15948 --- [restartedMain] org.hibernate.SQL                        : 
    insert 
    into
        usuarios_aud
        (revtype, activo, apellido, created_at, dni, email, foto_perfil, nombre, password, rol, telefono, updated_at, rev, id) 
    values
        (?, ?, ?, ?, ?, ?, ?, ?, ?, ?, ?, ?, ?, ?)
2026-07-09 00:52:07.817 DEBUG 15948 --- [restartedMain] org.hibernate.SQL                        : 
    insert 
    into
        medicos_aud
        (revtype, created_at, numero_colegiatura, updated_at, usuario_id, rev, id) 
    values
        (?, ?, ?, ?, ?, ?, ?)
2026-07-09 00:52:07.817 DEBUG 15948 --- [restartedMain] org.hibernate.SQL                        : 
    insert 
    into
        especialidades_aud
        (revtype, activo, costo, created_at, descripcion, nombre, rev, id) 
    values
        (?, ?, ?, ?, ?, ?, ?, ?)
2026-07-09 00:52:07.817 DEBUG 15948 --- [restartedMain] org.hibernate.SQL                        : 
    insert 
    into
        usuarios_aud
        (revtype, activo, apellido, created_at, dni, email, foto_perfil, nombre, password, rol, telefono, updated_at, rev, id) 
    values
        (?, ?, ?, ?, ?, ?, ?, ?, ?, ?, ?, ?, ?, ?)
2026-07-09 00:52:07.817 DEBUG 15948 --- [restartedMain] org.hibernate.SQL                        : 
    insert 
    into
        medicos_aud
        (revtype, created_at, numero_colegiatura, updated_at, usuario_id, rev, id) 
    values
        (?, ?, ?, ?, ?, ?, ?)
2026-07-09 00:52:07.818 DEBUG 15948 --- [restartedMain] org.hibernate.SQL                        : 
    insert 
    into
        especialidades_aud
        (revtype, activo, costo, created_at, descripcion, nombre, rev, id) 
    values
        (?, ?, ?, ?, ?, ?, ?, ?)
2026-07-09 00:52:07.818 DEBUG 15948 --- [restartedMain] org.hibernate.SQL                        : 
    insert 
    into
        usuarios_aud
        (revtype, activo, apellido, created_at, dni, email, foto_perfil, nombre, password, rol, telefono, updated_at, rev, id) 
    values
        (?, ?, ?, ?, ?, ?, ?, ?, ?, ?, ?, ?, ?, ?)
2026-07-09 00:52:07.818 DEBUG 15948 --- [restartedMain] org.hibernate.SQL                        : 
    insert 
    into
        medicos_aud
        (revtype, created_at, numero_colegiatura, updated_at, usuario_id, rev, id) 
    values
        (?, ?, ?, ?, ?, ?, ?)
2026-07-09 00:52:07.818 DEBUG 15948 --- [restartedMain] org.hibernate.SQL                        : 
    insert 
    into
        especialidades_aud
        (revtype, activo, costo, created_at, descripcion, nombre, rev, id) 
    values
        (?, ?, ?, ?, ?, ?, ?, ?)
2026-07-09 00:52:07.818 DEBUG 15948 --- [restartedMain] org.hibernate.SQL                        : 
    insert 
    into
        usuarios_aud
        (revtype, activo, apellido, created_at, dni, email, foto_perfil, nombre, password, rol, telefono, updated_at, rev, id) 
    values
        (?, ?, ?, ?, ?, ?, ?, ?, ?, ?, ?, ?, ?, ?)
2026-07-09 00:52:07.819 DEBUG 15948 --- [restartedMain] org.hibernate.SQL                        : 
    insert 
    into
        medicos_aud
        (revtype, created_at, numero_colegiatura, updated_at, usuario_id, rev, id) 
    values
        (?, ?, ?, ?, ?, ?, ?)
2026-07-09 00:52:07.819 DEBUG 15948 --- [restartedMain] org.hibernate.SQL                        : 
    insert 
    into
        especialidades_aud
        (revtype, activo, costo, created_at, descripcion, nombre, rev, id) 
    values
        (?, ?, ?, ?, ?, ?, ?, ?)
2026-07-09 00:52:07.820 DEBUG 15948 --- [restartedMain] org.hibernate.SQL                        : 
    insert 
    into
        usuarios_aud
        (revtype, activo, apellido, created_at, dni, email, foto_perfil, nombre, password, rol, telefono, updated_at, rev, id) 
    values
        (?, ?, ?, ?, ?, ?, ?, ?, ?, ?, ?, ?, ?, ?)
2026-07-09 00:52:07.820 DEBUG 15948 --- [restartedMain] org.hibernate.SQL                        : 
    insert 
    into
        medicos_aud
        (revtype, created_at, numero_colegiatura, updated_at, usuario_id, rev, id) 
    values
        (?, ?, ?, ?, ?, ?, ?)
2026-07-09 00:52:07.820 DEBUG 15948 --- [restartedMain] org.hibernate.SQL                        : 
    insert 
    into
        especialidades_aud
        (revtype, activo, costo, created_at, descripcion, nombre, rev, id) 
    values
        (?, ?, ?, ?, ?, ?, ?, ?)
2026-07-09 00:52:07.821 DEBUG 15948 --- [restartedMain] org.hibernate.SQL                        : 
    insert 
    into
        usuarios_aud
        (revtype, activo, apellido, created_at, dni, email, foto_perfil, nombre, password, rol, telefono, updated_at, rev, id) 
    values
        (?, ?, ?, ?, ?, ?, ?, ?, ?, ?, ?, ?, ?, ?)
2026-07-09 00:52:07.821 DEBUG 15948 --- [restartedMain] org.hibernate.SQL                        : 
    insert 
    into
        medicos_aud
        (revtype, created_at, numero_colegiatura, updated_at, usuario_id, rev, id) 
    values
        (?, ?, ?, ?, ?, ?, ?)
2026-07-09 00:52:07.821 DEBUG 15948 --- [restartedMain] org.hibernate.SQL                        : 
    insert 
    into
        especialidades_aud
        (revtype, activo, costo, created_at, descripcion, nombre, rev, id) 
    values
        (?, ?, ?, ?, ?, ?, ?, ?)
2026-07-09 00:52:07.821 DEBUG 15948 --- [restartedMain] org.hibernate.SQL                        : 
    insert 
    into
        usuarios_aud
        (revtype, activo, apellido, created_at, dni, email, foto_perfil, nombre, password, rol, telefono, updated_at, rev, id) 
    values
        (?, ?, ?, ?, ?, ?, ?, ?, ?, ?, ?, ?, ?, ?)
2026-07-09 00:52:07.822 DEBUG 15948 --- [restartedMain] org.hibernate.SQL                        : 
    insert 
    into
        medicos_aud
        (revtype, created_at, numero_colegiatura, updated_at, usuario_id, rev, id) 
    values
        (?, ?, ?, ?, ?, ?, ?)
2026-07-09 00:52:07.822 DEBUG 15948 --- [restartedMain] org.hibernate.SQL                        : 
    insert 
    into
        especialidades_aud
        (revtype, activo, costo, created_at, descripcion, nombre, rev, id) 
    values
        (?, ?, ?, ?, ?, ?, ?, ?)
2026-07-09 00:52:07.822 DEBUG 15948 --- [restartedMain] org.hibernate.SQL                        : 
    insert 
    into
        usuarios_aud
        (revtype, activo, apellido, created_at, dni, email, foto_perfil, nombre, password, rol, telefono, updated_at, rev, id) 
    values
        (?, ?, ?, ?, ?, ?, ?, ?, ?, ?, ?, ?, ?, ?)
2026-07-09 00:52:07.822 DEBUG 15948 --- [restartedMain] org.hibernate.SQL                        : 
    insert 
    into
        medicos_aud
        (revtype, created_at, numero_colegiatura, updated_at, usuario_id, rev, id) 
    values
        (?, ?, ?, ?, ?, ?, ?)
2026-07-09 00:52:07.823 DEBUG 15948 --- [restartedMain] org.hibernate.SQL                        : 
    insert 
    into
        especialidades_aud
        (revtype, activo, costo, created_at, descripcion, nombre, rev, id) 
    values
        (?, ?, ?, ?, ?, ?, ?, ?)
2026-07-09 00:52:07.823 DEBUG 15948 --- [restartedMain] org.hibernate.SQL                        : 
    insert 
    into
        usuarios_aud
        (revtype, activo, apellido, created_at, dni, email, foto_perfil, nombre, password, rol, telefono, updated_at, rev, id) 
    values
        (?, ?, ?, ?, ?, ?, ?, ?, ?, ?, ?, ?, ?, ?)
2026-07-09 00:52:07.823 DEBUG 15948 --- [restartedMain] org.hibernate.SQL                        : 
    insert 
    into
        medicos_aud
        (revtype, created_at, numero_colegiatura, updated_at, usuario_id, rev, id) 
    values
        (?, ?, ?, ?, ?, ?, ?)
2026-07-09 00:52:07.823 DEBUG 15948 --- [restartedMain] org.hibernate.SQL                        : 
    insert 
    into
        usuarios_aud
        (revtype, activo, apellido, created_at, dni, email, foto_perfil, nombre, password, rol, telefono, updated_at, rev, id) 
    values
        (?, ?, ?, ?, ?, ?, ?, ?, ?, ?, ?, ?, ?, ?)
2026-07-09 00:52:07.824 DEBUG 15948 --- [restartedMain] org.hibernate.SQL                        : 
    insert 
    into
        pacientes_aud
        (revtype, contacto_emergencia_nombre, contacto_emergencia_parentesco, contacto_emergencia_telefono, created_at, direccion, fecha_nacimiento, genero, grupo_sanguineo, updated_at, usuario_id, rev, id) 
    values
        (?, ?, ?, ?, ?, ?, ?, ?, ?, ?, ?, ?, ?)
2026-07-09 00:52:07.824 DEBUG 15948 --- [restartedMain] org.hibernate.SQL                        : 
    insert 
    into
        usuarios_aud
        (revtype, activo, apellido, created_at, dni, email, foto_perfil, nombre, password, rol, telefono, updated_at, rev, id) 
    values
        (?, ?, ?, ?, ?, ?, ?, ?, ?, ?, ?, ?, ?, ?)
2026-07-09 00:52:07.824 DEBUG 15948 --- [restartedMain] org.hibernate.SQL                        : 
    insert 
    into
        pacientes_aud
        (revtype, contacto_emergencia_nombre, contacto_emergencia_parentesco, contacto_emergencia_telefono, created_at, direccion, fecha_nacimiento, genero, grupo_sanguineo, updated_at, usuario_id, rev, id) 
    values
        (?, ?, ?, ?, ?, ?, ?, ?, ?, ?, ?, ?, ?)
2026-07-09 00:52:07.825 DEBUG 15948 --- [restartedMain] org.hibernate.SQL                        : 
    insert 
    into
        medico_especialidades_aud
        (revtype, medico_id, rev, especialidad_id) 
    values
        (?, ?, ?, ?)
2026-07-09 00:52:07.825 DEBUG 15948 --- [restartedMain] org.hibernate.SQL                        : 
    insert 
    into
        medico_especialidades_aud
        (revtype, medico_id, rev, especialidad_id) 
    values
        (?, ?, ?, ?)
2026-07-09 00:52:07.825 DEBUG 15948 --- [restartedMain] org.hibernate.SQL                        : 
    insert 
    into
        medico_especialidades_aud
        (revtype, medico_id, rev, especialidad_id) 
    values
        (?, ?, ?, ?)
2026-07-09 00:52:07.826 DEBUG 15948 --- [restartedMain] org.hibernate.SQL                        : 
    insert 
    into
        medico_especialidades_aud
        (revtype, medico_id, rev, especialidad_id) 
    values
        (?, ?, ?, ?)
2026-07-09 00:52:07.826 DEBUG 15948 --- [restartedMain] org.hibernate.SQL                        : 
    insert 
    into
        medico_especialidades_aud
        (revtype, medico_id, rev, especialidad_id) 
    values
        (?, ?, ?, ?)
2026-07-09 00:52:07.826 DEBUG 15948 --- [restartedMain] org.hibernate.SQL                        : 
    insert 
    into
        medico_especialidades_aud
        (revtype, medico_id, rev, especialidad_id) 
    values
        (?, ?, ?, ?)
2026-07-09 00:52:07.826 DEBUG 15948 --- [restartedMain] org.hibernate.SQL                        : 
    insert 
    into
        medico_especialidades_aud
        (revtype, medico_id, rev, especialidad_id) 
    values
        (?, ?, ?, ?)
2026-07-09 00:52:07.827 DEBUG 15948 --- [restartedMain] org.hibernate.SQL                        : 
    insert 
    into
        medico_especialidades_aud
        (revtype, medico_id, rev, especialidad_id) 
    values
        (?, ?, ?, ?)
2026-07-09 00:52:07.827 DEBUG 15948 --- [restartedMain] org.hibernate.SQL                        : 
    insert 
    into
        medico_especialidades_aud
        (revtype, medico_id, rev, especialidad_id) 
    values
        (?, ?, ?, ?)
2026-07-09 00:52:07.827 DEBUG 15948 --- [restartedMain] org.hibernate.SQL                        : 
    insert 
    into
        medico_especialidades_aud
        (revtype, medico_id, rev, especialidad_id) 
    values
        (?, ?, ?, ?)
2026-07-09 00:52:07.830  INFO 15948 --- [restartedMain] .ConditionEvaluationDeltaLoggingListener : Condition evaluation unchanged
2026-07-09 00:52:15.774  INFO 15948 --- [File Watcher] rtingClassPathChangeChangedEventListener : Restarting due to 1 class path change (1 addition, 0 deletions, 0 modifications)
2026-07-09 00:52:15.777  INFO 15948 --- [Thread-7] o.s.b.w.e.tomcat.GracefulShutdown        : Commencing graceful shutdown. Waiting for active requests to complete
2026-07-09 00:52:15.780  INFO 15948 --- [tomcat-shutdown] o.s.b.w.e.tomcat.GracefulShutdown        : Graceful shutdown complete
2026-07-09 00:52:15.783  INFO 15948 --- [Thread-7] j.LocalContainerEntityManagerFactoryBean : Closing JPA EntityManagerFactory for persistence unit 'default'
2026-07-09 00:52:15.783 DEBUG 15948 --- [Thread-7] org.hibernate.SQL                        : 
    drop table if exists archivos_cita cascade 
2026-07-09 00:52:15.783 DEBUG 15948 --- [Thread-7] org.hibernate.SQL                        : 
    drop table if exists archivos_cita_aud cascade 
2026-07-09 00:52:15.784 DEBUG 15948 --- [Thread-7] org.hibernate.SQL                        : 
    drop table if exists citas cascade 
2026-07-09 00:52:15.784 DEBUG 15948 --- [Thread-7] org.hibernate.SQL                        : 
    drop table if exists citas_aud cascade 
2026-07-09 00:52:15.784 DEBUG 15948 --- [Thread-7] org.hibernate.SQL                        : 
    drop table if exists disponibilidad_medica cascade 
2026-07-09 00:52:15.786 DEBUG 15948 --- [Thread-7] org.hibernate.SQL                        : 
    drop table if exists especialidades cascade 
2026-07-09 00:52:15.786 DEBUG 15948 --- [Thread-7] org.hibernate.SQL                        : 
    drop table if exists especialidades_aud cascade 
2026-07-09 00:52:15.786 DEBUG 15948 --- [Thread-7] org.hibernate.SQL                        : 
    drop table if exists medico_especialidades cascade 
2026-07-09 00:52:15.786 DEBUG 15948 --- [Thread-7] org.hibernate.SQL                        : 
    drop table if exists medico_especialidades_aud cascade 
2026-07-09 00:52:15.787 DEBUG 15948 --- [Thread-7] org.hibernate.SQL                        : 
    drop table if exists medicos cascade 
2026-07-09 00:52:15.787 DEBUG 15948 --- [Thread-7] org.hibernate.SQL                        : 
    drop table if exists medicos_aud cascade 
2026-07-09 00:52:15.787 DEBUG 15948 --- [Thread-7] org.hibernate.SQL                        : 
    drop table if exists notificaciones cascade 
2026-07-09 00:52:15.787 DEBUG 15948 --- [Thread-7] org.hibernate.SQL                        : 
    drop table if exists pacientes cascade 
2026-07-09 00:52:15.788 DEBUG 15948 --- [Thread-7] org.hibernate.SQL                        : 
    drop table if exists pacientes_aud cascade 
2026-07-09 00:52:15.788 DEBUG 15948 --- [Thread-7] org.hibernate.SQL                        : 
    drop table if exists pagos cascade 
2026-07-09 00:52:15.788 DEBUG 15948 --- [Thread-7] org.hibernate.SQL                        : 
    drop table if exists pagos_aud cascade 
2026-07-09 00:52:15.788 DEBUG 15948 --- [Thread-7] org.hibernate.SQL                        : 
    drop table if exists revinfo cascade 
2026-07-09 00:52:15.788 DEBUG 15948 --- [Thread-7] org.hibernate.SQL                        : 
    drop table if exists usuarios cascade 
2026-07-09 00:52:15.788 DEBUG 15948 --- [Thread-7] org.hibernate.SQL                        : 
    drop table if exists usuarios_aud cascade 
2026-07-09 00:52:15.789  WARN 15948 --- [Thread-7] o.s.b.f.support.DisposableBeanAdapter    : Invocation of destroy method failed on bean with name 'inMemoryDatabaseShutdownExecutor': org.h2.jdbc.JdbcSQLNonTransientConnectionException: La base de datos ya esta cerrada (para des-habilitar el cerrado automatico durante el shutdown de la VM, agregue ";DB_CLOSE_ON_EXIT=FALSE" a la URL de conexión)
Database is already closed (to disable automatic closing at VM shutdown, add ";DB_CLOSE_ON_EXIT=FALSE" to the db URL) [90121-232]
2026-07-09 00:52:15.789  INFO 15948 --- [Thread-7] com.zaxxer.hikari.HikariDataSource       : HikariPool-2 - Shutdown initiated...
2026-07-09 00:52:15.790  INFO 15948 --- [Thread-7] com.zaxxer.hikari.HikariDataSource       : HikariPool-2 - Shutdown completed.
2026-07-09 00:52:15.859  INFO 15948 --- [restartedMain] com.sisol.salud.SisolSaludApplication    : Starting SisolSaludApplication using Java 21.0.10 with PID 15948 (C:\Users\fabri\OneDrive\Desktop\Repositorios\Proyecto-Integrador\target\classes started by fabri in C:\Users\fabri\OneDrive\Desktop\Repositorios\Proyecto-Integrador)
2026-07-09 00:52:15.861 DEBUG 15948 --- [restartedMain] com.sisol.salud.SisolSaludApplication    : Running with Spring Boot v3.5.9, Spring v6.2.15
2026-07-09 00:52:15.861  INFO 15948 --- [restartedMain] com.sisol.salud.SisolSaludApplication    : No active profile set, falling back to 1 default profile: "default"
2026-07-09 00:52:16.071  INFO 15948 --- [restartedMain] .s.d.r.c.RepositoryConfigurationDelegate : Bootstrapping Spring Data JPA repositories in DEFAULT mode.
2026-07-09 00:52:16.090  INFO 15948 --- [restartedMain] .s.d.r.c.RepositoryConfigurationDelegate : Finished Spring Data repository scanning in 18 ms. Found 9 JPA repository interfaces.
2026-07-09 00:52:16.148  INFO 15948 --- [restartedMain] o.s.b.w.embedded.tomcat.TomcatWebServer  : Tomcat initialized with port 8080 (http)
2026-07-09 00:52:16.148  INFO 15948 --- [restartedMain] o.apache.catalina.core.StandardService   : Starting service [Tomcat]
2026-07-09 00:52:16.148  INFO 15948 --- [restartedMain] o.apache.catalina.core.StandardEngine    : Starting Servlet engine: [Apache Tomcat/10.1.50]
2026-07-09 00:52:16.165  INFO 15948 --- [restartedMain] o.a.c.c.C.[Tomcat].[localhost].[/]       : Initializing Spring embedded WebApplicationContext
2026-07-09 00:52:16.165  INFO 15948 --- [restartedMain] w.s.c.ServletWebServerApplicationContext : Root WebApplicationContext: initialization completed in 303 ms
2026-07-09 00:52:16.195  INFO 15948 --- [restartedMain] o.hibernate.jpa.internal.util.LogHelper  : HHH000204: Processing PersistenceUnitInfo [name: default]
2026-07-09 00:52:16.199  INFO 15948 --- [restartedMain] o.h.c.internal.RegionFactoryInitiator    : HHH000026: Second-level cache disabled
2026-07-09 00:52:16.201  INFO 15948 --- [restartedMain] o.h.e.boot.internal.EnversServiceImpl    : Envers integration enabled? : true
2026-07-09 00:52:16.204  INFO 15948 --- [restartedMain] o.s.o.j.p.SpringPersistenceUnitInfo      : No LoadTimeWeaver setup: ignoring JPA class transformer
2026-07-09 00:52:16.206  INFO 15948 --- [restartedMain] com.zaxxer.hikari.HikariDataSource       : HikariPool-3 - Starting...
2026-07-09 00:52:16.208  INFO 15948 --- [restartedMain] com.zaxxer.hikari.pool.HikariPool        : HikariPool-3 - Added connection conn20: url=jdbc:h2:mem:sisoldb user=SA
2026-07-09 00:52:16.208  INFO 15948 --- [restartedMain] com.zaxxer.hikari.HikariDataSource       : HikariPool-3 - Start completed.
2026-07-09 00:52:16.208  WARN 15948 --- [restartedMain] org.hibernate.orm.deprecation            : HHH90000025: H2Dialect does not need to be specified explicitly using 'hibernate.dialect' (remove the property setting and it will be selected by default)
2026-07-09 00:52:16.208  INFO 15948 --- [restartedMain] org.hibernate.orm.connections.pooling    : HHH10001005: Database info:
	Database JDBC URL [Connecting through datasource 'HikariDataSource (HikariPool-3)']
	Database driver: undefined/unknown
	Database version: 2.3.232
	Autocommit mode: undefined/unknown
	Isolation level: undefined/unknown
	Minimum pool size: undefined/unknown
	Maximum pool size: undefined/unknown
2026-07-09 00:52:16.239  INFO 15948 --- [restartedMain] o.h.e.c.i.m.AuditMetadataGenerator       : Adding properties for entity: com.sisol.salud.model.entity.Cita
2026-07-09 00:52:16.239  INFO 15948 --- [restartedMain] o.h.e.c.i.m.AuditMetadataGenerator       : Adding properties for entity: com.sisol.salud.model.entity.Paciente
2026-07-09 00:52:16.239  INFO 15948 --- [restartedMain] o.h.e.c.i.m.AuditMetadataGenerator       : Adding properties for entity: com.sisol.salud.model.entity.Especialidad
2026-07-09 00:52:16.239  INFO 15948 --- [restartedMain] o.h.e.c.i.m.AuditMetadataGenerator       : Adding properties for entity: com.sisol.salud.model.entity.ArchivoCita
2026-07-09 00:52:16.239  INFO 15948 --- [restartedMain] o.h.e.c.i.m.AuditMetadataGenerator       : Adding properties for entity: com.sisol.salud.model.entity.Medico
2026-07-09 00:52:16.240  INFO 15948 --- [restartedMain] o.h.e.c.i.m.AuditMetadataGenerator       : Adding properties for entity: com.sisol.salud.model.entity.Pago
2026-07-09 00:52:16.240  INFO 15948 --- [restartedMain] o.h.e.c.i.m.AuditMetadataGenerator       : Adding properties for entity: com.sisol.salud.model.entity.Usuario
2026-07-09 00:52:16.342  INFO 15948 --- [restartedMain] o.h.e.t.j.p.i.JtaPlatformInitiator       : HHH000489: No JTA platform available (set 'hibernate.transaction.jta.platform' to enable JTA platform integration)
2026-07-09 00:52:16.342 DEBUG 15948 --- [restartedMain] org.hibernate.SQL                        : 
    drop table if exists archivos_cita cascade 
2026-07-09 00:52:16.343 DEBUG 15948 --- [restartedMain] org.hibernate.SQL                        : 
    drop table if exists archivos_cita_aud cascade 
2026-07-09 00:52:16.343 DEBUG 15948 --- [restartedMain] org.hibernate.SQL                        : 
    drop table if exists citas cascade 
2026-07-09 00:52:16.343 DEBUG 15948 --- [restartedMain] org.hibernate.SQL                        : 
    drop table if exists citas_aud cascade 
2026-07-09 00:52:16.343 DEBUG 15948 --- [restartedMain] org.hibernate.SQL                        : 
    drop table if exists disponibilidad_medica cascade 
2026-07-09 00:52:16.343 DEBUG 15948 --- [restartedMain] org.hibernate.SQL                        : 
    drop table if exists especialidades cascade 
2026-07-09 00:52:16.343 DEBUG 15948 --- [restartedMain] org.hibernate.SQL                        : 
    drop table if exists especialidades_aud cascade 
2026-07-09 00:52:16.344 DEBUG 15948 --- [restartedMain] org.hibernate.SQL                        : 
    drop table if exists medico_especialidades cascade 
2026-07-09 00:52:16.344 DEBUG 15948 --- [restartedMain] org.hibernate.SQL                        : 
    drop table if exists medico_especialidades_aud cascade 
2026-07-09 00:52:16.344 DEBUG 15948 --- [restartedMain] org.hibernate.SQL                        : 
    drop table if exists medicos cascade 
2026-07-09 00:52:16.344 DEBUG 15948 --- [restartedMain] org.hibernate.SQL                        : 
    drop table if exists medicos_aud cascade 
2026-07-09 00:52:16.344 DEBUG 15948 --- [restartedMain] org.hibernate.SQL                        : 
    drop table if exists notificaciones cascade 
2026-07-09 00:52:16.344 DEBUG 15948 --- [restartedMain] org.hibernate.SQL                        : 
    drop table if exists pacientes cascade 
2026-07-09 00:52:16.344 DEBUG 15948 --- [restartedMain] org.hibernate.SQL                        : 
    drop table if exists pacientes_aud cascade 
2026-07-09 00:52:16.344 DEBUG 15948 --- [restartedMain] org.hibernate.SQL                        : 
    drop table if exists pagos cascade 
2026-07-09 00:52:16.345 DEBUG 15948 --- [restartedMain] org.hibernate.SQL                        : 
    drop table if exists pagos_aud cascade 
2026-07-09 00:52:16.345 DEBUG 15948 --- [restartedMain] org.hibernate.SQL                        : 
    drop table if exists revinfo cascade 
2026-07-09 00:52:16.345 DEBUG 15948 --- [restartedMain] org.hibernate.SQL                        : 
    drop table if exists usuarios cascade 
2026-07-09 00:52:16.345 DEBUG 15948 --- [restartedMain] org.hibernate.SQL                        : 
    drop table if exists usuarios_aud cascade 
2026-07-09 00:52:16.345 DEBUG 15948 --- [restartedMain] org.hibernate.SQL                        : 
    create table archivos_cita (
        cita_id bigint not null,
        created_at timestamp(6),
        id bigint generated by default as identity,
        datos_base64 LONGTEXT not null,
        nombre_archivo varchar(255) not null,
        tipo_contenido varchar(255) not null,
        primary key (id)
    )
2026-07-09 00:52:16.346 DEBUG 15948 --- [restartedMain] org.hibernate.SQL                        : 
    create table archivos_cita_aud (
        rev integer not null,
        revtype tinyint,
        cita_id bigint,
        created_at timestamp(6),
        id bigint not null,
        datos_base64 LONGTEXT,
        nombre_archivo varchar(255),
        tipo_contenido varchar(255),
        primary key (rev, id)
    )
2026-07-09 00:52:16.347 DEBUG 15948 --- [restartedMain] org.hibernate.SQL                        : 
    create table citas (
        fecha date not null,
        hora_fin time(6) not null,
        hora_inicio time(6) not null,
        created_at timestamp(6),
        especialidad_id bigint not null,
        id bigint generated by default as identity,
        medico_id bigint not null,
        paciente_id bigint not null,
        updated_at timestamp(6),
        motivo_consulta varchar(500),
        observaciones TEXT,
        estado enum ('CANCELADA','COMPLETADA','CONFIRMADA','NO_ASISTIO','PENDIENTE') not null,
        primary key (id)
    )
2026-07-09 00:52:16.348 DEBUG 15948 --- [restartedMain] org.hibernate.SQL                        : 
    create table citas_aud (
        fecha date,
        hora_fin time(6),
        hora_inicio time(6),
        rev integer not null,
        revtype tinyint,
        created_at timestamp(6),
        especialidad_id bigint,
        id bigint not null,
        medico_id bigint,
        paciente_id bigint,
        updated_at timestamp(6),
        motivo_consulta varchar(500),
        observaciones TEXT,
        estado enum ('CANCELADA','COMPLETADA','CONFIRMADA','NO_ASISTIO','PENDIENTE'),
        primary key (rev, id)
    )
2026-07-09 00:52:16.349 DEBUG 15948 --- [restartedMain] org.hibernate.SQL                        : 
    create table disponibilidad_medica (
        activo boolean not null,
        duracion_consulta_min integer not null,
        hora_fin time(6) not null,
        hora_inicio time(6) not null,
        created_at timestamp(6),
        id bigint generated by default as identity,
        medico_id bigint not null,
        updated_at timestamp(6),
        dia_semana enum ('DOMINGO','JUEVES','LUNES','MARTES','MIERCOLES','SABADO','VIERNES') not null,
        primary key (id)
    )
2026-07-09 00:52:16.350 DEBUG 15948 --- [restartedMain] org.hibernate.SQL                        : 
    create table especialidades (
        activo boolean not null,
        costo numeric(10,2) not null,
        created_at timestamp(6),
        id bigint generated by default as identity,
        nombre varchar(100) not null unique,
        descripcion varchar(500),
        primary key (id)
    )
2026-07-09 00:52:16.350 DEBUG 15948 --- [restartedMain] org.hibernate.SQL                        : 
    create table especialidades_aud (
        activo boolean,
        costo numeric(10,2),
        rev integer not null,
        revtype tinyint,
        created_at timestamp(6),
        id bigint not null,
        nombre varchar(100),
        descripcion varchar(500),
        primary key (rev, id)
    )
2026-07-09 00:52:16.351 DEBUG 15948 --- [restartedMain] org.hibernate.SQL                        : 
    create table medico_especialidades (
        especialidad_id bigint not null,
        medico_id bigint not null,
        primary key (especialidad_id, medico_id)
    )
2026-07-09 00:52:16.351 DEBUG 15948 --- [restartedMain] org.hibernate.SQL                        : 
    create table medico_especialidades_aud (
        rev integer not null,
        revtype tinyint,
        especialidad_id bigint not null,
        medico_id bigint not null,
        primary key (rev, especialidad_id, medico_id)
    )
2026-07-09 00:52:16.352 DEBUG 15948 --- [restartedMain] org.hibernate.SQL                        : 
    create table medicos (
        created_at timestamp(6),
        id bigint generated by default as identity,
        updated_at timestamp(6),
        usuario_id bigint not null unique,
        numero_colegiatura varchar(20) not null unique,
        primary key (id)
    )
2026-07-09 00:52:16.353 DEBUG 15948 --- [restartedMain] org.hibernate.SQL                        : 
    create table medicos_aud (
        rev integer not null,
        revtype tinyint,
        created_at timestamp(6),
        id bigint not null,
        updated_at timestamp(6),
        usuario_id bigint,
        numero_colegiatura varchar(20),
        primary key (rev, id)
    )
2026-07-09 00:52:16.353 DEBUG 15948 --- [restartedMain] org.hibernate.SQL                        : 
    create table notificaciones (
        enviado boolean not null,
        cita_id bigint not null,
        created_at timestamp(6),
        fecha_envio timestamp(6),
        id bigint generated by default as identity,
        usuario_id bigint not null,
        asunto varchar(255) not null,
        mensaje TEXT not null,
        tipo enum ('EMAIL','SMS') not null,
        primary key (id)
    )
2026-07-09 00:52:16.354 DEBUG 15948 --- [restartedMain] org.hibernate.SQL                        : 
    create table pacientes (
        fecha_nacimiento date,
        grupo_sanguineo varchar(5),
        created_at timestamp(6),
        id bigint generated by default as identity,
        updated_at timestamp(6),
        usuario_id bigint not null unique,
        contacto_emergencia_telefono varchar(20),
        genero varchar(20),
        contacto_emergencia_parentesco varchar(50),
        contacto_emergencia_nombre varchar(150),
        direccion varchar(255),
        primary key (id)
    )
2026-07-09 00:52:16.355 DEBUG 15948 --- [restartedMain] org.hibernate.SQL                        : 
    create table pacientes_aud (
        fecha_nacimiento date,
        rev integer not null,
        revtype tinyint,
        grupo_sanguineo varchar(5),
        created_at timestamp(6),
        id bigint not null,
        updated_at timestamp(6),
        usuario_id bigint,
        contacto_emergencia_telefono varchar(20),
        genero varchar(20),
        contacto_emergencia_parentesco varchar(50),
        contacto_emergencia_nombre varchar(150),
        direccion varchar(255),
        primary key (rev, id)
    )
2026-07-09 00:52:16.355 DEBUG 15948 --- [restartedMain] org.hibernate.SQL                        : 
    create table pagos (
        monto numeric(10,2) not null,
        cita_id bigint not null unique,
        created_at timestamp(6),
        fecha_pago timestamp(6),
        id bigint generated by default as identity,
        paciente_id bigint not null,
        updated_at timestamp(6),
        referencia_pago varchar(100),
        notas varchar(500),
        estado_pago enum ('PAGADO','PENDIENTE','REEMBOLSADO') not null,
        metodo_pago enum ('EFECTIVO','PLIN','TARJETA_CREDITO','TARJETA_DEBITO','TRANSFERENCIA','YAPE') not null,
        primary key (id)
    )
2026-07-09 00:52:16.356 DEBUG 15948 --- [restartedMain] org.hibernate.SQL                        : 
    create table pagos_aud (
        monto numeric(10,2),
        rev integer not null,
        revtype tinyint,
        cita_id bigint,
        created_at timestamp(6),
        fecha_pago timestamp(6),
        id bigint not null,
        paciente_id bigint,
        updated_at timestamp(6),
        referencia_pago varchar(100),
        notas varchar(500),
        estado_pago enum ('PAGADO','PENDIENTE','REEMBOLSADO'),
        metodo_pago enum ('EFECTIVO','PLIN','TARJETA_CREDITO','TARJETA_DEBITO','TRANSFERENCIA','YAPE'),
        primary key (rev, id)
    )
2026-07-09 00:52:16.356 DEBUG 15948 --- [restartedMain] org.hibernate.SQL                        : 
    create table revinfo (
        rev integer generated by default as identity,
        revtstmp bigint,
        primary key (rev)
    )
2026-07-09 00:52:16.357 DEBUG 15948 --- [restartedMain] org.hibernate.SQL                        : 
    create table usuarios (
        activo boolean not null,
        created_at timestamp(6),
        id bigint generated by default as identity,
        updated_at timestamp(6),
        dni varchar(15) not null unique,
        telefono varchar(20),
        apellido varchar(100) not null,
        nombre varchar(100) not null,
        email varchar(150) not null unique,
        password varchar(255) not null,
        foto_perfil LONGTEXT,
        rol enum ('ADMIN','MEDICO','PACIENTE') not null,
        primary key (id)
    )
2026-07-09 00:52:16.358 DEBUG 15948 --- [restartedMain] org.hibernate.SQL                        : 
    create table usuarios_aud (
        activo boolean,
        rev integer not null,
        revtype tinyint,
        created_at timestamp(6),
        id bigint not null,
        updated_at timestamp(6),
        dni varchar(15),
        telefono varchar(20),
        apellido varchar(100),
        nombre varchar(100),
        email varchar(150),
        foto_perfil LONGTEXT,
        password varchar(255),
        rol enum ('ADMIN','MEDICO','PACIENTE'),
        primary key (rev, id)
    )
2026-07-09 00:52:16.358 DEBUG 15948 --- [restartedMain] org.hibernate.SQL                        : 
    alter table if exists archivos_cita 
       add constraint FK1umuq070au7vh5wi01xxw1d2x 
       foreign key (cita_id) 
       references citas
2026-07-09 00:52:16.359 DEBUG 15948 --- [restartedMain] org.hibernate.SQL                        : 
    alter table if exists archivos_cita_aud 
       add constraint FKgb95d0iif245d4wqkjxmkwd5u 
       foreign key (rev) 
       references revinfo
2026-07-09 00:52:16.360 DEBUG 15948 --- [restartedMain] org.hibernate.SQL                        : 
    alter table if exists citas 
       add constraint FKapkrvku8ylaqff5yx6gmv7hfb 
       foreign key (especialidad_id) 
       references especialidades
2026-07-09 00:52:16.361 DEBUG 15948 --- [restartedMain] org.hibernate.SQL                        : 
    alter table if exists citas 
       add constraint FKbfl57ey8hx1a3ubtrpy8x9ll 
       foreign key (medico_id) 
       references medicos
2026-07-09 00:52:16.362 DEBUG 15948 --- [restartedMain] org.hibernate.SQL                        : 
    alter table if exists citas 
       add constraint FKnqrsxxcuysfcxiekvixm7h8r1 
       foreign key (paciente_id) 
       references pacientes
2026-07-09 00:52:16.363 DEBUG 15948 --- [restartedMain] org.hibernate.SQL                        : 
    alter table if exists citas_aud 
       add constraint FK3qxb7u9ddr5a1v8iyp2ew7j7a 
       foreign key (rev) 
       references revinfo
2026-07-09 00:52:16.363 DEBUG 15948 --- [restartedMain] org.hibernate.SQL                        : 
    alter table if exists disponibilidad_medica 
       add constraint FK2gp5w61ar5b1ncquajq6jtxvx 
       foreign key (medico_id) 
       references medicos
2026-07-09 00:52:16.364 DEBUG 15948 --- [restartedMain] org.hibernate.SQL                        : 
    alter table if exists especialidades_aud 
       add constraint FK47semrxdveencd7ehm5mybrur 
       foreign key (rev) 
       references revinfo
2026-07-09 00:52:16.364 DEBUG 15948 --- [restartedMain] org.hibernate.SQL                        : 
    alter table if exists medico_especialidades 
       add constraint FKg053qn341nw53yhgoq1c2mjj0 
       foreign key (especialidad_id) 
       references especialidades
2026-07-09 00:52:16.364 DEBUG 15948 --- [restartedMain] org.hibernate.SQL                        : 
    alter table if exists medico_especialidades 
       add constraint FK7xw32fy03axlyq7bwcu476vl3 
       foreign key (medico_id) 
       references medicos
2026-07-09 00:52:16.364 DEBUG 15948 --- [restartedMain] org.hibernate.SQL                        : 
    alter table if exists medico_especialidades_aud 
       add constraint FK76j86sh57tifk0laqf5huqv9j 
       foreign key (rev) 
       references revinfo
2026-07-09 00:52:16.366 DEBUG 15948 --- [restartedMain] org.hibernate.SQL                        : 
    alter table if exists medicos 
       add constraint FKa0dd5a1r4o7vgnqr0aigr69td 
       foreign key (usuario_id) 
       references usuarios
2026-07-09 00:52:16.366 DEBUG 15948 --- [restartedMain] org.hibernate.SQL                        : 
    alter table if exists medicos_aud 
       add constraint FKcyfyosarrcjqc36531rjwa8f8 
       foreign key (rev) 
       references revinfo
2026-07-09 00:52:16.367 DEBUG 15948 --- [restartedMain] org.hibernate.SQL                        : 
    alter table if exists notificaciones 
       add constraint FKf6vsd72tpuysbhes31nygw0v0 
       foreign key (cita_id) 
       references citas
2026-07-09 00:52:16.367 DEBUG 15948 --- [restartedMain] org.hibernate.SQL                        : 
    alter table if exists notificaciones 
       add constraint FK1mxbjb81ft61gwlh0kabubndc 
       foreign key (usuario_id) 
       references usuarios
2026-07-09 00:52:16.368 DEBUG 15948 --- [restartedMain] org.hibernate.SQL                        : 
    alter table if exists pacientes 
       add constraint FK96vvhaactwhv7l8ymuq6b4r6j 
       foreign key (usuario_id) 
       references usuarios
2026-07-09 00:52:16.368 DEBUG 15948 --- [restartedMain] org.hibernate.SQL                        : 
    alter table if exists pacientes_aud 
       add constraint FK9mhanil692brifthmv83puxb3 
       foreign key (rev) 
       references revinfo
2026-07-09 00:52:16.368 DEBUG 15948 --- [restartedMain] org.hibernate.SQL                        : 
    alter table if exists pagos 
       add constraint FKdyyqrbd5gg0lhhcijte5qkt88 
       foreign key (cita_id) 
       references citas
2026-07-09 00:52:16.369 DEBUG 15948 --- [restartedMain] org.hibernate.SQL                        : 
    alter table if exists pagos 
       add constraint FKtrjk63m5s2jlwfdvx16p8ehbi 
       foreign key (paciente_id) 
       references pacientes
2026-07-09 00:52:16.369 DEBUG 15948 --- [restartedMain] org.hibernate.SQL                        : 
    alter table if exists pagos_aud 
       add constraint FKk5yir6kvro5c15qd8q5vacmtl 
       foreign key (rev) 
       references revinfo
2026-07-09 00:52:16.370 DEBUG 15948 --- [restartedMain] org.hibernate.SQL                        : 
    alter table if exists usuarios_aud 
       add constraint FKn9o74udlh4qxjv04akbysl83b 
       foreign key (rev) 
       references revinfo
2026-07-09 00:52:16.371  INFO 15948 --- [restartedMain] j.LocalContainerEntityManagerFactoryBean : Initialized JPA EntityManagerFactory for persistence unit 'default'
2026-07-09 00:52:16.396 DEBUG 15948 --- [restartedMain] c.s.s.s.jwt.JwtAuthenticationFilter      : Filter 'jwtAuthenticationFilter' configured for use
2026-07-09 00:52:16.439  INFO 15948 --- [restartedMain] eAuthenticationProviderManagerConfigurer : Global AuthenticationManager configured with AuthenticationProvider bean with name authenticationProvider
2026-07-09 00:52:16.439  WARN 15948 --- [restartedMain] r$InitializeUserDetailsManagerConfigurer : Global AuthenticationManager configured with an AuthenticationProvider bean. UserDetailsService beans will not be used by Spring Security for automatically configuring username/password login. Consider removing the AuthenticationProvider bean. Alternatively, consider using the UserDetailsService in a manually instantiated DaoAuthenticationProvider. If the current configuration is intentional, to turn off this warning, increase the logging level of 'org.springframework.security.config.annotation.authentication.configuration.InitializeUserDetailsBeanManagerConfigurer' to ERROR
2026-07-09 00:52:16.528  WARN 15948 --- [restartedMain] JpaBaseConfiguration$JpaWebConfiguration : spring.jpa.open-in-view is enabled by default. Therefore, database queries may be performed during view rendering. Explicitly configure spring.jpa.open-in-view to disable this warning
2026-07-09 00:52:16.533  INFO 15948 --- [restartedMain] o.s.b.a.w.s.WelcomePageHandlerMapping    : Adding welcome page template: index
2026-07-09 00:52:16.580  INFO 15948 --- [restartedMain] o.s.b.a.e.web.EndpointLinksResolver      : Exposing 5 endpoints beneath base path '/actuator'
2026-07-09 00:52:16.648  INFO 15948 --- [restartedMain] o.s.b.a.h2.H2ConsoleAutoConfiguration    : H2 console available at '/h2-console'. Database available at 'jdbc:h2:mem:sisoldb'
2026-07-09 00:52:16.653  INFO 15948 --- [restartedMain] o.s.b.d.a.OptionalLiveReloadServer       : LiveReload server is running on port 35729
2026-07-09 00:52:16.662  INFO 15948 --- [restartedMain] o.s.b.w.embedded.tomcat.TomcatWebServer  : Tomcat started on port 8080 (http) with context path '/'
2026-07-09 00:52:16.666  INFO 15948 --- [restartedMain] com.sisol.salud.SisolSaludApplication    : Started SisolSaludApplication in 0.827 seconds (process running for 1134.039)
2026-07-09 00:52:16.667  INFO 15948 --- [restartedMain] com.sisol.salud.config.DataSeeder        : Verificando librerías requeridas...
2026-07-09 00:52:16.667  INFO 15948 --- [restartedMain] com.sisol.salud.config.DataSeeder        : [Guava] Creada lista inmutable de 3 elementos
2026-07-09 00:52:16.667  INFO 15948 --- [restartedMain] com.sisol.salud.config.DataSeeder        : [Apache Commons] Código seguro generado: 3FHXASOIV5
2026-07-09 00:52:16.669  INFO 15948 --- [restartedMain] com.sisol.salud.config.DataSeeder        : [Apache POI] Archivo Excel estructurado y creado en memoria exitosamente.
2026-07-09 00:52:16.673 DEBUG 15948 --- [restartedMain] org.hibernate.SQL                        : 
    select
        count(*) 
    from
        especialidades e1_0
2026-07-09 00:52:16.675  INFO 15948 --- [restartedMain] com.sisol.salud.config.DataSeeder        : Sembrando base de datos desde 0 con 10 especialidades, 10 médicos y 2 pacientes...
2026-07-09 00:52:16.676 DEBUG 15948 --- [restartedMain] org.hibernate.SQL                        : 
    insert 
    into
        especialidades
        (activo, costo, created_at, descripcion, nombre, id) 
    values
        (?, ?, ?, ?, ?, default)
2026-07-09 00:52:16.728 DEBUG 15948 --- [restartedMain] org.hibernate.SQL                        : 
    insert 
    into
        usuarios
        (activo, apellido, created_at, dni, email, foto_perfil, nombre, password, rol, telefono, updated_at, id) 
    values
        (?, ?, ?, ?, ?, ?, ?, ?, ?, ?, ?, default)
2026-07-09 00:52:16.729 DEBUG 15948 --- [restartedMain] org.hibernate.SQL                        : 
    insert 
    into
        medicos
        (created_at, numero_colegiatura, updated_at, usuario_id, id) 
    values
        (?, ?, ?, ?, default)
2026-07-09 00:52:16.730 DEBUG 15948 --- [restartedMain] org.hibernate.SQL                        : 
    insert 
    into
        disponibilidad_medica
        (activo, created_at, dia_semana, duracion_consulta_min, hora_fin, hora_inicio, medico_id, updated_at, id) 
    values
        (?, ?, ?, ?, ?, ?, ?, ?, default)
2026-07-09 00:52:16.731 DEBUG 15948 --- [restartedMain] org.hibernate.SQL                        : 
    insert 
    into
        disponibilidad_medica
        (activo, created_at, dia_semana, duracion_consulta_min, hora_fin, hora_inicio, medico_id, updated_at, id) 
    values
        (?, ?, ?, ?, ?, ?, ?, ?, default)
2026-07-09 00:52:16.731 DEBUG 15948 --- [restartedMain] org.hibernate.SQL                        : 
    insert 
    into
        disponibilidad_medica
        (activo, created_at, dia_semana, duracion_consulta_min, hora_fin, hora_inicio, medico_id, updated_at, id) 
    values
        (?, ?, ?, ?, ?, ?, ?, ?, default)
2026-07-09 00:52:16.732 DEBUG 15948 --- [restartedMain] org.hibernate.SQL                        : 
    insert 
    into
        disponibilidad_medica
        (activo, created_at, dia_semana, duracion_consulta_min, hora_fin, hora_inicio, medico_id, updated_at, id) 
    values
        (?, ?, ?, ?, ?, ?, ?, ?, default)
2026-07-09 00:52:16.732 DEBUG 15948 --- [restartedMain] org.hibernate.SQL                        : 
    insert 
    into
        disponibilidad_medica
        (activo, created_at, dia_semana, duracion_consulta_min, hora_fin, hora_inicio, medico_id, updated_at, id) 
    values
        (?, ?, ?, ?, ?, ?, ?, ?, default)
2026-07-09 00:52:16.732 DEBUG 15948 --- [restartedMain] org.hibernate.SQL                        : 
    insert 
    into
        especialidades
        (activo, costo, created_at, descripcion, nombre, id) 
    values
        (?, ?, ?, ?, ?, default)
2026-07-09 00:52:16.783 DEBUG 15948 --- [restartedMain] org.hibernate.SQL                        : 
    insert 
    into
        usuarios
        (activo, apellido, created_at, dni, email, foto_perfil, nombre, password, rol, telefono, updated_at, id) 
    values
        (?, ?, ?, ?, ?, ?, ?, ?, ?, ?, ?, default)
2026-07-09 00:52:16.784 DEBUG 15948 --- [restartedMain] org.hibernate.SQL                        : 
    insert 
    into
        medicos
        (created_at, numero_colegiatura, updated_at, usuario_id, id) 
    values
        (?, ?, ?, ?, default)
2026-07-09 00:52:16.784 DEBUG 15948 --- [restartedMain] org.hibernate.SQL                        : 
    insert 
    into
        disponibilidad_medica
        (activo, created_at, dia_semana, duracion_consulta_min, hora_fin, hora_inicio, medico_id, updated_at, id) 
    values
        (?, ?, ?, ?, ?, ?, ?, ?, default)
2026-07-09 00:52:16.784 DEBUG 15948 --- [restartedMain] org.hibernate.SQL                        : 
    insert 
    into
        disponibilidad_medica
        (activo, created_at, dia_semana, duracion_consulta_min, hora_fin, hora_inicio, medico_id, updated_at, id) 
    values
        (?, ?, ?, ?, ?, ?, ?, ?, default)
2026-07-09 00:52:16.786 DEBUG 15948 --- [restartedMain] org.hibernate.SQL                        : 
    insert 
    into
        disponibilidad_medica
        (activo, created_at, dia_semana, duracion_consulta_min, hora_fin, hora_inicio, medico_id, updated_at, id) 
    values
        (?, ?, ?, ?, ?, ?, ?, ?, default)
2026-07-09 00:52:16.786 DEBUG 15948 --- [restartedMain] org.hibernate.SQL                        : 
    insert 
    into
        disponibilidad_medica
        (activo, created_at, dia_semana, duracion_consulta_min, hora_fin, hora_inicio, medico_id, updated_at, id) 
    values
        (?, ?, ?, ?, ?, ?, ?, ?, default)
2026-07-09 00:52:16.787 DEBUG 15948 --- [restartedMain] org.hibernate.SQL                        : 
    insert 
    into
        disponibilidad_medica
        (activo, created_at, dia_semana, duracion_consulta_min, hora_fin, hora_inicio, medico_id, updated_at, id) 
    values
        (?, ?, ?, ?, ?, ?, ?, ?, default)
2026-07-09 00:52:16.787 DEBUG 15948 --- [restartedMain] org.hibernate.SQL                        : 
    insert 
    into
        especialidades
        (activo, costo, created_at, descripcion, nombre, id) 
    values
        (?, ?, ?, ?, ?, default)
2026-07-09 00:52:16.837 DEBUG 15948 --- [restartedMain] org.hibernate.SQL                        : 
    insert 
    into
        usuarios
        (activo, apellido, created_at, dni, email, foto_perfil, nombre, password, rol, telefono, updated_at, id) 
    values
        (?, ?, ?, ?, ?, ?, ?, ?, ?, ?, ?, default)
2026-07-09 00:52:16.838 DEBUG 15948 --- [restartedMain] org.hibernate.SQL                        : 
    insert 
    into
        medicos
        (created_at, numero_colegiatura, updated_at, usuario_id, id) 
    values
        (?, ?, ?, ?, default)
2026-07-09 00:52:16.838 DEBUG 15948 --- [restartedMain] org.hibernate.SQL                        : 
    insert 
    into
        disponibilidad_medica
        (activo, created_at, dia_semana, duracion_consulta_min, hora_fin, hora_inicio, medico_id, updated_at, id) 
    values
        (?, ?, ?, ?, ?, ?, ?, ?, default)
2026-07-09 00:52:16.838 DEBUG 15948 --- [restartedMain] org.hibernate.SQL                        : 
    insert 
    into
        disponibilidad_medica
        (activo, created_at, dia_semana, duracion_consulta_min, hora_fin, hora_inicio, medico_id, updated_at, id) 
    values
        (?, ?, ?, ?, ?, ?, ?, ?, default)
2026-07-09 00:52:16.839 DEBUG 15948 --- [restartedMain] org.hibernate.SQL                        : 
    insert 
    into
        disponibilidad_medica
        (activo, created_at, dia_semana, duracion_consulta_min, hora_fin, hora_inicio, medico_id, updated_at, id) 
    values
        (?, ?, ?, ?, ?, ?, ?, ?, default)
2026-07-09 00:52:16.839 DEBUG 15948 --- [restartedMain] org.hibernate.SQL                        : 
    insert 
    into
        disponibilidad_medica
        (activo, created_at, dia_semana, duracion_consulta_min, hora_fin, hora_inicio, medico_id, updated_at, id) 
    values
        (?, ?, ?, ?, ?, ?, ?, ?, default)
2026-07-09 00:52:16.840 DEBUG 15948 --- [restartedMain] org.hibernate.SQL                        : 
    insert 
    into
        disponibilidad_medica
        (activo, created_at, dia_semana, duracion_consulta_min, hora_fin, hora_inicio, medico_id, updated_at, id) 
    values
        (?, ?, ?, ?, ?, ?, ?, ?, default)
2026-07-09 00:52:16.840 DEBUG 15948 --- [restartedMain] org.hibernate.SQL                        : 
    insert 
    into
        especialidades
        (activo, costo, created_at, descripcion, nombre, id) 
    values
        (?, ?, ?, ?, ?, default)
2026-07-09 00:52:16.890 DEBUG 15948 --- [restartedMain] org.hibernate.SQL                        : 
    insert 
    into
        usuarios
        (activo, apellido, created_at, dni, email, foto_perfil, nombre, password, rol, telefono, updated_at, id) 
    values
        (?, ?, ?, ?, ?, ?, ?, ?, ?, ?, ?, default)
2026-07-09 00:52:16.890 DEBUG 15948 --- [restartedMain] org.hibernate.SQL                        : 
    insert 
    into
        medicos
        (created_at, numero_colegiatura, updated_at, usuario_id, id) 
    values
        (?, ?, ?, ?, default)
2026-07-09 00:52:16.891 DEBUG 15948 --- [restartedMain] org.hibernate.SQL                        : 
    insert 
    into
        disponibilidad_medica
        (activo, created_at, dia_semana, duracion_consulta_min, hora_fin, hora_inicio, medico_id, updated_at, id) 
    values
        (?, ?, ?, ?, ?, ?, ?, ?, default)
2026-07-09 00:52:16.891 DEBUG 15948 --- [restartedMain] org.hibernate.SQL                        : 
    insert 
    into
        disponibilidad_medica
        (activo, created_at, dia_semana, duracion_consulta_min, hora_fin, hora_inicio, medico_id, updated_at, id) 
    values
        (?, ?, ?, ?, ?, ?, ?, ?, default)
2026-07-09 00:52:16.892 DEBUG 15948 --- [restartedMain] org.hibernate.SQL                        : 
    insert 
    into
        disponibilidad_medica
        (activo, created_at, dia_semana, duracion_consulta_min, hora_fin, hora_inicio, medico_id, updated_at, id) 
    values
        (?, ?, ?, ?, ?, ?, ?, ?, default)
2026-07-09 00:52:16.892 DEBUG 15948 --- [restartedMain] org.hibernate.SQL                        : 
    insert 
    into
        disponibilidad_medica
        (activo, created_at, dia_semana, duracion_consulta_min, hora_fin, hora_inicio, medico_id, updated_at, id) 
    values
        (?, ?, ?, ?, ?, ?, ?, ?, default)
2026-07-09 00:52:16.893 DEBUG 15948 --- [restartedMain] org.hibernate.SQL                        : 
    insert 
    into
        disponibilidad_medica
        (activo, created_at, dia_semana, duracion_consulta_min, hora_fin, hora_inicio, medico_id, updated_at, id) 
    values
        (?, ?, ?, ?, ?, ?, ?, ?, default)
2026-07-09 00:52:16.893 DEBUG 15948 --- [restartedMain] org.hibernate.SQL                        : 
    insert 
    into
        especialidades
        (activo, costo, created_at, descripcion, nombre, id) 
    values
        (?, ?, ?, ?, ?, default)
2026-07-09 00:52:16.942 DEBUG 15948 --- [restartedMain] org.hibernate.SQL                        : 
    insert 
    into
        usuarios
        (activo, apellido, created_at, dni, email, foto_perfil, nombre, password, rol, telefono, updated_at, id) 
    values
        (?, ?, ?, ?, ?, ?, ?, ?, ?, ?, ?, default)
2026-07-09 00:52:16.943 DEBUG 15948 --- [restartedMain] org.hibernate.SQL                        : 
    insert 
    into
        medicos
        (created_at, numero_colegiatura, updated_at, usuario_id, id) 
    values
        (?, ?, ?, ?, default)
2026-07-09 00:52:16.944 DEBUG 15948 --- [restartedMain] org.hibernate.SQL                        : 
    insert 
    into
        disponibilidad_medica
        (activo, created_at, dia_semana, duracion_consulta_min, hora_fin, hora_inicio, medico_id, updated_at, id) 
    values
        (?, ?, ?, ?, ?, ?, ?, ?, default)
2026-07-09 00:52:16.944 DEBUG 15948 --- [restartedMain] org.hibernate.SQL                        : 
    insert 
    into
        disponibilidad_medica
        (activo, created_at, dia_semana, duracion_consulta_min, hora_fin, hora_inicio, medico_id, updated_at, id) 
    values
        (?, ?, ?, ?, ?, ?, ?, ?, default)
2026-07-09 00:52:16.944 DEBUG 15948 --- [restartedMain] org.hibernate.SQL                        : 
    insert 
    into
        disponibilidad_medica
        (activo, created_at, dia_semana, duracion_consulta_min, hora_fin, hora_inicio, medico_id, updated_at, id) 
    values
        (?, ?, ?, ?, ?, ?, ?, ?, default)
2026-07-09 00:52:16.946 DEBUG 15948 --- [restartedMain] org.hibernate.SQL                        : 
    insert 
    into
        disponibilidad_medica
        (activo, created_at, dia_semana, duracion_consulta_min, hora_fin, hora_inicio, medico_id, updated_at, id) 
    values
        (?, ?, ?, ?, ?, ?, ?, ?, default)
2026-07-09 00:52:16.946 DEBUG 15948 --- [restartedMain] org.hibernate.SQL                        : 
    insert 
    into
        disponibilidad_medica
        (activo, created_at, dia_semana, duracion_consulta_min, hora_fin, hora_inicio, medico_id, updated_at, id) 
    values
        (?, ?, ?, ?, ?, ?, ?, ?, default)
2026-07-09 00:52:16.947 DEBUG 15948 --- [restartedMain] org.hibernate.SQL                        : 
    insert 
    into
        especialidades
        (activo, costo, created_at, descripcion, nombre, id) 
    values
        (?, ?, ?, ?, ?, default)
2026-07-09 00:52:16.998 DEBUG 15948 --- [restartedMain] org.hibernate.SQL                        : 
    insert 
    into
        usuarios
        (activo, apellido, created_at, dni, email, foto_perfil, nombre, password, rol, telefono, updated_at, id) 
    values
        (?, ?, ?, ?, ?, ?, ?, ?, ?, ?, ?, default)
2026-07-09 00:52:16.999 DEBUG 15948 --- [restartedMain] org.hibernate.SQL                        : 
    insert 
    into
        medicos
        (created_at, numero_colegiatura, updated_at, usuario_id, id) 
    values
        (?, ?, ?, ?, default)
2026-07-09 00:52:16.999 DEBUG 15948 --- [restartedMain] org.hibernate.SQL                        : 
    insert 
    into
        disponibilidad_medica
        (activo, created_at, dia_semana, duracion_consulta_min, hora_fin, hora_inicio, medico_id, updated_at, id) 
    values
        (?, ?, ?, ?, ?, ?, ?, ?, default)
2026-07-09 00:52:17.000 DEBUG 15948 --- [restartedMain] org.hibernate.SQL                        : 
    insert 
    into
        disponibilidad_medica
        (activo, created_at, dia_semana, duracion_consulta_min, hora_fin, hora_inicio, medico_id, updated_at, id) 
    values
        (?, ?, ?, ?, ?, ?, ?, ?, default)
2026-07-09 00:52:17.000 DEBUG 15948 --- [restartedMain] org.hibernate.SQL                        : 
    insert 
    into
        disponibilidad_medica
        (activo, created_at, dia_semana, duracion_consulta_min, hora_fin, hora_inicio, medico_id, updated_at, id) 
    values
        (?, ?, ?, ?, ?, ?, ?, ?, default)
2026-07-09 00:52:17.000 DEBUG 15948 --- [restartedMain] org.hibernate.SQL                        : 
    insert 
    into
        disponibilidad_medica
        (activo, created_at, dia_semana, duracion_consulta_min, hora_fin, hora_inicio, medico_id, updated_at, id) 
    values
        (?, ?, ?, ?, ?, ?, ?, ?, default)
2026-07-09 00:52:17.000 DEBUG 15948 --- [restartedMain] org.hibernate.SQL                        : 
    insert 
    into
        disponibilidad_medica
        (activo, created_at, dia_semana, duracion_consulta_min, hora_fin, hora_inicio, medico_id, updated_at, id) 
    values
        (?, ?, ?, ?, ?, ?, ?, ?, default)
2026-07-09 00:52:17.001 DEBUG 15948 --- [restartedMain] org.hibernate.SQL                        : 
    insert 
    into
        especialidades
        (activo, costo, created_at, descripcion, nombre, id) 
    values
        (?, ?, ?, ?, ?, default)
2026-07-09 00:52:17.053 DEBUG 15948 --- [restartedMain] org.hibernate.SQL                        : 
    insert 
    into
        usuarios
        (activo, apellido, created_at, dni, email, foto_perfil, nombre, password, rol, telefono, updated_at, id) 
    values
        (?, ?, ?, ?, ?, ?, ?, ?, ?, ?, ?, default)
2026-07-09 00:52:17.054 DEBUG 15948 --- [restartedMain] org.hibernate.SQL                        : 
    insert 
    into
        medicos
        (created_at, numero_colegiatura, updated_at, usuario_id, id) 
    values
        (?, ?, ?, ?, default)
2026-07-09 00:52:17.056 DEBUG 15948 --- [restartedMain] org.hibernate.SQL                        : 
    insert 
    into
        disponibilidad_medica
        (activo, created_at, dia_semana, duracion_consulta_min, hora_fin, hora_inicio, medico_id, updated_at, id) 
    values
        (?, ?, ?, ?, ?, ?, ?, ?, default)
2026-07-09 00:52:17.056 DEBUG 15948 --- [restartedMain] org.hibernate.SQL                        : 
    insert 
    into
        disponibilidad_medica
        (activo, created_at, dia_semana, duracion_consulta_min, hora_fin, hora_inicio, medico_id, updated_at, id) 
    values
        (?, ?, ?, ?, ?, ?, ?, ?, default)
2026-07-09 00:52:17.057 DEBUG 15948 --- [restartedMain] org.hibernate.SQL                        : 
    insert 
    into
        disponibilidad_medica
        (activo, created_at, dia_semana, duracion_consulta_min, hora_fin, hora_inicio, medico_id, updated_at, id) 
    values
        (?, ?, ?, ?, ?, ?, ?, ?, default)
2026-07-09 00:52:17.058 DEBUG 15948 --- [restartedMain] org.hibernate.SQL                        : 
    insert 
    into
        disponibilidad_medica
        (activo, created_at, dia_semana, duracion_consulta_min, hora_fin, hora_inicio, medico_id, updated_at, id) 
    values
        (?, ?, ?, ?, ?, ?, ?, ?, default)
2026-07-09 00:52:17.058 DEBUG 15948 --- [restartedMain] org.hibernate.SQL                        : 
    insert 
    into
        disponibilidad_medica
        (activo, created_at, dia_semana, duracion_consulta_min, hora_fin, hora_inicio, medico_id, updated_at, id) 
    values
        (?, ?, ?, ?, ?, ?, ?, ?, default)
2026-07-09 00:52:17.059 DEBUG 15948 --- [restartedMain] org.hibernate.SQL                        : 
    insert 
    into
        especialidades
        (activo, costo, created_at, descripcion, nombre, id) 
    values
        (?, ?, ?, ?, ?, default)
2026-07-09 00:52:17.111 DEBUG 15948 --- [restartedMain] org.hibernate.SQL                        : 
    insert 
    into
        usuarios
        (activo, apellido, created_at, dni, email, foto_perfil, nombre, password, rol, telefono, updated_at, id) 
    values
        (?, ?, ?, ?, ?, ?, ?, ?, ?, ?, ?, default)
2026-07-09 00:52:17.112 DEBUG 15948 --- [restartedMain] org.hibernate.SQL                        : 
    insert 
    into
        medicos
        (created_at, numero_colegiatura, updated_at, usuario_id, id) 
    values
        (?, ?, ?, ?, default)
2026-07-09 00:52:17.113 DEBUG 15948 --- [restartedMain] org.hibernate.SQL                        : 
    insert 
    into
        disponibilidad_medica
        (activo, created_at, dia_semana, duracion_consulta_min, hora_fin, hora_inicio, medico_id, updated_at, id) 
    values
        (?, ?, ?, ?, ?, ?, ?, ?, default)
2026-07-09 00:52:17.113 DEBUG 15948 --- [restartedMain] org.hibernate.SQL                        : 
    insert 
    into
        disponibilidad_medica
        (activo, created_at, dia_semana, duracion_consulta_min, hora_fin, hora_inicio, medico_id, updated_at, id) 
    values
        (?, ?, ?, ?, ?, ?, ?, ?, default)
2026-07-09 00:52:17.113 DEBUG 15948 --- [restartedMain] org.hibernate.SQL                        : 
    insert 
    into
        disponibilidad_medica
        (activo, created_at, dia_semana, duracion_consulta_min, hora_fin, hora_inicio, medico_id, updated_at, id) 
    values
        (?, ?, ?, ?, ?, ?, ?, ?, default)
2026-07-09 00:52:17.114 DEBUG 15948 --- [restartedMain] org.hibernate.SQL                        : 
    insert 
    into
        disponibilidad_medica
        (activo, created_at, dia_semana, duracion_consulta_min, hora_fin, hora_inicio, medico_id, updated_at, id) 
    values
        (?, ?, ?, ?, ?, ?, ?, ?, default)
2026-07-09 00:52:17.114 DEBUG 15948 --- [restartedMain] org.hibernate.SQL                        : 
    insert 
    into
        disponibilidad_medica
        (activo, created_at, dia_semana, duracion_consulta_min, hora_fin, hora_inicio, medico_id, updated_at, id) 
    values
        (?, ?, ?, ?, ?, ?, ?, ?, default)
2026-07-09 00:52:17.115 DEBUG 15948 --- [restartedMain] org.hibernate.SQL                        : 
    insert 
    into
        especialidades
        (activo, costo, created_at, descripcion, nombre, id) 
    values
        (?, ?, ?, ?, ?, default)
2026-07-09 00:52:17.167 DEBUG 15948 --- [restartedMain] org.hibernate.SQL                        : 
    insert 
    into
        usuarios
        (activo, apellido, created_at, dni, email, foto_perfil, nombre, password, rol, telefono, updated_at, id) 
    values
        (?, ?, ?, ?, ?, ?, ?, ?, ?, ?, ?, default)
2026-07-09 00:52:17.168 DEBUG 15948 --- [restartedMain] org.hibernate.SQL                        : 
    insert 
    into
        medicos
        (created_at, numero_colegiatura, updated_at, usuario_id, id) 
    values
        (?, ?, ?, ?, default)
2026-07-09 00:52:17.168 DEBUG 15948 --- [restartedMain] org.hibernate.SQL                        : 
    insert 
    into
        disponibilidad_medica
        (activo, created_at, dia_semana, duracion_consulta_min, hora_fin, hora_inicio, medico_id, updated_at, id) 
    values
        (?, ?, ?, ?, ?, ?, ?, ?, default)
2026-07-09 00:52:17.169 DEBUG 15948 --- [restartedMain] org.hibernate.SQL                        : 
    insert 
    into
        disponibilidad_medica
        (activo, created_at, dia_semana, duracion_consulta_min, hora_fin, hora_inicio, medico_id, updated_at, id) 
    values
        (?, ?, ?, ?, ?, ?, ?, ?, default)
2026-07-09 00:52:17.169 DEBUG 15948 --- [restartedMain] org.hibernate.SQL                        : 
    insert 
    into
        disponibilidad_medica
        (activo, created_at, dia_semana, duracion_consulta_min, hora_fin, hora_inicio, medico_id, updated_at, id) 
    values
        (?, ?, ?, ?, ?, ?, ?, ?, default)
2026-07-09 00:52:17.170 DEBUG 15948 --- [restartedMain] org.hibernate.SQL                        : 
    insert 
    into
        disponibilidad_medica
        (activo, created_at, dia_semana, duracion_consulta_min, hora_fin, hora_inicio, medico_id, updated_at, id) 
    values
        (?, ?, ?, ?, ?, ?, ?, ?, default)
2026-07-09 00:52:17.170 DEBUG 15948 --- [restartedMain] org.hibernate.SQL                        : 
    insert 
    into
        disponibilidad_medica
        (activo, created_at, dia_semana, duracion_consulta_min, hora_fin, hora_inicio, medico_id, updated_at, id) 
    values
        (?, ?, ?, ?, ?, ?, ?, ?, default)
2026-07-09 00:52:17.170 DEBUG 15948 --- [restartedMain] org.hibernate.SQL                        : 
    insert 
    into
        especialidades
        (activo, costo, created_at, descripcion, nombre, id) 
    values
        (?, ?, ?, ?, ?, default)
2026-07-09 00:52:17.221 DEBUG 15948 --- [restartedMain] org.hibernate.SQL                        : 
    insert 
    into
        usuarios
        (activo, apellido, created_at, dni, email, foto_perfil, nombre, password, rol, telefono, updated_at, id) 
    values
        (?, ?, ?, ?, ?, ?, ?, ?, ?, ?, ?, default)
2026-07-09 00:52:17.223 DEBUG 15948 --- [restartedMain] org.hibernate.SQL                        : 
    insert 
    into
        medicos
        (created_at, numero_colegiatura, updated_at, usuario_id, id) 
    values
        (?, ?, ?, ?, default)
2026-07-09 00:52:17.223 DEBUG 15948 --- [restartedMain] org.hibernate.SQL                        : 
    insert 
    into
        disponibilidad_medica
        (activo, created_at, dia_semana, duracion_consulta_min, hora_fin, hora_inicio, medico_id, updated_at, id) 
    values
        (?, ?, ?, ?, ?, ?, ?, ?, default)
2026-07-09 00:52:17.224 DEBUG 15948 --- [restartedMain] org.hibernate.SQL                        : 
    insert 
    into
        disponibilidad_medica
        (activo, created_at, dia_semana, duracion_consulta_min, hora_fin, hora_inicio, medico_id, updated_at, id) 
    values
        (?, ?, ?, ?, ?, ?, ?, ?, default)
2026-07-09 00:52:17.224 DEBUG 15948 --- [restartedMain] org.hibernate.SQL                        : 
    insert 
    into
        disponibilidad_medica
        (activo, created_at, dia_semana, duracion_consulta_min, hora_fin, hora_inicio, medico_id, updated_at, id) 
    values
        (?, ?, ?, ?, ?, ?, ?, ?, default)
2026-07-09 00:52:17.225 DEBUG 15948 --- [restartedMain] org.hibernate.SQL                        : 
    insert 
    into
        disponibilidad_medica
        (activo, created_at, dia_semana, duracion_consulta_min, hora_fin, hora_inicio, medico_id, updated_at, id) 
    values
        (?, ?, ?, ?, ?, ?, ?, ?, default)
2026-07-09 00:52:17.226 DEBUG 15948 --- [restartedMain] org.hibernate.SQL                        : 
    insert 
    into
        disponibilidad_medica
        (activo, created_at, dia_semana, duracion_consulta_min, hora_fin, hora_inicio, medico_id, updated_at, id) 
    values
        (?, ?, ?, ?, ?, ?, ?, ?, default)
2026-07-09 00:52:17.277 DEBUG 15948 --- [restartedMain] org.hibernate.SQL                        : 
    insert 
    into
        usuarios
        (activo, apellido, created_at, dni, email, foto_perfil, nombre, password, rol, telefono, updated_at, id) 
    values
        (?, ?, ?, ?, ?, ?, ?, ?, ?, ?, ?, default)
2026-07-09 00:52:17.278 DEBUG 15948 --- [restartedMain] org.hibernate.SQL                        : 
    insert 
    into
        pacientes
        (contacto_emergencia_nombre, contacto_emergencia_parentesco, contacto_emergencia_telefono, created_at, direccion, fecha_nacimiento, genero, grupo_sanguineo, updated_at, usuario_id, id) 
    values
        (?, ?, ?, ?, ?, ?, ?, ?, ?, ?, default)
2026-07-09 00:52:17.329 DEBUG 15948 --- [restartedMain] org.hibernate.SQL                        : 
    insert 
    into
        usuarios
        (activo, apellido, created_at, dni, email, foto_perfil, nombre, password, rol, telefono, updated_at, id) 
    values
        (?, ?, ?, ?, ?, ?, ?, ?, ?, ?, ?, default)
2026-07-09 00:52:17.330 DEBUG 15948 --- [restartedMain] org.hibernate.SQL                        : 
    insert 
    into
        pacientes
        (contacto_emergencia_nombre, contacto_emergencia_parentesco, contacto_emergencia_telefono, created_at, direccion, fecha_nacimiento, genero, grupo_sanguineo, updated_at, usuario_id, id) 
    values
        (?, ?, ?, ?, ?, ?, ?, ?, ?, ?, default)
2026-07-09 00:52:17.331  INFO 15948 --- [restartedMain] com.sisol.salud.config.DataSeeder        : ¡Sembrado completado con éxito!
2026-07-09 00:52:17.331  INFO 15948 --- [restartedMain] com.sisol.salud.config.DataSeeder        : Médicos de prueba (contraseña: 123456): medico0@sisol.com a medico9@sisol.com
2026-07-09 00:52:17.331  INFO 15948 --- [restartedMain] com.sisol.salud.config.DataSeeder        : Pacientes de prueba (contraseña: 123456): paciente1@sisol.com y paciente2@sisol.com
2026-07-09 00:52:17.332 DEBUG 15948 --- [restartedMain] org.hibernate.SQL                        : 
    insert 
    into
        medico_especialidades
        (medico_id, especialidad_id) 
    values
        (?, ?)
2026-07-09 00:52:17.332 DEBUG 15948 --- [restartedMain] org.hibernate.SQL                        : 
    insert 
    into
        medico_especialidades
        (medico_id, especialidad_id) 
    values
        (?, ?)
2026-07-09 00:52:17.333 DEBUG 15948 --- [restartedMain] org.hibernate.SQL                        : 
    insert 
    into
        medico_especialidades
        (medico_id, especialidad_id) 
    values
        (?, ?)
2026-07-09 00:52:17.333 DEBUG 15948 --- [restartedMain] org.hibernate.SQL                        : 
    insert 
    into
        medico_especialidades
        (medico_id, especialidad_id) 
    values
        (?, ?)
2026-07-09 00:52:17.333 DEBUG 15948 --- [restartedMain] org.hibernate.SQL                        : 
    insert 
    into
        medico_especialidades
        (medico_id, especialidad_id) 
    values
        (?, ?)
2026-07-09 00:52:17.333 DEBUG 15948 --- [restartedMain] org.hibernate.SQL                        : 
    insert 
    into
        medico_especialidades
        (medico_id, especialidad_id) 
    values
        (?, ?)
2026-07-09 00:52:17.334 DEBUG 15948 --- [restartedMain] org.hibernate.SQL                        : 
    insert 
    into
        medico_especialidades
        (medico_id, especialidad_id) 
    values
        (?, ?)
2026-07-09 00:52:17.334 DEBUG 15948 --- [restartedMain] org.hibernate.SQL                        : 
    insert 
    into
        medico_especialidades
        (medico_id, especialidad_id) 
    values
        (?, ?)
2026-07-09 00:52:17.334 DEBUG 15948 --- [restartedMain] org.hibernate.SQL                        : 
    insert 
    into
        medico_especialidades
        (medico_id, especialidad_id) 
    values
        (?, ?)
2026-07-09 00:52:17.334 DEBUG 15948 --- [restartedMain] org.hibernate.SQL                        : 
    insert 
    into
        medico_especialidades
        (medico_id, especialidad_id) 
    values
        (?, ?)
2026-07-09 00:52:17.334 DEBUG 15948 --- [restartedMain] org.hibernate.SQL                        : 
    insert 
    into
        revinfo
        (revtstmp, rev) 
    values
        (?, default)
2026-07-09 00:52:17.338 DEBUG 15948 --- [restartedMain] org.hibernate.SQL                        : 
    insert 
    into
        especialidades_aud
        (revtype, activo, costo, created_at, descripcion, nombre, rev, id) 
    values
        (?, ?, ?, ?, ?, ?, ?, ?)
2026-07-09 00:52:17.339 DEBUG 15948 --- [restartedMain] org.hibernate.SQL                        : 
    insert 
    into
        usuarios_aud
        (revtype, activo, apellido, created_at, dni, email, foto_perfil, nombre, password, rol, telefono, updated_at, rev, id) 
    values
        (?, ?, ?, ?, ?, ?, ?, ?, ?, ?, ?, ?, ?, ?)
2026-07-09 00:52:17.339 DEBUG 15948 --- [restartedMain] org.hibernate.SQL                        : 
    insert 
    into
        medicos_aud
        (revtype, created_at, numero_colegiatura, updated_at, usuario_id, rev, id) 
    values
        (?, ?, ?, ?, ?, ?, ?)
2026-07-09 00:52:17.339 DEBUG 15948 --- [restartedMain] org.hibernate.SQL                        : 
    insert 
    into
        especialidades_aud
        (revtype, activo, costo, created_at, descripcion, nombre, rev, id) 
    values
        (?, ?, ?, ?, ?, ?, ?, ?)
2026-07-09 00:52:17.340 DEBUG 15948 --- [restartedMain] org.hibernate.SQL                        : 
    insert 
    into
        usuarios_aud
        (revtype, activo, apellido, created_at, dni, email, foto_perfil, nombre, password, rol, telefono, updated_at, rev, id) 
    values
        (?, ?, ?, ?, ?, ?, ?, ?, ?, ?, ?, ?, ?, ?)
2026-07-09 00:52:17.340 DEBUG 15948 --- [restartedMain] org.hibernate.SQL                        : 
    insert 
    into
        medicos_aud
        (revtype, created_at, numero_colegiatura, updated_at, usuario_id, rev, id) 
    values
        (?, ?, ?, ?, ?, ?, ?)
2026-07-09 00:52:17.340 DEBUG 15948 --- [restartedMain] org.hibernate.SQL                        : 
    insert 
    into
        especialidades_aud
        (revtype, activo, costo, created_at, descripcion, nombre, rev, id) 
    values
        (?, ?, ?, ?, ?, ?, ?, ?)
2026-07-09 00:52:17.341 DEBUG 15948 --- [restartedMain] org.hibernate.SQL                        : 
    insert 
    into
        usuarios_aud
        (revtype, activo, apellido, created_at, dni, email, foto_perfil, nombre, password, rol, telefono, updated_at, rev, id) 
    values
        (?, ?, ?, ?, ?, ?, ?, ?, ?, ?, ?, ?, ?, ?)
2026-07-09 00:52:17.341 DEBUG 15948 --- [restartedMain] org.hibernate.SQL                        : 
    insert 
    into
        medicos_aud
        (revtype, created_at, numero_colegiatura, updated_at, usuario_id, rev, id) 
    values
        (?, ?, ?, ?, ?, ?, ?)
2026-07-09 00:52:17.341 DEBUG 15948 --- [restartedMain] org.hibernate.SQL                        : 
    insert 
    into
        especialidades_aud
        (revtype, activo, costo, created_at, descripcion, nombre, rev, id) 
    values
        (?, ?, ?, ?, ?, ?, ?, ?)
2026-07-09 00:52:17.341 DEBUG 15948 --- [restartedMain] org.hibernate.SQL                        : 
    insert 
    into
        usuarios_aud
        (revtype, activo, apellido, created_at, dni, email, foto_perfil, nombre, password, rol, telefono, updated_at, rev, id) 
    values
        (?, ?, ?, ?, ?, ?, ?, ?, ?, ?, ?, ?, ?, ?)
2026-07-09 00:52:17.342 DEBUG 15948 --- [restartedMain] org.hibernate.SQL                        : 
    insert 
    into
        medicos_aud
        (revtype, created_at, numero_colegiatura, updated_at, usuario_id, rev, id) 
    values
        (?, ?, ?, ?, ?, ?, ?)
2026-07-09 00:52:17.342 DEBUG 15948 --- [restartedMain] org.hibernate.SQL                        : 
    insert 
    into
        especialidades_aud
        (revtype, activo, costo, created_at, descripcion, nombre, rev, id) 
    values
        (?, ?, ?, ?, ?, ?, ?, ?)
2026-07-09 00:52:17.342 DEBUG 15948 --- [restartedMain] org.hibernate.SQL                        : 
    insert 
    into
        usuarios_aud
        (revtype, activo, apellido, created_at, dni, email, foto_perfil, nombre, password, rol, telefono, updated_at, rev, id) 
    values
        (?, ?, ?, ?, ?, ?, ?, ?, ?, ?, ?, ?, ?, ?)
2026-07-09 00:52:17.342 DEBUG 15948 --- [restartedMain] org.hibernate.SQL                        : 
    insert 
    into
        medicos_aud
        (revtype, created_at, numero_colegiatura, updated_at, usuario_id, rev, id) 
    values
        (?, ?, ?, ?, ?, ?, ?)
2026-07-09 00:52:17.343 DEBUG 15948 --- [restartedMain] org.hibernate.SQL                        : 
    insert 
    into
        especialidades_aud
        (revtype, activo, costo, created_at, descripcion, nombre, rev, id) 
    values
        (?, ?, ?, ?, ?, ?, ?, ?)
2026-07-09 00:52:17.343 DEBUG 15948 --- [restartedMain] org.hibernate.SQL                        : 
    insert 
    into
        usuarios_aud
        (revtype, activo, apellido, created_at, dni, email, foto_perfil, nombre, password, rol, telefono, updated_at, rev, id) 
    values
        (?, ?, ?, ?, ?, ?, ?, ?, ?, ?, ?, ?, ?, ?)
2026-07-09 00:52:17.343 DEBUG 15948 --- [restartedMain] org.hibernate.SQL                        : 
    insert 
    into
        medicos_aud
        (revtype, created_at, numero_colegiatura, updated_at, usuario_id, rev, id) 
    values
        (?, ?, ?, ?, ?, ?, ?)
2026-07-09 00:52:17.343 DEBUG 15948 --- [restartedMain] org.hibernate.SQL                        : 
    insert 
    into
        especialidades_aud
        (revtype, activo, costo, created_at, descripcion, nombre, rev, id) 
    values
        (?, ?, ?, ?, ?, ?, ?, ?)
2026-07-09 00:52:17.344 DEBUG 15948 --- [restartedMain] org.hibernate.SQL                        : 
    insert 
    into
        usuarios_aud
        (revtype, activo, apellido, created_at, dni, email, foto_perfil, nombre, password, rol, telefono, updated_at, rev, id) 
    values
        (?, ?, ?, ?, ?, ?, ?, ?, ?, ?, ?, ?, ?, ?)
2026-07-09 00:52:17.344 DEBUG 15948 --- [restartedMain] org.hibernate.SQL                        : 
    insert 
    into
        medicos_aud
        (revtype, created_at, numero_colegiatura, updated_at, usuario_id, rev, id) 
    values
        (?, ?, ?, ?, ?, ?, ?)
2026-07-09 00:52:17.344 DEBUG 15948 --- [restartedMain] org.hibernate.SQL                        : 
    insert 
    into
        especialidades_aud
        (revtype, activo, costo, created_at, descripcion, nombre, rev, id) 
    values
        (?, ?, ?, ?, ?, ?, ?, ?)
2026-07-09 00:52:17.344 DEBUG 15948 --- [restartedMain] org.hibernate.SQL                        : 
    insert 
    into
        usuarios_aud
        (revtype, activo, apellido, created_at, dni, email, foto_perfil, nombre, password, rol, telefono, updated_at, rev, id) 
    values
        (?, ?, ?, ?, ?, ?, ?, ?, ?, ?, ?, ?, ?, ?)
2026-07-09 00:52:17.345 DEBUG 15948 --- [restartedMain] org.hibernate.SQL                        : 
    insert 
    into
        medicos_aud
        (revtype, created_at, numero_colegiatura, updated_at, usuario_id, rev, id) 
    values
        (?, ?, ?, ?, ?, ?, ?)
2026-07-09 00:52:17.345 DEBUG 15948 --- [restartedMain] org.hibernate.SQL                        : 
    insert 
    into
        especialidades_aud
        (revtype, activo, costo, created_at, descripcion, nombre, rev, id) 
    values
        (?, ?, ?, ?, ?, ?, ?, ?)
2026-07-09 00:52:17.345 DEBUG 15948 --- [restartedMain] org.hibernate.SQL                        : 
    insert 
    into
        usuarios_aud
        (revtype, activo, apellido, created_at, dni, email, foto_perfil, nombre, password, rol, telefono, updated_at, rev, id) 
    values
        (?, ?, ?, ?, ?, ?, ?, ?, ?, ?, ?, ?, ?, ?)
2026-07-09 00:52:17.345 DEBUG 15948 --- [restartedMain] org.hibernate.SQL                        : 
    insert 
    into
        medicos_aud
        (revtype, created_at, numero_colegiatura, updated_at, usuario_id, rev, id) 
    values
        (?, ?, ?, ?, ?, ?, ?)
2026-07-09 00:52:17.346 DEBUG 15948 --- [restartedMain] org.hibernate.SQL                        : 
    insert 
    into
        especialidades_aud
        (revtype, activo, costo, created_at, descripcion, nombre, rev, id) 
    values
        (?, ?, ?, ?, ?, ?, ?, ?)
2026-07-09 00:52:17.346 DEBUG 15948 --- [restartedMain] org.hibernate.SQL                        : 
    insert 
    into
        usuarios_aud
        (revtype, activo, apellido, created_at, dni, email, foto_perfil, nombre, password, rol, telefono, updated_at, rev, id) 
    values
        (?, ?, ?, ?, ?, ?, ?, ?, ?, ?, ?, ?, ?, ?)
2026-07-09 00:52:17.346 DEBUG 15948 --- [restartedMain] org.hibernate.SQL                        : 
    insert 
    into
        medicos_aud
        (revtype, created_at, numero_colegiatura, updated_at, usuario_id, rev, id) 
    values
        (?, ?, ?, ?, ?, ?, ?)
2026-07-09 00:52:17.347 DEBUG 15948 --- [restartedMain] org.hibernate.SQL                        : 
    insert 
    into
        usuarios_aud
        (revtype, activo, apellido, created_at, dni, email, foto_perfil, nombre, password, rol, telefono, updated_at, rev, id) 
    values
        (?, ?, ?, ?, ?, ?, ?, ?, ?, ?, ?, ?, ?, ?)
2026-07-09 00:52:17.347 DEBUG 15948 --- [restartedMain] org.hibernate.SQL                        : 
    insert 
    into
        pacientes_aud
        (revtype, contacto_emergencia_nombre, contacto_emergencia_parentesco, contacto_emergencia_telefono, created_at, direccion, fecha_nacimiento, genero, grupo_sanguineo, updated_at, usuario_id, rev, id) 
    values
        (?, ?, ?, ?, ?, ?, ?, ?, ?, ?, ?, ?, ?)
2026-07-09 00:52:17.347 DEBUG 15948 --- [restartedMain] org.hibernate.SQL                        : 
    insert 
    into
        usuarios_aud
        (revtype, activo, apellido, created_at, dni, email, foto_perfil, nombre, password, rol, telefono, updated_at, rev, id) 
    values
        (?, ?, ?, ?, ?, ?, ?, ?, ?, ?, ?, ?, ?, ?)
2026-07-09 00:52:17.348 DEBUG 15948 --- [restartedMain] org.hibernate.SQL                        : 
    insert 
    into
        pacientes_aud
        (revtype, contacto_emergencia_nombre, contacto_emergencia_parentesco, contacto_emergencia_telefono, created_at, direccion, fecha_nacimiento, genero, grupo_sanguineo, updated_at, usuario_id, rev, id) 
    values
        (?, ?, ?, ?, ?, ?, ?, ?, ?, ?, ?, ?, ?)
2026-07-09 00:52:17.348 DEBUG 15948 --- [restartedMain] org.hibernate.SQL                        : 
    insert 
    into
        medico_especialidades_aud
        (revtype, medico_id, rev, especialidad_id) 
    values
        (?, ?, ?, ?)
2026-07-09 00:52:17.348 DEBUG 15948 --- [restartedMain] org.hibernate.SQL                        : 
    insert 
    into
        medico_especialidades_aud
        (revtype, medico_id, rev, especialidad_id) 
    values
        (?, ?, ?, ?)
2026-07-09 00:52:17.348 DEBUG 15948 --- [restartedMain] org.hibernate.SQL                        : 
    insert 
    into
        medico_especialidades_aud
        (revtype, medico_id, rev, especialidad_id) 
    values
        (?, ?, ?, ?)
2026-07-09 00:52:17.349 DEBUG 15948 --- [restartedMain] org.hibernate.SQL                        : 
    insert 
    into
        medico_especialidades_aud
        (revtype, medico_id, rev, especialidad_id) 
    values
        (?, ?, ?, ?)
2026-07-09 00:52:17.349 DEBUG 15948 --- [restartedMain] org.hibernate.SQL                        : 
    insert 
    into
        medico_especialidades_aud
        (revtype, medico_id, rev, especialidad_id) 
    values
        (?, ?, ?, ?)
2026-07-09 00:52:17.349 DEBUG 15948 --- [restartedMain] org.hibernate.SQL                        : 
    insert 
    into
        medico_especialidades_aud
        (revtype, medico_id, rev, especialidad_id) 
    values
        (?, ?, ?, ?)
2026-07-09 00:52:17.349 DEBUG 15948 --- [restartedMain] org.hibernate.SQL                        : 
    insert 
    into
        medico_especialidades_aud
        (revtype, medico_id, rev, especialidad_id) 
    values
        (?, ?, ?, ?)
2026-07-09 00:52:17.349 DEBUG 15948 --- [restartedMain] org.hibernate.SQL                        : 
    insert 
    into
        medico_especialidades_aud
        (revtype, medico_id, rev, especialidad_id) 
    values
        (?, ?, ?, ?)
2026-07-09 00:52:17.350 DEBUG 15948 --- [restartedMain] org.hibernate.SQL                        : 
    insert 
    into
        medico_especialidades_aud
        (revtype, medico_id, rev, especialidad_id) 
    values
        (?, ?, ?, ?)
2026-07-09 00:52:17.350 DEBUG 15948 --- [restartedMain] org.hibernate.SQL                        : 
    insert 
    into
        medico_especialidades_aud
        (revtype, medico_id, rev, especialidad_id) 
    values
        (?, ?, ?, ?)
2026-07-09 00:52:17.351  INFO 15948 --- [restartedMain] .ConditionEvaluationDeltaLoggingListener : Condition evaluation unchanged
2026-07-09 00:52:26.368  INFO 15948 --- [File Watcher] rtingClassPathChangeChangedEventListener : Restarting due to 2 class path changes (0 additions, 0 deletions, 2 modifications)
2026-07-09 00:52:26.369  INFO 15948 --- [Thread-12] o.s.b.w.e.tomcat.GracefulShutdown        : Commencing graceful shutdown. Waiting for active requests to complete
2026-07-09 00:52:26.374  INFO 15948 --- [tomcat-shutdown] o.s.b.w.e.tomcat.GracefulShutdown        : Graceful shutdown complete
2026-07-09 00:52:26.377  INFO 15948 --- [Thread-12] j.LocalContainerEntityManagerFactoryBean : Closing JPA EntityManagerFactory for persistence unit 'default'
2026-07-09 00:52:26.378 DEBUG 15948 --- [Thread-12] org.hibernate.SQL                        : 
    drop table if exists archivos_cita cascade 
2026-07-09 00:52:26.378 DEBUG 15948 --- [Thread-12] org.hibernate.SQL                        : 
    drop table if exists archivos_cita_aud cascade 
2026-07-09 00:52:26.379 DEBUG 15948 --- [Thread-12] org.hibernate.SQL                        : 
    drop table if exists citas cascade 
2026-07-09 00:52:26.379 DEBUG 15948 --- [Thread-12] org.hibernate.SQL                        : 
    drop table if exists citas_aud cascade 
2026-07-09 00:52:26.379 DEBUG 15948 --- [Thread-12] org.hibernate.SQL                        : 
    drop table if exists disponibilidad_medica cascade 
2026-07-09 00:52:26.380 DEBUG 15948 --- [Thread-12] org.hibernate.SQL                        : 
    drop table if exists especialidades cascade 
2026-07-09 00:52:26.381 DEBUG 15948 --- [Thread-12] org.hibernate.SQL                        : 
    drop table if exists especialidades_aud cascade 
2026-07-09 00:52:26.382 DEBUG 15948 --- [Thread-12] org.hibernate.SQL                        : 
    drop table if exists medico_especialidades cascade 
2026-07-09 00:52:26.382 DEBUG 15948 --- [Thread-12] org.hibernate.SQL                        : 
    drop table if exists medico_especialidades_aud cascade 
2026-07-09 00:52:26.383 DEBUG 15948 --- [Thread-12] org.hibernate.SQL                        : 
    drop table if exists medicos cascade 
2026-07-09 00:52:26.383 DEBUG 15948 --- [Thread-12] org.hibernate.SQL                        : 
    drop table if exists medicos_aud cascade 
2026-07-09 00:52:26.384 DEBUG 15948 --- [Thread-12] org.hibernate.SQL                        : 
    drop table if exists notificaciones cascade 
2026-07-09 00:52:26.384 DEBUG 15948 --- [Thread-12] org.hibernate.SQL                        : 
    drop table if exists pacientes cascade 
2026-07-09 00:52:26.385 DEBUG 15948 --- [Thread-12] org.hibernate.SQL                        : 
    drop table if exists pacientes_aud cascade 
2026-07-09 00:52:26.386 DEBUG 15948 --- [Thread-12] org.hibernate.SQL                        : 
    drop table if exists pagos cascade 
2026-07-09 00:52:26.386 DEBUG 15948 --- [Thread-12] org.hibernate.SQL                        : 
    drop table if exists pagos_aud cascade 
2026-07-09 00:52:26.386 DEBUG 15948 --- [Thread-12] org.hibernate.SQL                        : 
    drop table if exists revinfo cascade 
2026-07-09 00:52:26.387 DEBUG 15948 --- [Thread-12] org.hibernate.SQL                        : 
    drop table if exists usuarios cascade 
2026-07-09 00:52:26.387 DEBUG 15948 --- [Thread-12] org.hibernate.SQL                        : 
    drop table if exists usuarios_aud cascade 
2026-07-09 00:52:26.388  WARN 15948 --- [Thread-12] o.s.b.f.support.DisposableBeanAdapter    : Invocation of destroy method failed on bean with name 'inMemoryDatabaseShutdownExecutor': org.h2.jdbc.JdbcSQLNonTransientConnectionException: La base de datos ya esta cerrada (para des-habilitar el cerrado automatico durante el shutdown de la VM, agregue ";DB_CLOSE_ON_EXIT=FALSE" a la URL de conexión)
Database is already closed (to disable automatic closing at VM shutdown, add ";DB_CLOSE_ON_EXIT=FALSE" to the db URL) [90121-232]
2026-07-09 00:52:26.389  INFO 15948 --- [Thread-12] com.zaxxer.hikari.HikariDataSource       : HikariPool-3 - Shutdown initiated...
2026-07-09 00:52:26.389  INFO 15948 --- [Thread-12] com.zaxxer.hikari.HikariDataSource       : HikariPool-3 - Shutdown completed.
2026-07-09 00:52:26.501  INFO 15948 --- [restartedMain] com.sisol.salud.SisolSaludApplication    : Starting SisolSaludApplication using Java 21.0.10 with PID 15948 (C:\Users\fabri\OneDrive\Desktop\Repositorios\Proyecto-Integrador\target\classes started by fabri in C:\Users\fabri\OneDrive\Desktop\Repositorios\Proyecto-Integrador)
2026-07-09 00:52:26.502 DEBUG 15948 --- [restartedMain] com.sisol.salud.SisolSaludApplication    : Running with Spring Boot v3.5.9, Spring v6.2.15
2026-07-09 00:52:26.502  INFO 15948 --- [restartedMain] com.sisol.salud.SisolSaludApplication    : No active profile set, falling back to 1 default profile: "default"
2026-07-09 00:52:26.919  INFO 15948 --- [restartedMain] .s.d.r.c.RepositoryConfigurationDelegate : Bootstrapping Spring Data JPA repositories in DEFAULT mode.
2026-07-09 00:52:26.945  INFO 15948 --- [restartedMain] .s.d.r.c.RepositoryConfigurationDelegate : Finished Spring Data repository scanning in 24 ms. Found 9 JPA repository interfaces.
2026-07-09 00:52:27.004  INFO 15948 --- [restartedMain] o.s.b.w.embedded.tomcat.TomcatWebServer  : Tomcat initialized with port 8080 (http)
2026-07-09 00:52:27.004  INFO 15948 --- [restartedMain] o.apache.catalina.core.StandardService   : Starting service [Tomcat]
2026-07-09 00:52:27.004  INFO 15948 --- [restartedMain] o.apache.catalina.core.StandardEngine    : Starting Servlet engine: [Apache Tomcat/10.1.50]
2026-07-09 00:52:27.022  INFO 15948 --- [restartedMain] o.a.c.c.C.[Tomcat].[localhost].[/]       : Initializing Spring embedded WebApplicationContext
2026-07-09 00:52:27.022  INFO 15948 --- [restartedMain] w.s.c.ServletWebServerApplicationContext : Root WebApplicationContext: initialization completed in 518 ms
2026-07-09 00:52:27.052  INFO 15948 --- [restartedMain] o.hibernate.jpa.internal.util.LogHelper  : HHH000204: Processing PersistenceUnitInfo [name: default]
2026-07-09 00:52:27.058  INFO 15948 --- [restartedMain] o.h.c.internal.RegionFactoryInitiator    : HHH000026: Second-level cache disabled
2026-07-09 00:52:27.060  INFO 15948 --- [restartedMain] o.h.e.boot.internal.EnversServiceImpl    : Envers integration enabled? : true
2026-07-09 00:52:27.064  INFO 15948 --- [restartedMain] o.s.o.j.p.SpringPersistenceUnitInfo      : No LoadTimeWeaver setup: ignoring JPA class transformer
2026-07-09 00:52:27.065  INFO 15948 --- [restartedMain] com.zaxxer.hikari.HikariDataSource       : HikariPool-4 - Starting...
2026-07-09 00:52:27.067  INFO 15948 --- [restartedMain] com.zaxxer.hikari.pool.HikariPool        : HikariPool-4 - Added connection conn30: url=jdbc:h2:mem:sisoldb user=SA
2026-07-09 00:52:27.067  INFO 15948 --- [restartedMain] com.zaxxer.hikari.HikariDataSource       : HikariPool-4 - Start completed.
2026-07-09 00:52:27.067  WARN 15948 --- [restartedMain] org.hibernate.orm.deprecation            : HHH90000025: H2Dialect does not need to be specified explicitly using 'hibernate.dialect' (remove the property setting and it will be selected by default)
2026-07-09 00:52:27.068  INFO 15948 --- [restartedMain] org.hibernate.orm.connections.pooling    : HHH10001005: Database info:
	Database JDBC URL [Connecting through datasource 'HikariDataSource (HikariPool-4)']
	Database driver: undefined/unknown
	Database version: 2.3.232
	Autocommit mode: undefined/unknown
	Isolation level: undefined/unknown
	Minimum pool size: undefined/unknown
	Maximum pool size: undefined/unknown
2026-07-09 00:52:27.097  INFO 15948 --- [restartedMain] o.h.e.c.i.m.AuditMetadataGenerator       : Adding properties for entity: com.sisol.salud.model.entity.Cita
2026-07-09 00:52:27.098  INFO 15948 --- [restartedMain] o.h.e.c.i.m.AuditMetadataGenerator       : Adding properties for entity: com.sisol.salud.model.entity.Paciente
2026-07-09 00:52:27.098  INFO 15948 --- [restartedMain] o.h.e.c.i.m.AuditMetadataGenerator       : Adding properties for entity: com.sisol.salud.model.entity.Especialidad
2026-07-09 00:52:27.099  INFO 15948 --- [restartedMain] o.h.e.c.i.m.AuditMetadataGenerator       : Adding properties for entity: com.sisol.salud.model.entity.ArchivoCita
2026-07-09 00:52:27.099  INFO 15948 --- [restartedMain] o.h.e.c.i.m.AuditMetadataGenerator       : Adding properties for entity: com.sisol.salud.model.entity.Medico
2026-07-09 00:52:27.099  INFO 15948 --- [restartedMain] o.h.e.c.i.m.AuditMetadataGenerator       : Adding properties for entity: com.sisol.salud.model.entity.Pago
2026-07-09 00:52:27.099  INFO 15948 --- [restartedMain] o.h.e.c.i.m.AuditMetadataGenerator       : Adding properties for entity: com.sisol.salud.model.entity.Usuario
2026-07-09 00:52:27.247  INFO 15948 --- [restartedMain] o.h.e.t.j.p.i.JtaPlatformInitiator       : HHH000489: No JTA platform available (set 'hibernate.transaction.jta.platform' to enable JTA platform integration)
2026-07-09 00:52:27.247 DEBUG 15948 --- [restartedMain] org.hibernate.SQL                        : 
    drop table if exists archivos_cita cascade 
2026-07-09 00:52:27.248 DEBUG 15948 --- [restartedMain] org.hibernate.SQL                        : 
    drop table if exists archivos_cita_aud cascade 
2026-07-09 00:52:27.248 DEBUG 15948 --- [restartedMain] org.hibernate.SQL                        : 
    drop table if exists citas cascade 
2026-07-09 00:52:27.248 DEBUG 15948 --- [restartedMain] org.hibernate.SQL                        : 
    drop table if exists citas_aud cascade 
2026-07-09 00:52:27.249 DEBUG 15948 --- [restartedMain] org.hibernate.SQL                        : 
    drop table if exists disponibilidad_medica cascade 
2026-07-09 00:52:27.249 DEBUG 15948 --- [restartedMain] org.hibernate.SQL                        : 
    drop table if exists especialidades cascade 
2026-07-09 00:52:27.249 DEBUG 15948 --- [restartedMain] org.hibernate.SQL                        : 
    drop table if exists especialidades_aud cascade 
2026-07-09 00:52:27.249 DEBUG 15948 --- [restartedMain] org.hibernate.SQL                        : 
    drop table if exists medico_especialidades cascade 
2026-07-09 00:52:27.250 DEBUG 15948 --- [restartedMain] org.hibernate.SQL                        : 
    drop table if exists medico_especialidades_aud cascade 
2026-07-09 00:52:27.250 DEBUG 15948 --- [restartedMain] org.hibernate.SQL                        : 
    drop table if exists medicos cascade 
2026-07-09 00:52:27.250 DEBUG 15948 --- [restartedMain] org.hibernate.SQL                        : 
    drop table if exists medicos_aud cascade 
2026-07-09 00:52:27.250 DEBUG 15948 --- [restartedMain] org.hibernate.SQL                        : 
    drop table if exists notificaciones cascade 
2026-07-09 00:52:27.251 DEBUG 15948 --- [restartedMain] org.hibernate.SQL                        : 
    drop table if exists pacientes cascade 
2026-07-09 00:52:27.251 DEBUG 15948 --- [restartedMain] org.hibernate.SQL                        : 
    drop table if exists pacientes_aud cascade 
2026-07-09 00:52:27.251 DEBUG 15948 --- [restartedMain] org.hibernate.SQL                        : 
    drop table if exists pagos cascade 
2026-07-09 00:52:27.251 DEBUG 15948 --- [restartedMain] org.hibernate.SQL                        : 
    drop table if exists pagos_aud cascade 
2026-07-09 00:52:27.251 DEBUG 15948 --- [restartedMain] org.hibernate.SQL                        : 
    drop table if exists revinfo cascade 
2026-07-09 00:52:27.252 DEBUG 15948 --- [restartedMain] org.hibernate.SQL                        : 
    drop table if exists usuarios cascade 
2026-07-09 00:52:27.252 DEBUG 15948 --- [restartedMain] org.hibernate.SQL                        : 
    drop table if exists usuarios_aud cascade 
2026-07-09 00:52:27.253 DEBUG 15948 --- [restartedMain] org.hibernate.SQL                        : 
    create table archivos_cita (
        cita_id bigint not null,
        created_at timestamp(6),
        id bigint generated by default as identity,
        datos_base64 LONGTEXT not null,
        nombre_archivo varchar(255) not null,
        tipo_contenido varchar(255) not null,
        primary key (id)
    )
2026-07-09 00:52:27.253 DEBUG 15948 --- [restartedMain] org.hibernate.SQL                        : 
    create table archivos_cita_aud (
        rev integer not null,
        revtype tinyint,
        cita_id bigint,
        created_at timestamp(6),
        id bigint not null,
        datos_base64 LONGTEXT,
        nombre_archivo varchar(255),
        tipo_contenido varchar(255),
        primary key (rev, id)
    )
2026-07-09 00:52:27.254 DEBUG 15948 --- [restartedMain] org.hibernate.SQL                        : 
    create table citas (
        fecha date not null,
        hora_fin time(6) not null,
        hora_inicio time(6) not null,
        created_at timestamp(6),
        especialidad_id bigint not null,
        id bigint generated by default as identity,
        medico_id bigint not null,
        paciente_id bigint not null,
        updated_at timestamp(6),
        motivo_consulta varchar(500),
        observaciones TEXT,
        estado enum ('CANCELADA','COMPLETADA','CONFIRMADA','NO_ASISTIO','PENDIENTE') not null,
        primary key (id)
    )
2026-07-09 00:52:27.254 DEBUG 15948 --- [restartedMain] org.hibernate.SQL                        : 
    create table citas_aud (
        fecha date,
        hora_fin time(6),
        hora_inicio time(6),
        rev integer not null,
        revtype tinyint,
        created_at timestamp(6),
        especialidad_id bigint,
        id bigint not null,
        medico_id bigint,
        paciente_id bigint,
        updated_at timestamp(6),
        motivo_consulta varchar(500),
        observaciones TEXT,
        estado enum ('CANCELADA','COMPLETADA','CONFIRMADA','NO_ASISTIO','PENDIENTE'),
        primary key (rev, id)
    )
2026-07-09 00:52:27.256 DEBUG 15948 --- [restartedMain] org.hibernate.SQL                        : 
    create table disponibilidad_medica (
        activo boolean not null,
        duracion_consulta_min integer not null,
        hora_fin time(6) not null,
        hora_inicio time(6) not null,
        created_at timestamp(6),
        id bigint generated by default as identity,
        medico_id bigint not null,
        updated_at timestamp(6),
        dia_semana enum ('DOMINGO','JUEVES','LUNES','MARTES','MIERCOLES','SABADO','VIERNES') not null,
        primary key (id)
    )
2026-07-09 00:52:27.257 DEBUG 15948 --- [restartedMain] org.hibernate.SQL                        : 
    create table especialidades (
        activo boolean not null,
        costo numeric(10,2) not null,
        created_at timestamp(6),
        id bigint generated by default as identity,
        nombre varchar(100) not null unique,
        descripcion varchar(500),
        primary key (id)
    )
2026-07-09 00:52:27.258 DEBUG 15948 --- [restartedMain] org.hibernate.SQL                        : 
    create table especialidades_aud (
        activo boolean,
        costo numeric(10,2),
        rev integer not null,
        revtype tinyint,
        created_at timestamp(6),
        id bigint not null,
        nombre varchar(100),
        descripcion varchar(500),
        primary key (rev, id)
    )
2026-07-09 00:52:27.258 DEBUG 15948 --- [restartedMain] org.hibernate.SQL                        : 
    create table medico_especialidades (
        especialidad_id bigint not null,
        medico_id bigint not null,
        primary key (especialidad_id, medico_id)
    )
2026-07-09 00:52:27.259 DEBUG 15948 --- [restartedMain] org.hibernate.SQL                        : 
    create table medico_especialidades_aud (
        rev integer not null,
        revtype tinyint,
        especialidad_id bigint not null,
        medico_id bigint not null,
        primary key (rev, especialidad_id, medico_id)
    )
2026-07-09 00:52:27.259 DEBUG 15948 --- [restartedMain] org.hibernate.SQL                        : 
    create table medicos (
        created_at timestamp(6),
        id bigint generated by default as identity,
        updated_at timestamp(6),
        usuario_id bigint not null unique,
        numero_colegiatura varchar(20) not null unique,
        primary key (id)
    )
2026-07-09 00:52:27.260 DEBUG 15948 --- [restartedMain] org.hibernate.SQL                        : 
    create table medicos_aud (
        rev integer not null,
        revtype tinyint,
        created_at timestamp(6),
        id bigint not null,
        updated_at timestamp(6),
        usuario_id bigint,
        numero_colegiatura varchar(20),
        primary key (rev, id)
    )
2026-07-09 00:52:27.261 DEBUG 15948 --- [restartedMain] org.hibernate.SQL                        : 
    create table notificaciones (
        enviado boolean not null,
        cita_id bigint not null,
        created_at timestamp(6),
        fecha_envio timestamp(6),
        id bigint generated by default as identity,
        usuario_id bigint not null,
        asunto varchar(255) not null,
        mensaje TEXT not null,
        tipo enum ('EMAIL','SMS') not null,
        primary key (id)
    )
2026-07-09 00:52:27.262 DEBUG 15948 --- [restartedMain] org.hibernate.SQL                        : 
    create table pacientes (
        fecha_nacimiento date,
        grupo_sanguineo varchar(5),
        created_at timestamp(6),
        id bigint generated by default as identity,
        updated_at timestamp(6),
        usuario_id bigint not null unique,
        contacto_emergencia_telefono varchar(20),
        genero varchar(20),
        contacto_emergencia_parentesco varchar(50),
        contacto_emergencia_nombre varchar(150),
        direccion varchar(255),
        primary key (id)
    )
2026-07-09 00:52:27.263 DEBUG 15948 --- [restartedMain] org.hibernate.SQL                        : 
    create table pacientes_aud (
        fecha_nacimiento date,
        rev integer not null,
        revtype tinyint,
        grupo_sanguineo varchar(5),
        created_at timestamp(6),
        id bigint not null,
        updated_at timestamp(6),
        usuario_id bigint,
        contacto_emergencia_telefono varchar(20),
        genero varchar(20),
        contacto_emergencia_parentesco varchar(50),
        contacto_emergencia_nombre varchar(150),
        direccion varchar(255),
        primary key (rev, id)
    )
2026-07-09 00:52:27.264 DEBUG 15948 --- [restartedMain] org.hibernate.SQL                        : 
    create table pagos (
        monto numeric(10,2) not null,
        cita_id bigint not null unique,
        created_at timestamp(6),
        fecha_pago timestamp(6),
        id bigint generated by default as identity,
        paciente_id bigint not null,
        updated_at timestamp(6),
        referencia_pago varchar(100),
        notas varchar(500),
        estado_pago enum ('PAGADO','PENDIENTE','REEMBOLSADO') not null,
        metodo_pago enum ('EFECTIVO','PLIN','TARJETA_CREDITO','TARJETA_DEBITO','TRANSFERENCIA','YAPE') not null,
        primary key (id)
    )
2026-07-09 00:52:27.264 DEBUG 15948 --- [restartedMain] org.hibernate.SQL                        : 
    create table pagos_aud (
        monto numeric(10,2),
        rev integer not null,
        revtype tinyint,
        cita_id bigint,
        created_at timestamp(6),
        fecha_pago timestamp(6),
        id bigint not null,
        paciente_id bigint,
        updated_at timestamp(6),
        referencia_pago varchar(100),
        notas varchar(500),
        estado_pago enum ('PAGADO','PENDIENTE','REEMBOLSADO'),
        metodo_pago enum ('EFECTIVO','PLIN','TARJETA_CREDITO','TARJETA_DEBITO','TRANSFERENCIA','YAPE'),
        primary key (rev, id)
    )
2026-07-09 00:52:27.266 DEBUG 15948 --- [restartedMain] org.hibernate.SQL                        : 
    create table revinfo (
        rev integer generated by default as identity,
        revtstmp bigint,
        primary key (rev)
    )
2026-07-09 00:52:27.266 DEBUG 15948 --- [restartedMain] org.hibernate.SQL                        : 
    create table usuarios (
        activo boolean not null,
        created_at timestamp(6),
        id bigint generated by default as identity,
        updated_at timestamp(6),
        dni varchar(15) not null unique,
        telefono varchar(20),
        apellido varchar(100) not null,
        nombre varchar(100) not null,
        email varchar(150) not null unique,
        password varchar(255) not null,
        foto_perfil LONGTEXT,
        rol enum ('ADMIN','MEDICO','PACIENTE') not null,
        primary key (id)
    )
2026-07-09 00:52:27.267 DEBUG 15948 --- [restartedMain] org.hibernate.SQL                        : 
    create table usuarios_aud (
        activo boolean,
        rev integer not null,
        revtype tinyint,
        created_at timestamp(6),
        id bigint not null,
        updated_at timestamp(6),
        dni varchar(15),
        telefono varchar(20),
        apellido varchar(100),
        nombre varchar(100),
        email varchar(150),
        foto_perfil LONGTEXT,
        password varchar(255),
        rol enum ('ADMIN','MEDICO','PACIENTE'),
        primary key (rev, id)
    )
2026-07-09 00:52:27.268 DEBUG 15948 --- [restartedMain] org.hibernate.SQL                        : 
    alter table if exists archivos_cita 
       add constraint FK1umuq070au7vh5wi01xxw1d2x 
       foreign key (cita_id) 
       references citas
2026-07-09 00:52:27.269 DEBUG 15948 --- [restartedMain] org.hibernate.SQL                        : 
    alter table if exists archivos_cita_aud 
       add constraint FKgb95d0iif245d4wqkjxmkwd5u 
       foreign key (rev) 
       references revinfo
2026-07-09 00:52:27.270 DEBUG 15948 --- [restartedMain] org.hibernate.SQL                        : 
    alter table if exists citas 
       add constraint FKapkrvku8ylaqff5yx6gmv7hfb 
       foreign key (especialidad_id) 
       references especialidades
2026-07-09 00:52:27.271 DEBUG 15948 --- [restartedMain] org.hibernate.SQL                        : 
    alter table if exists citas 
       add constraint FKbfl57ey8hx1a3ubtrpy8x9ll 
       foreign key (medico_id) 
       references medicos
2026-07-09 00:52:27.272 DEBUG 15948 --- [restartedMain] org.hibernate.SQL                        : 
    alter table if exists citas 
       add constraint FKnqrsxxcuysfcxiekvixm7h8r1 
       foreign key (paciente_id) 
       references pacientes
2026-07-09 00:52:27.272 DEBUG 15948 --- [restartedMain] org.hibernate.SQL                        : 
    alter table if exists citas_aud 
       add constraint FK3qxb7u9ddr5a1v8iyp2ew7j7a 
       foreign key (rev) 
       references revinfo
2026-07-09 00:52:27.273 DEBUG 15948 --- [restartedMain] org.hibernate.SQL                        : 
    alter table if exists disponibilidad_medica 
       add constraint FK2gp5w61ar5b1ncquajq6jtxvx 
       foreign key (medico_id) 
       references medicos
2026-07-09 00:52:27.274 DEBUG 15948 --- [restartedMain] org.hibernate.SQL                        : 
    alter table if exists especialidades_aud 
       add constraint FK47semrxdveencd7ehm5mybrur 
       foreign key (rev) 
       references revinfo
2026-07-09 00:52:27.274 DEBUG 15948 --- [restartedMain] org.hibernate.SQL                        : 
    alter table if exists medico_especialidades 
       add constraint FKg053qn341nw53yhgoq1c2mjj0 
       foreign key (especialidad_id) 
       references especialidades
2026-07-09 00:52:27.275 DEBUG 15948 --- [restartedMain] org.hibernate.SQL                        : 
    alter table if exists medico_especialidades 
       add constraint FK7xw32fy03axlyq7bwcu476vl3 
       foreign key (medico_id) 
       references medicos
2026-07-09 00:52:27.275 DEBUG 15948 --- [restartedMain] org.hibernate.SQL                        : 
    alter table if exists medico_especialidades_aud 
       add constraint FK76j86sh57tifk0laqf5huqv9j 
       foreign key (rev) 
       references revinfo
2026-07-09 00:52:27.276 DEBUG 15948 --- [restartedMain] org.hibernate.SQL                        : 
    alter table if exists medicos 
       add constraint FKa0dd5a1r4o7vgnqr0aigr69td 
       foreign key (usuario_id) 
       references usuarios
2026-07-09 00:52:27.276 DEBUG 15948 --- [restartedMain] org.hibernate.SQL                        : 
    alter table if exists medicos_aud 
       add constraint FKcyfyosarrcjqc36531rjwa8f8 
       foreign key (rev) 
       references revinfo
2026-07-09 00:52:27.277 DEBUG 15948 --- [restartedMain] org.hibernate.SQL                        : 
    alter table if exists notificaciones 
       add constraint FKf6vsd72tpuysbhes31nygw0v0 
       foreign key (cita_id) 
       references citas
2026-07-09 00:52:27.278 DEBUG 15948 --- [restartedMain] org.hibernate.SQL                        : 
    alter table if exists notificaciones 
       add constraint FK1mxbjb81ft61gwlh0kabubndc 
       foreign key (usuario_id) 
       references usuarios
2026-07-09 00:52:27.279 DEBUG 15948 --- [restartedMain] org.hibernate.SQL                        : 
    alter table if exists pacientes 
       add constraint FK96vvhaactwhv7l8ymuq6b4r6j 
       foreign key (usuario_id) 
       references usuarios
2026-07-09 00:52:27.279 DEBUG 15948 --- [restartedMain] org.hibernate.SQL                        : 
    alter table if exists pacientes_aud 
       add constraint FK9mhanil692brifthmv83puxb3 
       foreign key (rev) 
       references revinfo
2026-07-09 00:52:27.280 DEBUG 15948 --- [restartedMain] org.hibernate.SQL                        : 
    alter table if exists pagos 
       add constraint FKdyyqrbd5gg0lhhcijte5qkt88 
       foreign key (cita_id) 
       references citas
2026-07-09 00:52:27.280 DEBUG 15948 --- [restartedMain] org.hibernate.SQL                        : 
    alter table if exists pagos 
       add constraint FKtrjk63m5s2jlwfdvx16p8ehbi 
       foreign key (paciente_id) 
       references pacientes
2026-07-09 00:52:27.281 DEBUG 15948 --- [restartedMain] org.hibernate.SQL                        : 
    alter table if exists pagos_aud 
       add constraint FKk5yir6kvro5c15qd8q5vacmtl 
       foreign key (rev) 
       references revinfo
2026-07-09 00:52:27.282 DEBUG 15948 --- [restartedMain] org.hibernate.SQL                        : 
    alter table if exists usuarios_aud 
       add constraint FKn9o74udlh4qxjv04akbysl83b 
       foreign key (rev) 
       references revinfo
2026-07-09 00:52:27.283  INFO 15948 --- [restartedMain] j.LocalContainerEntityManagerFactoryBean : Initialized JPA EntityManagerFactory for persistence unit 'default'
2026-07-09 00:52:27.318 DEBUG 15948 --- [restartedMain] c.s.s.s.jwt.JwtAuthenticationFilter      : Filter 'jwtAuthenticationFilter' configured for use
2026-07-09 00:52:27.395  INFO 15948 --- [restartedMain] eAuthenticationProviderManagerConfigurer : Global AuthenticationManager configured with AuthenticationProvider bean with name authenticationProvider
2026-07-09 00:52:27.395  WARN 15948 --- [restartedMain] r$InitializeUserDetailsManagerConfigurer : Global AuthenticationManager configured with an AuthenticationProvider bean. UserDetailsService beans will not be used by Spring Security for automatically configuring username/password login. Consider removing the AuthenticationProvider bean. Alternatively, consider using the UserDetailsService in a manually instantiated DaoAuthenticationProvider. If the current configuration is intentional, to turn off this warning, increase the logging level of 'org.springframework.security.config.annotation.authentication.configuration.InitializeUserDetailsBeanManagerConfigurer' to ERROR
2026-07-09 00:52:27.482  WARN 15948 --- [restartedMain] JpaBaseConfiguration$JpaWebConfiguration : spring.jpa.open-in-view is enabled by default. Therefore, database queries may be performed during view rendering. Explicitly configure spring.jpa.open-in-view to disable this warning
2026-07-09 00:52:27.487  INFO 15948 --- [restartedMain] o.s.b.a.w.s.WelcomePageHandlerMapping    : Adding welcome page template: index
2026-07-09 00:52:27.532  INFO 15948 --- [restartedMain] o.s.b.a.e.web.EndpointLinksResolver      : Exposing 5 endpoints beneath base path '/actuator'
2026-07-09 00:52:27.611  INFO 15948 --- [restartedMain] o.s.b.a.h2.H2ConsoleAutoConfiguration    : H2 console available at '/h2-console'. Database available at 'jdbc:h2:mem:sisoldb'
2026-07-09 00:52:27.616  INFO 15948 --- [restartedMain] o.s.b.d.a.OptionalLiveReloadServer       : LiveReload server is running on port 35729
2026-07-09 00:52:27.626  INFO 15948 --- [restartedMain] o.s.b.w.embedded.tomcat.TomcatWebServer  : Tomcat started on port 8080 (http) with context path '/'
2026-07-09 00:52:27.630  INFO 15948 --- [restartedMain] com.sisol.salud.SisolSaludApplication    : Started SisolSaludApplication in 1.178 seconds (process running for 1145.003)
2026-07-09 00:52:27.631  INFO 15948 --- [restartedMain] com.sisol.salud.config.DataSeeder        : Verificando librerías requeridas...
2026-07-09 00:52:27.632  INFO 15948 --- [restartedMain] com.sisol.salud.config.DataSeeder        : [Guava] Creada lista inmutable de 3 elementos
2026-07-09 00:52:27.632  INFO 15948 --- [restartedMain] com.sisol.salud.config.DataSeeder        : [Apache Commons] Código seguro generado: ECTTUBKFQM
2026-07-09 00:52:27.635  INFO 15948 --- [restartedMain] com.sisol.salud.config.DataSeeder        : [Apache POI] Archivo Excel estructurado y creado en memoria exitosamente.
2026-07-09 00:52:27.639 DEBUG 15948 --- [restartedMain] org.hibernate.SQL                        : 
    select
        count(*) 
    from
        especialidades e1_0
2026-07-09 00:52:27.641  INFO 15948 --- [restartedMain] com.sisol.salud.config.DataSeeder        : Sembrando base de datos desde 0 con 10 especialidades, 10 médicos y 2 pacientes...
2026-07-09 00:52:27.643 DEBUG 15948 --- [restartedMain] org.hibernate.SQL                        : 
    insert 
    into
        especialidades
        (activo, costo, created_at, descripcion, nombre, id) 
    values
        (?, ?, ?, ?, ?, default)
2026-07-09 00:52:27.698 DEBUG 15948 --- [restartedMain] org.hibernate.SQL                        : 
    insert 
    into
        usuarios
        (activo, apellido, created_at, dni, email, foto_perfil, nombre, password, rol, telefono, updated_at, id) 
    values
        (?, ?, ?, ?, ?, ?, ?, ?, ?, ?, ?, default)
2026-07-09 00:52:27.700 DEBUG 15948 --- [restartedMain] org.hibernate.SQL                        : 
    insert 
    into
        medicos
        (created_at, numero_colegiatura, updated_at, usuario_id, id) 
    values
        (?, ?, ?, ?, default)
2026-07-09 00:52:27.701 DEBUG 15948 --- [restartedMain] org.hibernate.SQL                        : 
    insert 
    into
        disponibilidad_medica
        (activo, created_at, dia_semana, duracion_consulta_min, hora_fin, hora_inicio, medico_id, updated_at, id) 
    values
        (?, ?, ?, ?, ?, ?, ?, ?, default)
2026-07-09 00:52:27.701 DEBUG 15948 --- [restartedMain] org.hibernate.SQL                        : 
    insert 
    into
        disponibilidad_medica
        (activo, created_at, dia_semana, duracion_consulta_min, hora_fin, hora_inicio, medico_id, updated_at, id) 
    values
        (?, ?, ?, ?, ?, ?, ?, ?, default)
2026-07-09 00:52:27.702 DEBUG 15948 --- [restartedMain] org.hibernate.SQL                        : 
    insert 
    into
        disponibilidad_medica
        (activo, created_at, dia_semana, duracion_consulta_min, hora_fin, hora_inicio, medico_id, updated_at, id) 
    values
        (?, ?, ?, ?, ?, ?, ?, ?, default)
2026-07-09 00:52:27.702 DEBUG 15948 --- [restartedMain] org.hibernate.SQL                        : 
    insert 
    into
        disponibilidad_medica
        (activo, created_at, dia_semana, duracion_consulta_min, hora_fin, hora_inicio, medico_id, updated_at, id) 
    values
        (?, ?, ?, ?, ?, ?, ?, ?, default)
2026-07-09 00:52:27.702 DEBUG 15948 --- [restartedMain] org.hibernate.SQL                        : 
    insert 
    into
        disponibilidad_medica
        (activo, created_at, dia_semana, duracion_consulta_min, hora_fin, hora_inicio, medico_id, updated_at, id) 
    values
        (?, ?, ?, ?, ?, ?, ?, ?, default)
2026-07-09 00:52:27.703 DEBUG 15948 --- [restartedMain] org.hibernate.SQL                        : 
    insert 
    into
        especialidades
        (activo, costo, created_at, descripcion, nombre, id) 
    values
        (?, ?, ?, ?, ?, default)
2026-07-09 00:52:27.754 DEBUG 15948 --- [restartedMain] org.hibernate.SQL                        : 
    insert 
    into
        usuarios
        (activo, apellido, created_at, dni, email, foto_perfil, nombre, password, rol, telefono, updated_at, id) 
    values
        (?, ?, ?, ?, ?, ?, ?, ?, ?, ?, ?, default)
2026-07-09 00:52:27.755 DEBUG 15948 --- [restartedMain] org.hibernate.SQL                        : 
    insert 
    into
        medicos
        (created_at, numero_colegiatura, updated_at, usuario_id, id) 
    values
        (?, ?, ?, ?, default)
2026-07-09 00:52:27.755 DEBUG 15948 --- [restartedMain] org.hibernate.SQL                        : 
    insert 
    into
        disponibilidad_medica
        (activo, created_at, dia_semana, duracion_consulta_min, hora_fin, hora_inicio, medico_id, updated_at, id) 
    values
        (?, ?, ?, ?, ?, ?, ?, ?, default)
2026-07-09 00:52:27.756 DEBUG 15948 --- [restartedMain] org.hibernate.SQL                        : 
    insert 
    into
        disponibilidad_medica
        (activo, created_at, dia_semana, duracion_consulta_min, hora_fin, hora_inicio, medico_id, updated_at, id) 
    values
        (?, ?, ?, ?, ?, ?, ?, ?, default)
2026-07-09 00:52:27.756 DEBUG 15948 --- [restartedMain] org.hibernate.SQL                        : 
    insert 
    into
        disponibilidad_medica
        (activo, created_at, dia_semana, duracion_consulta_min, hora_fin, hora_inicio, medico_id, updated_at, id) 
    values
        (?, ?, ?, ?, ?, ?, ?, ?, default)
2026-07-09 00:52:27.757 DEBUG 15948 --- [restartedMain] org.hibernate.SQL                        : 
    insert 
    into
        disponibilidad_medica
        (activo, created_at, dia_semana, duracion_consulta_min, hora_fin, hora_inicio, medico_id, updated_at, id) 
    values
        (?, ?, ?, ?, ?, ?, ?, ?, default)
2026-07-09 00:52:27.757 DEBUG 15948 --- [restartedMain] org.hibernate.SQL                        : 
    insert 
    into
        disponibilidad_medica
        (activo, created_at, dia_semana, duracion_consulta_min, hora_fin, hora_inicio, medico_id, updated_at, id) 
    values
        (?, ?, ?, ?, ?, ?, ?, ?, default)
2026-07-09 00:52:27.757 DEBUG 15948 --- [restartedMain] org.hibernate.SQL                        : 
    insert 
    into
        especialidades
        (activo, costo, created_at, descripcion, nombre, id) 
    values
        (?, ?, ?, ?, ?, default)
2026-07-09 00:52:27.808 DEBUG 15948 --- [restartedMain] org.hibernate.SQL                        : 
    insert 
    into
        usuarios
        (activo, apellido, created_at, dni, email, foto_perfil, nombre, password, rol, telefono, updated_at, id) 
    values
        (?, ?, ?, ?, ?, ?, ?, ?, ?, ?, ?, default)
2026-07-09 00:52:27.808 DEBUG 15948 --- [restartedMain] org.hibernate.SQL                        : 
    insert 
    into
        medicos
        (created_at, numero_colegiatura, updated_at, usuario_id, id) 
    values
        (?, ?, ?, ?, default)
2026-07-09 00:52:27.809 DEBUG 15948 --- [restartedMain] org.hibernate.SQL                        : 
    insert 
    into
        disponibilidad_medica
        (activo, created_at, dia_semana, duracion_consulta_min, hora_fin, hora_inicio, medico_id, updated_at, id) 
    values
        (?, ?, ?, ?, ?, ?, ?, ?, default)
2026-07-09 00:52:27.809 DEBUG 15948 --- [restartedMain] org.hibernate.SQL                        : 
    insert 
    into
        disponibilidad_medica
        (activo, created_at, dia_semana, duracion_consulta_min, hora_fin, hora_inicio, medico_id, updated_at, id) 
    values
        (?, ?, ?, ?, ?, ?, ?, ?, default)
2026-07-09 00:52:27.810 DEBUG 15948 --- [restartedMain] org.hibernate.SQL                        : 
    insert 
    into
        disponibilidad_medica
        (activo, created_at, dia_semana, duracion_consulta_min, hora_fin, hora_inicio, medico_id, updated_at, id) 
    values
        (?, ?, ?, ?, ?, ?, ?, ?, default)
2026-07-09 00:52:27.810 DEBUG 15948 --- [restartedMain] org.hibernate.SQL                        : 
    insert 
    into
        disponibilidad_medica
        (activo, created_at, dia_semana, duracion_consulta_min, hora_fin, hora_inicio, medico_id, updated_at, id) 
    values
        (?, ?, ?, ?, ?, ?, ?, ?, default)
2026-07-09 00:52:27.810 DEBUG 15948 --- [restartedMain] org.hibernate.SQL                        : 
    insert 
    into
        disponibilidad_medica
        (activo, created_at, dia_semana, duracion_consulta_min, hora_fin, hora_inicio, medico_id, updated_at, id) 
    values
        (?, ?, ?, ?, ?, ?, ?, ?, default)
2026-07-09 00:52:27.811 DEBUG 15948 --- [restartedMain] org.hibernate.SQL                        : 
    insert 
    into
        especialidades
        (activo, costo, created_at, descripcion, nombre, id) 
    values
        (?, ?, ?, ?, ?, default)
2026-07-09 00:52:27.861 DEBUG 15948 --- [restartedMain] org.hibernate.SQL                        : 
    insert 
    into
        usuarios
        (activo, apellido, created_at, dni, email, foto_perfil, nombre, password, rol, telefono, updated_at, id) 
    values
        (?, ?, ?, ?, ?, ?, ?, ?, ?, ?, ?, default)
2026-07-09 00:52:27.862 DEBUG 15948 --- [restartedMain] org.hibernate.SQL                        : 
    insert 
    into
        medicos
        (created_at, numero_colegiatura, updated_at, usuario_id, id) 
    values
        (?, ?, ?, ?, default)
2026-07-09 00:52:27.863 DEBUG 15948 --- [restartedMain] org.hibernate.SQL                        : 
    insert 
    into
        disponibilidad_medica
        (activo, created_at, dia_semana, duracion_consulta_min, hora_fin, hora_inicio, medico_id, updated_at, id) 
    values
        (?, ?, ?, ?, ?, ?, ?, ?, default)
2026-07-09 00:52:27.863 DEBUG 15948 --- [restartedMain] org.hibernate.SQL                        : 
    insert 
    into
        disponibilidad_medica
        (activo, created_at, dia_semana, duracion_consulta_min, hora_fin, hora_inicio, medico_id, updated_at, id) 
    values
        (?, ?, ?, ?, ?, ?, ?, ?, default)
2026-07-09 00:52:27.864 DEBUG 15948 --- [restartedMain] org.hibernate.SQL                        : 
    insert 
    into
        disponibilidad_medica
        (activo, created_at, dia_semana, duracion_consulta_min, hora_fin, hora_inicio, medico_id, updated_at, id) 
    values
        (?, ?, ?, ?, ?, ?, ?, ?, default)
2026-07-09 00:52:27.864 DEBUG 15948 --- [restartedMain] org.hibernate.SQL                        : 
    insert 
    into
        disponibilidad_medica
        (activo, created_at, dia_semana, duracion_consulta_min, hora_fin, hora_inicio, medico_id, updated_at, id) 
    values
        (?, ?, ?, ?, ?, ?, ?, ?, default)
2026-07-09 00:52:27.864 DEBUG 15948 --- [restartedMain] org.hibernate.SQL                        : 
    insert 
    into
        disponibilidad_medica
        (activo, created_at, dia_semana, duracion_consulta_min, hora_fin, hora_inicio, medico_id, updated_at, id) 
    values
        (?, ?, ?, ?, ?, ?, ?, ?, default)
2026-07-09 00:52:27.865 DEBUG 15948 --- [restartedMain] org.hibernate.SQL                        : 
    insert 
    into
        especialidades
        (activo, costo, created_at, descripcion, nombre, id) 
    values
        (?, ?, ?, ?, ?, default)
2026-07-09 00:52:27.914 DEBUG 15948 --- [restartedMain] org.hibernate.SQL                        : 
    insert 
    into
        usuarios
        (activo, apellido, created_at, dni, email, foto_perfil, nombre, password, rol, telefono, updated_at, id) 
    values
        (?, ?, ?, ?, ?, ?, ?, ?, ?, ?, ?, default)
2026-07-09 00:52:27.916 DEBUG 15948 --- [restartedMain] org.hibernate.SQL                        : 
    insert 
    into
        medicos
        (created_at, numero_colegiatura, updated_at, usuario_id, id) 
    values
        (?, ?, ?, ?, default)
2026-07-09 00:52:27.916 DEBUG 15948 --- [restartedMain] org.hibernate.SQL                        : 
    insert 
    into
        disponibilidad_medica
        (activo, created_at, dia_semana, duracion_consulta_min, hora_fin, hora_inicio, medico_id, updated_at, id) 
    values
        (?, ?, ?, ?, ?, ?, ?, ?, default)
2026-07-09 00:52:27.917 DEBUG 15948 --- [restartedMain] org.hibernate.SQL                        : 
    insert 
    into
        disponibilidad_medica
        (activo, created_at, dia_semana, duracion_consulta_min, hora_fin, hora_inicio, medico_id, updated_at, id) 
    values
        (?, ?, ?, ?, ?, ?, ?, ?, default)
2026-07-09 00:52:27.917 DEBUG 15948 --- [restartedMain] org.hibernate.SQL                        : 
    insert 
    into
        disponibilidad_medica
        (activo, created_at, dia_semana, duracion_consulta_min, hora_fin, hora_inicio, medico_id, updated_at, id) 
    values
        (?, ?, ?, ?, ?, ?, ?, ?, default)
2026-07-09 00:52:27.918 DEBUG 15948 --- [restartedMain] org.hibernate.SQL                        : 
    insert 
    into
        disponibilidad_medica
        (activo, created_at, dia_semana, duracion_consulta_min, hora_fin, hora_inicio, medico_id, updated_at, id) 
    values
        (?, ?, ?, ?, ?, ?, ?, ?, default)
2026-07-09 00:52:27.918 DEBUG 15948 --- [restartedMain] org.hibernate.SQL                        : 
    insert 
    into
        disponibilidad_medica
        (activo, created_at, dia_semana, duracion_consulta_min, hora_fin, hora_inicio, medico_id, updated_at, id) 
    values
        (?, ?, ?, ?, ?, ?, ?, ?, default)
2026-07-09 00:52:27.918 DEBUG 15948 --- [restartedMain] org.hibernate.SQL                        : 
    insert 
    into
        especialidades
        (activo, costo, created_at, descripcion, nombre, id) 
    values
        (?, ?, ?, ?, ?, default)
2026-07-09 00:52:27.969 DEBUG 15948 --- [restartedMain] org.hibernate.SQL                        : 
    insert 
    into
        usuarios
        (activo, apellido, created_at, dni, email, foto_perfil, nombre, password, rol, telefono, updated_at, id) 
    values
        (?, ?, ?, ?, ?, ?, ?, ?, ?, ?, ?, default)
2026-07-09 00:52:27.970 DEBUG 15948 --- [restartedMain] org.hibernate.SQL                        : 
    insert 
    into
        medicos
        (created_at, numero_colegiatura, updated_at, usuario_id, id) 
    values
        (?, ?, ?, ?, default)
2026-07-09 00:52:27.971 DEBUG 15948 --- [restartedMain] org.hibernate.SQL                        : 
    insert 
    into
        disponibilidad_medica
        (activo, created_at, dia_semana, duracion_consulta_min, hora_fin, hora_inicio, medico_id, updated_at, id) 
    values
        (?, ?, ?, ?, ?, ?, ?, ?, default)
2026-07-09 00:52:27.972 DEBUG 15948 --- [restartedMain] org.hibernate.SQL                        : 
    insert 
    into
        disponibilidad_medica
        (activo, created_at, dia_semana, duracion_consulta_min, hora_fin, hora_inicio, medico_id, updated_at, id) 
    values
        (?, ?, ?, ?, ?, ?, ?, ?, default)
2026-07-09 00:52:27.972 DEBUG 15948 --- [restartedMain] org.hibernate.SQL                        : 
    insert 
    into
        disponibilidad_medica
        (activo, created_at, dia_semana, duracion_consulta_min, hora_fin, hora_inicio, medico_id, updated_at, id) 
    values
        (?, ?, ?, ?, ?, ?, ?, ?, default)
2026-07-09 00:52:27.973 DEBUG 15948 --- [restartedMain] org.hibernate.SQL                        : 
    insert 
    into
        disponibilidad_medica
        (activo, created_at, dia_semana, duracion_consulta_min, hora_fin, hora_inicio, medico_id, updated_at, id) 
    values
        (?, ?, ?, ?, ?, ?, ?, ?, default)
2026-07-09 00:52:27.973 DEBUG 15948 --- [restartedMain] org.hibernate.SQL                        : 
    insert 
    into
        disponibilidad_medica
        (activo, created_at, dia_semana, duracion_consulta_min, hora_fin, hora_inicio, medico_id, updated_at, id) 
    values
        (?, ?, ?, ?, ?, ?, ?, ?, default)
2026-07-09 00:52:27.973 DEBUG 15948 --- [restartedMain] org.hibernate.SQL                        : 
    insert 
    into
        especialidades
        (activo, costo, created_at, descripcion, nombre, id) 
    values
        (?, ?, ?, ?, ?, default)
2026-07-09 00:52:28.024 DEBUG 15948 --- [restartedMain] org.hibernate.SQL                        : 
    insert 
    into
        usuarios
        (activo, apellido, created_at, dni, email, foto_perfil, nombre, password, rol, telefono, updated_at, id) 
    values
        (?, ?, ?, ?, ?, ?, ?, ?, ?, ?, ?, default)
2026-07-09 00:52:28.026 DEBUG 15948 --- [restartedMain] org.hibernate.SQL                        : 
    insert 
    into
        medicos
        (created_at, numero_colegiatura, updated_at, usuario_id, id) 
    values
        (?, ?, ?, ?, default)
2026-07-09 00:52:28.026 DEBUG 15948 --- [restartedMain] org.hibernate.SQL                        : 
    insert 
    into
        disponibilidad_medica
        (activo, created_at, dia_semana, duracion_consulta_min, hora_fin, hora_inicio, medico_id, updated_at, id) 
    values
        (?, ?, ?, ?, ?, ?, ?, ?, default)
2026-07-09 00:52:28.027 DEBUG 15948 --- [restartedMain] org.hibernate.SQL                        : 
    insert 
    into
        disponibilidad_medica
        (activo, created_at, dia_semana, duracion_consulta_min, hora_fin, hora_inicio, medico_id, updated_at, id) 
    values
        (?, ?, ?, ?, ?, ?, ?, ?, default)
2026-07-09 00:52:28.027 DEBUG 15948 --- [restartedMain] org.hibernate.SQL                        : 
    insert 
    into
        disponibilidad_medica
        (activo, created_at, dia_semana, duracion_consulta_min, hora_fin, hora_inicio, medico_id, updated_at, id) 
    values
        (?, ?, ?, ?, ?, ?, ?, ?, default)
2026-07-09 00:52:28.028 DEBUG 15948 --- [restartedMain] org.hibernate.SQL                        : 
    insert 
    into
        disponibilidad_medica
        (activo, created_at, dia_semana, duracion_consulta_min, hora_fin, hora_inicio, medico_id, updated_at, id) 
    values
        (?, ?, ?, ?, ?, ?, ?, ?, default)
2026-07-09 00:52:28.028 DEBUG 15948 --- [restartedMain] org.hibernate.SQL                        : 
    insert 
    into
        disponibilidad_medica
        (activo, created_at, dia_semana, duracion_consulta_min, hora_fin, hora_inicio, medico_id, updated_at, id) 
    values
        (?, ?, ?, ?, ?, ?, ?, ?, default)
2026-07-09 00:52:28.029 DEBUG 15948 --- [restartedMain] org.hibernate.SQL                        : 
    insert 
    into
        especialidades
        (activo, costo, created_at, descripcion, nombre, id) 
    values
        (?, ?, ?, ?, ?, default)
2026-07-09 00:52:28.081 DEBUG 15948 --- [restartedMain] org.hibernate.SQL                        : 
    insert 
    into
        usuarios
        (activo, apellido, created_at, dni, email, foto_perfil, nombre, password, rol, telefono, updated_at, id) 
    values
        (?, ?, ?, ?, ?, ?, ?, ?, ?, ?, ?, default)
2026-07-09 00:52:28.082 DEBUG 15948 --- [restartedMain] org.hibernate.SQL                        : 
    insert 
    into
        medicos
        (created_at, numero_colegiatura, updated_at, usuario_id, id) 
    values
        (?, ?, ?, ?, default)
2026-07-09 00:52:28.082 DEBUG 15948 --- [restartedMain] org.hibernate.SQL                        : 
    insert 
    into
        disponibilidad_medica
        (activo, created_at, dia_semana, duracion_consulta_min, hora_fin, hora_inicio, medico_id, updated_at, id) 
    values
        (?, ?, ?, ?, ?, ?, ?, ?, default)
2026-07-09 00:52:28.083 DEBUG 15948 --- [restartedMain] org.hibernate.SQL                        : 
    insert 
    into
        disponibilidad_medica
        (activo, created_at, dia_semana, duracion_consulta_min, hora_fin, hora_inicio, medico_id, updated_at, id) 
    values
        (?, ?, ?, ?, ?, ?, ?, ?, default)
2026-07-09 00:52:28.083 DEBUG 15948 --- [restartedMain] org.hibernate.SQL                        : 
    insert 
    into
        disponibilidad_medica
        (activo, created_at, dia_semana, duracion_consulta_min, hora_fin, hora_inicio, medico_id, updated_at, id) 
    values
        (?, ?, ?, ?, ?, ?, ?, ?, default)
2026-07-09 00:52:28.083 DEBUG 15948 --- [restartedMain] org.hibernate.SQL                        : 
    insert 
    into
        disponibilidad_medica
        (activo, created_at, dia_semana, duracion_consulta_min, hora_fin, hora_inicio, medico_id, updated_at, id) 
    values
        (?, ?, ?, ?, ?, ?, ?, ?, default)
2026-07-09 00:52:28.084 DEBUG 15948 --- [restartedMain] org.hibernate.SQL                        : 
    insert 
    into
        disponibilidad_medica
        (activo, created_at, dia_semana, duracion_consulta_min, hora_fin, hora_inicio, medico_id, updated_at, id) 
    values
        (?, ?, ?, ?, ?, ?, ?, ?, default)
2026-07-09 00:52:28.084 DEBUG 15948 --- [restartedMain] org.hibernate.SQL                        : 
    insert 
    into
        especialidades
        (activo, costo, created_at, descripcion, nombre, id) 
    values
        (?, ?, ?, ?, ?, default)
2026-07-09 00:52:28.137 DEBUG 15948 --- [restartedMain] org.hibernate.SQL                        : 
    insert 
    into
        usuarios
        (activo, apellido, created_at, dni, email, foto_perfil, nombre, password, rol, telefono, updated_at, id) 
    values
        (?, ?, ?, ?, ?, ?, ?, ?, ?, ?, ?, default)
2026-07-09 00:52:28.138 DEBUG 15948 --- [restartedMain] org.hibernate.SQL                        : 
    insert 
    into
        medicos
        (created_at, numero_colegiatura, updated_at, usuario_id, id) 
    values
        (?, ?, ?, ?, default)
2026-07-09 00:52:28.139 DEBUG 15948 --- [restartedMain] org.hibernate.SQL                        : 
    insert 
    into
        disponibilidad_medica
        (activo, created_at, dia_semana, duracion_consulta_min, hora_fin, hora_inicio, medico_id, updated_at, id) 
    values
        (?, ?, ?, ?, ?, ?, ?, ?, default)
2026-07-09 00:52:28.140 DEBUG 15948 --- [restartedMain] org.hibernate.SQL                        : 
    insert 
    into
        disponibilidad_medica
        (activo, created_at, dia_semana, duracion_consulta_min, hora_fin, hora_inicio, medico_id, updated_at, id) 
    values
        (?, ?, ?, ?, ?, ?, ?, ?, default)
2026-07-09 00:52:28.140 DEBUG 15948 --- [restartedMain] org.hibernate.SQL                        : 
    insert 
    into
        disponibilidad_medica
        (activo, created_at, dia_semana, duracion_consulta_min, hora_fin, hora_inicio, medico_id, updated_at, id) 
    values
        (?, ?, ?, ?, ?, ?, ?, ?, default)
2026-07-09 00:52:28.141 DEBUG 15948 --- [restartedMain] org.hibernate.SQL                        : 
    insert 
    into
        disponibilidad_medica
        (activo, created_at, dia_semana, duracion_consulta_min, hora_fin, hora_inicio, medico_id, updated_at, id) 
    values
        (?, ?, ?, ?, ?, ?, ?, ?, default)
2026-07-09 00:52:28.141 DEBUG 15948 --- [restartedMain] org.hibernate.SQL                        : 
    insert 
    into
        disponibilidad_medica
        (activo, created_at, dia_semana, duracion_consulta_min, hora_fin, hora_inicio, medico_id, updated_at, id) 
    values
        (?, ?, ?, ?, ?, ?, ?, ?, default)
2026-07-09 00:52:28.142 DEBUG 15948 --- [restartedMain] org.hibernate.SQL                        : 
    insert 
    into
        especialidades
        (activo, costo, created_at, descripcion, nombre, id) 
    values
        (?, ?, ?, ?, ?, default)
2026-07-09 00:52:28.192 DEBUG 15948 --- [restartedMain] org.hibernate.SQL                        : 
    insert 
    into
        usuarios
        (activo, apellido, created_at, dni, email, foto_perfil, nombre, password, rol, telefono, updated_at, id) 
    values
        (?, ?, ?, ?, ?, ?, ?, ?, ?, ?, ?, default)
2026-07-09 00:52:28.192 DEBUG 15948 --- [restartedMain] org.hibernate.SQL                        : 
    insert 
    into
        medicos
        (created_at, numero_colegiatura, updated_at, usuario_id, id) 
    values
        (?, ?, ?, ?, default)
2026-07-09 00:52:28.194 DEBUG 15948 --- [restartedMain] org.hibernate.SQL                        : 
    insert 
    into
        disponibilidad_medica
        (activo, created_at, dia_semana, duracion_consulta_min, hora_fin, hora_inicio, medico_id, updated_at, id) 
    values
        (?, ?, ?, ?, ?, ?, ?, ?, default)
2026-07-09 00:52:28.194 DEBUG 15948 --- [restartedMain] org.hibernate.SQL                        : 
    insert 
    into
        disponibilidad_medica
        (activo, created_at, dia_semana, duracion_consulta_min, hora_fin, hora_inicio, medico_id, updated_at, id) 
    values
        (?, ?, ?, ?, ?, ?, ?, ?, default)
2026-07-09 00:52:28.194 DEBUG 15948 --- [restartedMain] org.hibernate.SQL                        : 
    insert 
    into
        disponibilidad_medica
        (activo, created_at, dia_semana, duracion_consulta_min, hora_fin, hora_inicio, medico_id, updated_at, id) 
    values
        (?, ?, ?, ?, ?, ?, ?, ?, default)
2026-07-09 00:52:28.195 DEBUG 15948 --- [restartedMain] org.hibernate.SQL                        : 
    insert 
    into
        disponibilidad_medica
        (activo, created_at, dia_semana, duracion_consulta_min, hora_fin, hora_inicio, medico_id, updated_at, id) 
    values
        (?, ?, ?, ?, ?, ?, ?, ?, default)
2026-07-09 00:52:28.195 DEBUG 15948 --- [restartedMain] org.hibernate.SQL                        : 
    insert 
    into
        disponibilidad_medica
        (activo, created_at, dia_semana, duracion_consulta_min, hora_fin, hora_inicio, medico_id, updated_at, id) 
    values
        (?, ?, ?, ?, ?, ?, ?, ?, default)
2026-07-09 00:52:28.247 DEBUG 15948 --- [restartedMain] org.hibernate.SQL                        : 
    insert 
    into
        usuarios
        (activo, apellido, created_at, dni, email, foto_perfil, nombre, password, rol, telefono, updated_at, id) 
    values
        (?, ?, ?, ?, ?, ?, ?, ?, ?, ?, ?, default)
2026-07-09 00:52:28.247 DEBUG 15948 --- [restartedMain] org.hibernate.SQL                        : 
    insert 
    into
        pacientes
        (contacto_emergencia_nombre, contacto_emergencia_parentesco, contacto_emergencia_telefono, created_at, direccion, fecha_nacimiento, genero, grupo_sanguineo, updated_at, usuario_id, id) 
    values
        (?, ?, ?, ?, ?, ?, ?, ?, ?, ?, default)
2026-07-09 00:52:28.301 DEBUG 15948 --- [restartedMain] org.hibernate.SQL                        : 
    insert 
    into
        usuarios
        (activo, apellido, created_at, dni, email, foto_perfil, nombre, password, rol, telefono, updated_at, id) 
    values
        (?, ?, ?, ?, ?, ?, ?, ?, ?, ?, ?, default)
2026-07-09 00:52:28.302 DEBUG 15948 --- [restartedMain] org.hibernate.SQL                        : 
    insert 
    into
        pacientes
        (contacto_emergencia_nombre, contacto_emergencia_parentesco, contacto_emergencia_telefono, created_at, direccion, fecha_nacimiento, genero, grupo_sanguineo, updated_at, usuario_id, id) 
    values
        (?, ?, ?, ?, ?, ?, ?, ?, ?, ?, default)
2026-07-09 00:52:28.303  INFO 15948 --- [restartedMain] com.sisol.salud.config.DataSeeder        : ¡Sembrado completado con éxito!
2026-07-09 00:52:28.303  INFO 15948 --- [restartedMain] com.sisol.salud.config.DataSeeder        : Médicos de prueba (contraseña: 123456): medico0@sisol.com a medico9@sisol.com
2026-07-09 00:52:28.303  INFO 15948 --- [restartedMain] com.sisol.salud.config.DataSeeder        : Pacientes de prueba (contraseña: 123456): paciente1@sisol.com y paciente2@sisol.com
2026-07-09 00:52:28.305 DEBUG 15948 --- [restartedMain] org.hibernate.SQL                        : 
    insert 
    into
        medico_especialidades
        (medico_id, especialidad_id) 
    values
        (?, ?)
2026-07-09 00:52:28.305 DEBUG 15948 --- [restartedMain] org.hibernate.SQL                        : 
    insert 
    into
        medico_especialidades
        (medico_id, especialidad_id) 
    values
        (?, ?)
2026-07-09 00:52:28.306 DEBUG 15948 --- [restartedMain] org.hibernate.SQL                        : 
    insert 
    into
        medico_especialidades
        (medico_id, especialidad_id) 
    values
        (?, ?)
2026-07-09 00:52:28.306 DEBUG 15948 --- [restartedMain] org.hibernate.SQL                        : 
    insert 
    into
        medico_especialidades
        (medico_id, especialidad_id) 
    values
        (?, ?)
2026-07-09 00:52:28.306 DEBUG 15948 --- [restartedMain] org.hibernate.SQL                        : 
    insert 
    into
        medico_especialidades
        (medico_id, especialidad_id) 
    values
        (?, ?)
2026-07-09 00:52:28.307 DEBUG 15948 --- [restartedMain] org.hibernate.SQL                        : 
    insert 
    into
        medico_especialidades
        (medico_id, especialidad_id) 
    values
        (?, ?)
2026-07-09 00:52:28.307 DEBUG 15948 --- [restartedMain] org.hibernate.SQL                        : 
    insert 
    into
        medico_especialidades
        (medico_id, especialidad_id) 
    values
        (?, ?)
2026-07-09 00:52:28.307 DEBUG 15948 --- [restartedMain] org.hibernate.SQL                        : 
    insert 
    into
        medico_especialidades
        (medico_id, especialidad_id) 
    values
        (?, ?)
2026-07-09 00:52:28.307 DEBUG 15948 --- [restartedMain] org.hibernate.SQL                        : 
    insert 
    into
        medico_especialidades
        (medico_id, especialidad_id) 
    values
        (?, ?)
2026-07-09 00:52:28.307 DEBUG 15948 --- [restartedMain] org.hibernate.SQL                        : 
    insert 
    into
        medico_especialidades
        (medico_id, especialidad_id) 
    values
        (?, ?)
2026-07-09 00:52:28.308 DEBUG 15948 --- [restartedMain] org.hibernate.SQL                        : 
    insert 
    into
        revinfo
        (revtstmp, rev) 
    values
        (?, default)
2026-07-09 00:52:28.310 DEBUG 15948 --- [restartedMain] org.hibernate.SQL                        : 
    insert 
    into
        especialidades_aud
        (revtype, activo, costo, created_at, descripcion, nombre, rev, id) 
    values
        (?, ?, ?, ?, ?, ?, ?, ?)
2026-07-09 00:52:28.310 DEBUG 15948 --- [restartedMain] org.hibernate.SQL                        : 
    insert 
    into
        usuarios_aud
        (revtype, activo, apellido, created_at, dni, email, foto_perfil, nombre, password, rol, telefono, updated_at, rev, id) 
    values
        (?, ?, ?, ?, ?, ?, ?, ?, ?, ?, ?, ?, ?, ?)
2026-07-09 00:52:28.311 DEBUG 15948 --- [restartedMain] org.hibernate.SQL                        : 
    insert 
    into
        medicos_aud
        (revtype, created_at, numero_colegiatura, updated_at, usuario_id, rev, id) 
    values
        (?, ?, ?, ?, ?, ?, ?)
2026-07-09 00:52:28.311 DEBUG 15948 --- [restartedMain] org.hibernate.SQL                        : 
    insert 
    into
        especialidades_aud
        (revtype, activo, costo, created_at, descripcion, nombre, rev, id) 
    values
        (?, ?, ?, ?, ?, ?, ?, ?)
2026-07-09 00:52:28.312 DEBUG 15948 --- [restartedMain] org.hibernate.SQL                        : 
    insert 
    into
        usuarios_aud
        (revtype, activo, apellido, created_at, dni, email, foto_perfil, nombre, password, rol, telefono, updated_at, rev, id) 
    values
        (?, ?, ?, ?, ?, ?, ?, ?, ?, ?, ?, ?, ?, ?)
2026-07-09 00:52:28.312 DEBUG 15948 --- [restartedMain] org.hibernate.SQL                        : 
    insert 
    into
        medicos_aud
        (revtype, created_at, numero_colegiatura, updated_at, usuario_id, rev, id) 
    values
        (?, ?, ?, ?, ?, ?, ?)
2026-07-09 00:52:28.312 DEBUG 15948 --- [restartedMain] org.hibernate.SQL                        : 
    insert 
    into
        especialidades_aud
        (revtype, activo, costo, created_at, descripcion, nombre, rev, id) 
    values
        (?, ?, ?, ?, ?, ?, ?, ?)
2026-07-09 00:52:28.312 DEBUG 15948 --- [restartedMain] org.hibernate.SQL                        : 
    insert 
    into
        usuarios_aud
        (revtype, activo, apellido, created_at, dni, email, foto_perfil, nombre, password, rol, telefono, updated_at, rev, id) 
    values
        (?, ?, ?, ?, ?, ?, ?, ?, ?, ?, ?, ?, ?, ?)
2026-07-09 00:52:28.313 DEBUG 15948 --- [restartedMain] org.hibernate.SQL                        : 
    insert 
    into
        medicos_aud
        (revtype, created_at, numero_colegiatura, updated_at, usuario_id, rev, id) 
    values
        (?, ?, ?, ?, ?, ?, ?)
2026-07-09 00:52:28.313 DEBUG 15948 --- [restartedMain] org.hibernate.SQL                        : 
    insert 
    into
        especialidades_aud
        (revtype, activo, costo, created_at, descripcion, nombre, rev, id) 
    values
        (?, ?, ?, ?, ?, ?, ?, ?)
2026-07-09 00:52:28.313 DEBUG 15948 --- [restartedMain] org.hibernate.SQL                        : 
    insert 
    into
        usuarios_aud
        (revtype, activo, apellido, created_at, dni, email, foto_perfil, nombre, password, rol, telefono, updated_at, rev, id) 
    values
        (?, ?, ?, ?, ?, ?, ?, ?, ?, ?, ?, ?, ?, ?)
2026-07-09 00:52:28.313 DEBUG 15948 --- [restartedMain] org.hibernate.SQL                        : 
    insert 
    into
        medicos_aud
        (revtype, created_at, numero_colegiatura, updated_at, usuario_id, rev, id) 
    values
        (?, ?, ?, ?, ?, ?, ?)
2026-07-09 00:52:28.314 DEBUG 15948 --- [restartedMain] org.hibernate.SQL                        : 
    insert 
    into
        especialidades_aud
        (revtype, activo, costo, created_at, descripcion, nombre, rev, id) 
    values
        (?, ?, ?, ?, ?, ?, ?, ?)
2026-07-09 00:52:28.314 DEBUG 15948 --- [restartedMain] org.hibernate.SQL                        : 
    insert 
    into
        usuarios_aud
        (revtype, activo, apellido, created_at, dni, email, foto_perfil, nombre, password, rol, telefono, updated_at, rev, id) 
    values
        (?, ?, ?, ?, ?, ?, ?, ?, ?, ?, ?, ?, ?, ?)
2026-07-09 00:52:28.314 DEBUG 15948 --- [restartedMain] org.hibernate.SQL                        : 
    insert 
    into
        medicos_aud
        (revtype, created_at, numero_colegiatura, updated_at, usuario_id, rev, id) 
    values
        (?, ?, ?, ?, ?, ?, ?)
2026-07-09 00:52:28.315 DEBUG 15948 --- [restartedMain] org.hibernate.SQL                        : 
    insert 
    into
        especialidades_aud
        (revtype, activo, costo, created_at, descripcion, nombre, rev, id) 
    values
        (?, ?, ?, ?, ?, ?, ?, ?)
2026-07-09 00:52:28.315 DEBUG 15948 --- [restartedMain] org.hibernate.SQL                        : 
    insert 
    into
        usuarios_aud
        (revtype, activo, apellido, created_at, dni, email, foto_perfil, nombre, password, rol, telefono, updated_at, rev, id) 
    values
        (?, ?, ?, ?, ?, ?, ?, ?, ?, ?, ?, ?, ?, ?)
2026-07-09 00:52:28.315 DEBUG 15948 --- [restartedMain] org.hibernate.SQL                        : 
    insert 
    into
        medicos_aud
        (revtype, created_at, numero_colegiatura, updated_at, usuario_id, rev, id) 
    values
        (?, ?, ?, ?, ?, ?, ?)
2026-07-09 00:52:28.315 DEBUG 15948 --- [restartedMain] org.hibernate.SQL                        : 
    insert 
    into
        especialidades_aud
        (revtype, activo, costo, created_at, descripcion, nombre, rev, id) 
    values
        (?, ?, ?, ?, ?, ?, ?, ?)
2026-07-09 00:52:28.316 DEBUG 15948 --- [restartedMain] org.hibernate.SQL                        : 
    insert 
    into
        usuarios_aud
        (revtype, activo, apellido, created_at, dni, email, foto_perfil, nombre, password, rol, telefono, updated_at, rev, id) 
    values
        (?, ?, ?, ?, ?, ?, ?, ?, ?, ?, ?, ?, ?, ?)
2026-07-09 00:52:28.316 DEBUG 15948 --- [restartedMain] org.hibernate.SQL                        : 
    insert 
    into
        medicos_aud
        (revtype, created_at, numero_colegiatura, updated_at, usuario_id, rev, id) 
    values
        (?, ?, ?, ?, ?, ?, ?)
2026-07-09 00:52:28.316 DEBUG 15948 --- [restartedMain] org.hibernate.SQL                        : 
    insert 
    into
        especialidades_aud
        (revtype, activo, costo, created_at, descripcion, nombre, rev, id) 
    values
        (?, ?, ?, ?, ?, ?, ?, ?)
2026-07-09 00:52:28.316 DEBUG 15948 --- [restartedMain] org.hibernate.SQL                        : 
    insert 
    into
        usuarios_aud
        (revtype, activo, apellido, created_at, dni, email, foto_perfil, nombre, password, rol, telefono, updated_at, rev, id) 
    values
        (?, ?, ?, ?, ?, ?, ?, ?, ?, ?, ?, ?, ?, ?)
2026-07-09 00:52:28.317 DEBUG 15948 --- [restartedMain] org.hibernate.SQL                        : 
    insert 
    into
        medicos_aud
        (revtype, created_at, numero_colegiatura, updated_at, usuario_id, rev, id) 
    values
        (?, ?, ?, ?, ?, ?, ?)
2026-07-09 00:52:28.317 DEBUG 15948 --- [restartedMain] org.hibernate.SQL                        : 
    insert 
    into
        especialidades_aud
        (revtype, activo, costo, created_at, descripcion, nombre, rev, id) 
    values
        (?, ?, ?, ?, ?, ?, ?, ?)
2026-07-09 00:52:28.317 DEBUG 15948 --- [restartedMain] org.hibernate.SQL                        : 
    insert 
    into
        usuarios_aud
        (revtype, activo, apellido, created_at, dni, email, foto_perfil, nombre, password, rol, telefono, updated_at, rev, id) 
    values
        (?, ?, ?, ?, ?, ?, ?, ?, ?, ?, ?, ?, ?, ?)
2026-07-09 00:52:28.318 DEBUG 15948 --- [restartedMain] org.hibernate.SQL                        : 
    insert 
    into
        medicos_aud
        (revtype, created_at, numero_colegiatura, updated_at, usuario_id, rev, id) 
    values
        (?, ?, ?, ?, ?, ?, ?)
2026-07-09 00:52:28.318 DEBUG 15948 --- [restartedMain] org.hibernate.SQL                        : 
    insert 
    into
        especialidades_aud
        (revtype, activo, costo, created_at, descripcion, nombre, rev, id) 
    values
        (?, ?, ?, ?, ?, ?, ?, ?)
2026-07-09 00:52:28.318 DEBUG 15948 --- [restartedMain] org.hibernate.SQL                        : 
    insert 
    into
        usuarios_aud
        (revtype, activo, apellido, created_at, dni, email, foto_perfil, nombre, password, rol, telefono, updated_at, rev, id) 
    values
        (?, ?, ?, ?, ?, ?, ?, ?, ?, ?, ?, ?, ?, ?)
2026-07-09 00:52:28.318 DEBUG 15948 --- [restartedMain] org.hibernate.SQL                        : 
    insert 
    into
        medicos_aud
        (revtype, created_at, numero_colegiatura, updated_at, usuario_id, rev, id) 
    values
        (?, ?, ?, ?, ?, ?, ?)
2026-07-09 00:52:28.318 DEBUG 15948 --- [restartedMain] org.hibernate.SQL                        : 
    insert 
    into
        usuarios_aud
        (revtype, activo, apellido, created_at, dni, email, foto_perfil, nombre, password, rol, telefono, updated_at, rev, id) 
    values
        (?, ?, ?, ?, ?, ?, ?, ?, ?, ?, ?, ?, ?, ?)
2026-07-09 00:52:28.318 DEBUG 15948 --- [restartedMain] org.hibernate.SQL                        : 
    insert 
    into
        pacientes_aud
        (revtype, contacto_emergencia_nombre, contacto_emergencia_parentesco, contacto_emergencia_telefono, created_at, direccion, fecha_nacimiento, genero, grupo_sanguineo, updated_at, usuario_id, rev, id) 
    values
        (?, ?, ?, ?, ?, ?, ?, ?, ?, ?, ?, ?, ?)
2026-07-09 00:52:28.318 DEBUG 15948 --- [restartedMain] org.hibernate.SQL                        : 
    insert 
    into
        usuarios_aud
        (revtype, activo, apellido, created_at, dni, email, foto_perfil, nombre, password, rol, telefono, updated_at, rev, id) 
    values
        (?, ?, ?, ?, ?, ?, ?, ?, ?, ?, ?, ?, ?, ?)
2026-07-09 00:52:28.320 DEBUG 15948 --- [restartedMain] org.hibernate.SQL                        : 
    insert 
    into
        pacientes_aud
        (revtype, contacto_emergencia_nombre, contacto_emergencia_parentesco, contacto_emergencia_telefono, created_at, direccion, fecha_nacimiento, genero, grupo_sanguineo, updated_at, usuario_id, rev, id) 
    values
        (?, ?, ?, ?, ?, ?, ?, ?, ?, ?, ?, ?, ?)
2026-07-09 00:52:28.320 DEBUG 15948 --- [restartedMain] org.hibernate.SQL                        : 
    insert 
    into
        medico_especialidades_aud
        (revtype, medico_id, rev, especialidad_id) 
    values
        (?, ?, ?, ?)
2026-07-09 00:52:28.320 DEBUG 15948 --- [restartedMain] org.hibernate.SQL                        : 
    insert 
    into
        medico_especialidades_aud
        (revtype, medico_id, rev, especialidad_id) 
    values
        (?, ?, ?, ?)
2026-07-09 00:52:28.321 DEBUG 15948 --- [restartedMain] org.hibernate.SQL                        : 
    insert 
    into
        medico_especialidades_aud
        (revtype, medico_id, rev, especialidad_id) 
    values
        (?, ?, ?, ?)
2026-07-09 00:52:28.321 DEBUG 15948 --- [restartedMain] org.hibernate.SQL                        : 
    insert 
    into
        medico_especialidades_aud
        (revtype, medico_id, rev, especialidad_id) 
    values
        (?, ?, ?, ?)
2026-07-09 00:52:28.321 DEBUG 15948 --- [restartedMain] org.hibernate.SQL                        : 
    insert 
    into
        medico_especialidades_aud
        (revtype, medico_id, rev, especialidad_id) 
    values
        (?, ?, ?, ?)
2026-07-09 00:52:28.322 DEBUG 15948 --- [restartedMain] org.hibernate.SQL                        : 
    insert 
    into
        medico_especialidades_aud
        (revtype, medico_id, rev, especialidad_id) 
    values
        (?, ?, ?, ?)
2026-07-09 00:52:28.322 DEBUG 15948 --- [restartedMain] org.hibernate.SQL                        : 
    insert 
    into
        medico_especialidades_aud
        (revtype, medico_id, rev, especialidad_id) 
    values
        (?, ?, ?, ?)
2026-07-09 00:52:28.322 DEBUG 15948 --- [restartedMain] org.hibernate.SQL                        : 
    insert 
    into
        medico_especialidades_aud
        (revtype, medico_id, rev, especialidad_id) 
    values
        (?, ?, ?, ?)
2026-07-09 00:52:28.322 DEBUG 15948 --- [restartedMain] org.hibernate.SQL                        : 
    insert 
    into
        medico_especialidades_aud
        (revtype, medico_id, rev, especialidad_id) 
    values
        (?, ?, ?, ?)
2026-07-09 00:52:28.323 DEBUG 15948 --- [restartedMain] org.hibernate.SQL                        : 
    insert 
    into
        medico_especialidades_aud
        (revtype, medico_id, rev, especialidad_id) 
    values
        (?, ?, ?, ?)
2026-07-09 00:52:28.324  INFO 15948 --- [restartedMain] .ConditionEvaluationDeltaLoggingListener : Condition evaluation unchanged
2026-07-09 00:53:00.040  INFO 15948 --- [File Watcher] rtingClassPathChangeChangedEventListener : Restarting due to 1 class path change (0 additions, 0 deletions, 1 modification)
2026-07-09 00:53:00.041  INFO 15948 --- [Thread-16] o.s.b.w.e.tomcat.GracefulShutdown        : Commencing graceful shutdown. Waiting for active requests to complete
2026-07-09 00:53:00.044  INFO 15948 --- [tomcat-shutdown] o.s.b.w.e.tomcat.GracefulShutdown        : Graceful shutdown complete
2026-07-09 00:53:00.047  INFO 15948 --- [Thread-16] j.LocalContainerEntityManagerFactoryBean : Closing JPA EntityManagerFactory for persistence unit 'default'
2026-07-09 00:53:00.047 DEBUG 15948 --- [Thread-16] org.hibernate.SQL                        : 
    drop table if exists archivos_cita cascade 
2026-07-09 00:53:00.048 DEBUG 15948 --- [Thread-16] org.hibernate.SQL                        : 
    drop table if exists archivos_cita_aud cascade 
2026-07-09 00:53:00.048 DEBUG 15948 --- [Thread-16] org.hibernate.SQL                        : 
    drop table if exists citas cascade 
2026-07-09 00:53:00.048 DEBUG 15948 --- [Thread-16] org.hibernate.SQL                        : 
    drop table if exists citas_aud cascade 
2026-07-09 00:53:00.048 DEBUG 15948 --- [Thread-16] org.hibernate.SQL                        : 
    drop table if exists disponibilidad_medica cascade 
2026-07-09 00:53:00.048 DEBUG 15948 --- [Thread-16] org.hibernate.SQL                        : 
    drop table if exists especialidades cascade 
2026-07-09 00:53:00.049 DEBUG 15948 --- [Thread-16] org.hibernate.SQL                        : 
    drop table if exists especialidades_aud cascade 
2026-07-09 00:53:00.049 DEBUG 15948 --- [Thread-16] org.hibernate.SQL                        : 
    drop table if exists medico_especialidades cascade 
2026-07-09 00:53:00.049 DEBUG 15948 --- [Thread-16] org.hibernate.SQL                        : 
    drop table if exists medico_especialidades_aud cascade 
2026-07-09 00:53:00.049 DEBUG 15948 --- [Thread-16] org.hibernate.SQL                        : 
    drop table if exists medicos cascade 
2026-07-09 00:53:00.050 DEBUG 15948 --- [Thread-16] org.hibernate.SQL                        : 
    drop table if exists medicos_aud cascade 
2026-07-09 00:53:00.050 DEBUG 15948 --- [Thread-16] org.hibernate.SQL                        : 
    drop table if exists notificaciones cascade 
2026-07-09 00:53:00.050 DEBUG 15948 --- [Thread-16] org.hibernate.SQL                        : 
    drop table if exists pacientes cascade 
2026-07-09 00:53:00.050 DEBUG 15948 --- [Thread-16] org.hibernate.SQL                        : 
    drop table if exists pacientes_aud cascade 
2026-07-09 00:53:00.051 DEBUG 15948 --- [Thread-16] org.hibernate.SQL                        : 
    drop table if exists pagos cascade 
2026-07-09 00:53:00.051 DEBUG 15948 --- [Thread-16] org.hibernate.SQL                        : 
    drop table if exists pagos_aud cascade 
2026-07-09 00:53:00.051 DEBUG 15948 --- [Thread-16] org.hibernate.SQL                        : 
    drop table if exists revinfo cascade 
2026-07-09 00:53:00.052 DEBUG 15948 --- [Thread-16] org.hibernate.SQL                        : 
    drop table if exists usuarios cascade 
2026-07-09 00:53:00.052 DEBUG 15948 --- [Thread-16] org.hibernate.SQL                        : 
    drop table if exists usuarios_aud cascade 
2026-07-09 00:53:00.052  WARN 15948 --- [Thread-16] o.s.b.f.support.DisposableBeanAdapter    : Invocation of destroy method failed on bean with name 'inMemoryDatabaseShutdownExecutor': org.h2.jdbc.JdbcSQLNonTransientConnectionException: La base de datos ya esta cerrada (para des-habilitar el cerrado automatico durante el shutdown de la VM, agregue ";DB_CLOSE_ON_EXIT=FALSE" a la URL de conexión)
Database is already closed (to disable automatic closing at VM shutdown, add ";DB_CLOSE_ON_EXIT=FALSE" to the db URL) [90121-232]
2026-07-09 00:53:00.053  INFO 15948 --- [Thread-16] com.zaxxer.hikari.HikariDataSource       : HikariPool-4 - Shutdown initiated...
2026-07-09 00:53:00.053  INFO 15948 --- [Thread-16] com.zaxxer.hikari.HikariDataSource       : HikariPool-4 - Shutdown completed.
2026-07-09 00:53:00.128  INFO 15948 --- [restartedMain] com.sisol.salud.SisolSaludApplication    : Starting SisolSaludApplication using Java 21.0.10 with PID 15948 (C:\Users\fabri\OneDrive\Desktop\Repositorios\Proyecto-Integrador\target\classes started by fabri in C:\Users\fabri\OneDrive\Desktop\Repositorios\Proyecto-Integrador)
2026-07-09 00:53:00.130 DEBUG 15948 --- [restartedMain] com.sisol.salud.SisolSaludApplication    : Running with Spring Boot v3.5.9, Spring v6.2.15
2026-07-09 00:53:00.130  INFO 15948 --- [restartedMain] com.sisol.salud.SisolSaludApplication    : No active profile set, falling back to 1 default profile: "default"
2026-07-09 00:53:00.312  INFO 15948 --- [restartedMain] .s.d.r.c.RepositoryConfigurationDelegate : Bootstrapping Spring Data JPA repositories in DEFAULT mode.
2026-07-09 00:53:00.331  INFO 15948 --- [restartedMain] .s.d.r.c.RepositoryConfigurationDelegate : Finished Spring Data repository scanning in 18 ms. Found 9 JPA repository interfaces.
2026-07-09 00:53:00.385  INFO 15948 --- [restartedMain] o.s.b.w.embedded.tomcat.TomcatWebServer  : Tomcat initialized with port 8080 (http)
2026-07-09 00:53:00.385  INFO 15948 --- [restartedMain] o.apache.catalina.core.StandardService   : Starting service [Tomcat]
2026-07-09 00:53:00.385  INFO 15948 --- [restartedMain] o.apache.catalina.core.StandardEngine    : Starting Servlet engine: [Apache Tomcat/10.1.50]
2026-07-09 00:53:00.400  INFO 15948 --- [restartedMain] o.a.c.c.C.[Tomcat].[localhost].[/]       : Initializing Spring embedded WebApplicationContext
2026-07-09 00:53:00.401  INFO 15948 --- [restartedMain] w.s.c.ServletWebServerApplicationContext : Root WebApplicationContext: initialization completed in 270 ms
2026-07-09 00:53:00.425  INFO 15948 --- [restartedMain] o.hibernate.jpa.internal.util.LogHelper  : HHH000204: Processing PersistenceUnitInfo [name: default]
2026-07-09 00:53:00.429  INFO 15948 --- [restartedMain] o.h.c.internal.RegionFactoryInitiator    : HHH000026: Second-level cache disabled
2026-07-09 00:53:00.432  INFO 15948 --- [restartedMain] o.h.e.boot.internal.EnversServiceImpl    : Envers integration enabled? : true
2026-07-09 00:53:00.436  INFO 15948 --- [restartedMain] o.s.o.j.p.SpringPersistenceUnitInfo      : No LoadTimeWeaver setup: ignoring JPA class transformer
2026-07-09 00:53:00.436  INFO 15948 --- [restartedMain] com.zaxxer.hikari.HikariDataSource       : HikariPool-5 - Starting...
2026-07-09 00:53:00.438  INFO 15948 --- [restartedMain] com.zaxxer.hikari.pool.HikariPool        : HikariPool-5 - Added connection conn40: url=jdbc:h2:mem:sisoldb user=SA
2026-07-09 00:53:00.438  INFO 15948 --- [restartedMain] com.zaxxer.hikari.HikariDataSource       : HikariPool-5 - Start completed.
2026-07-09 00:53:00.438  WARN 15948 --- [restartedMain] org.hibernate.orm.deprecation            : HHH90000025: H2Dialect does not need to be specified explicitly using 'hibernate.dialect' (remove the property setting and it will be selected by default)
2026-07-09 00:53:00.438  INFO 15948 --- [restartedMain] org.hibernate.orm.connections.pooling    : HHH10001005: Database info:
	Database JDBC URL [Connecting through datasource 'HikariDataSource (HikariPool-5)']
	Database driver: undefined/unknown
	Database version: 2.3.232
	Autocommit mode: undefined/unknown
	Isolation level: undefined/unknown
	Minimum pool size: undefined/unknown
	Maximum pool size: undefined/unknown
2026-07-09 00:53:00.465  INFO 15948 --- [restartedMain] o.h.e.c.i.m.AuditMetadataGenerator       : Adding properties for entity: com.sisol.salud.model.entity.Cita
2026-07-09 00:53:00.465  INFO 15948 --- [restartedMain] o.h.e.c.i.m.AuditMetadataGenerator       : Adding properties for entity: com.sisol.salud.model.entity.Paciente
2026-07-09 00:53:00.465  INFO 15948 --- [restartedMain] o.h.e.c.i.m.AuditMetadataGenerator       : Adding properties for entity: com.sisol.salud.model.entity.Especialidad
2026-07-09 00:53:00.466  INFO 15948 --- [restartedMain] o.h.e.c.i.m.AuditMetadataGenerator       : Adding properties for entity: com.sisol.salud.model.entity.ArchivoCita
2026-07-09 00:53:00.466  INFO 15948 --- [restartedMain] o.h.e.c.i.m.AuditMetadataGenerator       : Adding properties for entity: com.sisol.salud.model.entity.Medico
2026-07-09 00:53:00.466  INFO 15948 --- [restartedMain] o.h.e.c.i.m.AuditMetadataGenerator       : Adding properties for entity: com.sisol.salud.model.entity.Pago
2026-07-09 00:53:00.466  INFO 15948 --- [restartedMain] o.h.e.c.i.m.AuditMetadataGenerator       : Adding properties for entity: com.sisol.salud.model.entity.Usuario
2026-07-09 00:53:00.537  INFO 15948 --- [restartedMain] o.h.e.t.j.p.i.JtaPlatformInitiator       : HHH000489: No JTA platform available (set 'hibernate.transaction.jta.platform' to enable JTA platform integration)
2026-07-09 00:53:00.537 DEBUG 15948 --- [restartedMain] org.hibernate.SQL                        : 
    drop table if exists archivos_cita cascade 
2026-07-09 00:53:00.537 DEBUG 15948 --- [restartedMain] org.hibernate.SQL                        : 
    drop table if exists archivos_cita_aud cascade 
2026-07-09 00:53:00.537 DEBUG 15948 --- [restartedMain] org.hibernate.SQL                        : 
    drop table if exists citas cascade 
2026-07-09 00:53:00.538 DEBUG 15948 --- [restartedMain] org.hibernate.SQL                        : 
    drop table if exists citas_aud cascade 
2026-07-09 00:53:00.538 DEBUG 15948 --- [restartedMain] org.hibernate.SQL                        : 
    drop table if exists disponibilidad_medica cascade 
2026-07-09 00:53:00.538 DEBUG 15948 --- [restartedMain] org.hibernate.SQL                        : 
    drop table if exists especialidades cascade 
2026-07-09 00:53:00.539 DEBUG 15948 --- [restartedMain] org.hibernate.SQL                        : 
    drop table if exists especialidades_aud cascade 
2026-07-09 00:53:00.539 DEBUG 15948 --- [restartedMain] org.hibernate.SQL                        : 
    drop table if exists medico_especialidades cascade 
2026-07-09 00:53:00.539 DEBUG 15948 --- [restartedMain] org.hibernate.SQL                        : 
    drop table if exists medico_especialidades_aud cascade 
2026-07-09 00:53:00.539 DEBUG 15948 --- [restartedMain] org.hibernate.SQL                        : 
    drop table if exists medicos cascade 
2026-07-09 00:53:00.539 DEBUG 15948 --- [restartedMain] org.hibernate.SQL                        : 
    drop table if exists medicos_aud cascade 
2026-07-09 00:53:00.539 DEBUG 15948 --- [restartedMain] org.hibernate.SQL                        : 
    drop table if exists notificaciones cascade 
2026-07-09 00:53:00.540 DEBUG 15948 --- [restartedMain] org.hibernate.SQL                        : 
    drop table if exists pacientes cascade 
2026-07-09 00:53:00.540 DEBUG 15948 --- [restartedMain] org.hibernate.SQL                        : 
    drop table if exists pacientes_aud cascade 
2026-07-09 00:53:00.540 DEBUG 15948 --- [restartedMain] org.hibernate.SQL                        : 
    drop table if exists pagos cascade 
2026-07-09 00:53:00.540 DEBUG 15948 --- [restartedMain] org.hibernate.SQL                        : 
    drop table if exists pagos_aud cascade 
2026-07-09 00:53:00.540 DEBUG 15948 --- [restartedMain] org.hibernate.SQL                        : 
    drop table if exists revinfo cascade 
2026-07-09 00:53:00.540 DEBUG 15948 --- [restartedMain] org.hibernate.SQL                        : 
    drop table if exists usuarios cascade 
2026-07-09 00:53:00.540 DEBUG 15948 --- [restartedMain] org.hibernate.SQL                        : 
    drop table if exists usuarios_aud cascade 
2026-07-09 00:53:00.541 DEBUG 15948 --- [restartedMain] org.hibernate.SQL                        : 
    create table archivos_cita (
        cita_id bigint not null,
        created_at timestamp(6),
        id bigint generated by default as identity,
        datos_base64 LONGTEXT not null,
        nombre_archivo varchar(255) not null,
        tipo_contenido varchar(255) not null,
        primary key (id)
    )
2026-07-09 00:53:00.541 DEBUG 15948 --- [restartedMain] org.hibernate.SQL                        : 
    create table archivos_cita_aud (
        rev integer not null,
        revtype tinyint,
        cita_id bigint,
        created_at timestamp(6),
        id bigint not null,
        datos_base64 LONGTEXT,
        nombre_archivo varchar(255),
        tipo_contenido varchar(255),
        primary key (rev, id)
    )
2026-07-09 00:53:00.542 DEBUG 15948 --- [restartedMain] org.hibernate.SQL                        : 
    create table citas (
        fecha date not null,
        hora_fin time(6) not null,
        hora_inicio time(6) not null,
        created_at timestamp(6),
        especialidad_id bigint not null,
        id bigint generated by default as identity,
        medico_id bigint not null,
        paciente_id bigint not null,
        updated_at timestamp(6),
        motivo_consulta varchar(500),
        observaciones TEXT,
        estado enum ('CANCELADA','COMPLETADA','CONFIRMADA','NO_ASISTIO','PENDIENTE') not null,
        primary key (id)
    )
2026-07-09 00:53:00.543 DEBUG 15948 --- [restartedMain] org.hibernate.SQL                        : 
    create table citas_aud (
        fecha date,
        hora_fin time(6),
        hora_inicio time(6),
        rev integer not null,
        revtype tinyint,
        created_at timestamp(6),
        especialidad_id bigint,
        id bigint not null,
        medico_id bigint,
        paciente_id bigint,
        updated_at timestamp(6),
        motivo_consulta varchar(500),
        observaciones TEXT,
        estado enum ('CANCELADA','COMPLETADA','CONFIRMADA','NO_ASISTIO','PENDIENTE'),
        primary key (rev, id)
    )
2026-07-09 00:53:00.543 DEBUG 15948 --- [restartedMain] org.hibernate.SQL                        : 
    create table disponibilidad_medica (
        activo boolean not null,
        duracion_consulta_min integer not null,
        hora_fin time(6) not null,
        hora_inicio time(6) not null,
        created_at timestamp(6),
        id bigint generated by default as identity,
        medico_id bigint not null,
        updated_at timestamp(6),
        dia_semana enum ('DOMINGO','JUEVES','LUNES','MARTES','MIERCOLES','SABADO','VIERNES') not null,
        primary key (id)
    )
2026-07-09 00:53:00.544 DEBUG 15948 --- [restartedMain] org.hibernate.SQL                        : 
    create table especialidades (
        activo boolean not null,
        costo numeric(10,2) not null,
        created_at timestamp(6),
        id bigint generated by default as identity,
        nombre varchar(100) not null unique,
        descripcion varchar(500),
        primary key (id)
    )
2026-07-09 00:53:00.544 DEBUG 15948 --- [restartedMain] org.hibernate.SQL                        : 
    create table especialidades_aud (
        activo boolean,
        costo numeric(10,2),
        rev integer not null,
        revtype tinyint,
        created_at timestamp(6),
        id bigint not null,
        nombre varchar(100),
        descripcion varchar(500),
        primary key (rev, id)
    )
2026-07-09 00:53:00.545 DEBUG 15948 --- [restartedMain] org.hibernate.SQL                        : 
    create table medico_especialidades (
        especialidad_id bigint not null,
        medico_id bigint not null,
        primary key (especialidad_id, medico_id)
    )
2026-07-09 00:53:00.545 DEBUG 15948 --- [restartedMain] org.hibernate.SQL                        : 
    create table medico_especialidades_aud (
        rev integer not null,
        revtype tinyint,
        especialidad_id bigint not null,
        medico_id bigint not null,
        primary key (rev, especialidad_id, medico_id)
    )
2026-07-09 00:53:00.545 DEBUG 15948 --- [restartedMain] org.hibernate.SQL                        : 
    create table medicos (
        created_at timestamp(6),
        id bigint generated by default as identity,
        updated_at timestamp(6),
        usuario_id bigint not null unique,
        numero_colegiatura varchar(20) not null unique,
        primary key (id)
    )
2026-07-09 00:53:00.546 DEBUG 15948 --- [restartedMain] org.hibernate.SQL                        : 
    create table medicos_aud (
        rev integer not null,
        revtype tinyint,
        created_at timestamp(6),
        id bigint not null,
        updated_at timestamp(6),
        usuario_id bigint,
        numero_colegiatura varchar(20),
        primary key (rev, id)
    )
2026-07-09 00:53:00.546 DEBUG 15948 --- [restartedMain] org.hibernate.SQL                        : 
    create table notificaciones (
        enviado boolean not null,
        cita_id bigint not null,
        created_at timestamp(6),
        fecha_envio timestamp(6),
        id bigint generated by default as identity,
        usuario_id bigint not null,
        asunto varchar(255) not null,
        mensaje TEXT not null,
        tipo enum ('EMAIL','SMS') not null,
        primary key (id)
    )
2026-07-09 00:53:00.547 DEBUG 15948 --- [restartedMain] org.hibernate.SQL                        : 
    create table pacientes (
        fecha_nacimiento date,
        grupo_sanguineo varchar(5),
        created_at timestamp(6),
        id bigint generated by default as identity,
        updated_at timestamp(6),
        usuario_id bigint not null unique,
        contacto_emergencia_telefono varchar(20),
        genero varchar(20),
        contacto_emergencia_parentesco varchar(50),
        contacto_emergencia_nombre varchar(150),
        direccion varchar(255),
        primary key (id)
    )
2026-07-09 00:53:00.547 DEBUG 15948 --- [restartedMain] org.hibernate.SQL                        : 
    create table pacientes_aud (
        fecha_nacimiento date,
        rev integer not null,
        revtype tinyint,
        grupo_sanguineo varchar(5),
        created_at timestamp(6),
        id bigint not null,
        updated_at timestamp(6),
        usuario_id bigint,
        contacto_emergencia_telefono varchar(20),
        genero varchar(20),
        contacto_emergencia_parentesco varchar(50),
        contacto_emergencia_nombre varchar(150),
        direccion varchar(255),
        primary key (rev, id)
    )
2026-07-09 00:53:00.548 DEBUG 15948 --- [restartedMain] org.hibernate.SQL                        : 
    create table pagos (
        monto numeric(10,2) not null,
        cita_id bigint not null unique,
        created_at timestamp(6),
        fecha_pago timestamp(6),
        id bigint generated by default as identity,
        paciente_id bigint not null,
        updated_at timestamp(6),
        referencia_pago varchar(100),
        notas varchar(500),
        estado_pago enum ('PAGADO','PENDIENTE','REEMBOLSADO') not null,
        metodo_pago enum ('EFECTIVO','PLIN','TARJETA_CREDITO','TARJETA_DEBITO','TRANSFERENCIA','YAPE') not null,
        primary key (id)
    )
2026-07-09 00:53:00.548 DEBUG 15948 --- [restartedMain] org.hibernate.SQL                        : 
    create table pagos_aud (
        monto numeric(10,2),
        rev integer not null,
        revtype tinyint,
        cita_id bigint,
        created_at timestamp(6),
        fecha_pago timestamp(6),
        id bigint not null,
        paciente_id bigint,
        updated_at timestamp(6),
        referencia_pago varchar(100),
        notas varchar(500),
        estado_pago enum ('PAGADO','PENDIENTE','REEMBOLSADO'),
        metodo_pago enum ('EFECTIVO','PLIN','TARJETA_CREDITO','TARJETA_DEBITO','TRANSFERENCIA','YAPE'),
        primary key (rev, id)
    )
2026-07-09 00:53:00.549 DEBUG 15948 --- [restartedMain] org.hibernate.SQL                        : 
    create table revinfo (
        rev integer generated by default as identity,
        revtstmp bigint,
        primary key (rev)
    )
2026-07-09 00:53:00.550 DEBUG 15948 --- [restartedMain] org.hibernate.SQL                        : 
    create table usuarios (
        activo boolean not null,
        created_at timestamp(6),
        id bigint generated by default as identity,
        updated_at timestamp(6),
        dni varchar(15) not null unique,
        telefono varchar(20),
        apellido varchar(100) not null,
        nombre varchar(100) not null,
        email varchar(150) not null unique,
        password varchar(255) not null,
        foto_perfil LONGTEXT,
        rol enum ('ADMIN','MEDICO','PACIENTE') not null,
        primary key (id)
    )
2026-07-09 00:53:00.550 DEBUG 15948 --- [restartedMain] org.hibernate.SQL                        : 
    create table usuarios_aud (
        activo boolean,
        rev integer not null,
        revtype tinyint,
        created_at timestamp(6),
        id bigint not null,
        updated_at timestamp(6),
        dni varchar(15),
        telefono varchar(20),
        apellido varchar(100),
        nombre varchar(100),
        email varchar(150),
        foto_perfil LONGTEXT,
        password varchar(255),
        rol enum ('ADMIN','MEDICO','PACIENTE'),
        primary key (rev, id)
    )
2026-07-09 00:53:00.551 DEBUG 15948 --- [restartedMain] org.hibernate.SQL                        : 
    alter table if exists archivos_cita 
       add constraint FK1umuq070au7vh5wi01xxw1d2x 
       foreign key (cita_id) 
       references citas
2026-07-09 00:53:00.552 DEBUG 15948 --- [restartedMain] org.hibernate.SQL                        : 
    alter table if exists archivos_cita_aud 
       add constraint FKgb95d0iif245d4wqkjxmkwd5u 
       foreign key (rev) 
       references revinfo
2026-07-09 00:53:00.552 DEBUG 15948 --- [restartedMain] org.hibernate.SQL                        : 
    alter table if exists citas 
       add constraint FKapkrvku8ylaqff5yx6gmv7hfb 
       foreign key (especialidad_id) 
       references especialidades
2026-07-09 00:53:00.553 DEBUG 15948 --- [restartedMain] org.hibernate.SQL                        : 
    alter table if exists citas 
       add constraint FKbfl57ey8hx1a3ubtrpy8x9ll 
       foreign key (medico_id) 
       references medicos
2026-07-09 00:53:00.554 DEBUG 15948 --- [restartedMain] org.hibernate.SQL                        : 
    alter table if exists citas 
       add constraint FKnqrsxxcuysfcxiekvixm7h8r1 
       foreign key (paciente_id) 
       references pacientes
2026-07-09 00:53:00.554 DEBUG 15948 --- [restartedMain] org.hibernate.SQL                        : 
    alter table if exists citas_aud 
       add constraint FK3qxb7u9ddr5a1v8iyp2ew7j7a 
       foreign key (rev) 
       references revinfo
2026-07-09 00:53:00.556 DEBUG 15948 --- [restartedMain] org.hibernate.SQL                        : 
    alter table if exists disponibilidad_medica 
       add constraint FK2gp5w61ar5b1ncquajq6jtxvx 
       foreign key (medico_id) 
       references medicos
2026-07-09 00:53:00.556 DEBUG 15948 --- [restartedMain] org.hibernate.SQL                        : 
    alter table if exists especialidades_aud 
       add constraint FK47semrxdveencd7ehm5mybrur 
       foreign key (rev) 
       references revinfo
2026-07-09 00:53:00.557 DEBUG 15948 --- [restartedMain] org.hibernate.SQL                        : 
    alter table if exists medico_especialidades 
       add constraint FKg053qn341nw53yhgoq1c2mjj0 
       foreign key (especialidad_id) 
       references especialidades
2026-07-09 00:53:00.557 DEBUG 15948 --- [restartedMain] org.hibernate.SQL                        : 
    alter table if exists medico_especialidades 
       add constraint FK7xw32fy03axlyq7bwcu476vl3 
       foreign key (medico_id) 
       references medicos
2026-07-09 00:53:00.558 DEBUG 15948 --- [restartedMain] org.hibernate.SQL                        : 
    alter table if exists medico_especialidades_aud 
       add constraint FK76j86sh57tifk0laqf5huqv9j 
       foreign key (rev) 
       references revinfo
2026-07-09 00:53:00.558 DEBUG 15948 --- [restartedMain] org.hibernate.SQL                        : 
    alter table if exists medicos 
       add constraint FKa0dd5a1r4o7vgnqr0aigr69td 
       foreign key (usuario_id) 
       references usuarios
2026-07-09 00:53:00.558 DEBUG 15948 --- [restartedMain] org.hibernate.SQL                        : 
    alter table if exists medicos_aud 
       add constraint FKcyfyosarrcjqc36531rjwa8f8 
       foreign key (rev) 
       references revinfo
2026-07-09 00:53:00.559 DEBUG 15948 --- [restartedMain] org.hibernate.SQL                        : 
    alter table if exists notificaciones 
       add constraint FKf6vsd72tpuysbhes31nygw0v0 
       foreign key (cita_id) 
       references citas
2026-07-09 00:53:00.559 DEBUG 15948 --- [restartedMain] org.hibernate.SQL                        : 
    alter table if exists notificaciones 
       add constraint FK1mxbjb81ft61gwlh0kabubndc 
       foreign key (usuario_id) 
       references usuarios
2026-07-09 00:53:00.560 DEBUG 15948 --- [restartedMain] org.hibernate.SQL                        : 
    alter table if exists pacientes 
       add constraint FK96vvhaactwhv7l8ymuq6b4r6j 
       foreign key (usuario_id) 
       references usuarios
2026-07-09 00:53:00.560 DEBUG 15948 --- [restartedMain] org.hibernate.SQL                        : 
    alter table if exists pacientes_aud 
       add constraint FK9mhanil692brifthmv83puxb3 
       foreign key (rev) 
       references revinfo
2026-07-09 00:53:00.561 DEBUG 15948 --- [restartedMain] org.hibernate.SQL                        : 
    alter table if exists pagos 
       add constraint FKdyyqrbd5gg0lhhcijte5qkt88 
       foreign key (cita_id) 
       references citas
2026-07-09 00:53:00.561 DEBUG 15948 --- [restartedMain] org.hibernate.SQL                        : 
    alter table if exists pagos 
       add constraint FKtrjk63m5s2jlwfdvx16p8ehbi 
       foreign key (paciente_id) 
       references pacientes
2026-07-09 00:53:00.562 DEBUG 15948 --- [restartedMain] org.hibernate.SQL                        : 
    alter table if exists pagos_aud 
       add constraint FKk5yir6kvro5c15qd8q5vacmtl 
       foreign key (rev) 
       references revinfo
2026-07-09 00:53:00.562 DEBUG 15948 --- [restartedMain] org.hibernate.SQL                        : 
    alter table if exists usuarios_aud 
       add constraint FKn9o74udlh4qxjv04akbysl83b 
       foreign key (rev) 
       references revinfo
2026-07-09 00:53:00.563  INFO 15948 --- [restartedMain] j.LocalContainerEntityManagerFactoryBean : Initialized JPA EntityManagerFactory for persistence unit 'default'
2026-07-09 00:53:00.594 DEBUG 15948 --- [restartedMain] c.s.s.s.jwt.JwtAuthenticationFilter      : Filter 'jwtAuthenticationFilter' configured for use
2026-07-09 00:53:00.660  INFO 15948 --- [restartedMain] eAuthenticationProviderManagerConfigurer : Global AuthenticationManager configured with AuthenticationProvider bean with name authenticationProvider
2026-07-09 00:53:00.660  WARN 15948 --- [restartedMain] r$InitializeUserDetailsManagerConfigurer : Global AuthenticationManager configured with an AuthenticationProvider bean. UserDetailsService beans will not be used by Spring Security for automatically configuring username/password login. Consider removing the AuthenticationProvider bean. Alternatively, consider using the UserDetailsService in a manually instantiated DaoAuthenticationProvider. If the current configuration is intentional, to turn off this warning, increase the logging level of 'org.springframework.security.config.annotation.authentication.configuration.InitializeUserDetailsBeanManagerConfigurer' to ERROR
2026-07-09 00:53:00.748  WARN 15948 --- [restartedMain] JpaBaseConfiguration$JpaWebConfiguration : spring.jpa.open-in-view is enabled by default. Therefore, database queries may be performed during view rendering. Explicitly configure spring.jpa.open-in-view to disable this warning
2026-07-09 00:53:00.752  INFO 15948 --- [restartedMain] o.s.b.a.w.s.WelcomePageHandlerMapping    : Adding welcome page template: index
2026-07-09 00:53:00.794  INFO 15948 --- [restartedMain] o.s.b.a.e.web.EndpointLinksResolver      : Exposing 5 endpoints beneath base path '/actuator'
2026-07-09 00:53:00.867  INFO 15948 --- [restartedMain] o.s.b.a.h2.H2ConsoleAutoConfiguration    : H2 console available at '/h2-console'. Database available at 'jdbc:h2:mem:sisoldb'
2026-07-09 00:53:00.870  INFO 15948 --- [restartedMain] o.s.b.d.a.OptionalLiveReloadServer       : LiveReload server is running on port 35729
2026-07-09 00:53:00.879  INFO 15948 --- [restartedMain] o.s.b.w.embedded.tomcat.TomcatWebServer  : Tomcat started on port 8080 (http) with context path '/'
2026-07-09 00:53:00.883  INFO 15948 --- [restartedMain] com.sisol.salud.SisolSaludApplication    : Started SisolSaludApplication in 0.778 seconds (process running for 1178.257)
2026-07-09 00:53:00.884  INFO 15948 --- [restartedMain] com.sisol.salud.config.DataSeeder        : Verificando librerías requeridas...
2026-07-09 00:53:00.885  INFO 15948 --- [restartedMain] com.sisol.salud.config.DataSeeder        : [Guava] Creada lista inmutable de 3 elementos
2026-07-09 00:53:00.885  INFO 15948 --- [restartedMain] com.sisol.salud.config.DataSeeder        : [Apache Commons] Código seguro generado: 5LDMGKK8D5
2026-07-09 00:53:00.887  INFO 15948 --- [restartedMain] com.sisol.salud.config.DataSeeder        : [Apache POI] Archivo Excel estructurado y creado en memoria exitosamente.
2026-07-09 00:53:00.891 DEBUG 15948 --- [restartedMain] org.hibernate.SQL                        : 
    select
        count(*) 
    from
        especialidades e1_0
2026-07-09 00:53:00.893  INFO 15948 --- [restartedMain] com.sisol.salud.config.DataSeeder        : Sembrando base de datos desde 0 con 10 especialidades, 10 médicos y 2 pacientes...
2026-07-09 00:53:00.894 DEBUG 15948 --- [restartedMain] org.hibernate.SQL                        : 
    insert 
    into
        especialidades
        (activo, costo, created_at, descripcion, nombre, id) 
    values
        (?, ?, ?, ?, ?, default)
2026-07-09 00:53:00.946 DEBUG 15948 --- [restartedMain] org.hibernate.SQL                        : 
    insert 
    into
        usuarios
        (activo, apellido, created_at, dni, email, foto_perfil, nombre, password, rol, telefono, updated_at, id) 
    values
        (?, ?, ?, ?, ?, ?, ?, ?, ?, ?, ?, default)
2026-07-09 00:53:00.948 DEBUG 15948 --- [restartedMain] org.hibernate.SQL                        : 
    insert 
    into
        medicos
        (created_at, numero_colegiatura, updated_at, usuario_id, id) 
    values
        (?, ?, ?, ?, default)
2026-07-09 00:53:00.948 DEBUG 15948 --- [restartedMain] org.hibernate.SQL                        : 
    insert 
    into
        disponibilidad_medica
        (activo, created_at, dia_semana, duracion_consulta_min, hora_fin, hora_inicio, medico_id, updated_at, id) 
    values
        (?, ?, ?, ?, ?, ?, ?, ?, default)
2026-07-09 00:53:00.949 DEBUG 15948 --- [restartedMain] org.hibernate.SQL                        : 
    insert 
    into
        disponibilidad_medica
        (activo, created_at, dia_semana, duracion_consulta_min, hora_fin, hora_inicio, medico_id, updated_at, id) 
    values
        (?, ?, ?, ?, ?, ?, ?, ?, default)
2026-07-09 00:53:00.949 DEBUG 15948 --- [restartedMain] org.hibernate.SQL                        : 
    insert 
    into
        disponibilidad_medica
        (activo, created_at, dia_semana, duracion_consulta_min, hora_fin, hora_inicio, medico_id, updated_at, id) 
    values
        (?, ?, ?, ?, ?, ?, ?, ?, default)
2026-07-09 00:53:00.950 DEBUG 15948 --- [restartedMain] org.hibernate.SQL                        : 
    insert 
    into
        disponibilidad_medica
        (activo, created_at, dia_semana, duracion_consulta_min, hora_fin, hora_inicio, medico_id, updated_at, id) 
    values
        (?, ?, ?, ?, ?, ?, ?, ?, default)
2026-07-09 00:53:00.950 DEBUG 15948 --- [restartedMain] org.hibernate.SQL                        : 
    insert 
    into
        disponibilidad_medica
        (activo, created_at, dia_semana, duracion_consulta_min, hora_fin, hora_inicio, medico_id, updated_at, id) 
    values
        (?, ?, ?, ?, ?, ?, ?, ?, default)
2026-07-09 00:53:00.950 DEBUG 15948 --- [restartedMain] org.hibernate.SQL                        : 
    insert 
    into
        especialidades
        (activo, costo, created_at, descripcion, nombre, id) 
    values
        (?, ?, ?, ?, ?, default)
2026-07-09 00:53:01.002 DEBUG 15948 --- [restartedMain] org.hibernate.SQL                        : 
    insert 
    into
        usuarios
        (activo, apellido, created_at, dni, email, foto_perfil, nombre, password, rol, telefono, updated_at, id) 
    values
        (?, ?, ?, ?, ?, ?, ?, ?, ?, ?, ?, default)
2026-07-09 00:53:01.003 DEBUG 15948 --- [restartedMain] org.hibernate.SQL                        : 
    insert 
    into
        medicos
        (created_at, numero_colegiatura, updated_at, usuario_id, id) 
    values
        (?, ?, ?, ?, default)
2026-07-09 00:53:01.003 DEBUG 15948 --- [restartedMain] org.hibernate.SQL                        : 
    insert 
    into
        disponibilidad_medica
        (activo, created_at, dia_semana, duracion_consulta_min, hora_fin, hora_inicio, medico_id, updated_at, id) 
    values
        (?, ?, ?, ?, ?, ?, ?, ?, default)
2026-07-09 00:53:01.004 DEBUG 15948 --- [restartedMain] org.hibernate.SQL                        : 
    insert 
    into
        disponibilidad_medica
        (activo, created_at, dia_semana, duracion_consulta_min, hora_fin, hora_inicio, medico_id, updated_at, id) 
    values
        (?, ?, ?, ?, ?, ?, ?, ?, default)
2026-07-09 00:53:01.004 DEBUG 15948 --- [restartedMain] org.hibernate.SQL                        : 
    insert 
    into
        disponibilidad_medica
        (activo, created_at, dia_semana, duracion_consulta_min, hora_fin, hora_inicio, medico_id, updated_at, id) 
    values
        (?, ?, ?, ?, ?, ?, ?, ?, default)
2026-07-09 00:53:01.004 DEBUG 15948 --- [restartedMain] org.hibernate.SQL                        : 
    insert 
    into
        disponibilidad_medica
        (activo, created_at, dia_semana, duracion_consulta_min, hora_fin, hora_inicio, medico_id, updated_at, id) 
    values
        (?, ?, ?, ?, ?, ?, ?, ?, default)
2026-07-09 00:53:01.005 DEBUG 15948 --- [restartedMain] org.hibernate.SQL                        : 
    insert 
    into
        disponibilidad_medica
        (activo, created_at, dia_semana, duracion_consulta_min, hora_fin, hora_inicio, medico_id, updated_at, id) 
    values
        (?, ?, ?, ?, ?, ?, ?, ?, default)
2026-07-09 00:53:01.005 DEBUG 15948 --- [restartedMain] org.hibernate.SQL                        : 
    insert 
    into
        especialidades
        (activo, costo, created_at, descripcion, nombre, id) 
    values
        (?, ?, ?, ?, ?, default)
2026-07-09 00:53:01.057 DEBUG 15948 --- [restartedMain] org.hibernate.SQL                        : 
    insert 
    into
        usuarios
        (activo, apellido, created_at, dni, email, foto_perfil, nombre, password, rol, telefono, updated_at, id) 
    values
        (?, ?, ?, ?, ?, ?, ?, ?, ?, ?, ?, default)
2026-07-09 00:53:01.059 DEBUG 15948 --- [restartedMain] org.hibernate.SQL                        : 
    insert 
    into
        medicos
        (created_at, numero_colegiatura, updated_at, usuario_id, id) 
    values
        (?, ?, ?, ?, default)
2026-07-09 00:53:01.059 DEBUG 15948 --- [restartedMain] org.hibernate.SQL                        : 
    insert 
    into
        disponibilidad_medica
        (activo, created_at, dia_semana, duracion_consulta_min, hora_fin, hora_inicio, medico_id, updated_at, id) 
    values
        (?, ?, ?, ?, ?, ?, ?, ?, default)
2026-07-09 00:53:01.060 DEBUG 15948 --- [restartedMain] org.hibernate.SQL                        : 
    insert 
    into
        disponibilidad_medica
        (activo, created_at, dia_semana, duracion_consulta_min, hora_fin, hora_inicio, medico_id, updated_at, id) 
    values
        (?, ?, ?, ?, ?, ?, ?, ?, default)
2026-07-09 00:53:01.060 DEBUG 15948 --- [restartedMain] org.hibernate.SQL                        : 
    insert 
    into
        disponibilidad_medica
        (activo, created_at, dia_semana, duracion_consulta_min, hora_fin, hora_inicio, medico_id, updated_at, id) 
    values
        (?, ?, ?, ?, ?, ?, ?, ?, default)
2026-07-09 00:53:01.061 DEBUG 15948 --- [restartedMain] org.hibernate.SQL                        : 
    insert 
    into
        disponibilidad_medica
        (activo, created_at, dia_semana, duracion_consulta_min, hora_fin, hora_inicio, medico_id, updated_at, id) 
    values
        (?, ?, ?, ?, ?, ?, ?, ?, default)
2026-07-09 00:53:01.061 DEBUG 15948 --- [restartedMain] org.hibernate.SQL                        : 
    insert 
    into
        disponibilidad_medica
        (activo, created_at, dia_semana, duracion_consulta_min, hora_fin, hora_inicio, medico_id, updated_at, id) 
    values
        (?, ?, ?, ?, ?, ?, ?, ?, default)
2026-07-09 00:53:01.061 DEBUG 15948 --- [restartedMain] org.hibernate.SQL                        : 
    insert 
    into
        especialidades
        (activo, costo, created_at, descripcion, nombre, id) 
    values
        (?, ?, ?, ?, ?, default)
2026-07-09 00:53:01.112 DEBUG 15948 --- [restartedMain] org.hibernate.SQL                        : 
    insert 
    into
        usuarios
        (activo, apellido, created_at, dni, email, foto_perfil, nombre, password, rol, telefono, updated_at, id) 
    values
        (?, ?, ?, ?, ?, ?, ?, ?, ?, ?, ?, default)
2026-07-09 00:53:01.113 DEBUG 15948 --- [restartedMain] org.hibernate.SQL                        : 
    insert 
    into
        medicos
        (created_at, numero_colegiatura, updated_at, usuario_id, id) 
    values
        (?, ?, ?, ?, default)
2026-07-09 00:53:01.113 DEBUG 15948 --- [restartedMain] org.hibernate.SQL                        : 
    insert 
    into
        disponibilidad_medica
        (activo, created_at, dia_semana, duracion_consulta_min, hora_fin, hora_inicio, medico_id, updated_at, id) 
    values
        (?, ?, ?, ?, ?, ?, ?, ?, default)
2026-07-09 00:53:01.114 DEBUG 15948 --- [restartedMain] org.hibernate.SQL                        : 
    insert 
    into
        disponibilidad_medica
        (activo, created_at, dia_semana, duracion_consulta_min, hora_fin, hora_inicio, medico_id, updated_at, id) 
    values
        (?, ?, ?, ?, ?, ?, ?, ?, default)
2026-07-09 00:53:01.114 DEBUG 15948 --- [restartedMain] org.hibernate.SQL                        : 
    insert 
    into
        disponibilidad_medica
        (activo, created_at, dia_semana, duracion_consulta_min, hora_fin, hora_inicio, medico_id, updated_at, id) 
    values
        (?, ?, ?, ?, ?, ?, ?, ?, default)
2026-07-09 00:53:01.115 DEBUG 15948 --- [restartedMain] org.hibernate.SQL                        : 
    insert 
    into
        disponibilidad_medica
        (activo, created_at, dia_semana, duracion_consulta_min, hora_fin, hora_inicio, medico_id, updated_at, id) 
    values
        (?, ?, ?, ?, ?, ?, ?, ?, default)
2026-07-09 00:53:01.115 DEBUG 15948 --- [restartedMain] org.hibernate.SQL                        : 
    insert 
    into
        disponibilidad_medica
        (activo, created_at, dia_semana, duracion_consulta_min, hora_fin, hora_inicio, medico_id, updated_at, id) 
    values
        (?, ?, ?, ?, ?, ?, ?, ?, default)
2026-07-09 00:53:01.115 DEBUG 15948 --- [restartedMain] org.hibernate.SQL                        : 
    insert 
    into
        especialidades
        (activo, costo, created_at, descripcion, nombre, id) 
    values
        (?, ?, ?, ?, ?, default)
2026-07-09 00:53:01.166 DEBUG 15948 --- [restartedMain] org.hibernate.SQL                        : 
    insert 
    into
        usuarios
        (activo, apellido, created_at, dni, email, foto_perfil, nombre, password, rol, telefono, updated_at, id) 
    values
        (?, ?, ?, ?, ?, ?, ?, ?, ?, ?, ?, default)
2026-07-09 00:53:01.166 DEBUG 15948 --- [restartedMain] org.hibernate.SQL                        : 
    insert 
    into
        medicos
        (created_at, numero_colegiatura, updated_at, usuario_id, id) 
    values
        (?, ?, ?, ?, default)
2026-07-09 00:53:01.167 DEBUG 15948 --- [restartedMain] org.hibernate.SQL                        : 
    insert 
    into
        disponibilidad_medica
        (activo, created_at, dia_semana, duracion_consulta_min, hora_fin, hora_inicio, medico_id, updated_at, id) 
    values
        (?, ?, ?, ?, ?, ?, ?, ?, default)
2026-07-09 00:53:01.167 DEBUG 15948 --- [restartedMain] org.hibernate.SQL                        : 
    insert 
    into
        disponibilidad_medica
        (activo, created_at, dia_semana, duracion_consulta_min, hora_fin, hora_inicio, medico_id, updated_at, id) 
    values
        (?, ?, ?, ?, ?, ?, ?, ?, default)
2026-07-09 00:53:01.167 DEBUG 15948 --- [restartedMain] org.hibernate.SQL                        : 
    insert 
    into
        disponibilidad_medica
        (activo, created_at, dia_semana, duracion_consulta_min, hora_fin, hora_inicio, medico_id, updated_at, id) 
    values
        (?, ?, ?, ?, ?, ?, ?, ?, default)
2026-07-09 00:53:01.168 DEBUG 15948 --- [restartedMain] org.hibernate.SQL                        : 
    insert 
    into
        disponibilidad_medica
        (activo, created_at, dia_semana, duracion_consulta_min, hora_fin, hora_inicio, medico_id, updated_at, id) 
    values
        (?, ?, ?, ?, ?, ?, ?, ?, default)
2026-07-09 00:53:01.168 DEBUG 15948 --- [restartedMain] org.hibernate.SQL                        : 
    insert 
    into
        disponibilidad_medica
        (activo, created_at, dia_semana, duracion_consulta_min, hora_fin, hora_inicio, medico_id, updated_at, id) 
    values
        (?, ?, ?, ?, ?, ?, ?, ?, default)
2026-07-09 00:53:01.169 DEBUG 15948 --- [restartedMain] org.hibernate.SQL                        : 
    insert 
    into
        especialidades
        (activo, costo, created_at, descripcion, nombre, id) 
    values
        (?, ?, ?, ?, ?, default)
2026-07-09 00:53:01.221 DEBUG 15948 --- [restartedMain] org.hibernate.SQL                        : 
    insert 
    into
        usuarios
        (activo, apellido, created_at, dni, email, foto_perfil, nombre, password, rol, telefono, updated_at, id) 
    values
        (?, ?, ?, ?, ?, ?, ?, ?, ?, ?, ?, default)
2026-07-09 00:53:01.222 DEBUG 15948 --- [restartedMain] org.hibernate.SQL                        : 
    insert 
    into
        medicos
        (created_at, numero_colegiatura, updated_at, usuario_id, id) 
    values
        (?, ?, ?, ?, default)
2026-07-09 00:53:01.223 DEBUG 15948 --- [restartedMain] org.hibernate.SQL                        : 
    insert 
    into
        disponibilidad_medica
        (activo, created_at, dia_semana, duracion_consulta_min, hora_fin, hora_inicio, medico_id, updated_at, id) 
    values
        (?, ?, ?, ?, ?, ?, ?, ?, default)
2026-07-09 00:53:01.223 DEBUG 15948 --- [restartedMain] org.hibernate.SQL                        : 
    insert 
    into
        disponibilidad_medica
        (activo, created_at, dia_semana, duracion_consulta_min, hora_fin, hora_inicio, medico_id, updated_at, id) 
    values
        (?, ?, ?, ?, ?, ?, ?, ?, default)
2026-07-09 00:53:01.223 DEBUG 15948 --- [restartedMain] org.hibernate.SQL                        : 
    insert 
    into
        disponibilidad_medica
        (activo, created_at, dia_semana, duracion_consulta_min, hora_fin, hora_inicio, medico_id, updated_at, id) 
    values
        (?, ?, ?, ?, ?, ?, ?, ?, default)
2026-07-09 00:53:01.224 DEBUG 15948 --- [restartedMain] org.hibernate.SQL                        : 
    insert 
    into
        disponibilidad_medica
        (activo, created_at, dia_semana, duracion_consulta_min, hora_fin, hora_inicio, medico_id, updated_at, id) 
    values
        (?, ?, ?, ?, ?, ?, ?, ?, default)
2026-07-09 00:53:01.224 DEBUG 15948 --- [restartedMain] org.hibernate.SQL                        : 
    insert 
    into
        disponibilidad_medica
        (activo, created_at, dia_semana, duracion_consulta_min, hora_fin, hora_inicio, medico_id, updated_at, id) 
    values
        (?, ?, ?, ?, ?, ?, ?, ?, default)
2026-07-09 00:53:01.225 DEBUG 15948 --- [restartedMain] org.hibernate.SQL                        : 
    insert 
    into
        especialidades
        (activo, costo, created_at, descripcion, nombre, id) 
    values
        (?, ?, ?, ?, ?, default)
2026-07-09 00:53:01.274 DEBUG 15948 --- [restartedMain] org.hibernate.SQL                        : 
    insert 
    into
        usuarios
        (activo, apellido, created_at, dni, email, foto_perfil, nombre, password, rol, telefono, updated_at, id) 
    values
        (?, ?, ?, ?, ?, ?, ?, ?, ?, ?, ?, default)
2026-07-09 00:53:01.276 DEBUG 15948 --- [restartedMain] org.hibernate.SQL                        : 
    insert 
    into
        medicos
        (created_at, numero_colegiatura, updated_at, usuario_id, id) 
    values
        (?, ?, ?, ?, default)
2026-07-09 00:53:01.276 DEBUG 15948 --- [restartedMain] org.hibernate.SQL                        : 
    insert 
    into
        disponibilidad_medica
        (activo, created_at, dia_semana, duracion_consulta_min, hora_fin, hora_inicio, medico_id, updated_at, id) 
    values
        (?, ?, ?, ?, ?, ?, ?, ?, default)
2026-07-09 00:53:01.277 DEBUG 15948 --- [restartedMain] org.hibernate.SQL                        : 
    insert 
    into
        disponibilidad_medica
        (activo, created_at, dia_semana, duracion_consulta_min, hora_fin, hora_inicio, medico_id, updated_at, id) 
    values
        (?, ?, ?, ?, ?, ?, ?, ?, default)
2026-07-09 00:53:01.277 DEBUG 15948 --- [restartedMain] org.hibernate.SQL                        : 
    insert 
    into
        disponibilidad_medica
        (activo, created_at, dia_semana, duracion_consulta_min, hora_fin, hora_inicio, medico_id, updated_at, id) 
    values
        (?, ?, ?, ?, ?, ?, ?, ?, default)
2026-07-09 00:53:01.277 DEBUG 15948 --- [restartedMain] org.hibernate.SQL                        : 
    insert 
    into
        disponibilidad_medica
        (activo, created_at, dia_semana, duracion_consulta_min, hora_fin, hora_inicio, medico_id, updated_at, id) 
    values
        (?, ?, ?, ?, ?, ?, ?, ?, default)
2026-07-09 00:53:01.278 DEBUG 15948 --- [restartedMain] org.hibernate.SQL                        : 
    insert 
    into
        disponibilidad_medica
        (activo, created_at, dia_semana, duracion_consulta_min, hora_fin, hora_inicio, medico_id, updated_at, id) 
    values
        (?, ?, ?, ?, ?, ?, ?, ?, default)
2026-07-09 00:53:01.278 DEBUG 15948 --- [restartedMain] org.hibernate.SQL                        : 
    insert 
    into
        especialidades
        (activo, costo, created_at, descripcion, nombre, id) 
    values
        (?, ?, ?, ?, ?, default)
2026-07-09 00:53:01.329 DEBUG 15948 --- [restartedMain] org.hibernate.SQL                        : 
    insert 
    into
        usuarios
        (activo, apellido, created_at, dni, email, foto_perfil, nombre, password, rol, telefono, updated_at, id) 
    values
        (?, ?, ?, ?, ?, ?, ?, ?, ?, ?, ?, default)
2026-07-09 00:53:01.330 DEBUG 15948 --- [restartedMain] org.hibernate.SQL                        : 
    insert 
    into
        medicos
        (created_at, numero_colegiatura, updated_at, usuario_id, id) 
    values
        (?, ?, ?, ?, default)
2026-07-09 00:53:01.330 DEBUG 15948 --- [restartedMain] org.hibernate.SQL                        : 
    insert 
    into
        disponibilidad_medica
        (activo, created_at, dia_semana, duracion_consulta_min, hora_fin, hora_inicio, medico_id, updated_at, id) 
    values
        (?, ?, ?, ?, ?, ?, ?, ?, default)
2026-07-09 00:53:01.330 DEBUG 15948 --- [restartedMain] org.hibernate.SQL                        : 
    insert 
    into
        disponibilidad_medica
        (activo, created_at, dia_semana, duracion_consulta_min, hora_fin, hora_inicio, medico_id, updated_at, id) 
    values
        (?, ?, ?, ?, ?, ?, ?, ?, default)
2026-07-09 00:53:01.331 DEBUG 15948 --- [restartedMain] org.hibernate.SQL                        : 
    insert 
    into
        disponibilidad_medica
        (activo, created_at, dia_semana, duracion_consulta_min, hora_fin, hora_inicio, medico_id, updated_at, id) 
    values
        (?, ?, ?, ?, ?, ?, ?, ?, default)
2026-07-09 00:53:01.331 DEBUG 15948 --- [restartedMain] org.hibernate.SQL                        : 
    insert 
    into
        disponibilidad_medica
        (activo, created_at, dia_semana, duracion_consulta_min, hora_fin, hora_inicio, medico_id, updated_at, id) 
    values
        (?, ?, ?, ?, ?, ?, ?, ?, default)
2026-07-09 00:53:01.331 DEBUG 15948 --- [restartedMain] org.hibernate.SQL                        : 
    insert 
    into
        disponibilidad_medica
        (activo, created_at, dia_semana, duracion_consulta_min, hora_fin, hora_inicio, medico_id, updated_at, id) 
    values
        (?, ?, ?, ?, ?, ?, ?, ?, default)
2026-07-09 00:53:01.332 DEBUG 15948 --- [restartedMain] org.hibernate.SQL                        : 
    insert 
    into
        especialidades
        (activo, costo, created_at, descripcion, nombre, id) 
    values
        (?, ?, ?, ?, ?, default)
2026-07-09 00:53:01.381 DEBUG 15948 --- [restartedMain] org.hibernate.SQL                        : 
    insert 
    into
        usuarios
        (activo, apellido, created_at, dni, email, foto_perfil, nombre, password, rol, telefono, updated_at, id) 
    values
        (?, ?, ?, ?, ?, ?, ?, ?, ?, ?, ?, default)
2026-07-09 00:53:01.382 DEBUG 15948 --- [restartedMain] org.hibernate.SQL                        : 
    insert 
    into
        medicos
        (created_at, numero_colegiatura, updated_at, usuario_id, id) 
    values
        (?, ?, ?, ?, default)
2026-07-09 00:53:01.383 DEBUG 15948 --- [restartedMain] org.hibernate.SQL                        : 
    insert 
    into
        disponibilidad_medica
        (activo, created_at, dia_semana, duracion_consulta_min, hora_fin, hora_inicio, medico_id, updated_at, id) 
    values
        (?, ?, ?, ?, ?, ?, ?, ?, default)
2026-07-09 00:53:01.383 DEBUG 15948 --- [restartedMain] org.hibernate.SQL                        : 
    insert 
    into
        disponibilidad_medica
        (activo, created_at, dia_semana, duracion_consulta_min, hora_fin, hora_inicio, medico_id, updated_at, id) 
    values
        (?, ?, ?, ?, ?, ?, ?, ?, default)
2026-07-09 00:53:01.383 DEBUG 15948 --- [restartedMain] org.hibernate.SQL                        : 
    insert 
    into
        disponibilidad_medica
        (activo, created_at, dia_semana, duracion_consulta_min, hora_fin, hora_inicio, medico_id, updated_at, id) 
    values
        (?, ?, ?, ?, ?, ?, ?, ?, default)
2026-07-09 00:53:01.383 DEBUG 15948 --- [restartedMain] org.hibernate.SQL                        : 
    insert 
    into
        disponibilidad_medica
        (activo, created_at, dia_semana, duracion_consulta_min, hora_fin, hora_inicio, medico_id, updated_at, id) 
    values
        (?, ?, ?, ?, ?, ?, ?, ?, default)
2026-07-09 00:53:01.384 DEBUG 15948 --- [restartedMain] org.hibernate.SQL                        : 
    insert 
    into
        disponibilidad_medica
        (activo, created_at, dia_semana, duracion_consulta_min, hora_fin, hora_inicio, medico_id, updated_at, id) 
    values
        (?, ?, ?, ?, ?, ?, ?, ?, default)
2026-07-09 00:53:01.384 DEBUG 15948 --- [restartedMain] org.hibernate.SQL                        : 
    insert 
    into
        especialidades
        (activo, costo, created_at, descripcion, nombre, id) 
    values
        (?, ?, ?, ?, ?, default)
2026-07-09 00:53:01.435 DEBUG 15948 --- [restartedMain] org.hibernate.SQL                        : 
    insert 
    into
        usuarios
        (activo, apellido, created_at, dni, email, foto_perfil, nombre, password, rol, telefono, updated_at, id) 
    values
        (?, ?, ?, ?, ?, ?, ?, ?, ?, ?, ?, default)
2026-07-09 00:53:01.436 DEBUG 15948 --- [restartedMain] org.hibernate.SQL                        : 
    insert 
    into
        medicos
        (created_at, numero_colegiatura, updated_at, usuario_id, id) 
    values
        (?, ?, ?, ?, default)
2026-07-09 00:53:01.436 DEBUG 15948 --- [restartedMain] org.hibernate.SQL                        : 
    insert 
    into
        disponibilidad_medica
        (activo, created_at, dia_semana, duracion_consulta_min, hora_fin, hora_inicio, medico_id, updated_at, id) 
    values
        (?, ?, ?, ?, ?, ?, ?, ?, default)
2026-07-09 00:53:01.437 DEBUG 15948 --- [restartedMain] org.hibernate.SQL                        : 
    insert 
    into
        disponibilidad_medica
        (activo, created_at, dia_semana, duracion_consulta_min, hora_fin, hora_inicio, medico_id, updated_at, id) 
    values
        (?, ?, ?, ?, ?, ?, ?, ?, default)
2026-07-09 00:53:01.437 DEBUG 15948 --- [restartedMain] org.hibernate.SQL                        : 
    insert 
    into
        disponibilidad_medica
        (activo, created_at, dia_semana, duracion_consulta_min, hora_fin, hora_inicio, medico_id, updated_at, id) 
    values
        (?, ?, ?, ?, ?, ?, ?, ?, default)
2026-07-09 00:53:01.437 DEBUG 15948 --- [restartedMain] org.hibernate.SQL                        : 
    insert 
    into
        disponibilidad_medica
        (activo, created_at, dia_semana, duracion_consulta_min, hora_fin, hora_inicio, medico_id, updated_at, id) 
    values
        (?, ?, ?, ?, ?, ?, ?, ?, default)
2026-07-09 00:53:01.437 DEBUG 15948 --- [restartedMain] org.hibernate.SQL                        : 
    insert 
    into
        disponibilidad_medica
        (activo, created_at, dia_semana, duracion_consulta_min, hora_fin, hora_inicio, medico_id, updated_at, id) 
    values
        (?, ?, ?, ?, ?, ?, ?, ?, default)
2026-07-09 00:53:01.488 DEBUG 15948 --- [restartedMain] org.hibernate.SQL                        : 
    insert 
    into
        usuarios
        (activo, apellido, created_at, dni, email, foto_perfil, nombre, password, rol, telefono, updated_at, id) 
    values
        (?, ?, ?, ?, ?, ?, ?, ?, ?, ?, ?, default)
2026-07-09 00:53:01.489 DEBUG 15948 --- [restartedMain] org.hibernate.SQL                        : 
    insert 
    into
        pacientes
        (contacto_emergencia_nombre, contacto_emergencia_parentesco, contacto_emergencia_telefono, created_at, direccion, fecha_nacimiento, genero, grupo_sanguineo, updated_at, usuario_id, id) 
    values
        (?, ?, ?, ?, ?, ?, ?, ?, ?, ?, default)
2026-07-09 00:53:01.540 DEBUG 15948 --- [restartedMain] org.hibernate.SQL                        : 
    insert 
    into
        usuarios
        (activo, apellido, created_at, dni, email, foto_perfil, nombre, password, rol, telefono, updated_at, id) 
    values
        (?, ?, ?, ?, ?, ?, ?, ?, ?, ?, ?, default)
2026-07-09 00:53:01.541 DEBUG 15948 --- [restartedMain] org.hibernate.SQL                        : 
    insert 
    into
        pacientes
        (contacto_emergencia_nombre, contacto_emergencia_parentesco, contacto_emergencia_telefono, created_at, direccion, fecha_nacimiento, genero, grupo_sanguineo, updated_at, usuario_id, id) 
    values
        (?, ?, ?, ?, ?, ?, ?, ?, ?, ?, default)
2026-07-09 00:53:01.541  INFO 15948 --- [restartedMain] com.sisol.salud.config.DataSeeder        : ¡Sembrado completado con éxito!
2026-07-09 00:53:01.542  INFO 15948 --- [restartedMain] com.sisol.salud.config.DataSeeder        : Médicos de prueba (contraseña: 123456): medico0@sisol.com a medico9@sisol.com
2026-07-09 00:53:01.542  INFO 15948 --- [restartedMain] com.sisol.salud.config.DataSeeder        : Pacientes de prueba (contraseña: 123456): paciente1@sisol.com y paciente2@sisol.com
2026-07-09 00:53:01.543 DEBUG 15948 --- [restartedMain] org.hibernate.SQL                        : 
    insert 
    into
        medico_especialidades
        (medico_id, especialidad_id) 
    values
        (?, ?)
2026-07-09 00:53:01.544 DEBUG 15948 --- [restartedMain] org.hibernate.SQL                        : 
    insert 
    into
        medico_especialidades
        (medico_id, especialidad_id) 
    values
        (?, ?)
2026-07-09 00:53:01.544 DEBUG 15948 --- [restartedMain] org.hibernate.SQL                        : 
    insert 
    into
        medico_especialidades
        (medico_id, especialidad_id) 
    values
        (?, ?)
2026-07-09 00:53:01.544 DEBUG 15948 --- [restartedMain] org.hibernate.SQL                        : 
    insert 
    into
        medico_especialidades
        (medico_id, especialidad_id) 
    values
        (?, ?)
2026-07-09 00:53:01.544 DEBUG 15948 --- [restartedMain] org.hibernate.SQL                        : 
    insert 
    into
        medico_especialidades
        (medico_id, especialidad_id) 
    values
        (?, ?)
2026-07-09 00:53:01.544 DEBUG 15948 --- [restartedMain] org.hibernate.SQL                        : 
    insert 
    into
        medico_especialidades
        (medico_id, especialidad_id) 
    values
        (?, ?)
2026-07-09 00:53:01.544 DEBUG 15948 --- [restartedMain] org.hibernate.SQL                        : 
    insert 
    into
        medico_especialidades
        (medico_id, especialidad_id) 
    values
        (?, ?)
2026-07-09 00:53:01.546 DEBUG 15948 --- [restartedMain] org.hibernate.SQL                        : 
    insert 
    into
        medico_especialidades
        (medico_id, especialidad_id) 
    values
        (?, ?)
2026-07-09 00:53:01.546 DEBUG 15948 --- [restartedMain] org.hibernate.SQL                        : 
    insert 
    into
        medico_especialidades
        (medico_id, especialidad_id) 
    values
        (?, ?)
2026-07-09 00:53:01.546 DEBUG 15948 --- [restartedMain] org.hibernate.SQL                        : 
    insert 
    into
        medico_especialidades
        (medico_id, especialidad_id) 
    values
        (?, ?)
2026-07-09 00:53:01.546 DEBUG 15948 --- [restartedMain] org.hibernate.SQL                        : 
    insert 
    into
        revinfo
        (revtstmp, rev) 
    values
        (?, default)
2026-07-09 00:53:01.548 DEBUG 15948 --- [restartedMain] org.hibernate.SQL                        : 
    insert 
    into
        especialidades_aud
        (revtype, activo, costo, created_at, descripcion, nombre, rev, id) 
    values
        (?, ?, ?, ?, ?, ?, ?, ?)
2026-07-09 00:53:01.548 DEBUG 15948 --- [restartedMain] org.hibernate.SQL                        : 
    insert 
    into
        usuarios_aud
        (revtype, activo, apellido, created_at, dni, email, foto_perfil, nombre, password, rol, telefono, updated_at, rev, id) 
    values
        (?, ?, ?, ?, ?, ?, ?, ?, ?, ?, ?, ?, ?, ?)
2026-07-09 00:53:01.548 DEBUG 15948 --- [restartedMain] org.hibernate.SQL                        : 
    insert 
    into
        medicos_aud
        (revtype, created_at, numero_colegiatura, updated_at, usuario_id, rev, id) 
    values
        (?, ?, ?, ?, ?, ?, ?)
2026-07-09 00:53:01.549 DEBUG 15948 --- [restartedMain] org.hibernate.SQL                        : 
    insert 
    into
        especialidades_aud
        (revtype, activo, costo, created_at, descripcion, nombre, rev, id) 
    values
        (?, ?, ?, ?, ?, ?, ?, ?)
2026-07-09 00:53:01.549 DEBUG 15948 --- [restartedMain] org.hibernate.SQL                        : 
    insert 
    into
        usuarios_aud
        (revtype, activo, apellido, created_at, dni, email, foto_perfil, nombre, password, rol, telefono, updated_at, rev, id) 
    values
        (?, ?, ?, ?, ?, ?, ?, ?, ?, ?, ?, ?, ?, ?)
2026-07-09 00:53:01.549 DEBUG 15948 --- [restartedMain] org.hibernate.SQL                        : 
    insert 
    into
        medicos_aud
        (revtype, created_at, numero_colegiatura, updated_at, usuario_id, rev, id) 
    values
        (?, ?, ?, ?, ?, ?, ?)
2026-07-09 00:53:01.549 DEBUG 15948 --- [restartedMain] org.hibernate.SQL                        : 
    insert 
    into
        especialidades_aud
        (revtype, activo, costo, created_at, descripcion, nombre, rev, id) 
    values
        (?, ?, ?, ?, ?, ?, ?, ?)
2026-07-09 00:53:01.550 DEBUG 15948 --- [restartedMain] org.hibernate.SQL                        : 
    insert 
    into
        usuarios_aud
        (revtype, activo, apellido, created_at, dni, email, foto_perfil, nombre, password, rol, telefono, updated_at, rev, id) 
    values
        (?, ?, ?, ?, ?, ?, ?, ?, ?, ?, ?, ?, ?, ?)
2026-07-09 00:53:01.550 DEBUG 15948 --- [restartedMain] org.hibernate.SQL                        : 
    insert 
    into
        medicos_aud
        (revtype, created_at, numero_colegiatura, updated_at, usuario_id, rev, id) 
    values
        (?, ?, ?, ?, ?, ?, ?)
2026-07-09 00:53:01.550 DEBUG 15948 --- [restartedMain] org.hibernate.SQL                        : 
    insert 
    into
        especialidades_aud
        (revtype, activo, costo, created_at, descripcion, nombre, rev, id) 
    values
        (?, ?, ?, ?, ?, ?, ?, ?)
2026-07-09 00:53:01.550 DEBUG 15948 --- [restartedMain] org.hibernate.SQL                        : 
    insert 
    into
        usuarios_aud
        (revtype, activo, apellido, created_at, dni, email, foto_perfil, nombre, password, rol, telefono, updated_at, rev, id) 
    values
        (?, ?, ?, ?, ?, ?, ?, ?, ?, ?, ?, ?, ?, ?)
2026-07-09 00:53:01.550 DEBUG 15948 --- [restartedMain] org.hibernate.SQL                        : 
    insert 
    into
        medicos_aud
        (revtype, created_at, numero_colegiatura, updated_at, usuario_id, rev, id) 
    values
        (?, ?, ?, ?, ?, ?, ?)
2026-07-09 00:53:01.551 DEBUG 15948 --- [restartedMain] org.hibernate.SQL                        : 
    insert 
    into
        especialidades_aud
        (revtype, activo, costo, created_at, descripcion, nombre, rev, id) 
    values
        (?, ?, ?, ?, ?, ?, ?, ?)
2026-07-09 00:53:01.551 DEBUG 15948 --- [restartedMain] org.hibernate.SQL                        : 
    insert 
    into
        usuarios_aud
        (revtype, activo, apellido, created_at, dni, email, foto_perfil, nombre, password, rol, telefono, updated_at, rev, id) 
    values
        (?, ?, ?, ?, ?, ?, ?, ?, ?, ?, ?, ?, ?, ?)
2026-07-09 00:53:01.551 DEBUG 15948 --- [restartedMain] org.hibernate.SQL                        : 
    insert 
    into
        medicos_aud
        (revtype, created_at, numero_colegiatura, updated_at, usuario_id, rev, id) 
    values
        (?, ?, ?, ?, ?, ?, ?)
2026-07-09 00:53:01.551 DEBUG 15948 --- [restartedMain] org.hibernate.SQL                        : 
    insert 
    into
        especialidades_aud
        (revtype, activo, costo, created_at, descripcion, nombre, rev, id) 
    values
        (?, ?, ?, ?, ?, ?, ?, ?)
2026-07-09 00:53:01.552 DEBUG 15948 --- [restartedMain] org.hibernate.SQL                        : 
    insert 
    into
        usuarios_aud
        (revtype, activo, apellido, created_at, dni, email, foto_perfil, nombre, password, rol, telefono, updated_at, rev, id) 
    values
        (?, ?, ?, ?, ?, ?, ?, ?, ?, ?, ?, ?, ?, ?)
2026-07-09 00:53:01.552 DEBUG 15948 --- [restartedMain] org.hibernate.SQL                        : 
    insert 
    into
        medicos_aud
        (revtype, created_at, numero_colegiatura, updated_at, usuario_id, rev, id) 
    values
        (?, ?, ?, ?, ?, ?, ?)
2026-07-09 00:53:01.552 DEBUG 15948 --- [restartedMain] org.hibernate.SQL                        : 
    insert 
    into
        especialidades_aud
        (revtype, activo, costo, created_at, descripcion, nombre, rev, id) 
    values
        (?, ?, ?, ?, ?, ?, ?, ?)
2026-07-09 00:53:01.552 DEBUG 15948 --- [restartedMain] org.hibernate.SQL                        : 
    insert 
    into
        usuarios_aud
        (revtype, activo, apellido, created_at, dni, email, foto_perfil, nombre, password, rol, telefono, updated_at, rev, id) 
    values
        (?, ?, ?, ?, ?, ?, ?, ?, ?, ?, ?, ?, ?, ?)
2026-07-09 00:53:01.553 DEBUG 15948 --- [restartedMain] org.hibernate.SQL                        : 
    insert 
    into
        medicos_aud
        (revtype, created_at, numero_colegiatura, updated_at, usuario_id, rev, id) 
    values
        (?, ?, ?, ?, ?, ?, ?)
2026-07-09 00:53:01.553 DEBUG 15948 --- [restartedMain] org.hibernate.SQL                        : 
    insert 
    into
        especialidades_aud
        (revtype, activo, costo, created_at, descripcion, nombre, rev, id) 
    values
        (?, ?, ?, ?, ?, ?, ?, ?)
2026-07-09 00:53:01.553 DEBUG 15948 --- [restartedMain] org.hibernate.SQL                        : 
    insert 
    into
        usuarios_aud
        (revtype, activo, apellido, created_at, dni, email, foto_perfil, nombre, password, rol, telefono, updated_at, rev, id) 
    values
        (?, ?, ?, ?, ?, ?, ?, ?, ?, ?, ?, ?, ?, ?)
2026-07-09 00:53:01.553 DEBUG 15948 --- [restartedMain] org.hibernate.SQL                        : 
    insert 
    into
        medicos_aud
        (revtype, created_at, numero_colegiatura, updated_at, usuario_id, rev, id) 
    values
        (?, ?, ?, ?, ?, ?, ?)
2026-07-09 00:53:01.554 DEBUG 15948 --- [restartedMain] org.hibernate.SQL                        : 
    insert 
    into
        especialidades_aud
        (revtype, activo, costo, created_at, descripcion, nombre, rev, id) 
    values
        (?, ?, ?, ?, ?, ?, ?, ?)
2026-07-09 00:53:01.554 DEBUG 15948 --- [restartedMain] org.hibernate.SQL                        : 
    insert 
    into
        usuarios_aud
        (revtype, activo, apellido, created_at, dni, email, foto_perfil, nombre, password, rol, telefono, updated_at, rev, id) 
    values
        (?, ?, ?, ?, ?, ?, ?, ?, ?, ?, ?, ?, ?, ?)
2026-07-09 00:53:01.554 DEBUG 15948 --- [restartedMain] org.hibernate.SQL                        : 
    insert 
    into
        medicos_aud
        (revtype, created_at, numero_colegiatura, updated_at, usuario_id, rev, id) 
    values
        (?, ?, ?, ?, ?, ?, ?)
2026-07-09 00:53:01.554 DEBUG 15948 --- [restartedMain] org.hibernate.SQL                        : 
    insert 
    into
        especialidades_aud
        (revtype, activo, costo, created_at, descripcion, nombre, rev, id) 
    values
        (?, ?, ?, ?, ?, ?, ?, ?)
2026-07-09 00:53:01.554 DEBUG 15948 --- [restartedMain] org.hibernate.SQL                        : 
    insert 
    into
        usuarios_aud
        (revtype, activo, apellido, created_at, dni, email, foto_perfil, nombre, password, rol, telefono, updated_at, rev, id) 
    values
        (?, ?, ?, ?, ?, ?, ?, ?, ?, ?, ?, ?, ?, ?)
2026-07-09 00:53:01.554 DEBUG 15948 --- [restartedMain] org.hibernate.SQL                        : 
    insert 
    into
        medicos_aud
        (revtype, created_at, numero_colegiatura, updated_at, usuario_id, rev, id) 
    values
        (?, ?, ?, ?, ?, ?, ?)
2026-07-09 00:53:01.556 DEBUG 15948 --- [restartedMain] org.hibernate.SQL                        : 
    insert 
    into
        usuarios_aud
        (revtype, activo, apellido, created_at, dni, email, foto_perfil, nombre, password, rol, telefono, updated_at, rev, id) 
    values
        (?, ?, ?, ?, ?, ?, ?, ?, ?, ?, ?, ?, ?, ?)
2026-07-09 00:53:01.556 DEBUG 15948 --- [restartedMain] org.hibernate.SQL                        : 
    insert 
    into
        pacientes_aud
        (revtype, contacto_emergencia_nombre, contacto_emergencia_parentesco, contacto_emergencia_telefono, created_at, direccion, fecha_nacimiento, genero, grupo_sanguineo, updated_at, usuario_id, rev, id) 
    values
        (?, ?, ?, ?, ?, ?, ?, ?, ?, ?, ?, ?, ?)
2026-07-09 00:53:01.556 DEBUG 15948 --- [restartedMain] org.hibernate.SQL                        : 
    insert 
    into
        usuarios_aud
        (revtype, activo, apellido, created_at, dni, email, foto_perfil, nombre, password, rol, telefono, updated_at, rev, id) 
    values
        (?, ?, ?, ?, ?, ?, ?, ?, ?, ?, ?, ?, ?, ?)
2026-07-09 00:53:01.556 DEBUG 15948 --- [restartedMain] org.hibernate.SQL                        : 
    insert 
    into
        pacientes_aud
        (revtype, contacto_emergencia_nombre, contacto_emergencia_parentesco, contacto_emergencia_telefono, created_at, direccion, fecha_nacimiento, genero, grupo_sanguineo, updated_at, usuario_id, rev, id) 
    values
        (?, ?, ?, ?, ?, ?, ?, ?, ?, ?, ?, ?, ?)
2026-07-09 00:53:01.557 DEBUG 15948 --- [restartedMain] org.hibernate.SQL                        : 
    insert 
    into
        medico_especialidades_aud
        (revtype, medico_id, rev, especialidad_id) 
    values
        (?, ?, ?, ?)
2026-07-09 00:53:01.557 DEBUG 15948 --- [restartedMain] org.hibernate.SQL                        : 
    insert 
    into
        medico_especialidades_aud
        (revtype, medico_id, rev, especialidad_id) 
    values
        (?, ?, ?, ?)
2026-07-09 00:53:01.557 DEBUG 15948 --- [restartedMain] org.hibernate.SQL                        : 
    insert 
    into
        medico_especialidades_aud
        (revtype, medico_id, rev, especialidad_id) 
    values
        (?, ?, ?, ?)
2026-07-09 00:53:01.557 DEBUG 15948 --- [restartedMain] org.hibernate.SQL                        : 
    insert 
    into
        medico_especialidades_aud
        (revtype, medico_id, rev, especialidad_id) 
    values
        (?, ?, ?, ?)
2026-07-09 00:53:01.557 DEBUG 15948 --- [restartedMain] org.hibernate.SQL                        : 
    insert 
    into
        medico_especialidades_aud
        (revtype, medico_id, rev, especialidad_id) 
    values
        (?, ?, ?, ?)
2026-07-09 00:53:01.558 DEBUG 15948 --- [restartedMain] org.hibernate.SQL                        : 
    insert 
    into
        medico_especialidades_aud
        (revtype, medico_id, rev, especialidad_id) 
    values
        (?, ?, ?, ?)
2026-07-09 00:53:01.558 DEBUG 15948 --- [restartedMain] org.hibernate.SQL                        : 
    insert 
    into
        medico_especialidades_aud
        (revtype, medico_id, rev, especialidad_id) 
    values
        (?, ?, ?, ?)
2026-07-09 00:53:01.558 DEBUG 15948 --- [restartedMain] org.hibernate.SQL                        : 
    insert 
    into
        medico_especialidades_aud
        (revtype, medico_id, rev, especialidad_id) 
    values
        (?, ?, ?, ?)
2026-07-09 00:53:01.558 DEBUG 15948 --- [restartedMain] org.hibernate.SQL                        : 
    insert 
    into
        medico_especialidades_aud
        (revtype, medico_id, rev, especialidad_id) 
    values
        (?, ?, ?, ?)
2026-07-09 00:53:01.558 DEBUG 15948 --- [restartedMain] org.hibernate.SQL                        : 
    insert 
    into
        medico_especialidades_aud
        (revtype, medico_id, rev, especialidad_id) 
    values
        (?, ?, ?, ?)
2026-07-09 00:53:01.559  INFO 15948 --- [restartedMain] .ConditionEvaluationDeltaLoggingListener : Condition evaluation unchanged
2026-07-09 00:53:54.928  INFO 21952 --- [restartedMain] com.sisol.salud.SisolSaludApplication    : Starting SisolSaludApplication using Java 21.0.10 with PID 21952 (C:\Users\fabri\OneDrive\Desktop\Repositorios\Proyecto-Integrador\target\classes started by fabri in C:\Users\fabri\OneDrive\Desktop\Repositorios\Proyecto-Integrador)
2026-07-09 00:53:54.930 DEBUG 21952 --- [restartedMain] com.sisol.salud.SisolSaludApplication    : Running with Spring Boot v3.5.9, Spring v6.2.15
2026-07-09 00:53:54.930  INFO 21952 --- [restartedMain] com.sisol.salud.SisolSaludApplication    : No active profile set, falling back to 1 default profile: "default"
2026-07-09 00:53:55.117  INFO 21952 --- [restartedMain] .e.DevToolsPropertyDefaultsPostProcessor : Devtools property defaults active! Set 'spring.devtools.add-properties' to 'false' to disable
2026-07-09 00:53:55.118  INFO 21952 --- [restartedMain] .e.DevToolsPropertyDefaultsPostProcessor : For additional web related logging consider setting the 'logging.level.web' property to 'DEBUG'
2026-07-09 00:53:56.107  INFO 21952 --- [restartedMain] .s.d.r.c.RepositoryConfigurationDelegate : Bootstrapping Spring Data JPA repositories in DEFAULT mode.
2026-07-09 00:53:56.169  INFO 21952 --- [restartedMain] .s.d.r.c.RepositoryConfigurationDelegate : Finished Spring Data repository scanning in 55 ms. Found 9 JPA repository interfaces.
2026-07-09 00:53:56.798  INFO 21952 --- [restartedMain] o.s.b.w.embedded.tomcat.TomcatWebServer  : Tomcat initialized with port 8080 (http)
2026-07-09 00:53:56.813  INFO 21952 --- [restartedMain] o.apache.catalina.core.StandardService   : Starting service [Tomcat]
2026-07-09 00:53:56.814  INFO 21952 --- [restartedMain] o.apache.catalina.core.StandardEngine    : Starting Servlet engine: [Apache Tomcat/10.1.50]
2026-07-09 00:53:56.873  INFO 21952 --- [restartedMain] o.a.c.c.C.[Tomcat].[localhost].[/]       : Initializing Spring embedded WebApplicationContext
2026-07-09 00:53:56.873  INFO 21952 --- [restartedMain] w.s.c.ServletWebServerApplicationContext : Root WebApplicationContext: initialization completed in 1755 ms
2026-07-09 00:53:57.111  INFO 21952 --- [restartedMain] o.hibernate.jpa.internal.util.LogHelper  : HHH000204: Processing PersistenceUnitInfo [name: default]
2026-07-09 00:53:57.157  INFO 21952 --- [restartedMain] org.hibernate.Version                    : HHH000412: Hibernate ORM core version 6.6.39.Final
2026-07-09 00:53:57.187  INFO 21952 --- [restartedMain] o.h.c.internal.RegionFactoryInitiator    : HHH000026: Second-level cache disabled
2026-07-09 00:53:57.245  INFO 21952 --- [restartedMain] o.h.e.boot.internal.EnversServiceImpl    : Envers integration enabled? : true
2026-07-09 00:53:57.360  INFO 21952 --- [restartedMain] o.s.o.j.p.SpringPersistenceUnitInfo      : No LoadTimeWeaver setup: ignoring JPA class transformer
2026-07-09 00:53:57.381  INFO 21952 --- [restartedMain] com.zaxxer.hikari.HikariDataSource       : HikariPool-1 - Starting...
2026-07-09 00:53:57.496  INFO 21952 --- [restartedMain] com.zaxxer.hikari.pool.HikariPool        : HikariPool-1 - Added connection conn0: url=jdbc:h2:mem:sisoldb user=SA
2026-07-09 00:53:57.497  INFO 21952 --- [restartedMain] com.zaxxer.hikari.HikariDataSource       : HikariPool-1 - Start completed.
2026-07-09 00:53:57.511  WARN 21952 --- [restartedMain] org.hibernate.orm.deprecation            : HHH90000025: H2Dialect does not need to be specified explicitly using 'hibernate.dialect' (remove the property setting and it will be selected by default)
2026-07-09 00:53:57.524  INFO 21952 --- [restartedMain] org.hibernate.orm.connections.pooling    : HHH10001005: Database info:
	Database JDBC URL [Connecting through datasource 'HikariDataSource (HikariPool-1)']
	Database driver: undefined/unknown
	Database version: 2.3.232
	Autocommit mode: undefined/unknown
	Isolation level: undefined/unknown
	Minimum pool size: undefined/unknown
	Maximum pool size: undefined/unknown
2026-07-09 00:53:57.739  INFO 21952 --- [restartedMain] o.h.e.c.i.m.AuditMetadataGenerator       : Adding properties for entity: com.sisol.salud.model.entity.Cita
2026-07-09 00:53:57.740  INFO 21952 --- [restartedMain] o.h.e.c.i.m.AuditMetadataGenerator       : Adding properties for entity: com.sisol.salud.model.entity.Paciente
2026-07-09 00:53:57.741  INFO 21952 --- [restartedMain] o.h.e.c.i.m.AuditMetadataGenerator       : Adding properties for entity: com.sisol.salud.model.entity.Especialidad
2026-07-09 00:53:57.741  INFO 21952 --- [restartedMain] o.h.e.c.i.m.AuditMetadataGenerator       : Adding properties for entity: com.sisol.salud.model.entity.ArchivoCita
2026-07-09 00:53:57.741  INFO 21952 --- [restartedMain] o.h.e.c.i.m.AuditMetadataGenerator       : Adding properties for entity: com.sisol.salud.model.entity.Medico
2026-07-09 00:53:57.742  INFO 21952 --- [restartedMain] o.h.e.c.i.m.AuditMetadataGenerator       : Adding properties for entity: com.sisol.salud.model.entity.Pago
2026-07-09 00:53:57.742  INFO 21952 --- [restartedMain] o.h.e.c.i.m.AuditMetadataGenerator       : Adding properties for entity: com.sisol.salud.model.entity.Usuario
2026-07-09 00:53:58.358  INFO 21952 --- [restartedMain] o.h.e.t.j.p.i.JtaPlatformInitiator       : HHH000489: No JTA platform available (set 'hibernate.transaction.jta.platform' to enable JTA platform integration)
2026-07-09 00:53:58.367 DEBUG 21952 --- [restartedMain] org.hibernate.SQL                        : 
    drop table if exists archivos_cita cascade 
2026-07-09 00:53:58.370 DEBUG 21952 --- [restartedMain] org.hibernate.SQL                        : 
    drop table if exists archivos_cita_aud cascade 
2026-07-09 00:53:58.370 DEBUG 21952 --- [restartedMain] org.hibernate.SQL                        : 
    drop table if exists citas cascade 
2026-07-09 00:53:58.371 DEBUG 21952 --- [restartedMain] org.hibernate.SQL                        : 
    drop table if exists citas_aud cascade 
2026-07-09 00:53:58.371 DEBUG 21952 --- [restartedMain] org.hibernate.SQL                        : 
    drop table if exists disponibilidad_medica cascade 
2026-07-09 00:53:58.371 DEBUG 21952 --- [restartedMain] org.hibernate.SQL                        : 
    drop table if exists especialidades cascade 
2026-07-09 00:53:58.371 DEBUG 21952 --- [restartedMain] org.hibernate.SQL                        : 
    drop table if exists especialidades_aud cascade 
2026-07-09 00:53:58.372 DEBUG 21952 --- [restartedMain] org.hibernate.SQL                        : 
    drop table if exists medico_especialidades cascade 
2026-07-09 00:53:58.372 DEBUG 21952 --- [restartedMain] org.hibernate.SQL                        : 
    drop table if exists medico_especialidades_aud cascade 
2026-07-09 00:53:58.372 DEBUG 21952 --- [restartedMain] org.hibernate.SQL                        : 
    drop table if exists medicos cascade 
2026-07-09 00:53:58.372 DEBUG 21952 --- [restartedMain] org.hibernate.SQL                        : 
    drop table if exists medicos_aud cascade 
2026-07-09 00:53:58.373 DEBUG 21952 --- [restartedMain] org.hibernate.SQL                        : 
    drop table if exists notificaciones cascade 
2026-07-09 00:53:58.373 DEBUG 21952 --- [restartedMain] org.hibernate.SQL                        : 
    drop table if exists pacientes cascade 
2026-07-09 00:53:58.373 DEBUG 21952 --- [restartedMain] org.hibernate.SQL                        : 
    drop table if exists pacientes_aud cascade 
2026-07-09 00:53:58.373 DEBUG 21952 --- [restartedMain] org.hibernate.SQL                        : 
    drop table if exists pagos cascade 
2026-07-09 00:53:58.374 DEBUG 21952 --- [restartedMain] org.hibernate.SQL                        : 
    drop table if exists pagos_aud cascade 
2026-07-09 00:53:58.374 DEBUG 21952 --- [restartedMain] org.hibernate.SQL                        : 
    drop table if exists revinfo cascade 
2026-07-09 00:53:58.374 DEBUG 21952 --- [restartedMain] org.hibernate.SQL                        : 
    drop table if exists usuarios cascade 
2026-07-09 00:53:58.374 DEBUG 21952 --- [restartedMain] org.hibernate.SQL                        : 
    drop table if exists usuarios_aud cascade 
2026-07-09 00:53:58.377 DEBUG 21952 --- [restartedMain] org.hibernate.SQL                        : 
    create table archivos_cita (
        cita_id bigint not null,
        created_at timestamp(6),
        id bigint generated by default as identity,
        datos_base64 LONGTEXT not null,
        nombre_archivo varchar(255) not null,
        tipo_contenido varchar(255) not null,
        primary key (id)
    )
2026-07-09 00:53:58.383 DEBUG 21952 --- [restartedMain] org.hibernate.SQL                        : 
    create table archivos_cita_aud (
        rev integer not null,
        revtype tinyint,
        cita_id bigint,
        created_at timestamp(6),
        id bigint not null,
        datos_base64 LONGTEXT,
        nombre_archivo varchar(255),
        tipo_contenido varchar(255),
        primary key (rev, id)
    )
2026-07-09 00:53:58.386 DEBUG 21952 --- [restartedMain] org.hibernate.SQL                        : 
    create table citas (
        fecha date not null,
        hora_fin time(6) not null,
        hora_inicio time(6) not null,
        created_at timestamp(6),
        especialidad_id bigint not null,
        id bigint generated by default as identity,
        medico_id bigint not null,
        paciente_id bigint not null,
        updated_at timestamp(6),
        motivo_consulta varchar(500),
        observaciones TEXT,
        estado enum ('CANCELADA','COMPLETADA','CONFIRMADA','NO_ASISTIO','PENDIENTE') not null,
        primary key (id)
    )
2026-07-09 00:53:58.387 DEBUG 21952 --- [restartedMain] org.hibernate.SQL                        : 
    create table citas_aud (
        fecha date,
        hora_fin time(6),
        hora_inicio time(6),
        rev integer not null,
        revtype tinyint,
        created_at timestamp(6),
        especialidad_id bigint,
        id bigint not null,
        medico_id bigint,
        paciente_id bigint,
        updated_at timestamp(6),
        motivo_consulta varchar(500),
        observaciones TEXT,
        estado enum ('CANCELADA','COMPLETADA','CONFIRMADA','NO_ASISTIO','PENDIENTE'),
        primary key (rev, id)
    )
2026-07-09 00:53:58.389 DEBUG 21952 --- [restartedMain] org.hibernate.SQL                        : 
    create table disponibilidad_medica (
        activo boolean not null,
        duracion_consulta_min integer not null,
        hora_fin time(6) not null,
        hora_inicio time(6) not null,
        created_at timestamp(6),
        id bigint generated by default as identity,
        medico_id bigint not null,
        updated_at timestamp(6),
        dia_semana enum ('DOMINGO','JUEVES','LUNES','MARTES','MIERCOLES','SABADO','VIERNES') not null,
        primary key (id)
    )
2026-07-09 00:53:58.390 DEBUG 21952 --- [restartedMain] org.hibernate.SQL                        : 
    create table especialidades (
        activo boolean not null,
        costo numeric(10,2) not null,
        created_at timestamp(6),
        id bigint generated by default as identity,
        nombre varchar(100) not null unique,
        descripcion varchar(500),
        primary key (id)
    )
2026-07-09 00:53:58.391 DEBUG 21952 --- [restartedMain] org.hibernate.SQL                        : 
    create table especialidades_aud (
        activo boolean,
        costo numeric(10,2),
        rev integer not null,
        revtype tinyint,
        created_at timestamp(6),
        id bigint not null,
        nombre varchar(100),
        descripcion varchar(500),
        primary key (rev, id)
    )
2026-07-09 00:53:58.392 DEBUG 21952 --- [restartedMain] org.hibernate.SQL                        : 
    create table medico_especialidades (
        especialidad_id bigint not null,
        medico_id bigint not null,
        primary key (especialidad_id, medico_id)
    )
2026-07-09 00:53:58.393 DEBUG 21952 --- [restartedMain] org.hibernate.SQL                        : 
    create table medico_especialidades_aud (
        rev integer not null,
        revtype tinyint,
        especialidad_id bigint not null,
        medico_id bigint not null,
        primary key (rev, especialidad_id, medico_id)
    )
2026-07-09 00:53:58.394 DEBUG 21952 --- [restartedMain] org.hibernate.SQL                        : 
    create table medicos (
        created_at timestamp(6),
        id bigint generated by default as identity,
        updated_at timestamp(6),
        usuario_id bigint not null unique,
        numero_colegiatura varchar(20) not null unique,
        primary key (id)
    )
2026-07-09 00:53:58.396 DEBUG 21952 --- [restartedMain] org.hibernate.SQL                        : 
    create table medicos_aud (
        rev integer not null,
        revtype tinyint,
        created_at timestamp(6),
        id bigint not null,
        updated_at timestamp(6),
        usuario_id bigint,
        numero_colegiatura varchar(20),
        primary key (rev, id)
    )
2026-07-09 00:53:58.398 DEBUG 21952 --- [restartedMain] org.hibernate.SQL                        : 
    create table notificaciones (
        enviado boolean not null,
        cita_id bigint not null,
        created_at timestamp(6),
        fecha_envio timestamp(6),
        id bigint generated by default as identity,
        usuario_id bigint not null,
        asunto varchar(255) not null,
        mensaje TEXT not null,
        tipo enum ('EMAIL','SMS') not null,
        primary key (id)
    )
2026-07-09 00:53:58.399 DEBUG 21952 --- [restartedMain] org.hibernate.SQL                        : 
    create table pacientes (
        fecha_nacimiento date,
        grupo_sanguineo varchar(5),
        created_at timestamp(6),
        id bigint generated by default as identity,
        updated_at timestamp(6),
        usuario_id bigint not null unique,
        contacto_emergencia_telefono varchar(20),
        genero varchar(20),
        contacto_emergencia_parentesco varchar(50),
        contacto_emergencia_nombre varchar(150),
        direccion varchar(255),
        primary key (id)
    )
2026-07-09 00:53:58.400 DEBUG 21952 --- [restartedMain] org.hibernate.SQL                        : 
    create table pacientes_aud (
        fecha_nacimiento date,
        rev integer not null,
        revtype tinyint,
        grupo_sanguineo varchar(5),
        created_at timestamp(6),
        id bigint not null,
        updated_at timestamp(6),
        usuario_id bigint,
        contacto_emergencia_telefono varchar(20),
        genero varchar(20),
        contacto_emergencia_parentesco varchar(50),
        contacto_emergencia_nombre varchar(150),
        direccion varchar(255),
        primary key (rev, id)
    )
2026-07-09 00:53:58.402 DEBUG 21952 --- [restartedMain] org.hibernate.SQL                        : 
    create table pagos (
        monto numeric(10,2) not null,
        cita_id bigint not null unique,
        created_at timestamp(6),
        fecha_pago timestamp(6),
        id bigint generated by default as identity,
        paciente_id bigint not null,
        updated_at timestamp(6),
        referencia_pago varchar(100),
        notas varchar(500),
        estado_pago enum ('PAGADO','PENDIENTE','REEMBOLSADO') not null,
        metodo_pago enum ('EFECTIVO','PLIN','TARJETA_CREDITO','TARJETA_DEBITO','TRANSFERENCIA','YAPE') not null,
        primary key (id)
    )
2026-07-09 00:53:58.403 DEBUG 21952 --- [restartedMain] org.hibernate.SQL                        : 
    create table pagos_aud (
        monto numeric(10,2),
        rev integer not null,
        revtype tinyint,
        cita_id bigint,
        created_at timestamp(6),
        fecha_pago timestamp(6),
        id bigint not null,
        paciente_id bigint,
        updated_at timestamp(6),
        referencia_pago varchar(100),
        notas varchar(500),
        estado_pago enum ('PAGADO','PENDIENTE','REEMBOLSADO'),
        metodo_pago enum ('EFECTIVO','PLIN','TARJETA_CREDITO','TARJETA_DEBITO','TRANSFERENCIA','YAPE'),
        primary key (rev, id)
    )
2026-07-09 00:53:58.404 DEBUG 21952 --- [restartedMain] org.hibernate.SQL                        : 
    create table revinfo (
        rev integer generated by default as identity,
        revtstmp bigint,
        primary key (rev)
    )
2026-07-09 00:53:58.405 DEBUG 21952 --- [restartedMain] org.hibernate.SQL                        : 
    create table usuarios (
        activo boolean not null,
        created_at timestamp(6),
        id bigint generated by default as identity,
        updated_at timestamp(6),
        dni varchar(15) not null unique,
        telefono varchar(20),
        apellido varchar(100) not null,
        nombre varchar(100) not null,
        email varchar(150) not null unique,
        password varchar(255) not null,
        foto_perfil LONGTEXT,
        rol enum ('ADMIN','MEDICO','PACIENTE') not null,
        primary key (id)
    )
2026-07-09 00:53:58.407 DEBUG 21952 --- [restartedMain] org.hibernate.SQL                        : 
    create table usuarios_aud (
        activo boolean,
        rev integer not null,
        revtype tinyint,
        created_at timestamp(6),
        id bigint not null,
        updated_at timestamp(6),
        dni varchar(15),
        telefono varchar(20),
        apellido varchar(100),
        nombre varchar(100),
        email varchar(150),
        foto_perfil LONGTEXT,
        password varchar(255),
        rol enum ('ADMIN','MEDICO','PACIENTE'),
        primary key (rev, id)
    )
2026-07-09 00:53:58.408 DEBUG 21952 --- [restartedMain] org.hibernate.SQL                        : 
    alter table if exists archivos_cita 
       add constraint FK1umuq070au7vh5wi01xxw1d2x 
       foreign key (cita_id) 
       references citas
2026-07-09 00:53:58.417 DEBUG 21952 --- [restartedMain] org.hibernate.SQL                        : 
    alter table if exists archivos_cita_aud 
       add constraint FKgb95d0iif245d4wqkjxmkwd5u 
       foreign key (rev) 
       references revinfo
2026-07-09 00:53:58.418 DEBUG 21952 --- [restartedMain] org.hibernate.SQL                        : 
    alter table if exists citas 
       add constraint FKapkrvku8ylaqff5yx6gmv7hfb 
       foreign key (especialidad_id) 
       references especialidades
2026-07-09 00:53:58.419 DEBUG 21952 --- [restartedMain] org.hibernate.SQL                        : 
    alter table if exists citas 
       add constraint FKbfl57ey8hx1a3ubtrpy8x9ll 
       foreign key (medico_id) 
       references medicos
2026-07-09 00:53:58.420 DEBUG 21952 --- [restartedMain] org.hibernate.SQL                        : 
    alter table if exists citas 
       add constraint FKnqrsxxcuysfcxiekvixm7h8r1 
       foreign key (paciente_id) 
       references pacientes
2026-07-09 00:53:58.421 DEBUG 21952 --- [restartedMain] org.hibernate.SQL                        : 
    alter table if exists citas_aud 
       add constraint FK3qxb7u9ddr5a1v8iyp2ew7j7a 
       foreign key (rev) 
       references revinfo
2026-07-09 00:53:58.422 DEBUG 21952 --- [restartedMain] org.hibernate.SQL                        : 
    alter table if exists disponibilidad_medica 
       add constraint FK2gp5w61ar5b1ncquajq6jtxvx 
       foreign key (medico_id) 
       references medicos
2026-07-09 00:53:58.423 DEBUG 21952 --- [restartedMain] org.hibernate.SQL                        : 
    alter table if exists especialidades_aud 
       add constraint FK47semrxdveencd7ehm5mybrur 
       foreign key (rev) 
       references revinfo
2026-07-09 00:53:58.424 DEBUG 21952 --- [restartedMain] org.hibernate.SQL                        : 
    alter table if exists medico_especialidades 
       add constraint FKg053qn341nw53yhgoq1c2mjj0 
       foreign key (especialidad_id) 
       references especialidades
2026-07-09 00:53:58.425 DEBUG 21952 --- [restartedMain] org.hibernate.SQL                        : 
    alter table if exists medico_especialidades 
       add constraint FK7xw32fy03axlyq7bwcu476vl3 
       foreign key (medico_id) 
       references medicos
2026-07-09 00:53:58.427 DEBUG 21952 --- [restartedMain] org.hibernate.SQL                        : 
    alter table if exists medico_especialidades_aud 
       add constraint FK76j86sh57tifk0laqf5huqv9j 
       foreign key (rev) 
       references revinfo
2026-07-09 00:53:58.428 DEBUG 21952 --- [restartedMain] org.hibernate.SQL                        : 
    alter table if exists medicos 
       add constraint FKa0dd5a1r4o7vgnqr0aigr69td 
       foreign key (usuario_id) 
       references usuarios
2026-07-09 00:53:58.428 DEBUG 21952 --- [restartedMain] org.hibernate.SQL                        : 
    alter table if exists medicos_aud 
       add constraint FKcyfyosarrcjqc36531rjwa8f8 
       foreign key (rev) 
       references revinfo
2026-07-09 00:53:58.429 DEBUG 21952 --- [restartedMain] org.hibernate.SQL                        : 
    alter table if exists notificaciones 
       add constraint FKf6vsd72tpuysbhes31nygw0v0 
       foreign key (cita_id) 
       references citas
2026-07-09 00:53:58.430 DEBUG 21952 --- [restartedMain] org.hibernate.SQL                        : 
    alter table if exists notificaciones 
       add constraint FK1mxbjb81ft61gwlh0kabubndc 
       foreign key (usuario_id) 
       references usuarios
2026-07-09 00:53:58.431 DEBUG 21952 --- [restartedMain] org.hibernate.SQL                        : 
    alter table if exists pacientes 
       add constraint FK96vvhaactwhv7l8ymuq6b4r6j 
       foreign key (usuario_id) 
       references usuarios
2026-07-09 00:53:58.432 DEBUG 21952 --- [restartedMain] org.hibernate.SQL                        : 
    alter table if exists pacientes_aud 
       add constraint FK9mhanil692brifthmv83puxb3 
       foreign key (rev) 
       references revinfo
2026-07-09 00:53:58.433 DEBUG 21952 --- [restartedMain] org.hibernate.SQL                        : 
    alter table if exists pagos 
       add constraint FKdyyqrbd5gg0lhhcijte5qkt88 
       foreign key (cita_id) 
       references citas
2026-07-09 00:53:58.434 DEBUG 21952 --- [restartedMain] org.hibernate.SQL                        : 
    alter table if exists pagos 
       add constraint FKtrjk63m5s2jlwfdvx16p8ehbi 
       foreign key (paciente_id) 
       references pacientes
2026-07-09 00:53:58.436 DEBUG 21952 --- [restartedMain] org.hibernate.SQL                        : 
    alter table if exists pagos_aud 
       add constraint FKk5yir6kvro5c15qd8q5vacmtl 
       foreign key (rev) 
       references revinfo
2026-07-09 00:53:58.437 DEBUG 21952 --- [restartedMain] org.hibernate.SQL                        : 
    alter table if exists usuarios_aud 
       add constraint FKn9o74udlh4qxjv04akbysl83b 
       foreign key (rev) 
       references revinfo
2026-07-09 00:53:58.440  INFO 21952 --- [restartedMain] j.LocalContainerEntityManagerFactoryBean : Initialized JPA EntityManagerFactory for persistence unit 'default'
2026-07-09 00:53:58.657 DEBUG 21952 --- [restartedMain] c.s.s.s.jwt.JwtAuthenticationFilter      : Filter 'jwtAuthenticationFilter' configured for use
2026-07-09 00:53:58.713  INFO 21952 --- [restartedMain] o.s.d.j.r.query.QueryEnhancerFactory     : Hibernate is in classpath; If applicable, HQL parser will be used.
2026-07-09 00:53:59.343  INFO 21952 --- [restartedMain] eAuthenticationProviderManagerConfigurer : Global AuthenticationManager configured with AuthenticationProvider bean with name authenticationProvider
2026-07-09 00:53:59.344  WARN 21952 --- [restartedMain] r$InitializeUserDetailsManagerConfigurer : Global AuthenticationManager configured with an AuthenticationProvider bean. UserDetailsService beans will not be used by Spring Security for automatically configuring username/password login. Consider removing the AuthenticationProvider bean. Alternatively, consider using the UserDetailsService in a manually instantiated DaoAuthenticationProvider. If the current configuration is intentional, to turn off this warning, increase the logging level of 'org.springframework.security.config.annotation.authentication.configuration.InitializeUserDetailsBeanManagerConfigurer' to ERROR
2026-07-09 00:53:59.728  WARN 21952 --- [restartedMain] JpaBaseConfiguration$JpaWebConfiguration : spring.jpa.open-in-view is enabled by default. Therefore, database queries may be performed during view rendering. Explicitly configure spring.jpa.open-in-view to disable this warning
2026-07-09 00:53:59.747  INFO 21952 --- [restartedMain] o.s.b.a.w.s.WelcomePageHandlerMapping    : Adding welcome page template: index
2026-07-09 00:54:00.000  INFO 21952 --- [restartedMain] o.s.b.a.e.web.EndpointLinksResolver      : Exposing 5 endpoints beneath base path '/actuator'
2026-07-09 00:54:00.305  INFO 21952 --- [restartedMain] o.s.b.a.h2.H2ConsoleAutoConfiguration    : H2 console available at '/h2-console'. Database available at 'jdbc:h2:mem:sisoldb'
2026-07-09 00:54:00.344  INFO 21952 --- [restartedMain] o.s.b.d.a.OptionalLiveReloadServer       : LiveReload server is running on port 35729
2026-07-09 00:54:00.391  INFO 21952 --- [restartedMain] o.s.b.w.embedded.tomcat.TomcatWebServer  : Tomcat started on port 8080 (http) with context path '/'
2026-07-09 00:54:00.404  INFO 21952 --- [restartedMain] com.sisol.salud.SisolSaludApplication    : Started SisolSaludApplication in 5.958 seconds (process running for 6.437)
2026-07-09 00:54:00.414  INFO 21952 --- [restartedMain] com.sisol.salud.config.DataSeeder        : Verificando librerías requeridas...
2026-07-09 00:54:00.418  INFO 21952 --- [restartedMain] com.sisol.salud.config.DataSeeder        : [Guava] Creada lista inmutable de 3 elementos
2026-07-09 00:54:00.419  INFO 21952 --- [restartedMain] com.sisol.salud.config.DataSeeder        : [Apache Commons] Código seguro generado: CPGYRT0OFR
2026-07-09 00:54:00.660  INFO 21952 --- [restartedMain] com.sisol.salud.config.DataSeeder        : [Apache POI] Archivo Excel estructurado y creado en memoria exitosamente.
2026-07-09 00:54:00.764  INFO 21952 --- [RMI TCP Connection(2)-127.0.0.1] o.a.c.c.C.[Tomcat].[localhost].[/]       : Initializing Spring DispatcherServlet 'dispatcherServlet'
2026-07-09 00:54:00.764  INFO 21952 --- [RMI TCP Connection(2)-127.0.0.1] o.s.web.servlet.DispatcherServlet        : Initializing Servlet 'dispatcherServlet'
2026-07-09 00:54:00.765  INFO 21952 --- [RMI TCP Connection(2)-127.0.0.1] o.s.web.servlet.DispatcherServlet        : Completed initialization in 1 ms
2026-07-09 00:54:00.807 DEBUG 21952 --- [restartedMain] org.hibernate.SQL                        : 
    select
        count(*) 
    from
        especialidades e1_0
2026-07-09 00:54:00.852  INFO 21952 --- [restartedMain] com.sisol.salud.config.DataSeeder        : Sembrando base de datos desde 0 con 10 especialidades, 10 médicos y 2 pacientes...
2026-07-09 00:54:00.881 DEBUG 21952 --- [restartedMain] org.hibernate.SQL                        : 
    insert 
    into
        especialidades
        (activo, costo, created_at, descripcion, nombre, id) 
    values
        (?, ?, ?, ?, ?, default)
2026-07-09 00:54:00.987 DEBUG 21952 --- [restartedMain] org.hibernate.SQL                        : 
    insert 
    into
        usuarios
        (activo, apellido, created_at, dni, email, foto_perfil, nombre, password, rol, telefono, updated_at, id) 
    values
        (?, ?, ?, ?, ?, ?, ?, ?, ?, ?, ?, default)
2026-07-09 00:54:00.996 DEBUG 21952 --- [restartedMain] org.hibernate.SQL                        : 
    insert 
    into
        medicos
        (created_at, numero_colegiatura, updated_at, usuario_id, id) 
    values
        (?, ?, ?, ?, default)
2026-07-09 00:54:00.999 DEBUG 21952 --- [restartedMain] org.hibernate.SQL                        : 
    insert 
    into
        disponibilidad_medica
        (activo, created_at, dia_semana, duracion_consulta_min, hora_fin, hora_inicio, medico_id, updated_at, id) 
    values
        (?, ?, ?, ?, ?, ?, ?, ?, default)
2026-07-09 00:54:01.001 DEBUG 21952 --- [restartedMain] org.hibernate.SQL                        : 
    insert 
    into
        disponibilidad_medica
        (activo, created_at, dia_semana, duracion_consulta_min, hora_fin, hora_inicio, medico_id, updated_at, id) 
    values
        (?, ?, ?, ?, ?, ?, ?, ?, default)
2026-07-09 00:54:01.003 DEBUG 21952 --- [restartedMain] org.hibernate.SQL                        : 
    insert 
    into
        disponibilidad_medica
        (activo, created_at, dia_semana, duracion_consulta_min, hora_fin, hora_inicio, medico_id, updated_at, id) 
    values
        (?, ?, ?, ?, ?, ?, ?, ?, default)
2026-07-09 00:54:01.004 DEBUG 21952 --- [restartedMain] org.hibernate.SQL                        : 
    insert 
    into
        disponibilidad_medica
        (activo, created_at, dia_semana, duracion_consulta_min, hora_fin, hora_inicio, medico_id, updated_at, id) 
    values
        (?, ?, ?, ?, ?, ?, ?, ?, default)
2026-07-09 00:54:01.005 DEBUG 21952 --- [restartedMain] org.hibernate.SQL                        : 
    insert 
    into
        disponibilidad_medica
        (activo, created_at, dia_semana, duracion_consulta_min, hora_fin, hora_inicio, medico_id, updated_at, id) 
    values
        (?, ?, ?, ?, ?, ?, ?, ?, default)
2026-07-09 00:54:01.006 DEBUG 21952 --- [restartedMain] org.hibernate.SQL                        : 
    insert 
    into
        especialidades
        (activo, costo, created_at, descripcion, nombre, id) 
    values
        (?, ?, ?, ?, ?, default)
2026-07-09 00:54:01.058 DEBUG 21952 --- [restartedMain] org.hibernate.SQL                        : 
    insert 
    into
        usuarios
        (activo, apellido, created_at, dni, email, foto_perfil, nombre, password, rol, telefono, updated_at, id) 
    values
        (?, ?, ?, ?, ?, ?, ?, ?, ?, ?, ?, default)
2026-07-09 00:54:01.059 DEBUG 21952 --- [restartedMain] org.hibernate.SQL                        : 
    insert 
    into
        medicos
        (created_at, numero_colegiatura, updated_at, usuario_id, id) 
    values
        (?, ?, ?, ?, default)
2026-07-09 00:54:01.060 DEBUG 21952 --- [restartedMain] org.hibernate.SQL                        : 
    insert 
    into
        disponibilidad_medica
        (activo, created_at, dia_semana, duracion_consulta_min, hora_fin, hora_inicio, medico_id, updated_at, id) 
    values
        (?, ?, ?, ?, ?, ?, ?, ?, default)
2026-07-09 00:54:01.061 DEBUG 21952 --- [restartedMain] org.hibernate.SQL                        : 
    insert 
    into
        disponibilidad_medica
        (activo, created_at, dia_semana, duracion_consulta_min, hora_fin, hora_inicio, medico_id, updated_at, id) 
    values
        (?, ?, ?, ?, ?, ?, ?, ?, default)
2026-07-09 00:54:01.062 DEBUG 21952 --- [restartedMain] org.hibernate.SQL                        : 
    insert 
    into
        disponibilidad_medica
        (activo, created_at, dia_semana, duracion_consulta_min, hora_fin, hora_inicio, medico_id, updated_at, id) 
    values
        (?, ?, ?, ?, ?, ?, ?, ?, default)
2026-07-09 00:54:01.063 DEBUG 21952 --- [restartedMain] org.hibernate.SQL                        : 
    insert 
    into
        disponibilidad_medica
        (activo, created_at, dia_semana, duracion_consulta_min, hora_fin, hora_inicio, medico_id, updated_at, id) 
    values
        (?, ?, ?, ?, ?, ?, ?, ?, default)
2026-07-09 00:54:01.064 DEBUG 21952 --- [restartedMain] org.hibernate.SQL                        : 
    insert 
    into
        disponibilidad_medica
        (activo, created_at, dia_semana, duracion_consulta_min, hora_fin, hora_inicio, medico_id, updated_at, id) 
    values
        (?, ?, ?, ?, ?, ?, ?, ?, default)
2026-07-09 00:54:01.064 DEBUG 21952 --- [restartedMain] org.hibernate.SQL                        : 
    insert 
    into
        especialidades
        (activo, costo, created_at, descripcion, nombre, id) 
    values
        (?, ?, ?, ?, ?, default)
2026-07-09 00:54:01.117 DEBUG 21952 --- [restartedMain] org.hibernate.SQL                        : 
    insert 
    into
        usuarios
        (activo, apellido, created_at, dni, email, foto_perfil, nombre, password, rol, telefono, updated_at, id) 
    values
        (?, ?, ?, ?, ?, ?, ?, ?, ?, ?, ?, default)
2026-07-09 00:54:01.120 DEBUG 21952 --- [restartedMain] org.hibernate.SQL                        : 
    insert 
    into
        medicos
        (created_at, numero_colegiatura, updated_at, usuario_id, id) 
    values
        (?, ?, ?, ?, default)
2026-07-09 00:54:01.122 DEBUG 21952 --- [restartedMain] org.hibernate.SQL                        : 
    insert 
    into
        disponibilidad_medica
        (activo, created_at, dia_semana, duracion_consulta_min, hora_fin, hora_inicio, medico_id, updated_at, id) 
    values
        (?, ?, ?, ?, ?, ?, ?, ?, default)
2026-07-09 00:54:01.123 DEBUG 21952 --- [restartedMain] org.hibernate.SQL                        : 
    insert 
    into
        disponibilidad_medica
        (activo, created_at, dia_semana, duracion_consulta_min, hora_fin, hora_inicio, medico_id, updated_at, id) 
    values
        (?, ?, ?, ?, ?, ?, ?, ?, default)
2026-07-09 00:54:01.124 DEBUG 21952 --- [restartedMain] org.hibernate.SQL                        : 
    insert 
    into
        disponibilidad_medica
        (activo, created_at, dia_semana, duracion_consulta_min, hora_fin, hora_inicio, medico_id, updated_at, id) 
    values
        (?, ?, ?, ?, ?, ?, ?, ?, default)
2026-07-09 00:54:01.126 DEBUG 21952 --- [restartedMain] org.hibernate.SQL                        : 
    insert 
    into
        disponibilidad_medica
        (activo, created_at, dia_semana, duracion_consulta_min, hora_fin, hora_inicio, medico_id, updated_at, id) 
    values
        (?, ?, ?, ?, ?, ?, ?, ?, default)
2026-07-09 00:54:01.127 DEBUG 21952 --- [restartedMain] org.hibernate.SQL                        : 
    insert 
    into
        disponibilidad_medica
        (activo, created_at, dia_semana, duracion_consulta_min, hora_fin, hora_inicio, medico_id, updated_at, id) 
    values
        (?, ?, ?, ?, ?, ?, ?, ?, default)
2026-07-09 00:54:01.128 DEBUG 21952 --- [restartedMain] org.hibernate.SQL                        : 
    insert 
    into
        especialidades
        (activo, costo, created_at, descripcion, nombre, id) 
    values
        (?, ?, ?, ?, ?, default)
2026-07-09 00:54:01.178 DEBUG 21952 --- [restartedMain] org.hibernate.SQL                        : 
    insert 
    into
        usuarios
        (activo, apellido, created_at, dni, email, foto_perfil, nombre, password, rol, telefono, updated_at, id) 
    values
        (?, ?, ?, ?, ?, ?, ?, ?, ?, ?, ?, default)
2026-07-09 00:54:01.180 DEBUG 21952 --- [restartedMain] org.hibernate.SQL                        : 
    insert 
    into
        medicos
        (created_at, numero_colegiatura, updated_at, usuario_id, id) 
    values
        (?, ?, ?, ?, default)
2026-07-09 00:54:01.181 DEBUG 21952 --- [restartedMain] org.hibernate.SQL                        : 
    insert 
    into
        disponibilidad_medica
        (activo, created_at, dia_semana, duracion_consulta_min, hora_fin, hora_inicio, medico_id, updated_at, id) 
    values
        (?, ?, ?, ?, ?, ?, ?, ?, default)
2026-07-09 00:54:01.182 DEBUG 21952 --- [restartedMain] org.hibernate.SQL                        : 
    insert 
    into
        disponibilidad_medica
        (activo, created_at, dia_semana, duracion_consulta_min, hora_fin, hora_inicio, medico_id, updated_at, id) 
    values
        (?, ?, ?, ?, ?, ?, ?, ?, default)
2026-07-09 00:54:01.182 DEBUG 21952 --- [restartedMain] org.hibernate.SQL                        : 
    insert 
    into
        disponibilidad_medica
        (activo, created_at, dia_semana, duracion_consulta_min, hora_fin, hora_inicio, medico_id, updated_at, id) 
    values
        (?, ?, ?, ?, ?, ?, ?, ?, default)
2026-07-09 00:54:01.183 DEBUG 21952 --- [restartedMain] org.hibernate.SQL                        : 
    insert 
    into
        disponibilidad_medica
        (activo, created_at, dia_semana, duracion_consulta_min, hora_fin, hora_inicio, medico_id, updated_at, id) 
    values
        (?, ?, ?, ?, ?, ?, ?, ?, default)
2026-07-09 00:54:01.184 DEBUG 21952 --- [restartedMain] org.hibernate.SQL                        : 
    insert 
    into
        disponibilidad_medica
        (activo, created_at, dia_semana, duracion_consulta_min, hora_fin, hora_inicio, medico_id, updated_at, id) 
    values
        (?, ?, ?, ?, ?, ?, ?, ?, default)
2026-07-09 00:54:01.186 DEBUG 21952 --- [restartedMain] org.hibernate.SQL                        : 
    insert 
    into
        especialidades
        (activo, costo, created_at, descripcion, nombre, id) 
    values
        (?, ?, ?, ?, ?, default)
2026-07-09 00:54:01.237 DEBUG 21952 --- [restartedMain] org.hibernate.SQL                        : 
    insert 
    into
        usuarios
        (activo, apellido, created_at, dni, email, foto_perfil, nombre, password, rol, telefono, updated_at, id) 
    values
        (?, ?, ?, ?, ?, ?, ?, ?, ?, ?, ?, default)
2026-07-09 00:54:01.238 DEBUG 21952 --- [restartedMain] org.hibernate.SQL                        : 
    insert 
    into
        medicos
        (created_at, numero_colegiatura, updated_at, usuario_id, id) 
    values
        (?, ?, ?, ?, default)
2026-07-09 00:54:01.240 DEBUG 21952 --- [restartedMain] org.hibernate.SQL                        : 
    insert 
    into
        disponibilidad_medica
        (activo, created_at, dia_semana, duracion_consulta_min, hora_fin, hora_inicio, medico_id, updated_at, id) 
    values
        (?, ?, ?, ?, ?, ?, ?, ?, default)
2026-07-09 00:54:01.240 DEBUG 21952 --- [restartedMain] org.hibernate.SQL                        : 
    insert 
    into
        disponibilidad_medica
        (activo, created_at, dia_semana, duracion_consulta_min, hora_fin, hora_inicio, medico_id, updated_at, id) 
    values
        (?, ?, ?, ?, ?, ?, ?, ?, default)
2026-07-09 00:54:01.241 DEBUG 21952 --- [restartedMain] org.hibernate.SQL                        : 
    insert 
    into
        disponibilidad_medica
        (activo, created_at, dia_semana, duracion_consulta_min, hora_fin, hora_inicio, medico_id, updated_at, id) 
    values
        (?, ?, ?, ?, ?, ?, ?, ?, default)
2026-07-09 00:54:01.242 DEBUG 21952 --- [restartedMain] org.hibernate.SQL                        : 
    insert 
    into
        disponibilidad_medica
        (activo, created_at, dia_semana, duracion_consulta_min, hora_fin, hora_inicio, medico_id, updated_at, id) 
    values
        (?, ?, ?, ?, ?, ?, ?, ?, default)
2026-07-09 00:54:01.243 DEBUG 21952 --- [restartedMain] org.hibernate.SQL                        : 
    insert 
    into
        disponibilidad_medica
        (activo, created_at, dia_semana, duracion_consulta_min, hora_fin, hora_inicio, medico_id, updated_at, id) 
    values
        (?, ?, ?, ?, ?, ?, ?, ?, default)
2026-07-09 00:54:01.244 DEBUG 21952 --- [restartedMain] org.hibernate.SQL                        : 
    insert 
    into
        especialidades
        (activo, costo, created_at, descripcion, nombre, id) 
    values
        (?, ?, ?, ?, ?, default)
2026-07-09 00:54:01.294 DEBUG 21952 --- [restartedMain] org.hibernate.SQL                        : 
    insert 
    into
        usuarios
        (activo, apellido, created_at, dni, email, foto_perfil, nombre, password, rol, telefono, updated_at, id) 
    values
        (?, ?, ?, ?, ?, ?, ?, ?, ?, ?, ?, default)
2026-07-09 00:54:01.296 DEBUG 21952 --- [restartedMain] org.hibernate.SQL                        : 
    insert 
    into
        medicos
        (created_at, numero_colegiatura, updated_at, usuario_id, id) 
    values
        (?, ?, ?, ?, default)
2026-07-09 00:54:01.298 DEBUG 21952 --- [restartedMain] org.hibernate.SQL                        : 
    insert 
    into
        disponibilidad_medica
        (activo, created_at, dia_semana, duracion_consulta_min, hora_fin, hora_inicio, medico_id, updated_at, id) 
    values
        (?, ?, ?, ?, ?, ?, ?, ?, default)
2026-07-09 00:54:01.298 DEBUG 21952 --- [restartedMain] org.hibernate.SQL                        : 
    insert 
    into
        disponibilidad_medica
        (activo, created_at, dia_semana, duracion_consulta_min, hora_fin, hora_inicio, medico_id, updated_at, id) 
    values
        (?, ?, ?, ?, ?, ?, ?, ?, default)
2026-07-09 00:54:01.299 DEBUG 21952 --- [restartedMain] org.hibernate.SQL                        : 
    insert 
    into
        disponibilidad_medica
        (activo, created_at, dia_semana, duracion_consulta_min, hora_fin, hora_inicio, medico_id, updated_at, id) 
    values
        (?, ?, ?, ?, ?, ?, ?, ?, default)
2026-07-09 00:54:01.299 DEBUG 21952 --- [restartedMain] org.hibernate.SQL                        : 
    insert 
    into
        disponibilidad_medica
        (activo, created_at, dia_semana, duracion_consulta_min, hora_fin, hora_inicio, medico_id, updated_at, id) 
    values
        (?, ?, ?, ?, ?, ?, ?, ?, default)
2026-07-09 00:54:01.300 DEBUG 21952 --- [restartedMain] org.hibernate.SQL                        : 
    insert 
    into
        disponibilidad_medica
        (activo, created_at, dia_semana, duracion_consulta_min, hora_fin, hora_inicio, medico_id, updated_at, id) 
    values
        (?, ?, ?, ?, ?, ?, ?, ?, default)
2026-07-09 00:54:01.301 DEBUG 21952 --- [restartedMain] org.hibernate.SQL                        : 
    insert 
    into
        especialidades
        (activo, costo, created_at, descripcion, nombre, id) 
    values
        (?, ?, ?, ?, ?, default)
2026-07-09 00:54:01.353 DEBUG 21952 --- [restartedMain] org.hibernate.SQL                        : 
    insert 
    into
        usuarios
        (activo, apellido, created_at, dni, email, foto_perfil, nombre, password, rol, telefono, updated_at, id) 
    values
        (?, ?, ?, ?, ?, ?, ?, ?, ?, ?, ?, default)
2026-07-09 00:54:01.354 DEBUG 21952 --- [restartedMain] org.hibernate.SQL                        : 
    insert 
    into
        medicos
        (created_at, numero_colegiatura, updated_at, usuario_id, id) 
    values
        (?, ?, ?, ?, default)
2026-07-09 00:54:01.355 DEBUG 21952 --- [restartedMain] org.hibernate.SQL                        : 
    insert 
    into
        disponibilidad_medica
        (activo, created_at, dia_semana, duracion_consulta_min, hora_fin, hora_inicio, medico_id, updated_at, id) 
    values
        (?, ?, ?, ?, ?, ?, ?, ?, default)
2026-07-09 00:54:01.356 DEBUG 21952 --- [restartedMain] org.hibernate.SQL                        : 
    insert 
    into
        disponibilidad_medica
        (activo, created_at, dia_semana, duracion_consulta_min, hora_fin, hora_inicio, medico_id, updated_at, id) 
    values
        (?, ?, ?, ?, ?, ?, ?, ?, default)
2026-07-09 00:54:01.357 DEBUG 21952 --- [restartedMain] org.hibernate.SQL                        : 
    insert 
    into
        disponibilidad_medica
        (activo, created_at, dia_semana, duracion_consulta_min, hora_fin, hora_inicio, medico_id, updated_at, id) 
    values
        (?, ?, ?, ?, ?, ?, ?, ?, default)
2026-07-09 00:54:01.357 DEBUG 21952 --- [restartedMain] org.hibernate.SQL                        : 
    insert 
    into
        disponibilidad_medica
        (activo, created_at, dia_semana, duracion_consulta_min, hora_fin, hora_inicio, medico_id, updated_at, id) 
    values
        (?, ?, ?, ?, ?, ?, ?, ?, default)
2026-07-09 00:54:01.358 DEBUG 21952 --- [restartedMain] org.hibernate.SQL                        : 
    insert 
    into
        disponibilidad_medica
        (activo, created_at, dia_semana, duracion_consulta_min, hora_fin, hora_inicio, medico_id, updated_at, id) 
    values
        (?, ?, ?, ?, ?, ?, ?, ?, default)
2026-07-09 00:54:01.359 DEBUG 21952 --- [restartedMain] org.hibernate.SQL                        : 
    insert 
    into
        especialidades
        (activo, costo, created_at, descripcion, nombre, id) 
    values
        (?, ?, ?, ?, ?, default)
2026-07-09 00:54:01.409 DEBUG 21952 --- [restartedMain] org.hibernate.SQL                        : 
    insert 
    into
        usuarios
        (activo, apellido, created_at, dni, email, foto_perfil, nombre, password, rol, telefono, updated_at, id) 
    values
        (?, ?, ?, ?, ?, ?, ?, ?, ?, ?, ?, default)
2026-07-09 00:54:01.411 DEBUG 21952 --- [restartedMain] org.hibernate.SQL                        : 
    insert 
    into
        medicos
        (created_at, numero_colegiatura, updated_at, usuario_id, id) 
    values
        (?, ?, ?, ?, default)
2026-07-09 00:54:01.412 DEBUG 21952 --- [restartedMain] org.hibernate.SQL                        : 
    insert 
    into
        disponibilidad_medica
        (activo, created_at, dia_semana, duracion_consulta_min, hora_fin, hora_inicio, medico_id, updated_at, id) 
    values
        (?, ?, ?, ?, ?, ?, ?, ?, default)
2026-07-09 00:54:01.412 DEBUG 21952 --- [restartedMain] org.hibernate.SQL                        : 
    insert 
    into
        disponibilidad_medica
        (activo, created_at, dia_semana, duracion_consulta_min, hora_fin, hora_inicio, medico_id, updated_at, id) 
    values
        (?, ?, ?, ?, ?, ?, ?, ?, default)
2026-07-09 00:54:01.413 DEBUG 21952 --- [restartedMain] org.hibernate.SQL                        : 
    insert 
    into
        disponibilidad_medica
        (activo, created_at, dia_semana, duracion_consulta_min, hora_fin, hora_inicio, medico_id, updated_at, id) 
    values
        (?, ?, ?, ?, ?, ?, ?, ?, default)
2026-07-09 00:54:01.414 DEBUG 21952 --- [restartedMain] org.hibernate.SQL                        : 
    insert 
    into
        disponibilidad_medica
        (activo, created_at, dia_semana, duracion_consulta_min, hora_fin, hora_inicio, medico_id, updated_at, id) 
    values
        (?, ?, ?, ?, ?, ?, ?, ?, default)
2026-07-09 00:54:01.414 DEBUG 21952 --- [restartedMain] org.hibernate.SQL                        : 
    insert 
    into
        disponibilidad_medica
        (activo, created_at, dia_semana, duracion_consulta_min, hora_fin, hora_inicio, medico_id, updated_at, id) 
    values
        (?, ?, ?, ?, ?, ?, ?, ?, default)
2026-07-09 00:54:01.416 DEBUG 21952 --- [restartedMain] org.hibernate.SQL                        : 
    insert 
    into
        especialidades
        (activo, costo, created_at, descripcion, nombre, id) 
    values
        (?, ?, ?, ?, ?, default)
2026-07-09 00:54:01.466 DEBUG 21952 --- [restartedMain] org.hibernate.SQL                        : 
    insert 
    into
        usuarios
        (activo, apellido, created_at, dni, email, foto_perfil, nombre, password, rol, telefono, updated_at, id) 
    values
        (?, ?, ?, ?, ?, ?, ?, ?, ?, ?, ?, default)
2026-07-09 00:54:01.468 DEBUG 21952 --- [restartedMain] org.hibernate.SQL                        : 
    insert 
    into
        medicos
        (created_at, numero_colegiatura, updated_at, usuario_id, id) 
    values
        (?, ?, ?, ?, default)
2026-07-09 00:54:01.469 DEBUG 21952 --- [restartedMain] org.hibernate.SQL                        : 
    insert 
    into
        disponibilidad_medica
        (activo, created_at, dia_semana, duracion_consulta_min, hora_fin, hora_inicio, medico_id, updated_at, id) 
    values
        (?, ?, ?, ?, ?, ?, ?, ?, default)
2026-07-09 00:54:01.469 DEBUG 21952 --- [restartedMain] org.hibernate.SQL                        : 
    insert 
    into
        disponibilidad_medica
        (activo, created_at, dia_semana, duracion_consulta_min, hora_fin, hora_inicio, medico_id, updated_at, id) 
    values
        (?, ?, ?, ?, ?, ?, ?, ?, default)
2026-07-09 00:54:01.470 DEBUG 21952 --- [restartedMain] org.hibernate.SQL                        : 
    insert 
    into
        disponibilidad_medica
        (activo, created_at, dia_semana, duracion_consulta_min, hora_fin, hora_inicio, medico_id, updated_at, id) 
    values
        (?, ?, ?, ?, ?, ?, ?, ?, default)
2026-07-09 00:54:01.471 DEBUG 21952 --- [restartedMain] org.hibernate.SQL                        : 
    insert 
    into
        disponibilidad_medica
        (activo, created_at, dia_semana, duracion_consulta_min, hora_fin, hora_inicio, medico_id, updated_at, id) 
    values
        (?, ?, ?, ?, ?, ?, ?, ?, default)
2026-07-09 00:54:01.471 DEBUG 21952 --- [restartedMain] org.hibernate.SQL                        : 
    insert 
    into
        disponibilidad_medica
        (activo, created_at, dia_semana, duracion_consulta_min, hora_fin, hora_inicio, medico_id, updated_at, id) 
    values
        (?, ?, ?, ?, ?, ?, ?, ?, default)
2026-07-09 00:54:01.472 DEBUG 21952 --- [restartedMain] org.hibernate.SQL                        : 
    insert 
    into
        especialidades
        (activo, costo, created_at, descripcion, nombre, id) 
    values
        (?, ?, ?, ?, ?, default)
2026-07-09 00:54:01.523 DEBUG 21952 --- [restartedMain] org.hibernate.SQL                        : 
    insert 
    into
        usuarios
        (activo, apellido, created_at, dni, email, foto_perfil, nombre, password, rol, telefono, updated_at, id) 
    values
        (?, ?, ?, ?, ?, ?, ?, ?, ?, ?, ?, default)
2026-07-09 00:54:01.524 DEBUG 21952 --- [restartedMain] org.hibernate.SQL                        : 
    insert 
    into
        medicos
        (created_at, numero_colegiatura, updated_at, usuario_id, id) 
    values
        (?, ?, ?, ?, default)
2026-07-09 00:54:01.525 DEBUG 21952 --- [restartedMain] org.hibernate.SQL                        : 
    insert 
    into
        disponibilidad_medica
        (activo, created_at, dia_semana, duracion_consulta_min, hora_fin, hora_inicio, medico_id, updated_at, id) 
    values
        (?, ?, ?, ?, ?, ?, ?, ?, default)
2026-07-09 00:54:01.525 DEBUG 21952 --- [restartedMain] org.hibernate.SQL                        : 
    insert 
    into
        disponibilidad_medica
        (activo, created_at, dia_semana, duracion_consulta_min, hora_fin, hora_inicio, medico_id, updated_at, id) 
    values
        (?, ?, ?, ?, ?, ?, ?, ?, default)
2026-07-09 00:54:01.526 DEBUG 21952 --- [restartedMain] org.hibernate.SQL                        : 
    insert 
    into
        disponibilidad_medica
        (activo, created_at, dia_semana, duracion_consulta_min, hora_fin, hora_inicio, medico_id, updated_at, id) 
    values
        (?, ?, ?, ?, ?, ?, ?, ?, default)
2026-07-09 00:54:01.526 DEBUG 21952 --- [restartedMain] org.hibernate.SQL                        : 
    insert 
    into
        disponibilidad_medica
        (activo, created_at, dia_semana, duracion_consulta_min, hora_fin, hora_inicio, medico_id, updated_at, id) 
    values
        (?, ?, ?, ?, ?, ?, ?, ?, default)
2026-07-09 00:54:01.527 DEBUG 21952 --- [restartedMain] org.hibernate.SQL                        : 
    insert 
    into
        disponibilidad_medica
        (activo, created_at, dia_semana, duracion_consulta_min, hora_fin, hora_inicio, medico_id, updated_at, id) 
    values
        (?, ?, ?, ?, ?, ?, ?, ?, default)
2026-07-09 00:54:01.578 DEBUG 21952 --- [restartedMain] org.hibernate.SQL                        : 
    insert 
    into
        usuarios
        (activo, apellido, created_at, dni, email, foto_perfil, nombre, password, rol, telefono, updated_at, id) 
    values
        (?, ?, ?, ?, ?, ?, ?, ?, ?, ?, ?, default)
2026-07-09 00:54:01.580 DEBUG 21952 --- [restartedMain] org.hibernate.SQL                        : 
    insert 
    into
        pacientes
        (contacto_emergencia_nombre, contacto_emergencia_parentesco, contacto_emergencia_telefono, created_at, direccion, fecha_nacimiento, genero, grupo_sanguineo, updated_at, usuario_id, id) 
    values
        (?, ?, ?, ?, ?, ?, ?, ?, ?, ?, default)
2026-07-09 00:54:01.630 DEBUG 21952 --- [restartedMain] org.hibernate.SQL                        : 
    insert 
    into
        usuarios
        (activo, apellido, created_at, dni, email, foto_perfil, nombre, password, rol, telefono, updated_at, id) 
    values
        (?, ?, ?, ?, ?, ?, ?, ?, ?, ?, ?, default)
2026-07-09 00:54:01.631 DEBUG 21952 --- [restartedMain] org.hibernate.SQL                        : 
    insert 
    into
        pacientes
        (contacto_emergencia_nombre, contacto_emergencia_parentesco, contacto_emergencia_telefono, created_at, direccion, fecha_nacimiento, genero, grupo_sanguineo, updated_at, usuario_id, id) 
    values
        (?, ?, ?, ?, ?, ?, ?, ?, ?, ?, default)
2026-07-09 00:54:01.632  INFO 21952 --- [restartedMain] com.sisol.salud.config.DataSeeder        : ¡Sembrado completado con éxito!
2026-07-09 00:54:01.632  INFO 21952 --- [restartedMain] com.sisol.salud.config.DataSeeder        : Médicos de prueba (contraseña: 123456): medico0@sisol.com a medico9@sisol.com
2026-07-09 00:54:01.632  INFO 21952 --- [restartedMain] com.sisol.salud.config.DataSeeder        : Pacientes de prueba (contraseña: 123456): paciente1@sisol.com y paciente2@sisol.com
2026-07-09 00:54:01.642 DEBUG 21952 --- [restartedMain] org.hibernate.SQL                        : 
    insert 
    into
        medico_especialidades
        (medico_id, especialidad_id) 
    values
        (?, ?)
2026-07-09 00:54:01.644 DEBUG 21952 --- [restartedMain] org.hibernate.SQL                        : 
    insert 
    into
        medico_especialidades
        (medico_id, especialidad_id) 
    values
        (?, ?)
2026-07-09 00:54:01.644 DEBUG 21952 --- [restartedMain] org.hibernate.SQL                        : 
    insert 
    into
        medico_especialidades
        (medico_id, especialidad_id) 
    values
        (?, ?)
2026-07-09 00:54:01.646 DEBUG 21952 --- [restartedMain] org.hibernate.SQL                        : 
    insert 
    into
        medico_especialidades
        (medico_id, especialidad_id) 
    values
        (?, ?)
2026-07-09 00:54:01.646 DEBUG 21952 --- [restartedMain] org.hibernate.SQL                        : 
    insert 
    into
        medico_especialidades
        (medico_id, especialidad_id) 
    values
        (?, ?)
2026-07-09 00:54:01.646 DEBUG 21952 --- [restartedMain] org.hibernate.SQL                        : 
    insert 
    into
        medico_especialidades
        (medico_id, especialidad_id) 
    values
        (?, ?)
2026-07-09 00:54:01.647 DEBUG 21952 --- [restartedMain] org.hibernate.SQL                        : 
    insert 
    into
        medico_especialidades
        (medico_id, especialidad_id) 
    values
        (?, ?)
2026-07-09 00:54:01.647 DEBUG 21952 --- [restartedMain] org.hibernate.SQL                        : 
    insert 
    into
        medico_especialidades
        (medico_id, especialidad_id) 
    values
        (?, ?)
2026-07-09 00:54:01.647 DEBUG 21952 --- [restartedMain] org.hibernate.SQL                        : 
    insert 
    into
        medico_especialidades
        (medico_id, especialidad_id) 
    values
        (?, ?)
2026-07-09 00:54:01.648 DEBUG 21952 --- [restartedMain] org.hibernate.SQL                        : 
    insert 
    into
        medico_especialidades
        (medico_id, especialidad_id) 
    values
        (?, ?)
2026-07-09 00:54:01.649 DEBUG 21952 --- [restartedMain] org.hibernate.SQL                        : 
    insert 
    into
        revinfo
        (revtstmp, rev) 
    values
        (?, default)
2026-07-09 00:54:01.658 DEBUG 21952 --- [restartedMain] org.hibernate.SQL                        : 
    insert 
    into
        especialidades_aud
        (revtype, activo, costo, created_at, descripcion, nombre, rev, id) 
    values
        (?, ?, ?, ?, ?, ?, ?, ?)
2026-07-09 00:54:01.659 DEBUG 21952 --- [restartedMain] org.hibernate.SQL                        : 
    insert 
    into
        usuarios_aud
        (revtype, activo, apellido, created_at, dni, email, foto_perfil, nombre, password, rol, telefono, updated_at, rev, id) 
    values
        (?, ?, ?, ?, ?, ?, ?, ?, ?, ?, ?, ?, ?, ?)
2026-07-09 00:54:01.659 DEBUG 21952 --- [restartedMain] org.hibernate.SQL                        : 
    insert 
    into
        medicos_aud
        (revtype, created_at, numero_colegiatura, updated_at, usuario_id, rev, id) 
    values
        (?, ?, ?, ?, ?, ?, ?)
2026-07-09 00:54:01.660 DEBUG 21952 --- [restartedMain] org.hibernate.SQL                        : 
    insert 
    into
        especialidades_aud
        (revtype, activo, costo, created_at, descripcion, nombre, rev, id) 
    values
        (?, ?, ?, ?, ?, ?, ?, ?)
2026-07-09 00:54:01.660 DEBUG 21952 --- [restartedMain] org.hibernate.SQL                        : 
    insert 
    into
        usuarios_aud
        (revtype, activo, apellido, created_at, dni, email, foto_perfil, nombre, password, rol, telefono, updated_at, rev, id) 
    values
        (?, ?, ?, ?, ?, ?, ?, ?, ?, ?, ?, ?, ?, ?)
2026-07-09 00:54:01.661 DEBUG 21952 --- [restartedMain] org.hibernate.SQL                        : 
    insert 
    into
        medicos_aud
        (revtype, created_at, numero_colegiatura, updated_at, usuario_id, rev, id) 
    values
        (?, ?, ?, ?, ?, ?, ?)
2026-07-09 00:54:01.661 DEBUG 21952 --- [restartedMain] org.hibernate.SQL                        : 
    insert 
    into
        especialidades_aud
        (revtype, activo, costo, created_at, descripcion, nombre, rev, id) 
    values
        (?, ?, ?, ?, ?, ?, ?, ?)
2026-07-09 00:54:01.661 DEBUG 21952 --- [restartedMain] org.hibernate.SQL                        : 
    insert 
    into
        usuarios_aud
        (revtype, activo, apellido, created_at, dni, email, foto_perfil, nombre, password, rol, telefono, updated_at, rev, id) 
    values
        (?, ?, ?, ?, ?, ?, ?, ?, ?, ?, ?, ?, ?, ?)
2026-07-09 00:54:01.662 DEBUG 21952 --- [restartedMain] org.hibernate.SQL                        : 
    insert 
    into
        medicos_aud
        (revtype, created_at, numero_colegiatura, updated_at, usuario_id, rev, id) 
    values
        (?, ?, ?, ?, ?, ?, ?)
2026-07-09 00:54:01.662 DEBUG 21952 --- [restartedMain] org.hibernate.SQL                        : 
    insert 
    into
        especialidades_aud
        (revtype, activo, costo, created_at, descripcion, nombre, rev, id) 
    values
        (?, ?, ?, ?, ?, ?, ?, ?)
2026-07-09 00:54:01.663 DEBUG 21952 --- [restartedMain] org.hibernate.SQL                        : 
    insert 
    into
        usuarios_aud
        (revtype, activo, apellido, created_at, dni, email, foto_perfil, nombre, password, rol, telefono, updated_at, rev, id) 
    values
        (?, ?, ?, ?, ?, ?, ?, ?, ?, ?, ?, ?, ?, ?)
2026-07-09 00:54:01.663 DEBUG 21952 --- [restartedMain] org.hibernate.SQL                        : 
    insert 
    into
        medicos_aud
        (revtype, created_at, numero_colegiatura, updated_at, usuario_id, rev, id) 
    values
        (?, ?, ?, ?, ?, ?, ?)
2026-07-09 00:54:01.664 DEBUG 21952 --- [restartedMain] org.hibernate.SQL                        : 
    insert 
    into
        especialidades_aud
        (revtype, activo, costo, created_at, descripcion, nombre, rev, id) 
    values
        (?, ?, ?, ?, ?, ?, ?, ?)
2026-07-09 00:54:01.664 DEBUG 21952 --- [restartedMain] org.hibernate.SQL                        : 
    insert 
    into
        usuarios_aud
        (revtype, activo, apellido, created_at, dni, email, foto_perfil, nombre, password, rol, telefono, updated_at, rev, id) 
    values
        (?, ?, ?, ?, ?, ?, ?, ?, ?, ?, ?, ?, ?, ?)
2026-07-09 00:54:01.664 DEBUG 21952 --- [restartedMain] org.hibernate.SQL                        : 
    insert 
    into
        medicos_aud
        (revtype, created_at, numero_colegiatura, updated_at, usuario_id, rev, id) 
    values
        (?, ?, ?, ?, ?, ?, ?)
2026-07-09 00:54:01.665 DEBUG 21952 --- [restartedMain] org.hibernate.SQL                        : 
    insert 
    into
        especialidades_aud
        (revtype, activo, costo, created_at, descripcion, nombre, rev, id) 
    values
        (?, ?, ?, ?, ?, ?, ?, ?)
2026-07-09 00:54:01.665 DEBUG 21952 --- [restartedMain] org.hibernate.SQL                        : 
    insert 
    into
        usuarios_aud
        (revtype, activo, apellido, created_at, dni, email, foto_perfil, nombre, password, rol, telefono, updated_at, rev, id) 
    values
        (?, ?, ?, ?, ?, ?, ?, ?, ?, ?, ?, ?, ?, ?)
2026-07-09 00:54:01.666 DEBUG 21952 --- [restartedMain] org.hibernate.SQL                        : 
    insert 
    into
        medicos_aud
        (revtype, created_at, numero_colegiatura, updated_at, usuario_id, rev, id) 
    values
        (?, ?, ?, ?, ?, ?, ?)
2026-07-09 00:54:01.666 DEBUG 21952 --- [restartedMain] org.hibernate.SQL                        : 
    insert 
    into
        especialidades_aud
        (revtype, activo, costo, created_at, descripcion, nombre, rev, id) 
    values
        (?, ?, ?, ?, ?, ?, ?, ?)
2026-07-09 00:54:01.666 DEBUG 21952 --- [restartedMain] org.hibernate.SQL                        : 
    insert 
    into
        usuarios_aud
        (revtype, activo, apellido, created_at, dni, email, foto_perfil, nombre, password, rol, telefono, updated_at, rev, id) 
    values
        (?, ?, ?, ?, ?, ?, ?, ?, ?, ?, ?, ?, ?, ?)
2026-07-09 00:54:01.667 DEBUG 21952 --- [restartedMain] org.hibernate.SQL                        : 
    insert 
    into
        medicos_aud
        (revtype, created_at, numero_colegiatura, updated_at, usuario_id, rev, id) 
    values
        (?, ?, ?, ?, ?, ?, ?)
2026-07-09 00:54:01.667 DEBUG 21952 --- [restartedMain] org.hibernate.SQL                        : 
    insert 
    into
        especialidades_aud
        (revtype, activo, costo, created_at, descripcion, nombre, rev, id) 
    values
        (?, ?, ?, ?, ?, ?, ?, ?)
2026-07-09 00:54:01.667 DEBUG 21952 --- [restartedMain] org.hibernate.SQL                        : 
    insert 
    into
        usuarios_aud
        (revtype, activo, apellido, created_at, dni, email, foto_perfil, nombre, password, rol, telefono, updated_at, rev, id) 
    values
        (?, ?, ?, ?, ?, ?, ?, ?, ?, ?, ?, ?, ?, ?)
2026-07-09 00:54:01.668 DEBUG 21952 --- [restartedMain] org.hibernate.SQL                        : 
    insert 
    into
        medicos_aud
        (revtype, created_at, numero_colegiatura, updated_at, usuario_id, rev, id) 
    values
        (?, ?, ?, ?, ?, ?, ?)
2026-07-09 00:54:01.669 DEBUG 21952 --- [restartedMain] org.hibernate.SQL                        : 
    insert 
    into
        especialidades_aud
        (revtype, activo, costo, created_at, descripcion, nombre, rev, id) 
    values
        (?, ?, ?, ?, ?, ?, ?, ?)
2026-07-09 00:54:01.669 DEBUG 21952 --- [restartedMain] org.hibernate.SQL                        : 
    insert 
    into
        usuarios_aud
        (revtype, activo, apellido, created_at, dni, email, foto_perfil, nombre, password, rol, telefono, updated_at, rev, id) 
    values
        (?, ?, ?, ?, ?, ?, ?, ?, ?, ?, ?, ?, ?, ?)
2026-07-09 00:54:01.670 DEBUG 21952 --- [restartedMain] org.hibernate.SQL                        : 
    insert 
    into
        medicos_aud
        (revtype, created_at, numero_colegiatura, updated_at, usuario_id, rev, id) 
    values
        (?, ?, ?, ?, ?, ?, ?)
2026-07-09 00:54:01.671 DEBUG 21952 --- [restartedMain] org.hibernate.SQL                        : 
    insert 
    into
        especialidades_aud
        (revtype, activo, costo, created_at, descripcion, nombre, rev, id) 
    values
        (?, ?, ?, ?, ?, ?, ?, ?)
2026-07-09 00:54:01.671 DEBUG 21952 --- [restartedMain] org.hibernate.SQL                        : 
    insert 
    into
        usuarios_aud
        (revtype, activo, apellido, created_at, dni, email, foto_perfil, nombre, password, rol, telefono, updated_at, rev, id) 
    values
        (?, ?, ?, ?, ?, ?, ?, ?, ?, ?, ?, ?, ?, ?)
2026-07-09 00:54:01.672 DEBUG 21952 --- [restartedMain] org.hibernate.SQL                        : 
    insert 
    into
        medicos_aud
        (revtype, created_at, numero_colegiatura, updated_at, usuario_id, rev, id) 
    values
        (?, ?, ?, ?, ?, ?, ?)
2026-07-09 00:54:01.672 DEBUG 21952 --- [restartedMain] org.hibernate.SQL                        : 
    insert 
    into
        usuarios_aud
        (revtype, activo, apellido, created_at, dni, email, foto_perfil, nombre, password, rol, telefono, updated_at, rev, id) 
    values
        (?, ?, ?, ?, ?, ?, ?, ?, ?, ?, ?, ?, ?, ?)
2026-07-09 00:54:01.673 DEBUG 21952 --- [restartedMain] org.hibernate.SQL                        : 
    insert 
    into
        pacientes_aud
        (revtype, contacto_emergencia_nombre, contacto_emergencia_parentesco, contacto_emergencia_telefono, created_at, direccion, fecha_nacimiento, genero, grupo_sanguineo, updated_at, usuario_id, rev, id) 
    values
        (?, ?, ?, ?, ?, ?, ?, ?, ?, ?, ?, ?, ?)
2026-07-09 00:54:01.673 DEBUG 21952 --- [restartedMain] org.hibernate.SQL                        : 
    insert 
    into
        usuarios_aud
        (revtype, activo, apellido, created_at, dni, email, foto_perfil, nombre, password, rol, telefono, updated_at, rev, id) 
    values
        (?, ?, ?, ?, ?, ?, ?, ?, ?, ?, ?, ?, ?, ?)
2026-07-09 00:54:01.674 DEBUG 21952 --- [restartedMain] org.hibernate.SQL                        : 
    insert 
    into
        pacientes_aud
        (revtype, contacto_emergencia_nombre, contacto_emergencia_parentesco, contacto_emergencia_telefono, created_at, direccion, fecha_nacimiento, genero, grupo_sanguineo, updated_at, usuario_id, rev, id) 
    values
        (?, ?, ?, ?, ?, ?, ?, ?, ?, ?, ?, ?, ?)
2026-07-09 00:54:01.674 DEBUG 21952 --- [restartedMain] org.hibernate.SQL                        : 
    insert 
    into
        medico_especialidades_aud
        (revtype, medico_id, rev, especialidad_id) 
    values
        (?, ?, ?, ?)
2026-07-09 00:54:01.675 DEBUG 21952 --- [restartedMain] org.hibernate.SQL                        : 
    insert 
    into
        medico_especialidades_aud
        (revtype, medico_id, rev, especialidad_id) 
    values
        (?, ?, ?, ?)
2026-07-09 00:54:01.675 DEBUG 21952 --- [restartedMain] org.hibernate.SQL                        : 
    insert 
    into
        medico_especialidades_aud
        (revtype, medico_id, rev, especialidad_id) 
    values
        (?, ?, ?, ?)
2026-07-09 00:54:01.676 DEBUG 21952 --- [restartedMain] org.hibernate.SQL                        : 
    insert 
    into
        medico_especialidades_aud
        (revtype, medico_id, rev, especialidad_id) 
    values
        (?, ?, ?, ?)
2026-07-09 00:54:01.676 DEBUG 21952 --- [restartedMain] org.hibernate.SQL                        : 
    insert 
    into
        medico_especialidades_aud
        (revtype, medico_id, rev, especialidad_id) 
    values
        (?, ?, ?, ?)
2026-07-09 00:54:01.676 DEBUG 21952 --- [restartedMain] org.hibernate.SQL                        : 
    insert 
    into
        medico_especialidades_aud
        (revtype, medico_id, rev, especialidad_id) 
    values
        (?, ?, ?, ?)
2026-07-09 00:54:01.677 DEBUG 21952 --- [restartedMain] org.hibernate.SQL                        : 
    insert 
    into
        medico_especialidades_aud
        (revtype, medico_id, rev, especialidad_id) 
    values
        (?, ?, ?, ?)
2026-07-09 00:54:01.677 DEBUG 21952 --- [restartedMain] org.hibernate.SQL                        : 
    insert 
    into
        medico_especialidades_aud
        (revtype, medico_id, rev, especialidad_id) 
    values
        (?, ?, ?, ?)
2026-07-09 00:54:01.678 DEBUG 21952 --- [restartedMain] org.hibernate.SQL                        : 
    insert 
    into
        medico_especialidades_aud
        (revtype, medico_id, rev, especialidad_id) 
    values
        (?, ?, ?, ?)
2026-07-09 00:54:01.678 DEBUG 21952 --- [restartedMain] org.hibernate.SQL                        : 
    insert 
    into
        medico_especialidades_aud
        (revtype, medico_id, rev, especialidad_id) 
    values
        (?, ?, ?, ?)
2026-07-09 00:54:03.828 DEBUG 21952 --- [http-nio-8080-exec-1] org.hibernate.SQL                        : 
    select
        u1_0.id,
        u1_0.activo,
        u1_0.apellido,
        u1_0.created_at,
        u1_0.dni,
        u1_0.email,
        u1_0.foto_perfil,
        u1_0.nombre,
        u1_0.password,
        u1_0.rol,
        u1_0.telefono,
        u1_0.updated_at 
    from
        usuarios u1_0 
    where
        u1_0.email=?
2026-07-09 00:54:03.861 DEBUG 21952 --- [http-nio-8080-exec-1] org.hibernate.SQL                        : 
    select
        u1_0.id,
        u1_0.activo,
        u1_0.apellido,
        u1_0.created_at,
        u1_0.dni,
        u1_0.email,
        u1_0.foto_perfil,
        u1_0.nombre,
        u1_0.password,
        u1_0.rol,
        u1_0.telefono,
        u1_0.updated_at 
    from
        usuarios u1_0 
    where
        u1_0.email=?
2026-07-09 00:54:03.864 DEBUG 21952 --- [http-nio-8080-exec-1] org.hibernate.SQL                        : 
    select
        p1_0.id,
        p1_0.contacto_emergencia_nombre,
        p1_0.contacto_emergencia_parentesco,
        p1_0.contacto_emergencia_telefono,
        p1_0.created_at,
        p1_0.direccion,
        p1_0.fecha_nacimiento,
        p1_0.genero,
        p1_0.grupo_sanguineo,
        p1_0.updated_at,
        p1_0.usuario_id 
    from
        pacientes p1_0 
    left join
        usuarios u1_0 
            on u1_0.id=p1_0.usuario_id 
    where
        u1_0.id=?
2026-07-09 00:54:03.869 DEBUG 21952 --- [http-nio-8080-exec-1] org.hibernate.SQL                        : 
    select
        c1_0.id,
        c1_0.created_at,
        c1_0.especialidad_id,
        c1_0.estado,
        c1_0.fecha,
        c1_0.hora_fin,
        c1_0.hora_inicio,
        c1_0.medico_id,
        c1_0.motivo_consulta,
        c1_0.observaciones,
        c1_0.paciente_id,
        c1_0.updated_at 
    from
        citas c1_0 
    left join
        pacientes p1_0 
            on p1_0.id=c1_0.paciente_id 
    where
        p1_0.id=?
2026-07-09 00:54:04.571 DEBUG 21952 --- [http-nio-8080-exec-6] org.hibernate.SQL                        : 
    select
        u1_0.id,
        u1_0.activo,
        u1_0.apellido,
        u1_0.created_at,
        u1_0.dni,
        u1_0.email,
        u1_0.foto_perfil,
        u1_0.nombre,
        u1_0.password,
        u1_0.rol,
        u1_0.telefono,
        u1_0.updated_at 
    from
        usuarios u1_0 
    where
        u1_0.email=?
2026-07-09 00:54:04.571 DEBUG 21952 --- [http-nio-8080-exec-3] org.hibernate.SQL                        : 
    select
        u1_0.id,
        u1_0.activo,
        u1_0.apellido,
        u1_0.created_at,
        u1_0.dni,
        u1_0.email,
        u1_0.foto_perfil,
        u1_0.nombre,
        u1_0.password,
        u1_0.rol,
        u1_0.telefono,
        u1_0.updated_at 
    from
        usuarios u1_0 
    where
        u1_0.email=?
2026-07-09 00:54:04.571 DEBUG 21952 --- [http-nio-8080-exec-2] org.hibernate.SQL                        : 
    select
        u1_0.id,
        u1_0.activo,
        u1_0.apellido,
        u1_0.created_at,
        u1_0.dni,
        u1_0.email,
        u1_0.foto_perfil,
        u1_0.nombre,
        u1_0.password,
        u1_0.rol,
        u1_0.telefono,
        u1_0.updated_at 
    from
        usuarios u1_0 
    where
        u1_0.email=?
2026-07-09 00:54:04.602 DEBUG 21952 --- [http-nio-8080-exec-4] org.hibernate.SQL                        : 
    select
        u1_0.id,
        u1_0.activo,
        u1_0.apellido,
        u1_0.created_at,
        u1_0.dni,
        u1_0.email,
        u1_0.foto_perfil,
        u1_0.nombre,
        u1_0.password,
        u1_0.rol,
        u1_0.telefono,
        u1_0.updated_at 
    from
        usuarios u1_0 
    where
        u1_0.email=?
2026-07-09 00:54:04.602 DEBUG 21952 --- [http-nio-8080-exec-5] org.hibernate.SQL                        : 
    select
        u1_0.id,
        u1_0.activo,
        u1_0.apellido,
        u1_0.created_at,
        u1_0.dni,
        u1_0.email,
        u1_0.foto_perfil,
        u1_0.nombre,
        u1_0.password,
        u1_0.rol,
        u1_0.telefono,
        u1_0.updated_at 
    from
        usuarios u1_0 
    where
        u1_0.email=?
2026-07-09 00:54:06.332 DEBUG 21952 --- [http-nio-8080-exec-7] org.hibernate.SQL                        : 
    select
        u1_0.id,
        u1_0.activo,
        u1_0.apellido,
        u1_0.created_at,
        u1_0.dni,
        u1_0.email,
        u1_0.foto_perfil,
        u1_0.nombre,
        u1_0.password,
        u1_0.rol,
        u1_0.telefono,
        u1_0.updated_at 
    from
        usuarios u1_0 
    where
        u1_0.email=?
2026-07-09 00:54:06.336 DEBUG 21952 --- [http-nio-8080-exec-7] org.hibernate.SQL                        : 
    select
        u1_0.id,
        u1_0.activo,
        u1_0.apellido,
        u1_0.created_at,
        u1_0.dni,
        u1_0.email,
        u1_0.foto_perfil,
        u1_0.nombre,
        u1_0.password,
        u1_0.rol,
        u1_0.telefono,
        u1_0.updated_at 
    from
        usuarios u1_0 
    where
        u1_0.email=?
2026-07-09 00:54:06.337 DEBUG 21952 --- [http-nio-8080-exec-7] org.hibernate.SQL                        : 
    select
        p1_0.id,
        p1_0.contacto_emergencia_nombre,
        p1_0.contacto_emergencia_parentesco,
        p1_0.contacto_emergencia_telefono,
        p1_0.created_at,
        p1_0.direccion,
        p1_0.fecha_nacimiento,
        p1_0.genero,
        p1_0.grupo_sanguineo,
        p1_0.updated_at,
        p1_0.usuario_id 
    from
        pacientes p1_0 
    left join
        usuarios u1_0 
            on u1_0.id=p1_0.usuario_id 
    where
        u1_0.id=?
2026-07-09 00:54:06.338 DEBUG 21952 --- [http-nio-8080-exec-7] org.hibernate.SQL                        : 
    select
        c1_0.id,
        c1_0.created_at,
        c1_0.especialidad_id,
        c1_0.estado,
        c1_0.fecha,
        c1_0.hora_fin,
        c1_0.hora_inicio,
        c1_0.medico_id,
        c1_0.motivo_consulta,
        c1_0.observaciones,
        c1_0.paciente_id,
        c1_0.updated_at 
    from
        citas c1_0 
    left join
        pacientes p1_0 
            on p1_0.id=c1_0.paciente_id 
    where
        p1_0.id=?
2026-07-09 00:54:06.403 DEBUG 21952 --- [http-nio-8080-exec-10] org.hibernate.SQL                        : 
    select
        u1_0.id,
        u1_0.activo,
        u1_0.apellido,
        u1_0.created_at,
        u1_0.dni,
        u1_0.email,
        u1_0.foto_perfil,
        u1_0.nombre,
        u1_0.password,
        u1_0.rol,
        u1_0.telefono,
        u1_0.updated_at 
    from
        usuarios u1_0 
    where
        u1_0.email=?
2026-07-09 00:54:06.403 DEBUG 21952 --- [http-nio-8080-exec-8] org.hibernate.SQL                        : 
    select
        u1_0.id,
        u1_0.activo,
        u1_0.apellido,
        u1_0.created_at,
        u1_0.dni,
        u1_0.email,
        u1_0.foto_perfil,
        u1_0.nombre,
        u1_0.password,
        u1_0.rol,
        u1_0.telefono,
        u1_0.updated_at 
    from
        usuarios u1_0 
    where
        u1_0.email=?
2026-07-09 00:54:06.403 DEBUG 21952 --- [http-nio-8080-exec-9] org.hibernate.SQL                        : 
    select
        u1_0.id,
        u1_0.activo,
        u1_0.apellido,
        u1_0.created_at,
        u1_0.dni,
        u1_0.email,
        u1_0.foto_perfil,
        u1_0.nombre,
        u1_0.password,
        u1_0.rol,
        u1_0.telefono,
        u1_0.updated_at 
    from
        usuarios u1_0 
    where
        u1_0.email=?
2026-07-09 00:54:06.403 DEBUG 21952 --- [http-nio-8080-exec-6] org.hibernate.SQL                        : 
    select
        u1_0.id,
        u1_0.activo,
        u1_0.apellido,
        u1_0.created_at,
        u1_0.dni,
        u1_0.email,
        u1_0.foto_perfil,
        u1_0.nombre,
        u1_0.password,
        u1_0.rol,
        u1_0.telefono,
        u1_0.updated_at 
    from
        usuarios u1_0 
    where
        u1_0.email=?
2026-07-09 00:54:06.422 DEBUG 21952 --- [http-nio-8080-exec-2] org.hibernate.SQL                        : 
    select
        u1_0.id,
        u1_0.activo,
        u1_0.apellido,
        u1_0.created_at,
        u1_0.dni,
        u1_0.email,
        u1_0.foto_perfil,
        u1_0.nombre,
        u1_0.password,
        u1_0.rol,
        u1_0.telefono,
        u1_0.updated_at 
    from
        usuarios u1_0 
    where
        u1_0.email=?
2026-07-09 00:54:07.751 DEBUG 21952 --- [http-nio-8080-exec-3] org.hibernate.SQL                        : 
    select
        u1_0.id,
        u1_0.activo,
        u1_0.apellido,
        u1_0.created_at,
        u1_0.dni,
        u1_0.email,
        u1_0.foto_perfil,
        u1_0.nombre,
        u1_0.password,
        u1_0.rol,
        u1_0.telefono,
        u1_0.updated_at 
    from
        usuarios u1_0 
    where
        u1_0.email=?
2026-07-09 00:54:07.758 DEBUG 21952 --- [http-nio-8080-exec-3] org.hibernate.SQL                        : 
    select
        e1_0.id,
        e1_0.activo,
        e1_0.costo,
        e1_0.created_at,
        e1_0.descripcion,
        e1_0.nombre 
    from
        especialidades e1_0 
    where
        e1_0.activo 
    fetch
        first ? rows only
2026-07-09 00:54:07.761 DEBUG 21952 --- [http-nio-8080-exec-3] org.hibernate.SQL                        : 
    select
        count(e1_0.id) 
    from
        especialidades e1_0 
    where
        e1_0.activo
2026-07-09 00:54:07.804 DEBUG 21952 --- [http-nio-8080-exec-4] org.hibernate.SQL                        : 
    select
        u1_0.id,
        u1_0.activo,
        u1_0.apellido,
        u1_0.created_at,
        u1_0.dni,
        u1_0.email,
        u1_0.foto_perfil,
        u1_0.nombre,
        u1_0.password,
        u1_0.rol,
        u1_0.telefono,
        u1_0.updated_at 
    from
        usuarios u1_0 
    where
        u1_0.email=?
2026-07-09 00:54:07.804 DEBUG 21952 --- [http-nio-8080-exec-1] org.hibernate.SQL                        : 
    select
        u1_0.id,
        u1_0.activo,
        u1_0.apellido,
        u1_0.created_at,
        u1_0.dni,
        u1_0.email,
        u1_0.foto_perfil,
        u1_0.nombre,
        u1_0.password,
        u1_0.rol,
        u1_0.telefono,
        u1_0.updated_at 
    from
        usuarios u1_0 
    where
        u1_0.email=?
2026-07-09 00:54:07.804 DEBUG 21952 --- [http-nio-8080-exec-5] org.hibernate.SQL                        : 
    select
        u1_0.id,
        u1_0.activo,
        u1_0.apellido,
        u1_0.created_at,
        u1_0.dni,
        u1_0.email,
        u1_0.foto_perfil,
        u1_0.nombre,
        u1_0.password,
        u1_0.rol,
        u1_0.telefono,
        u1_0.updated_at 
    from
        usuarios u1_0 
    where
        u1_0.email=?
2026-07-09 00:54:07.809 DEBUG 21952 --- [http-nio-8080-exec-7] org.hibernate.SQL                        : 
    select
        u1_0.id,
        u1_0.activo,
        u1_0.apellido,
        u1_0.created_at,
        u1_0.dni,
        u1_0.email,
        u1_0.foto_perfil,
        u1_0.nombre,
        u1_0.password,
        u1_0.rol,
        u1_0.telefono,
        u1_0.updated_at 
    from
        usuarios u1_0 
    where
        u1_0.email=?
2026-07-09 00:54:07.826 DEBUG 21952 --- [http-nio-8080-exec-10] org.hibernate.SQL                        : 
    select
        u1_0.id,
        u1_0.activo,
        u1_0.apellido,
        u1_0.created_at,
        u1_0.dni,
        u1_0.email,
        u1_0.foto_perfil,
        u1_0.nombre,
        u1_0.password,
        u1_0.rol,
        u1_0.telefono,
        u1_0.updated_at 
    from
        usuarios u1_0 
    where
        u1_0.email=?
2026-07-09 00:54:08.528 DEBUG 21952 --- [http-nio-8080-exec-9] org.hibernate.SQL                        : 
    select
        u1_0.id,
        u1_0.activo,
        u1_0.apellido,
        u1_0.created_at,
        u1_0.dni,
        u1_0.email,
        u1_0.foto_perfil,
        u1_0.nombre,
        u1_0.password,
        u1_0.rol,
        u1_0.telefono,
        u1_0.updated_at 
    from
        usuarios u1_0 
    where
        u1_0.email=?
2026-07-09 00:54:08.537 DEBUG 21952 --- [http-nio-8080-exec-9] org.hibernate.SQL                        : 
    select
        e1_0.id,
        e1_0.activo,
        e1_0.costo,
        e1_0.created_at,
        e1_0.descripcion,
        e1_0.nombre 
    from
        especialidades e1_0 
    where
        e1_0.id=?
2026-07-09 00:54:08.540 DEBUG 21952 --- [http-nio-8080-exec-9] org.hibernate.SQL                        : 
    select
        m1_0.id,
        m1_0.created_at,
        m1_0.numero_colegiatura,
        m1_0.updated_at,
        m1_0.usuario_id 
    from
        medicos m1_0 
    left join
        medico_especialidades e1_0 
            on m1_0.id=e1_0.medico_id 
    where
        e1_0.especialidad_id=?
2026-07-09 00:54:08.573 DEBUG 21952 --- [http-nio-8080-exec-9] org.hibernate.SQL                        : 
    select
        u1_0.id,
        u1_0.activo,
        u1_0.apellido,
        u1_0.created_at,
        u1_0.dni,
        u1_0.email,
        u1_0.foto_perfil,
        u1_0.nombre,
        u1_0.password,
        u1_0.rol,
        u1_0.telefono,
        u1_0.updated_at 
    from
        usuarios u1_0 
    where
        u1_0.id=?
2026-07-09 00:54:08.589 DEBUG 21952 --- [http-nio-8080-exec-6] org.hibernate.SQL                        : 
    select
        u1_0.id,
        u1_0.activo,
        u1_0.apellido,
        u1_0.created_at,
        u1_0.dni,
        u1_0.email,
        u1_0.foto_perfil,
        u1_0.nombre,
        u1_0.password,
        u1_0.rol,
        u1_0.telefono,
        u1_0.updated_at 
    from
        usuarios u1_0 
    where
        u1_0.email=?
2026-07-09 00:54:08.589 DEBUG 21952 --- [http-nio-8080-exec-3] org.hibernate.SQL                        : 
    select
        u1_0.id,
        u1_0.activo,
        u1_0.apellido,
        u1_0.created_at,
        u1_0.dni,
        u1_0.email,
        u1_0.foto_perfil,
        u1_0.nombre,
        u1_0.password,
        u1_0.rol,
        u1_0.telefono,
        u1_0.updated_at 
    from
        usuarios u1_0 
    where
        u1_0.email=?
2026-07-09 00:54:08.589 DEBUG 21952 --- [http-nio-8080-exec-2] org.hibernate.SQL                        : 
    select
        u1_0.id,
        u1_0.activo,
        u1_0.apellido,
        u1_0.created_at,
        u1_0.dni,
        u1_0.email,
        u1_0.foto_perfil,
        u1_0.nombre,
        u1_0.password,
        u1_0.rol,
        u1_0.telefono,
        u1_0.updated_at 
    from
        usuarios u1_0 
    where
        u1_0.email=?
2026-07-09 00:54:08.590 DEBUG 21952 --- [http-nio-8080-exec-8] org.hibernate.SQL                        : 
    select
        u1_0.id,
        u1_0.activo,
        u1_0.apellido,
        u1_0.created_at,
        u1_0.dni,
        u1_0.email,
        u1_0.foto_perfil,
        u1_0.nombre,
        u1_0.password,
        u1_0.rol,
        u1_0.telefono,
        u1_0.updated_at 
    from
        usuarios u1_0 
    where
        u1_0.email=?
2026-07-09 00:54:08.613 DEBUG 21952 --- [http-nio-8080-exec-5] org.hibernate.SQL                        : 
    select
        u1_0.id,
        u1_0.activo,
        u1_0.apellido,
        u1_0.created_at,
        u1_0.dni,
        u1_0.email,
        u1_0.foto_perfil,
        u1_0.nombre,
        u1_0.password,
        u1_0.rol,
        u1_0.telefono,
        u1_0.updated_at 
    from
        usuarios u1_0 
    where
        u1_0.email=?
2026-07-09 00:54:09.064 DEBUG 21952 --- [http-nio-8080-exec-4] org.hibernate.SQL                        : 
    select
        u1_0.id,
        u1_0.activo,
        u1_0.apellido,
        u1_0.created_at,
        u1_0.dni,
        u1_0.email,
        u1_0.foto_perfil,
        u1_0.nombre,
        u1_0.password,
        u1_0.rol,
        u1_0.telefono,
        u1_0.updated_at 
    from
        usuarios u1_0 
    where
        u1_0.email=?
2026-07-09 00:54:09.068 DEBUG 21952 --- [http-nio-8080-exec-4] org.hibernate.SQL                        : 
    select
        e1_0.id,
        e1_0.activo,
        e1_0.costo,
        e1_0.created_at,
        e1_0.descripcion,
        e1_0.nombre 
    from
        especialidades e1_0 
    where
        e1_0.id=?
2026-07-09 00:54:09.070 DEBUG 21952 --- [http-nio-8080-exec-4] org.hibernate.SQL                        : 
    select
        m1_0.id,
        m1_0.created_at,
        m1_0.numero_colegiatura,
        m1_0.updated_at,
        m1_0.usuario_id 
    from
        medicos m1_0 
    where
        m1_0.id=?
2026-07-09 00:54:09.072 DEBUG 21952 --- [http-nio-8080-exec-4] org.hibernate.SQL                        : 
    select
        dm1_0.id,
        dm1_0.activo,
        dm1_0.created_at,
        dm1_0.dia_semana,
        dm1_0.duracion_consulta_min,
        dm1_0.hora_fin,
        dm1_0.hora_inicio,
        dm1_0.medico_id,
        dm1_0.updated_at 
    from
        disponibilidad_medica dm1_0 
    left join
        medicos m1_0 
            on m1_0.id=dm1_0.medico_id 
    where
        m1_0.id=?
2026-07-09 00:54:09.099 DEBUG 21952 --- [http-nio-8080-exec-4] org.hibernate.SQL                        : 
    select
        u1_0.id,
        u1_0.activo,
        u1_0.apellido,
        u1_0.created_at,
        u1_0.dni,
        u1_0.email,
        u1_0.foto_perfil,
        u1_0.nombre,
        u1_0.password,
        u1_0.rol,
        u1_0.telefono,
        u1_0.updated_at 
    from
        usuarios u1_0 
    where
        u1_0.id=?
2026-07-09 00:54:09.118 DEBUG 21952 --- [http-nio-8080-exec-7] org.hibernate.SQL                        : 
    select
        u1_0.id,
        u1_0.activo,
        u1_0.apellido,
        u1_0.created_at,
        u1_0.dni,
        u1_0.email,
        u1_0.foto_perfil,
        u1_0.nombre,
        u1_0.password,
        u1_0.rol,
        u1_0.telefono,
        u1_0.updated_at 
    from
        usuarios u1_0 
    where
        u1_0.email=?
2026-07-09 00:54:09.118 DEBUG 21952 --- [http-nio-8080-exec-9] org.hibernate.SQL                        : 
    select
        u1_0.id,
        u1_0.activo,
        u1_0.apellido,
        u1_0.created_at,
        u1_0.dni,
        u1_0.email,
        u1_0.foto_perfil,
        u1_0.nombre,
        u1_0.password,
        u1_0.rol,
        u1_0.telefono,
        u1_0.updated_at 
    from
        usuarios u1_0 
    where
        u1_0.email=?
2026-07-09 00:54:09.118 DEBUG 21952 --- [http-nio-8080-exec-10] org.hibernate.SQL                        : 
    select
        u1_0.id,
        u1_0.activo,
        u1_0.apellido,
        u1_0.created_at,
        u1_0.dni,
        u1_0.email,
        u1_0.foto_perfil,
        u1_0.nombre,
        u1_0.password,
        u1_0.rol,
        u1_0.telefono,
        u1_0.updated_at 
    from
        usuarios u1_0 
    where
        u1_0.email=?
2026-07-09 00:54:09.118 DEBUG 21952 --- [http-nio-8080-exec-1] org.hibernate.SQL                        : 
    select
        u1_0.id,
        u1_0.activo,
        u1_0.apellido,
        u1_0.created_at,
        u1_0.dni,
        u1_0.email,
        u1_0.foto_perfil,
        u1_0.nombre,
        u1_0.password,
        u1_0.rol,
        u1_0.telefono,
        u1_0.updated_at 
    from
        usuarios u1_0 
    where
        u1_0.email=?
2026-07-09 00:54:09.141 DEBUG 21952 --- [http-nio-8080-exec-3] org.hibernate.SQL                        : 
    select
        u1_0.id,
        u1_0.activo,
        u1_0.apellido,
        u1_0.created_at,
        u1_0.dni,
        u1_0.email,
        u1_0.foto_perfil,
        u1_0.nombre,
        u1_0.password,
        u1_0.rol,
        u1_0.telefono,
        u1_0.updated_at 
    from
        usuarios u1_0 
    where
        u1_0.email=?
2026-07-09 00:54:13.352 DEBUG 21952 --- [http-nio-8080-exec-8] org.hibernate.SQL                        : 
    select
        u1_0.id,
        u1_0.activo,
        u1_0.apellido,
        u1_0.created_at,
        u1_0.dni,
        u1_0.email,
        u1_0.foto_perfil,
        u1_0.nombre,
        u1_0.password,
        u1_0.rol,
        u1_0.telefono,
        u1_0.updated_at 
    from
        usuarios u1_0 
    where
        u1_0.email=?
2026-07-09 00:54:13.361 DEBUG 21952 --- [http-nio-8080-exec-8] org.hibernate.SQL                        : 
    select
        u1_0.id,
        u1_0.activo,
        u1_0.apellido,
        u1_0.created_at,
        u1_0.dni,
        u1_0.email,
        u1_0.foto_perfil,
        u1_0.nombre,
        u1_0.password,
        u1_0.rol,
        u1_0.telefono,
        u1_0.updated_at 
    from
        usuarios u1_0 
    where
        u1_0.email=?
2026-07-09 00:54:13.363 DEBUG 21952 --- [http-nio-8080-exec-8] org.hibernate.SQL                        : 
    select
        p1_0.id,
        p1_0.contacto_emergencia_nombre,
        p1_0.contacto_emergencia_parentesco,
        p1_0.contacto_emergencia_telefono,
        p1_0.created_at,
        p1_0.direccion,
        p1_0.fecha_nacimiento,
        p1_0.genero,
        p1_0.grupo_sanguineo,
        p1_0.updated_at,
        p1_0.usuario_id 
    from
        pacientes p1_0 
    left join
        usuarios u1_0 
            on u1_0.id=p1_0.usuario_id 
    where
        u1_0.id=?
2026-07-09 00:54:13.365 DEBUG 21952 --- [http-nio-8080-exec-8] org.hibernate.SQL                        : 
    select
        e1_0.id,
        e1_0.activo,
        e1_0.costo,
        e1_0.created_at,
        e1_0.descripcion,
        e1_0.nombre 
    from
        especialidades e1_0 
    where
        e1_0.id=?
2026-07-09 00:54:13.366 DEBUG 21952 --- [http-nio-8080-exec-8] org.hibernate.SQL                        : 
    select
        m1_0.id,
        m1_0.created_at,
        m1_0.numero_colegiatura,
        m1_0.updated_at,
        m1_0.usuario_id 
    from
        medicos m1_0 
    where
        m1_0.id=?
2026-07-09 00:54:13.369 DEBUG 21952 --- [http-nio-8080-exec-8] org.hibernate.SQL                        : 
    insert 
    into
        citas
        (created_at, especialidad_id, estado, fecha, hora_fin, hora_inicio, medico_id, motivo_consulta, observaciones, paciente_id, updated_at, id) 
    values
        (?, ?, ?, ?, ?, ?, ?, ?, ?, ?, ?, default)
2026-07-09 00:54:13.372 DEBUG 21952 --- [http-nio-8080-exec-8] org.hibernate.SQL                        : 
    insert 
    into
        revinfo
        (revtstmp, rev) 
    values
        (?, default)
2026-07-09 00:54:13.373 DEBUG 21952 --- [http-nio-8080-exec-8] org.hibernate.SQL                        : 
    insert 
    into
        citas_aud
        (revtype, created_at, especialidad_id, estado, fecha, hora_fin, hora_inicio, medico_id, motivo_consulta, observaciones, paciente_id, updated_at, rev, id) 
    values
        (?, ?, ?, ?, ?, ?, ?, ?, ?, ?, ?, ?, ?, ?)
2026-07-09 00:54:13.374 DEBUG 21952 --- [http-nio-8080-exec-8] org.hibernate.SQL                        : 
    select
        u1_0.id,
        u1_0.activo,
        u1_0.apellido,
        u1_0.created_at,
        u1_0.dni,
        u1_0.email,
        u1_0.foto_perfil,
        u1_0.nombre,
        u1_0.password,
        u1_0.rol,
        u1_0.telefono,
        u1_0.updated_at 
    from
        usuarios u1_0 
    where
        u1_0.id=?
2026-07-09 00:54:13.377 DEBUG 21952 --- [http-nio-8080-exec-8] org.hibernate.SQL                        : 
    insert 
    into
        notificaciones
        (asunto, cita_id, created_at, enviado, fecha_envio, mensaje, tipo, usuario_id, id) 
    values
        (?, ?, ?, ?, ?, ?, ?, ?, default)
2026-07-09 00:54:13.377  INFO 21952 --- [task-1] com.sisol.salud.service.EmailService     : Preparando notificación (genérica) para: paciente1@sisol.com
2026-07-09 00:54:13.378  INFO 21952 --- [http-nio-8080-exec-8] c.s.salud.service.NotificacionService    : Registro de notificación guardado en BD para la cita ID: 1
2026-07-09 00:54:13.395 DEBUG 21952 --- [http-nio-8080-exec-2] org.hibernate.SQL                        : 
    select
        u1_0.id,
        u1_0.activo,
        u1_0.apellido,
        u1_0.created_at,
        u1_0.dni,
        u1_0.email,
        u1_0.foto_perfil,
        u1_0.nombre,
        u1_0.password,
        u1_0.rol,
        u1_0.telefono,
        u1_0.updated_at 
    from
        usuarios u1_0 
    where
        u1_0.email=?
2026-07-09 00:54:13.399 DEBUG 21952 --- [http-nio-8080-exec-2] org.hibernate.SQL                        : 
    select
        u1_0.id,
        u1_0.activo,
        u1_0.apellido,
        u1_0.created_at,
        u1_0.dni,
        u1_0.email,
        u1_0.foto_perfil,
        u1_0.nombre,
        u1_0.password,
        u1_0.rol,
        u1_0.telefono,
        u1_0.updated_at 
    from
        usuarios u1_0 
    where
        u1_0.email=?
2026-07-09 00:54:13.401 DEBUG 21952 --- [http-nio-8080-exec-2] org.hibernate.SQL                        : 
    select
        p1_0.id,
        p1_0.contacto_emergencia_nombre,
        p1_0.contacto_emergencia_parentesco,
        p1_0.contacto_emergencia_telefono,
        p1_0.created_at,
        p1_0.direccion,
        p1_0.fecha_nacimiento,
        p1_0.genero,
        p1_0.grupo_sanguineo,
        p1_0.updated_at,
        p1_0.usuario_id 
    from
        pacientes p1_0 
    left join
        usuarios u1_0 
            on u1_0.id=p1_0.usuario_id 
    where
        u1_0.id=?
2026-07-09 00:54:13.403 DEBUG 21952 --- [http-nio-8080-exec-2] org.hibernate.SQL                        : 
    select
        c1_0.id,
        c1_0.created_at,
        c1_0.especialidad_id,
        c1_0.estado,
        c1_0.fecha,
        c1_0.hora_fin,
        c1_0.hora_inicio,
        c1_0.medico_id,
        c1_0.motivo_consulta,
        c1_0.observaciones,
        c1_0.paciente_id,
        c1_0.updated_at 
    from
        citas c1_0 
    left join
        pacientes p1_0 
            on p1_0.id=c1_0.paciente_id 
    where
        p1_0.id=?
2026-07-09 00:54:13.450 DEBUG 21952 --- [http-nio-8080-exec-2] org.hibernate.SQL                        : 
    select
        e1_0.id,
        e1_0.activo,
        e1_0.costo,
        e1_0.created_at,
        e1_0.descripcion,
        e1_0.nombre 
    from
        especialidades e1_0 
    where
        e1_0.id=?
2026-07-09 00:54:13.451 DEBUG 21952 --- [http-nio-8080-exec-2] org.hibernate.SQL                        : 
    select
        m1_0.id,
        m1_0.created_at,
        m1_0.numero_colegiatura,
        m1_0.updated_at,
        m1_0.usuario_id 
    from
        medicos m1_0 
    where
        m1_0.id=?
2026-07-09 00:54:13.451 DEBUG 21952 --- [http-nio-8080-exec-6] org.hibernate.SQL                        : 
    select
        u1_0.id,
        u1_0.activo,
        u1_0.apellido,
        u1_0.created_at,
        u1_0.dni,
        u1_0.email,
        u1_0.foto_perfil,
        u1_0.nombre,
        u1_0.password,
        u1_0.rol,
        u1_0.telefono,
        u1_0.updated_at 
    from
        usuarios u1_0 
    where
        u1_0.email=?
2026-07-09 00:54:13.451 DEBUG 21952 --- [http-nio-8080-exec-4] org.hibernate.SQL                        : 
    select
        u1_0.id,
        u1_0.activo,
        u1_0.apellido,
        u1_0.created_at,
        u1_0.dni,
        u1_0.email,
        u1_0.foto_perfil,
        u1_0.nombre,
        u1_0.password,
        u1_0.rol,
        u1_0.telefono,
        u1_0.updated_at 
    from
        usuarios u1_0 
    where
        u1_0.email=?
2026-07-09 00:54:13.451 DEBUG 21952 --- [http-nio-8080-exec-5] org.hibernate.SQL                        : 
    select
        u1_0.id,
        u1_0.activo,
        u1_0.apellido,
        u1_0.created_at,
        u1_0.dni,
        u1_0.email,
        u1_0.foto_perfil,
        u1_0.nombre,
        u1_0.password,
        u1_0.rol,
        u1_0.telefono,
        u1_0.updated_at 
    from
        usuarios u1_0 
    where
        u1_0.email=?
2026-07-09 00:54:13.453 DEBUG 21952 --- [http-nio-8080-exec-2] org.hibernate.SQL                        : 
    select
        u1_0.id,
        u1_0.activo,
        u1_0.apellido,
        u1_0.created_at,
        u1_0.dni,
        u1_0.email,
        u1_0.foto_perfil,
        u1_0.nombre,
        u1_0.password,
        u1_0.rol,
        u1_0.telefono,
        u1_0.updated_at 
    from
        usuarios u1_0 
    where
        u1_0.id=?
2026-07-09 00:54:13.471 DEBUG 21952 --- [http-nio-8080-exec-9] org.hibernate.SQL                        : 
    select
        u1_0.id,
        u1_0.activo,
        u1_0.apellido,
        u1_0.created_at,
        u1_0.dni,
        u1_0.email,
        u1_0.foto_perfil,
        u1_0.nombre,
        u1_0.password,
        u1_0.rol,
        u1_0.telefono,
        u1_0.updated_at 
    from
        usuarios u1_0 
    where
        u1_0.email=?
2026-07-09 00:54:13.471 DEBUG 21952 --- [http-nio-8080-exec-10] org.hibernate.SQL                        : 
    select
        u1_0.id,
        u1_0.activo,
        u1_0.apellido,
        u1_0.created_at,
        u1_0.dni,
        u1_0.email,
        u1_0.foto_perfil,
        u1_0.nombre,
        u1_0.password,
        u1_0.rol,
        u1_0.telefono,
        u1_0.updated_at 
    from
        usuarios u1_0 
    where
        u1_0.email=?
2026-07-09 00:54:14.857  WARN 21952 --- [task-1] com.sisol.salud.service.EmailService     : No se pudo enviar el correo a paciente1@sisol.com
2026-07-09 00:54:14.858  WARN 21952 --- [task-1] com.sisol.salud.service.EmailService     : Error: Authentication failed
2026-07-09 00:54:14.858  WARN 21952 --- [task-1] com.sisol.salud.service.EmailService     : HTML que se hubiera enviado:
2026-07-09 00:54:14.859  INFO 21952 --- [task-1] com.sisol.salud.service.EmailService     : <!DOCTYPE html>
<html>
<head>
    <meta charset="UTF-8">
    <meta name="viewport" content="width=device-width, initial-scale=1.0">
    <title>Confirmación de Cita - SISOL Salud</title>
    <style>
        body {
            font-family: 'Segoe UI', Tahoma, Geneva, Verdana, sans-serif;
            background-color: #f4f7f6;
            margin: 0;
            padding: 0;
            color: #333333;
        }
        .email-container {
            max-width: 600px;
            margin: 40px auto;
            background-color: #ffffff;
            border-radius: 8px;
            overflow: hidden;
            box-shadow: 0 4px 15px rgba(0,0,0,0.05);
        }
        .header {
            background-color: #721c24; /* Color Maroon de SISOL */
            padding: 30px 20px;
            text-align: center;
        }
        .header h1 {
            color: #ffffff;
            margin: 0;
            font-size: 24px;
            letter-spacing: 1px;
        }
        .body-content {
            padding: 40px 30px;
        }
        .greeting {
            font-size: 18px;
            font-weight: 600;
            color: #721c24;
            margin-bottom: 20px;
        }
        .message {
            font-size: 15px;
            line-height: 1.6;
            margin-bottom: 30px;
            color: #555555;
        }
        .details-box {
            background-color: #fdf3f3;
            border-left: 4px solid #721c24;
            padding: 20px;
            border-radius: 4px;
            margin-bottom: 30px;
        }
        .detail-row {
            margin-bottom: 12px;
            font-size: 15px;
        }
        .detail-label {
            font-weight: bold;
            color: #721c24;
            display: inline-block;
            width: 120px;
        }
        .footer {
            background-color: #f8f9fa;
            text-align: center;
            padding: 20px;
            font-size: 12px;
            color: #999999;
            border-top: 1px solid #eeeeee;
        }
        .btn {
            display: inline-block;
            background-color: #721c24;
            color: #ffffff;
            text-decoration: none;
            padding: 12px 25px;
            border-radius: 5px;
            font-weight: bold;
            margin-top: 10px;
        }
    </style>
</head>
<body>
    <div class="email-container">
        <!-- Header -->
        <div class="header">
            <h1>SISOL Salud</h1>
        </div>
        
        <!-- Body -->
        <div class="body-content">
            <div class="greeting">¡Hola, <span>Paciente</span>!</div>
            
            <div class="message">
                Nos complace informarte que tu cita médica ha sido registrada y confirmada exitosamente en nuestro sistema. A continuación, te detallamos la información de tu reserva:
            </div>
            
            <div class="details-box">
                <div class="detail-row">
                    <span class="detail-label">Especialidad:</span>
                    <span>Cardiología</span>
                </div>
                <div class="detail-row">
                    <span class="detail-label">Médico:</span>
                    <span>Dr(a). Dr. Card Medico 0</span>
                </div>
                <div class="detail-row">
                    <span class="detail-label">Fecha:</span>
                    <span>2026-07-09</span>
                </div>
                <div class="detail-row">
                    <span class="detail-label">Hora:</span>
                    <span>16:45</span>
                </div>
            </div>
            
            <div class="message" style="font-size: 14px; background-color: #fff8e1; border-left: 4px solid #ffc107; padding: 15px;">
                <strong>Recordatorio Importante:</strong> Por favor preséntate 15 minutos antes de tu cita en la recepción del hospital con tu DNI físico. Si necesitas reprogramar o cancelar, puedes hacerlo desde el Portal del Paciente.
            </div>
        </div>
        
        <!-- Footer -->
        <div class="footer">
            <p>Este es un mensaje automático generado por <span>SISOL Salud</span>, por favor no respondas a este correo.</p>
            <p>&copy; 2026 Todos los derechos reservados.</p>
        </div>
    </div>
</body>
</html>

2026-07-09 00:54:16.173 DEBUG 21952 --- [http-nio-8080-exec-1] org.hibernate.SQL                        : 
    select
        u1_0.id,
        u1_0.activo,
        u1_0.apellido,
        u1_0.created_at,
        u1_0.dni,
        u1_0.email,
        u1_0.foto_perfil,
        u1_0.nombre,
        u1_0.password,
        u1_0.rol,
        u1_0.telefono,
        u1_0.updated_at 
    from
        usuarios u1_0 
    where
        u1_0.email=?
2026-07-09 00:54:26.709  INFO 21952 --- [http-nio-8080-exec-3] com.sisol.salud.service.AuthService      : Intento de inicio de sesión para el usuario: medico0@sisol.com
2026-07-09 00:54:26.763 DEBUG 21952 --- [http-nio-8080-exec-3] org.hibernate.SQL                        : 
    select
        u1_0.id,
        u1_0.activo,
        u1_0.apellido,
        u1_0.created_at,
        u1_0.dni,
        u1_0.email,
        u1_0.foto_perfil,
        u1_0.nombre,
        u1_0.password,
        u1_0.rol,
        u1_0.telefono,
        u1_0.updated_at 
    from
        usuarios u1_0 
    where
        u1_0.email=?
2026-07-09 00:54:26.814 DEBUG 21952 --- [http-nio-8080-exec-3] org.hibernate.SQL                        : 
    select
        u1_0.id,
        u1_0.activo,
        u1_0.apellido,
        u1_0.created_at,
        u1_0.dni,
        u1_0.email,
        u1_0.foto_perfil,
        u1_0.nombre,
        u1_0.password,
        u1_0.rol,
        u1_0.telefono,
        u1_0.updated_at 
    from
        usuarios u1_0 
    where
        u1_0.email=?
2026-07-09 00:54:26.816 DEBUG 21952 --- [http-nio-8080-exec-3] org.hibernate.SQL                        : 
    select
        u1_0.id,
        u1_0.activo,
        u1_0.apellido,
        u1_0.created_at,
        u1_0.dni,
        u1_0.email,
        u1_0.foto_perfil,
        u1_0.nombre,
        u1_0.password,
        u1_0.rol,
        u1_0.telefono,
        u1_0.updated_at 
    from
        usuarios u1_0 
    where
        u1_0.email=?
2026-07-09 00:54:26.836 DEBUG 21952 --- [http-nio-8080-exec-5] org.hibernate.SQL                        : 
    select
        u1_0.id,
        u1_0.activo,
        u1_0.apellido,
        u1_0.created_at,
        u1_0.dni,
        u1_0.email,
        u1_0.foto_perfil,
        u1_0.nombre,
        u1_0.password,
        u1_0.rol,
        u1_0.telefono,
        u1_0.updated_at 
    from
        usuarios u1_0 
    where
        u1_0.email=?
2026-07-09 00:54:26.839 DEBUG 21952 --- [http-nio-8080-exec-5] org.hibernate.SQL                        : 
    select
        u1_0.id,
        u1_0.activo,
        u1_0.apellido,
        u1_0.created_at,
        u1_0.dni,
        u1_0.email,
        u1_0.foto_perfil,
        u1_0.nombre,
        u1_0.password,
        u1_0.rol,
        u1_0.telefono,
        u1_0.updated_at 
    from
        usuarios u1_0 
    where
        u1_0.email=?
2026-07-09 00:54:26.840 DEBUG 21952 --- [http-nio-8080-exec-5] org.hibernate.SQL                        : 
    select
        m1_0.id,
        m1_0.created_at,
        m1_0.numero_colegiatura,
        m1_0.updated_at,
        m1_0.usuario_id 
    from
        medicos m1_0 
    left join
        usuarios u1_0 
            on u1_0.id=m1_0.usuario_id 
    where
        u1_0.id=?
2026-07-09 00:54:26.844 DEBUG 21952 --- [http-nio-8080-exec-5] org.hibernate.SQL                        : 
    select
        c1_0.id,
        c1_0.created_at,
        c1_0.especialidad_id,
        c1_0.estado,
        c1_0.fecha,
        c1_0.hora_fin,
        c1_0.hora_inicio,
        c1_0.medico_id,
        c1_0.motivo_consulta,
        c1_0.observaciones,
        c1_0.paciente_id,
        c1_0.updated_at 
    from
        citas c1_0 
    left join
        medicos m1_0 
            on m1_0.id=c1_0.medico_id 
    where
        m1_0.id=? 
        and c1_0.fecha=?
2026-07-09 00:54:26.847 DEBUG 21952 --- [http-nio-8080-exec-5] org.hibernate.SQL                        : 
    select
        c1_0.id,
        c1_0.created_at,
        c1_0.especialidad_id,
        c1_0.estado,
        c1_0.fecha,
        c1_0.hora_fin,
        c1_0.hora_inicio,
        c1_0.medico_id,
        c1_0.motivo_consulta,
        c1_0.observaciones,
        c1_0.paciente_id,
        c1_0.updated_at 
    from
        citas c1_0 
    left join
        medicos m1_0 
            on m1_0.id=c1_0.medico_id 
    where
        m1_0.id=?
2026-07-09 00:54:26.867 DEBUG 21952 --- [http-nio-8080-exec-5] org.hibernate.SQL                        : 
    select
        e1_0.medico_id,
        e1_1.id,
        e1_1.activo,
        e1_1.costo,
        e1_1.created_at,
        e1_1.descripcion,
        e1_1.nombre 
    from
        medico_especialidades e1_0 
    join
        especialidades e1_1 
            on e1_1.id=e1_0.especialidad_id 
    where
        e1_0.medico_id=?
2026-07-09 00:54:26.873 DEBUG 21952 --- [http-nio-8080-exec-5] org.hibernate.SQL                        : 
    select
        p1_0.id,
        p1_0.contacto_emergencia_nombre,
        p1_0.contacto_emergencia_parentesco,
        p1_0.contacto_emergencia_telefono,
        p1_0.created_at,
        p1_0.direccion,
        p1_0.fecha_nacimiento,
        p1_0.genero,
        p1_0.grupo_sanguineo,
        p1_0.updated_at,
        p1_0.usuario_id 
    from
        pacientes p1_0 
    where
        p1_0.id=?
2026-07-09 00:54:26.874 DEBUG 21952 --- [http-nio-8080-exec-5] org.hibernate.SQL                        : 
    select
        u1_0.id,
        u1_0.activo,
        u1_0.apellido,
        u1_0.created_at,
        u1_0.dni,
        u1_0.email,
        u1_0.foto_perfil,
        u1_0.nombre,
        u1_0.password,
        u1_0.rol,
        u1_0.telefono,
        u1_0.updated_at 
    from
        usuarios u1_0 
    where
        u1_0.id=?
2026-07-09 00:54:30.438 DEBUG 21952 --- [http-nio-8080-exec-6] org.hibernate.SQL                        : 
    select
        u1_0.id,
        u1_0.activo,
        u1_0.apellido,
        u1_0.created_at,
        u1_0.dni,
        u1_0.email,
        u1_0.foto_perfil,
        u1_0.nombre,
        u1_0.password,
        u1_0.rol,
        u1_0.telefono,
        u1_0.updated_at 
    from
        usuarios u1_0 
    where
        u1_0.email=?
2026-07-09 00:54:30.443 DEBUG 21952 --- [http-nio-8080-exec-6] org.hibernate.SQL                        : 
    select
        u1_0.id,
        u1_0.activo,
        u1_0.apellido,
        u1_0.created_at,
        u1_0.dni,
        u1_0.email,
        u1_0.foto_perfil,
        u1_0.nombre,
        u1_0.password,
        u1_0.rol,
        u1_0.telefono,
        u1_0.updated_at 
    from
        usuarios u1_0 
    where
        u1_0.email=?
2026-07-09 00:54:30.444 DEBUG 21952 --- [http-nio-8080-exec-6] org.hibernate.SQL                        : 
    select
        m1_0.id,
        m1_0.created_at,
        m1_0.numero_colegiatura,
        m1_0.updated_at,
        m1_0.usuario_id 
    from
        medicos m1_0 
    left join
        usuarios u1_0 
            on u1_0.id=m1_0.usuario_id 
    where
        u1_0.id=?
2026-07-09 00:54:30.446 DEBUG 21952 --- [http-nio-8080-exec-6] org.hibernate.SQL                        : 
    select
        c1_0.id,
        c1_0.created_at,
        c1_0.especialidad_id,
        c1_0.estado,
        c1_0.fecha,
        c1_0.hora_fin,
        c1_0.hora_inicio,
        c1_0.medico_id,
        c1_0.motivo_consulta,
        c1_0.observaciones,
        c1_0.paciente_id,
        c1_0.updated_at 
    from
        citas c1_0 
    where
        c1_0.id=?
2026-07-09 00:54:30.447 DEBUG 21952 --- [http-nio-8080-exec-6] org.hibernate.SQL                        : 
    select
        p1_0.id,
        p1_0.contacto_emergencia_nombre,
        p1_0.contacto_emergencia_parentesco,
        p1_0.contacto_emergencia_telefono,
        p1_0.created_at,
        p1_0.direccion,
        p1_0.fecha_nacimiento,
        p1_0.genero,
        p1_0.grupo_sanguineo,
        p1_0.updated_at,
        p1_0.usuario_id 
    from
        pacientes p1_0 
    where
        p1_0.id=?
2026-07-09 00:54:30.463 DEBUG 21952 --- [http-nio-8080-exec-6] org.hibernate.SQL                        : 
    select
        u1_0.id,
        u1_0.activo,
        u1_0.apellido,
        u1_0.created_at,
        u1_0.dni,
        u1_0.email,
        u1_0.foto_perfil,
        u1_0.nombre,
        u1_0.password,
        u1_0.rol,
        u1_0.telefono,
        u1_0.updated_at 
    from
        usuarios u1_0 
    where
        u1_0.id=?
2026-07-09 00:54:30.466 DEBUG 21952 --- [http-nio-8080-exec-6] org.hibernate.SQL                        : 
    select
        e1_0.id,
        e1_0.activo,
        e1_0.costo,
        e1_0.created_at,
        e1_0.descripcion,
        e1_0.nombre 
    from
        especialidades e1_0 
    where
        e1_0.id=?
2026-07-09 00:54:41.436 DEBUG 21952 --- [http-nio-8080-exec-2] org.hibernate.SQL                        : 
    select
        u1_0.id,
        u1_0.activo,
        u1_0.apellido,
        u1_0.created_at,
        u1_0.dni,
        u1_0.email,
        u1_0.foto_perfil,
        u1_0.nombre,
        u1_0.password,
        u1_0.rol,
        u1_0.telefono,
        u1_0.updated_at 
    from
        usuarios u1_0 
    where
        u1_0.email=?
2026-07-09 00:54:41.467  WARN 21952 --- [http-nio-8080-exec-2] .m.m.a.ExceptionHandlerExceptionResolver : Resolved [org.springframework.web.multipart.MaxUploadSizeExceededException: Maximum upload size exceeded]
2026-07-09 00:54:46.237 DEBUG 21952 --- [http-nio-8080-exec-1] org.hibernate.SQL                        : 
    select
        u1_0.id,
        u1_0.activo,
        u1_0.apellido,
        u1_0.created_at,
        u1_0.dni,
        u1_0.email,
        u1_0.foto_perfil,
        u1_0.nombre,
        u1_0.password,
        u1_0.rol,
        u1_0.telefono,
        u1_0.updated_at 
    from
        usuarios u1_0 
    where
        u1_0.email=?
2026-07-09 00:54:46.249  WARN 21952 --- [http-nio-8080-exec-1] .m.m.a.ExceptionHandlerExceptionResolver : Resolved [org.springframework.web.multipart.MaxUploadSizeExceededException: Maximum upload size exceeded]
2026-07-09 00:54:47.237 DEBUG 21952 --- [http-nio-8080-exec-7] org.hibernate.SQL                        : 
    select
        u1_0.id,
        u1_0.activo,
        u1_0.apellido,
        u1_0.created_at,
        u1_0.dni,
        u1_0.email,
        u1_0.foto_perfil,
        u1_0.nombre,
        u1_0.password,
        u1_0.rol,
        u1_0.telefono,
        u1_0.updated_at 
    from
        usuarios u1_0 
    where
        u1_0.email=?
2026-07-09 00:54:47.240 DEBUG 21952 --- [http-nio-8080-exec-7] org.hibernate.SQL                        : 
    select
        u1_0.id,
        u1_0.activo,
        u1_0.apellido,
        u1_0.created_at,
        u1_0.dni,
        u1_0.email,
        u1_0.foto_perfil,
        u1_0.nombre,
        u1_0.password,
        u1_0.rol,
        u1_0.telefono,
        u1_0.updated_at 
    from
        usuarios u1_0 
    where
        u1_0.email=?
2026-07-09 00:54:47.241 DEBUG 21952 --- [http-nio-8080-exec-7] org.hibernate.SQL                        : 
    select
        m1_0.id,
        m1_0.created_at,
        m1_0.numero_colegiatura,
        m1_0.updated_at,
        m1_0.usuario_id 
    from
        medicos m1_0 
    left join
        usuarios u1_0 
            on u1_0.id=m1_0.usuario_id 
    where
        u1_0.id=?
2026-07-09 00:54:47.243 DEBUG 21952 --- [http-nio-8080-exec-7] org.hibernate.SQL                        : 
    select
        c1_0.id,
        c1_0.created_at,
        c1_0.especialidad_id,
        c1_0.estado,
        c1_0.fecha,
        c1_0.hora_fin,
        c1_0.hora_inicio,
        c1_0.medico_id,
        c1_0.motivo_consulta,
        c1_0.observaciones,
        c1_0.paciente_id,
        c1_0.updated_at 
    from
        citas c1_0 
    where
        c1_0.id=?
2026-07-09 00:54:47.244 DEBUG 21952 --- [http-nio-8080-exec-7] org.hibernate.SQL                        : 
    select
        p1_0.id,
        p1_0.contacto_emergencia_nombre,
        p1_0.contacto_emergencia_parentesco,
        p1_0.contacto_emergencia_telefono,
        p1_0.created_at,
        p1_0.direccion,
        p1_0.fecha_nacimiento,
        p1_0.genero,
        p1_0.grupo_sanguineo,
        p1_0.updated_at,
        p1_0.usuario_id 
    from
        pacientes p1_0 
    where
        p1_0.id=?
2026-07-09 00:54:47.262 DEBUG 21952 --- [http-nio-8080-exec-7] org.hibernate.SQL                        : 
    select
        u1_0.id,
        u1_0.activo,
        u1_0.apellido,
        u1_0.created_at,
        u1_0.dni,
        u1_0.email,
        u1_0.foto_perfil,
        u1_0.nombre,
        u1_0.password,
        u1_0.rol,
        u1_0.telefono,
        u1_0.updated_at 
    from
        usuarios u1_0 
    where
        u1_0.id=?
2026-07-09 00:54:47.264 DEBUG 21952 --- [http-nio-8080-exec-7] org.hibernate.SQL                        : 
    select
        e1_0.id,
        e1_0.activo,
        e1_0.costo,
        e1_0.created_at,
        e1_0.descripcion,
        e1_0.nombre 
    from
        especialidades e1_0 
    where
        e1_0.id=?
2026-07-09 00:54:48.834 DEBUG 21952 --- [http-nio-8080-exec-10] org.hibernate.SQL                        : 
    select
        u1_0.id,
        u1_0.activo,
        u1_0.apellido,
        u1_0.created_at,
        u1_0.dni,
        u1_0.email,
        u1_0.foto_perfil,
        u1_0.nombre,
        u1_0.password,
        u1_0.rol,
        u1_0.telefono,
        u1_0.updated_at 
    from
        usuarios u1_0 
    where
        u1_0.email=?
2026-07-09 00:54:48.846  WARN 21952 --- [http-nio-8080-exec-10] .m.m.a.ExceptionHandlerExceptionResolver : Resolved [org.springframework.web.multipart.MaxUploadSizeExceededException: Maximum upload size exceeded]
2026-07-09 00:55:02.334 DEBUG 21952 --- [http-nio-8080-exec-4] org.hibernate.SQL                        : 
    select
        u1_0.id,
        u1_0.activo,
        u1_0.apellido,
        u1_0.created_at,
        u1_0.dni,
        u1_0.email,
        u1_0.foto_perfil,
        u1_0.nombre,
        u1_0.password,
        u1_0.rol,
        u1_0.telefono,
        u1_0.updated_at 
    from
        usuarios u1_0 
    where
        u1_0.email=?
2026-07-09 00:55:02.342 DEBUG 21952 --- [http-nio-8080-exec-4] org.hibernate.SQL                        : 
    select
        u1_0.id,
        u1_0.activo,
        u1_0.apellido,
        u1_0.created_at,
        u1_0.dni,
        u1_0.email,
        u1_0.foto_perfil,
        u1_0.nombre,
        u1_0.password,
        u1_0.rol,
        u1_0.telefono,
        u1_0.updated_at 
    from
        usuarios u1_0 
    where
        u1_0.email=?
2026-07-09 00:55:02.344 DEBUG 21952 --- [http-nio-8080-exec-4] org.hibernate.SQL                        : 
    select
        m1_0.id,
        m1_0.created_at,
        m1_0.numero_colegiatura,
        m1_0.updated_at,
        m1_0.usuario_id 
    from
        medicos m1_0 
    left join
        usuarios u1_0 
            on u1_0.id=m1_0.usuario_id 
    where
        u1_0.id=?
2026-07-09 00:55:02.346 DEBUG 21952 --- [http-nio-8080-exec-4] org.hibernate.SQL                        : 
    select
        c1_0.id,
        c1_0.created_at,
        c1_0.especialidad_id,
        c1_0.estado,
        c1_0.fecha,
        c1_0.hora_fin,
        c1_0.hora_inicio,
        c1_0.medico_id,
        c1_0.motivo_consulta,
        c1_0.observaciones,
        c1_0.paciente_id,
        c1_0.updated_at 
    from
        citas c1_0 
    where
        c1_0.id=?
2026-07-09 00:55:02.352 DEBUG 21952 --- [http-nio-8080-exec-4] org.hibernate.SQL                        : 
    update
        citas 
    set
        especialidad_id=?,
        estado=?,
        fecha=?,
        hora_fin=?,
        hora_inicio=?,
        medico_id=?,
        motivo_consulta=?,
        observaciones=?,
        paciente_id=?,
        updated_at=? 
    where
        id=?
2026-07-09 00:55:02.356 DEBUG 21952 --- [http-nio-8080-exec-4] org.hibernate.SQL                        : 
    insert 
    into
        revinfo
        (revtstmp, rev) 
    values
        (?, default)
2026-07-09 00:55:02.357 DEBUG 21952 --- [http-nio-8080-exec-4] org.hibernate.SQL                        : 
    insert 
    into
        citas_aud
        (revtype, created_at, especialidad_id, estado, fecha, hora_fin, hora_inicio, medico_id, motivo_consulta, observaciones, paciente_id, updated_at, rev, id) 
    values
        (?, ?, ?, ?, ?, ?, ?, ?, ?, ?, ?, ?, ?, ?)
2026-07-09 00:55:02.364 DEBUG 21952 --- [http-nio-8080-exec-9] org.hibernate.SQL                        : 
    select
        u1_0.id,
        u1_0.activo,
        u1_0.apellido,
        u1_0.created_at,
        u1_0.dni,
        u1_0.email,
        u1_0.foto_perfil,
        u1_0.nombre,
        u1_0.password,
        u1_0.rol,
        u1_0.telefono,
        u1_0.updated_at 
    from
        usuarios u1_0 
    where
        u1_0.email=?
2026-07-09 00:55:02.367 DEBUG 21952 --- [http-nio-8080-exec-9] org.hibernate.SQL                        : 
    select
        u1_0.id,
        u1_0.activo,
        u1_0.apellido,
        u1_0.created_at,
        u1_0.dni,
        u1_0.email,
        u1_0.foto_perfil,
        u1_0.nombre,
        u1_0.password,
        u1_0.rol,
        u1_0.telefono,
        u1_0.updated_at 
    from
        usuarios u1_0 
    where
        u1_0.email=?
2026-07-09 00:55:02.368 DEBUG 21952 --- [http-nio-8080-exec-9] org.hibernate.SQL                        : 
    select
        m1_0.id,
        m1_0.created_at,
        m1_0.numero_colegiatura,
        m1_0.updated_at,
        m1_0.usuario_id 
    from
        medicos m1_0 
    left join
        usuarios u1_0 
            on u1_0.id=m1_0.usuario_id 
    where
        u1_0.id=?
2026-07-09 00:55:02.370 DEBUG 21952 --- [http-nio-8080-exec-9] org.hibernate.SQL                        : 
    select
        c1_0.id,
        c1_0.created_at,
        c1_0.especialidad_id,
        c1_0.estado,
        c1_0.fecha,
        c1_0.hora_fin,
        c1_0.hora_inicio,
        c1_0.medico_id,
        c1_0.motivo_consulta,
        c1_0.observaciones,
        c1_0.paciente_id,
        c1_0.updated_at 
    from
        citas c1_0 
    left join
        medicos m1_0 
            on m1_0.id=c1_0.medico_id 
    where
        m1_0.id=? 
        and c1_0.fecha=?
2026-07-09 00:55:02.384 DEBUG 21952 --- [http-nio-8080-exec-9] org.hibernate.SQL                        : 
    select
        e1_0.medico_id,
        e1_1.id,
        e1_1.activo,
        e1_1.costo,
        e1_1.created_at,
        e1_1.descripcion,
        e1_1.nombre 
    from
        medico_especialidades e1_0 
    join
        especialidades e1_1 
            on e1_1.id=e1_0.especialidad_id 
    where
        e1_0.medico_id=?
2026-07-09 00:55:02.406 DEBUG 21952 --- [http-nio-8080-exec-8] org.hibernate.SQL                        : 
    select
        u1_0.id,
        u1_0.activo,
        u1_0.apellido,
        u1_0.created_at,
        u1_0.dni,
        u1_0.email,
        u1_0.foto_perfil,
        u1_0.nombre,
        u1_0.password,
        u1_0.rol,
        u1_0.telefono,
        u1_0.updated_at 
    from
        usuarios u1_0 
    where
        u1_0.email=?
2026-07-09 00:55:02.409 DEBUG 21952 --- [http-nio-8080-exec-8] org.hibernate.SQL                        : 
    select
        u1_0.id,
        u1_0.activo,
        u1_0.apellido,
        u1_0.created_at,
        u1_0.dni,
        u1_0.email,
        u1_0.foto_perfil,
        u1_0.nombre,
        u1_0.password,
        u1_0.rol,
        u1_0.telefono,
        u1_0.updated_at 
    from
        usuarios u1_0 
    where
        u1_0.email=?
2026-07-09 00:55:02.411 DEBUG 21952 --- [http-nio-8080-exec-8] org.hibernate.SQL                        : 
    select
        m1_0.id,
        m1_0.created_at,
        m1_0.numero_colegiatura,
        m1_0.updated_at,
        m1_0.usuario_id 
    from
        medicos m1_0 
    left join
        usuarios u1_0 
            on u1_0.id=m1_0.usuario_id 
    where
        u1_0.id=?
2026-07-09 00:55:02.413 DEBUG 21952 --- [http-nio-8080-exec-8] org.hibernate.SQL                        : 
    select
        c1_0.id,
        c1_0.created_at,
        c1_0.especialidad_id,
        c1_0.estado,
        c1_0.fecha,
        c1_0.hora_fin,
        c1_0.hora_inicio,
        c1_0.medico_id,
        c1_0.motivo_consulta,
        c1_0.observaciones,
        c1_0.paciente_id,
        c1_0.updated_at 
    from
        citas c1_0 
    left join
        medicos m1_0 
            on m1_0.id=c1_0.medico_id 
    where
        m1_0.id=?
2026-07-09 00:55:02.414 DEBUG 21952 --- [http-nio-8080-exec-8] org.hibernate.SQL                        : 
    select
        p1_0.id,
        p1_0.contacto_emergencia_nombre,
        p1_0.contacto_emergencia_parentesco,
        p1_0.contacto_emergencia_telefono,
        p1_0.created_at,
        p1_0.direccion,
        p1_0.fecha_nacimiento,
        p1_0.genero,
        p1_0.grupo_sanguineo,
        p1_0.updated_at,
        p1_0.usuario_id 
    from
        pacientes p1_0 
    where
        p1_0.id=?
2026-07-09 00:55:02.415 DEBUG 21952 --- [http-nio-8080-exec-8] org.hibernate.SQL                        : 
    select
        u1_0.id,
        u1_0.activo,
        u1_0.apellido,
        u1_0.created_at,
        u1_0.dni,
        u1_0.email,
        u1_0.foto_perfil,
        u1_0.nombre,
        u1_0.password,
        u1_0.rol,
        u1_0.telefono,
        u1_0.updated_at 
    from
        usuarios u1_0 
    where
        u1_0.id=?
2026-07-09 00:55:04.590 DEBUG 21952 --- [http-nio-8080-exec-3] org.hibernate.SQL                        : 
    select
        u1_0.id,
        u1_0.activo,
        u1_0.apellido,
        u1_0.created_at,
        u1_0.dni,
        u1_0.email,
        u1_0.foto_perfil,
        u1_0.nombre,
        u1_0.password,
        u1_0.rol,
        u1_0.telefono,
        u1_0.updated_at 
    from
        usuarios u1_0 
    where
        u1_0.email=?
2026-07-09 00:55:04.593 DEBUG 21952 --- [http-nio-8080-exec-3] org.hibernate.SQL                        : 
    select
        u1_0.id,
        u1_0.activo,
        u1_0.apellido,
        u1_0.created_at,
        u1_0.dni,
        u1_0.email,
        u1_0.foto_perfil,
        u1_0.nombre,
        u1_0.password,
        u1_0.rol,
        u1_0.telefono,
        u1_0.updated_at 
    from
        usuarios u1_0 
    where
        u1_0.email=?
2026-07-09 00:55:04.594 DEBUG 21952 --- [http-nio-8080-exec-3] org.hibernate.SQL                        : 
    select
        m1_0.id,
        m1_0.created_at,
        m1_0.numero_colegiatura,
        m1_0.updated_at,
        m1_0.usuario_id 
    from
        medicos m1_0 
    left join
        usuarios u1_0 
            on u1_0.id=m1_0.usuario_id 
    where
        u1_0.id=?
2026-07-09 00:55:04.596 DEBUG 21952 --- [http-nio-8080-exec-3] org.hibernate.SQL                        : 
    select
        c1_0.id,
        c1_0.created_at,
        c1_0.especialidad_id,
        c1_0.estado,
        c1_0.fecha,
        c1_0.hora_fin,
        c1_0.hora_inicio,
        c1_0.medico_id,
        c1_0.motivo_consulta,
        c1_0.observaciones,
        c1_0.paciente_id,
        c1_0.updated_at 
    from
        citas c1_0 
    where
        c1_0.id=?
2026-07-09 00:55:04.597 DEBUG 21952 --- [http-nio-8080-exec-3] org.hibernate.SQL                        : 
    select
        p1_0.id,
        p1_0.contacto_emergencia_nombre,
        p1_0.contacto_emergencia_parentesco,
        p1_0.contacto_emergencia_telefono,
        p1_0.created_at,
        p1_0.direccion,
        p1_0.fecha_nacimiento,
        p1_0.genero,
        p1_0.grupo_sanguineo,
        p1_0.updated_at,
        p1_0.usuario_id 
    from
        pacientes p1_0 
    where
        p1_0.id=?
2026-07-09 00:55:04.611 DEBUG 21952 --- [http-nio-8080-exec-3] org.hibernate.SQL                        : 
    select
        u1_0.id,
        u1_0.activo,
        u1_0.apellido,
        u1_0.created_at,
        u1_0.dni,
        u1_0.email,
        u1_0.foto_perfil,
        u1_0.nombre,
        u1_0.password,
        u1_0.rol,
        u1_0.telefono,
        u1_0.updated_at 
    from
        usuarios u1_0 
    where
        u1_0.id=?
2026-07-09 00:55:04.613 DEBUG 21952 --- [http-nio-8080-exec-3] org.hibernate.SQL                        : 
    select
        e1_0.id,
        e1_0.activo,
        e1_0.costo,
        e1_0.created_at,
        e1_0.descripcion,
        e1_0.nombre 
    from
        especialidades e1_0 
    where
        e1_0.id=?
2026-07-09 00:55:09.109 DEBUG 21952 --- [http-nio-8080-exec-5] org.hibernate.SQL                        : 
    select
        u1_0.id,
        u1_0.activo,
        u1_0.apellido,
        u1_0.created_at,
        u1_0.dni,
        u1_0.email,
        u1_0.foto_perfil,
        u1_0.nombre,
        u1_0.password,
        u1_0.rol,
        u1_0.telefono,
        u1_0.updated_at 
    from
        usuarios u1_0 
    where
        u1_0.email=?
2026-07-09 00:55:15.152  INFO 21952 --- [http-nio-8080-exec-7] com.sisol.salud.service.AuthService      : Intento de inicio de sesión para el usuario: paciente1@sisol.com
2026-07-09 00:55:15.154 DEBUG 21952 --- [http-nio-8080-exec-7] org.hibernate.SQL                        : 
    select
        u1_0.id,
        u1_0.activo,
        u1_0.apellido,
        u1_0.created_at,
        u1_0.dni,
        u1_0.email,
        u1_0.foto_perfil,
        u1_0.nombre,
        u1_0.password,
        u1_0.rol,
        u1_0.telefono,
        u1_0.updated_at 
    from
        usuarios u1_0 
    where
        u1_0.email=?
2026-07-09 00:55:15.206 DEBUG 21952 --- [http-nio-8080-exec-7] org.hibernate.SQL                        : 
    select
        u1_0.id,
        u1_0.activo,
        u1_0.apellido,
        u1_0.created_at,
        u1_0.dni,
        u1_0.email,
        u1_0.foto_perfil,
        u1_0.nombre,
        u1_0.password,
        u1_0.rol,
        u1_0.telefono,
        u1_0.updated_at 
    from
        usuarios u1_0 
    where
        u1_0.email=?
2026-07-09 00:55:15.207 DEBUG 21952 --- [http-nio-8080-exec-7] org.hibernate.SQL                        : 
    select
        u1_0.id,
        u1_0.activo,
        u1_0.apellido,
        u1_0.created_at,
        u1_0.dni,
        u1_0.email,
        u1_0.foto_perfil,
        u1_0.nombre,
        u1_0.password,
        u1_0.rol,
        u1_0.telefono,
        u1_0.updated_at 
    from
        usuarios u1_0 
    where
        u1_0.email=?
2026-07-09 00:55:15.213 DEBUG 21952 --- [http-nio-8080-exec-2] org.hibernate.SQL                        : 
    select
        u1_0.id,
        u1_0.activo,
        u1_0.apellido,
        u1_0.created_at,
        u1_0.dni,
        u1_0.email,
        u1_0.foto_perfil,
        u1_0.nombre,
        u1_0.password,
        u1_0.rol,
        u1_0.telefono,
        u1_0.updated_at 
    from
        usuarios u1_0 
    where
        u1_0.email=?
2026-07-09 00:55:15.217 DEBUG 21952 --- [http-nio-8080-exec-2] org.hibernate.SQL                        : 
    select
        u1_0.id,
        u1_0.activo,
        u1_0.apellido,
        u1_0.created_at,
        u1_0.dni,
        u1_0.email,
        u1_0.foto_perfil,
        u1_0.nombre,
        u1_0.password,
        u1_0.rol,
        u1_0.telefono,
        u1_0.updated_at 
    from
        usuarios u1_0 
    where
        u1_0.email=?
2026-07-09 00:55:15.219 DEBUG 21952 --- [http-nio-8080-exec-2] org.hibernate.SQL                        : 
    select
        p1_0.id,
        p1_0.contacto_emergencia_nombre,
        p1_0.contacto_emergencia_parentesco,
        p1_0.contacto_emergencia_telefono,
        p1_0.created_at,
        p1_0.direccion,
        p1_0.fecha_nacimiento,
        p1_0.genero,
        p1_0.grupo_sanguineo,
        p1_0.updated_at,
        p1_0.usuario_id 
    from
        pacientes p1_0 
    left join
        usuarios u1_0 
            on u1_0.id=p1_0.usuario_id 
    where
        u1_0.id=?
2026-07-09 00:55:15.220 DEBUG 21952 --- [http-nio-8080-exec-2] org.hibernate.SQL                        : 
    select
        c1_0.id,
        c1_0.created_at,
        c1_0.especialidad_id,
        c1_0.estado,
        c1_0.fecha,
        c1_0.hora_fin,
        c1_0.hora_inicio,
        c1_0.medico_id,
        c1_0.motivo_consulta,
        c1_0.observaciones,
        c1_0.paciente_id,
        c1_0.updated_at 
    from
        citas c1_0 
    left join
        pacientes p1_0 
            on p1_0.id=c1_0.paciente_id 
    where
        p1_0.id=?
2026-07-09 00:55:15.264 DEBUG 21952 --- [http-nio-8080-exec-6] org.hibernate.SQL                        : 
    select
        u1_0.id,
        u1_0.activo,
        u1_0.apellido,
        u1_0.created_at,
        u1_0.dni,
        u1_0.email,
        u1_0.foto_perfil,
        u1_0.nombre,
        u1_0.password,
        u1_0.rol,
        u1_0.telefono,
        u1_0.updated_at 
    from
        usuarios u1_0 
    where
        u1_0.email=?
2026-07-09 00:55:15.264 DEBUG 21952 --- [http-nio-8080-exec-4] org.hibernate.SQL                        : 
    select
        u1_0.id,
        u1_0.activo,
        u1_0.apellido,
        u1_0.created_at,
        u1_0.dni,
        u1_0.email,
        u1_0.foto_perfil,
        u1_0.nombre,
        u1_0.password,
        u1_0.rol,
        u1_0.telefono,
        u1_0.updated_at 
    from
        usuarios u1_0 
    where
        u1_0.email=?
2026-07-09 00:55:15.264 DEBUG 21952 --- [http-nio-8080-exec-9] org.hibernate.SQL                        : 
    select
        u1_0.id,
        u1_0.activo,
        u1_0.apellido,
        u1_0.created_at,
        u1_0.dni,
        u1_0.email,
        u1_0.foto_perfil,
        u1_0.nombre,
        u1_0.password,
        u1_0.rol,
        u1_0.telefono,
        u1_0.updated_at 
    from
        usuarios u1_0 
    where
        u1_0.email=?
2026-07-09 00:55:15.264 DEBUG 21952 --- [http-nio-8080-exec-5] org.hibernate.SQL                        : 
    select
        u1_0.id,
        u1_0.activo,
        u1_0.apellido,
        u1_0.created_at,
        u1_0.dni,
        u1_0.email,
        u1_0.foto_perfil,
        u1_0.nombre,
        u1_0.password,
        u1_0.rol,
        u1_0.telefono,
        u1_0.updated_at 
    from
        usuarios u1_0 
    where
        u1_0.email=?
2026-07-09 00:55:15.281 DEBUG 21952 --- [http-nio-8080-exec-8] org.hibernate.SQL                        : 
    select
        u1_0.id,
        u1_0.activo,
        u1_0.apellido,
        u1_0.created_at,
        u1_0.dni,
        u1_0.email,
        u1_0.foto_perfil,
        u1_0.nombre,
        u1_0.password,
        u1_0.rol,
        u1_0.telefono,
        u1_0.updated_at 
    from
        usuarios u1_0 
    where
        u1_0.email=?
2026-07-09 00:55:17.172 DEBUG 21952 --- [http-nio-8080-exec-3] org.hibernate.SQL                        : 
    select
        u1_0.id,
        u1_0.activo,
        u1_0.apellido,
        u1_0.created_at,
        u1_0.dni,
        u1_0.email,
        u1_0.foto_perfil,
        u1_0.nombre,
        u1_0.password,
        u1_0.rol,
        u1_0.telefono,
        u1_0.updated_at 
    from
        usuarios u1_0 
    where
        u1_0.email=?
2026-07-09 00:55:17.174 DEBUG 21952 --- [http-nio-8080-exec-3] org.hibernate.SQL                        : 
    select
        u1_0.id,
        u1_0.activo,
        u1_0.apellido,
        u1_0.created_at,
        u1_0.dni,
        u1_0.email,
        u1_0.foto_perfil,
        u1_0.nombre,
        u1_0.password,
        u1_0.rol,
        u1_0.telefono,
        u1_0.updated_at 
    from
        usuarios u1_0 
    where
        u1_0.email=?
2026-07-09 00:55:17.177 DEBUG 21952 --- [http-nio-8080-exec-3] org.hibernate.SQL                        : 
    select
        p1_0.id,
        p1_0.contacto_emergencia_nombre,
        p1_0.contacto_emergencia_parentesco,
        p1_0.contacto_emergencia_telefono,
        p1_0.created_at,
        p1_0.direccion,
        p1_0.fecha_nacimiento,
        p1_0.genero,
        p1_0.grupo_sanguineo,
        p1_0.updated_at,
        p1_0.usuario_id 
    from
        pacientes p1_0 
    left join
        usuarios u1_0 
            on u1_0.id=p1_0.usuario_id 
    where
        u1_0.id=?
2026-07-09 00:55:17.179 DEBUG 21952 --- [http-nio-8080-exec-3] org.hibernate.SQL                        : 
    select
        c1_0.id,
        c1_0.created_at,
        c1_0.especialidad_id,
        c1_0.estado,
        c1_0.fecha,
        c1_0.hora_fin,
        c1_0.hora_inicio,
        c1_0.medico_id,
        c1_0.motivo_consulta,
        c1_0.observaciones,
        c1_0.paciente_id,
        c1_0.updated_at 
    from
        citas c1_0 
    left join
        pacientes p1_0 
            on p1_0.id=c1_0.paciente_id 
    where
        p1_0.id=?
2026-07-09 00:55:17.196 DEBUG 21952 --- [http-nio-8080-exec-3] org.hibernate.SQL                        : 
    select
        e1_0.id,
        e1_0.activo,
        e1_0.costo,
        e1_0.created_at,
        e1_0.descripcion,
        e1_0.nombre 
    from
        especialidades e1_0 
    where
        e1_0.id=?
2026-07-09 00:55:17.198 DEBUG 21952 --- [http-nio-8080-exec-3] org.hibernate.SQL                        : 
    select
        m1_0.id,
        m1_0.created_at,
        m1_0.numero_colegiatura,
        m1_0.updated_at,
        m1_0.usuario_id 
    from
        medicos m1_0 
    where
        m1_0.id=?
2026-07-09 00:55:17.200 DEBUG 21952 --- [http-nio-8080-exec-3] org.hibernate.SQL                        : 
    select
        u1_0.id,
        u1_0.activo,
        u1_0.apellido,
        u1_0.created_at,
        u1_0.dni,
        u1_0.email,
        u1_0.foto_perfil,
        u1_0.nombre,
        u1_0.password,
        u1_0.rol,
        u1_0.telefono,
        u1_0.updated_at 
    from
        usuarios u1_0 
    where
        u1_0.id=?
2026-07-09 00:55:17.203 DEBUG 21952 --- [http-nio-8080-exec-3] org.hibernate.SQL                        : 
    select
        a1_0.cita_id,
        a1_0.id,
        a1_0.created_at,
        a1_0.datos_base64,
        a1_0.nombre_archivo,
        a1_0.tipo_contenido 
    from
        archivos_cita a1_0 
    where
        a1_0.cita_id=?
2026-07-09 00:55:17.214 DEBUG 21952 --- [http-nio-8080-exec-10] org.hibernate.SQL                        : 
    select
        u1_0.id,
        u1_0.activo,
        u1_0.apellido,
        u1_0.created_at,
        u1_0.dni,
        u1_0.email,
        u1_0.foto_perfil,
        u1_0.nombre,
        u1_0.password,
        u1_0.rol,
        u1_0.telefono,
        u1_0.updated_at 
    from
        usuarios u1_0 
    where
        u1_0.email=?
2026-07-09 00:55:17.214 DEBUG 21952 --- [http-nio-8080-exec-1] org.hibernate.SQL                        : 
    select
        u1_0.id,
        u1_0.activo,
        u1_0.apellido,
        u1_0.created_at,
        u1_0.dni,
        u1_0.email,
        u1_0.foto_perfil,
        u1_0.nombre,
        u1_0.password,
        u1_0.rol,
        u1_0.telefono,
        u1_0.updated_at 
    from
        usuarios u1_0 
    where
        u1_0.email=?
2026-07-09 00:55:17.214 DEBUG 21952 --- [http-nio-8080-exec-2] org.hibernate.SQL                        : 
    select
        u1_0.id,
        u1_0.activo,
        u1_0.apellido,
        u1_0.created_at,
        u1_0.dni,
        u1_0.email,
        u1_0.foto_perfil,
        u1_0.nombre,
        u1_0.password,
        u1_0.rol,
        u1_0.telefono,
        u1_0.updated_at 
    from
        usuarios u1_0 
    where
        u1_0.email=?
2026-07-09 00:55:17.214 DEBUG 21952 --- [http-nio-8080-exec-7] org.hibernate.SQL                        : 
    select
        u1_0.id,
        u1_0.activo,
        u1_0.apellido,
        u1_0.created_at,
        u1_0.dni,
        u1_0.email,
        u1_0.foto_perfil,
        u1_0.nombre,
        u1_0.password,
        u1_0.rol,
        u1_0.telefono,
        u1_0.updated_at 
    from
        usuarios u1_0 
    where
        u1_0.email=?
2026-07-09 00:55:17.232 DEBUG 21952 --- [http-nio-8080-exec-6] org.hibernate.SQL                        : 
    select
        u1_0.id,
        u1_0.activo,
        u1_0.apellido,
        u1_0.created_at,
        u1_0.dni,
        u1_0.email,
        u1_0.foto_perfil,
        u1_0.nombre,
        u1_0.password,
        u1_0.rol,
        u1_0.telefono,
        u1_0.updated_at 
    from
        usuarios u1_0 
    where
        u1_0.email=?
2026-07-09 00:55:20.479 DEBUG 21952 --- [http-nio-8080-exec-4] org.hibernate.SQL                        : 
    select
        u1_0.id,
        u1_0.activo,
        u1_0.apellido,
        u1_0.created_at,
        u1_0.dni,
        u1_0.email,
        u1_0.foto_perfil,
        u1_0.nombre,
        u1_0.password,
        u1_0.rol,
        u1_0.telefono,
        u1_0.updated_at 
    from
        usuarios u1_0 
    where
        u1_0.email=?
2026-07-09 00:55:20.481 DEBUG 21952 --- [http-nio-8080-exec-4] org.hibernate.SQL                        : 
    select
        u1_0.id,
        u1_0.activo,
        u1_0.apellido,
        u1_0.created_at,
        u1_0.dni,
        u1_0.email,
        u1_0.foto_perfil,
        u1_0.nombre,
        u1_0.password,
        u1_0.rol,
        u1_0.telefono,
        u1_0.updated_at 
    from
        usuarios u1_0 
    where
        u1_0.email=?
2026-07-09 00:55:20.483 DEBUG 21952 --- [http-nio-8080-exec-4] org.hibernate.SQL                        : 
    select
        p1_0.id,
        p1_0.contacto_emergencia_nombre,
        p1_0.contacto_emergencia_parentesco,
        p1_0.contacto_emergencia_telefono,
        p1_0.created_at,
        p1_0.direccion,
        p1_0.fecha_nacimiento,
        p1_0.genero,
        p1_0.grupo_sanguineo,
        p1_0.updated_at,
        p1_0.usuario_id 
    from
        pacientes p1_0 
    left join
        usuarios u1_0 
            on u1_0.id=p1_0.usuario_id 
    where
        u1_0.id=?
2026-07-09 00:55:20.484 DEBUG 21952 --- [http-nio-8080-exec-4] org.hibernate.SQL                        : 
    select
        c1_0.id,
        c1_0.created_at,
        c1_0.especialidad_id,
        c1_0.estado,
        c1_0.fecha,
        c1_0.hora_fin,
        c1_0.hora_inicio,
        c1_0.medico_id,
        c1_0.motivo_consulta,
        c1_0.observaciones,
        c1_0.paciente_id,
        c1_0.updated_at 
    from
        citas c1_0 
    left join
        pacientes p1_0 
            on p1_0.id=c1_0.paciente_id 
    where
        p1_0.id=?
2026-07-09 00:55:20.523 DEBUG 21952 --- [http-nio-8080-exec-9] org.hibernate.SQL                        : 
    select
        u1_0.id,
        u1_0.activo,
        u1_0.apellido,
        u1_0.created_at,
        u1_0.dni,
        u1_0.email,
        u1_0.foto_perfil,
        u1_0.nombre,
        u1_0.password,
        u1_0.rol,
        u1_0.telefono,
        u1_0.updated_at 
    from
        usuarios u1_0 
    where
        u1_0.email=?
2026-07-09 00:55:20.523 DEBUG 21952 --- [http-nio-8080-exec-8] org.hibernate.SQL                        : 
    select
        u1_0.id,
        u1_0.activo,
        u1_0.apellido,
        u1_0.created_at,
        u1_0.dni,
        u1_0.email,
        u1_0.foto_perfil,
        u1_0.nombre,
        u1_0.password,
        u1_0.rol,
        u1_0.telefono,
        u1_0.updated_at 
    from
        usuarios u1_0 
    where
        u1_0.email=?
2026-07-09 00:55:20.524 DEBUG 21952 --- [http-nio-8080-exec-3] org.hibernate.SQL                        : 
    select
        u1_0.id,
        u1_0.activo,
        u1_0.apellido,
        u1_0.created_at,
        u1_0.dni,
        u1_0.email,
        u1_0.foto_perfil,
        u1_0.nombre,
        u1_0.password,
        u1_0.rol,
        u1_0.telefono,
        u1_0.updated_at 
    from
        usuarios u1_0 
    where
        u1_0.email=?
2026-07-09 00:55:20.524 DEBUG 21952 --- [http-nio-8080-exec-5] org.hibernate.SQL                        : 
    select
        u1_0.id,
        u1_0.activo,
        u1_0.apellido,
        u1_0.created_at,
        u1_0.dni,
        u1_0.email,
        u1_0.foto_perfil,
        u1_0.nombre,
        u1_0.password,
        u1_0.rol,
        u1_0.telefono,
        u1_0.updated_at 
    from
        usuarios u1_0 
    where
        u1_0.email=?
2026-07-09 00:55:20.541 DEBUG 21952 --- [http-nio-8080-exec-7] org.hibernate.SQL                        : 
    select
        u1_0.id,
        u1_0.activo,
        u1_0.apellido,
        u1_0.created_at,
        u1_0.dni,
        u1_0.email,
        u1_0.foto_perfil,
        u1_0.nombre,
        u1_0.password,
        u1_0.rol,
        u1_0.telefono,
        u1_0.updated_at 
    from
        usuarios u1_0 
    where
        u1_0.email=?
2026-07-09 00:55:21.163 DEBUG 21952 --- [http-nio-8080-exec-2] org.hibernate.SQL                        : 
    select
        u1_0.id,
        u1_0.activo,
        u1_0.apellido,
        u1_0.created_at,
        u1_0.dni,
        u1_0.email,
        u1_0.foto_perfil,
        u1_0.nombre,
        u1_0.password,
        u1_0.rol,
        u1_0.telefono,
        u1_0.updated_at 
    from
        usuarios u1_0 
    where
        u1_0.email=?
2026-07-09 00:55:21.165 DEBUG 21952 --- [http-nio-8080-exec-2] org.hibernate.SQL                        : 
    select
        e1_0.id,
        e1_0.activo,
        e1_0.costo,
        e1_0.created_at,
        e1_0.descripcion,
        e1_0.nombre 
    from
        especialidades e1_0 
    where
        e1_0.activo 
    fetch
        first ? rows only
2026-07-09 00:55:21.167 DEBUG 21952 --- [http-nio-8080-exec-2] org.hibernate.SQL                        : 
    select
        count(e1_0.id) 
    from
        especialidades e1_0 
    where
        e1_0.activo
2026-07-09 00:55:21.203 DEBUG 21952 --- [http-nio-8080-exec-10] org.hibernate.SQL                        : 
    select
        u1_0.id,
        u1_0.activo,
        u1_0.apellido,
        u1_0.created_at,
        u1_0.dni,
        u1_0.email,
        u1_0.foto_perfil,
        u1_0.nombre,
        u1_0.password,
        u1_0.rol,
        u1_0.telefono,
        u1_0.updated_at 
    from
        usuarios u1_0 
    where
        u1_0.email=?
2026-07-09 00:55:21.203 DEBUG 21952 --- [http-nio-8080-exec-1] org.hibernate.SQL                        : 
    select
        u1_0.id,
        u1_0.activo,
        u1_0.apellido,
        u1_0.created_at,
        u1_0.dni,
        u1_0.email,
        u1_0.foto_perfil,
        u1_0.nombre,
        u1_0.password,
        u1_0.rol,
        u1_0.telefono,
        u1_0.updated_at 
    from
        usuarios u1_0 
    where
        u1_0.email=?
2026-07-09 00:55:21.203 DEBUG 21952 --- [http-nio-8080-exec-6] org.hibernate.SQL                        : 
    select
        u1_0.id,
        u1_0.activo,
        u1_0.apellido,
        u1_0.created_at,
        u1_0.dni,
        u1_0.email,
        u1_0.foto_perfil,
        u1_0.nombre,
        u1_0.password,
        u1_0.rol,
        u1_0.telefono,
        u1_0.updated_at 
    from
        usuarios u1_0 
    where
        u1_0.email=?
2026-07-09 00:55:21.203 DEBUG 21952 --- [http-nio-8080-exec-4] org.hibernate.SQL                        : 
    select
        u1_0.id,
        u1_0.activo,
        u1_0.apellido,
        u1_0.created_at,
        u1_0.dni,
        u1_0.email,
        u1_0.foto_perfil,
        u1_0.nombre,
        u1_0.password,
        u1_0.rol,
        u1_0.telefono,
        u1_0.updated_at 
    from
        usuarios u1_0 
    where
        u1_0.email=?
2026-07-09 00:55:21.220 DEBUG 21952 --- [http-nio-8080-exec-8] org.hibernate.SQL                        : 
    select
        u1_0.id,
        u1_0.activo,
        u1_0.apellido,
        u1_0.created_at,
        u1_0.dni,
        u1_0.email,
        u1_0.foto_perfil,
        u1_0.nombre,
        u1_0.password,
        u1_0.rol,
        u1_0.telefono,
        u1_0.updated_at 
    from
        usuarios u1_0 
    where
        u1_0.email=?
2026-07-09 00:55:21.893 DEBUG 21952 --- [http-nio-8080-exec-3] org.hibernate.SQL                        : 
    select
        u1_0.id,
        u1_0.activo,
        u1_0.apellido,
        u1_0.created_at,
        u1_0.dni,
        u1_0.email,
        u1_0.foto_perfil,
        u1_0.nombre,
        u1_0.password,
        u1_0.rol,
        u1_0.telefono,
        u1_0.updated_at 
    from
        usuarios u1_0 
    where
        u1_0.email=?
2026-07-09 00:55:21.896 DEBUG 21952 --- [http-nio-8080-exec-3] org.hibernate.SQL                        : 
    select
        e1_0.id,
        e1_0.activo,
        e1_0.costo,
        e1_0.created_at,
        e1_0.descripcion,
        e1_0.nombre 
    from
        especialidades e1_0 
    where
        e1_0.id=?
2026-07-09 00:55:21.897 DEBUG 21952 --- [http-nio-8080-exec-3] org.hibernate.SQL                        : 
    select
        m1_0.id,
        m1_0.created_at,
        m1_0.numero_colegiatura,
        m1_0.updated_at,
        m1_0.usuario_id 
    from
        medicos m1_0 
    left join
        medico_especialidades e1_0 
            on m1_0.id=e1_0.medico_id 
    where
        e1_0.especialidad_id=?
2026-07-09 00:55:21.914 DEBUG 21952 --- [http-nio-8080-exec-3] org.hibernate.SQL                        : 
    select
        u1_0.id,
        u1_0.activo,
        u1_0.apellido,
        u1_0.created_at,
        u1_0.dni,
        u1_0.email,
        u1_0.foto_perfil,
        u1_0.nombre,
        u1_0.password,
        u1_0.rol,
        u1_0.telefono,
        u1_0.updated_at 
    from
        usuarios u1_0 
    where
        u1_0.id=?
2026-07-09 00:55:21.933 DEBUG 21952 --- [http-nio-8080-exec-9] org.hibernate.SQL                        : 
    select
        u1_0.id,
        u1_0.activo,
        u1_0.apellido,
        u1_0.created_at,
        u1_0.dni,
        u1_0.email,
        u1_0.foto_perfil,
        u1_0.nombre,
        u1_0.password,
        u1_0.rol,
        u1_0.telefono,
        u1_0.updated_at 
    from
        usuarios u1_0 
    where
        u1_0.email=?
2026-07-09 00:55:21.934 DEBUG 21952 --- [http-nio-8080-exec-2] org.hibernate.SQL                        : 
    select
        u1_0.id,
        u1_0.activo,
        u1_0.apellido,
        u1_0.created_at,
        u1_0.dni,
        u1_0.email,
        u1_0.foto_perfil,
        u1_0.nombre,
        u1_0.password,
        u1_0.rol,
        u1_0.telefono,
        u1_0.updated_at 
    from
        usuarios u1_0 
    where
        u1_0.email=?
2026-07-09 00:55:21.934 DEBUG 21952 --- [http-nio-8080-exec-5] org.hibernate.SQL                        : 
    select
        u1_0.id,
        u1_0.activo,
        u1_0.apellido,
        u1_0.created_at,
        u1_0.dni,
        u1_0.email,
        u1_0.foto_perfil,
        u1_0.nombre,
        u1_0.password,
        u1_0.rol,
        u1_0.telefono,
        u1_0.updated_at 
    from
        usuarios u1_0 
    where
        u1_0.email=?
2026-07-09 00:55:21.934 DEBUG 21952 --- [http-nio-8080-exec-7] org.hibernate.SQL                        : 
    select
        u1_0.id,
        u1_0.activo,
        u1_0.apellido,
        u1_0.created_at,
        u1_0.dni,
        u1_0.email,
        u1_0.foto_perfil,
        u1_0.nombre,
        u1_0.password,
        u1_0.rol,
        u1_0.telefono,
        u1_0.updated_at 
    from
        usuarios u1_0 
    where
        u1_0.email=?
2026-07-09 00:55:21.951 DEBUG 21952 --- [http-nio-8080-exec-4] org.hibernate.SQL                        : 
    select
        u1_0.id,
        u1_0.activo,
        u1_0.apellido,
        u1_0.created_at,
        u1_0.dni,
        u1_0.email,
        u1_0.foto_perfil,
        u1_0.nombre,
        u1_0.password,
        u1_0.rol,
        u1_0.telefono,
        u1_0.updated_at 
    from
        usuarios u1_0 
    where
        u1_0.email=?
2026-07-09 00:55:22.422 DEBUG 21952 --- [http-nio-8080-exec-10] org.hibernate.SQL                        : 
    select
        u1_0.id,
        u1_0.activo,
        u1_0.apellido,
        u1_0.created_at,
        u1_0.dni,
        u1_0.email,
        u1_0.foto_perfil,
        u1_0.nombre,
        u1_0.password,
        u1_0.rol,
        u1_0.telefono,
        u1_0.updated_at 
    from
        usuarios u1_0 
    where
        u1_0.email=?
2026-07-09 00:55:22.426 DEBUG 21952 --- [http-nio-8080-exec-10] org.hibernate.SQL                        : 
    select
        e1_0.id,
        e1_0.activo,
        e1_0.costo,
        e1_0.created_at,
        e1_0.descripcion,
        e1_0.nombre 
    from
        especialidades e1_0 
    where
        e1_0.id=?
2026-07-09 00:55:22.427 DEBUG 21952 --- [http-nio-8080-exec-10] org.hibernate.SQL                        : 
    select
        m1_0.id,
        m1_0.created_at,
        m1_0.numero_colegiatura,
        m1_0.updated_at,
        m1_0.usuario_id 
    from
        medicos m1_0 
    where
        m1_0.id=?
2026-07-09 00:55:22.428 DEBUG 21952 --- [http-nio-8080-exec-10] org.hibernate.SQL                        : 
    select
        dm1_0.id,
        dm1_0.activo,
        dm1_0.created_at,
        dm1_0.dia_semana,
        dm1_0.duracion_consulta_min,
        dm1_0.hora_fin,
        dm1_0.hora_inicio,
        dm1_0.medico_id,
        dm1_0.updated_at 
    from
        disponibilidad_medica dm1_0 
    left join
        medicos m1_0 
            on m1_0.id=dm1_0.medico_id 
    where
        m1_0.id=?
2026-07-09 00:55:22.445 DEBUG 21952 --- [http-nio-8080-exec-10] org.hibernate.SQL                        : 
    select
        u1_0.id,
        u1_0.activo,
        u1_0.apellido,
        u1_0.created_at,
        u1_0.dni,
        u1_0.email,
        u1_0.foto_perfil,
        u1_0.nombre,
        u1_0.password,
        u1_0.rol,
        u1_0.telefono,
        u1_0.updated_at 
    from
        usuarios u1_0 
    where
        u1_0.id=?
2026-07-09 00:55:22.462 DEBUG 21952 --- [http-nio-8080-exec-8] org.hibernate.SQL                        : 
    select
        u1_0.id,
        u1_0.activo,
        u1_0.apellido,
        u1_0.created_at,
        u1_0.dni,
        u1_0.email,
        u1_0.foto_perfil,
        u1_0.nombre,
        u1_0.password,
        u1_0.rol,
        u1_0.telefono,
        u1_0.updated_at 
    from
        usuarios u1_0 
    where
        u1_0.email=?
2026-07-09 00:55:22.462 DEBUG 21952 --- [http-nio-8080-exec-1] org.hibernate.SQL                        : 
    select
        u1_0.id,
        u1_0.activo,
        u1_0.apellido,
        u1_0.created_at,
        u1_0.dni,
        u1_0.email,
        u1_0.foto_perfil,
        u1_0.nombre,
        u1_0.password,
        u1_0.rol,
        u1_0.telefono,
        u1_0.updated_at 
    from
        usuarios u1_0 
    where
        u1_0.email=?
2026-07-09 00:55:22.462 DEBUG 21952 --- [http-nio-8080-exec-6] org.hibernate.SQL                        : 
    select
        u1_0.id,
        u1_0.activo,
        u1_0.apellido,
        u1_0.created_at,
        u1_0.dni,
        u1_0.email,
        u1_0.foto_perfil,
        u1_0.nombre,
        u1_0.password,
        u1_0.rol,
        u1_0.telefono,
        u1_0.updated_at 
    from
        usuarios u1_0 
    where
        u1_0.email=?
2026-07-09 00:55:22.462 DEBUG 21952 --- [http-nio-8080-exec-3] org.hibernate.SQL                        : 
    select
        u1_0.id,
        u1_0.activo,
        u1_0.apellido,
        u1_0.created_at,
        u1_0.dni,
        u1_0.email,
        u1_0.foto_perfil,
        u1_0.nombre,
        u1_0.password,
        u1_0.rol,
        u1_0.telefono,
        u1_0.updated_at 
    from
        usuarios u1_0 
    where
        u1_0.email=?
2026-07-09 00:55:22.478 DEBUG 21952 --- [http-nio-8080-exec-7] org.hibernate.SQL                        : 
    select
        u1_0.id,
        u1_0.activo,
        u1_0.apellido,
        u1_0.created_at,
        u1_0.dni,
        u1_0.email,
        u1_0.foto_perfil,
        u1_0.nombre,
        u1_0.password,
        u1_0.rol,
        u1_0.telefono,
        u1_0.updated_at 
    from
        usuarios u1_0 
    where
        u1_0.email=?
2026-07-09 00:55:24.206 DEBUG 21952 --- [http-nio-8080-exec-5] org.hibernate.SQL                        : 
    select
        u1_0.id,
        u1_0.activo,
        u1_0.apellido,
        u1_0.created_at,
        u1_0.dni,
        u1_0.email,
        u1_0.foto_perfil,
        u1_0.nombre,
        u1_0.password,
        u1_0.rol,
        u1_0.telefono,
        u1_0.updated_at 
    from
        usuarios u1_0 
    where
        u1_0.email=?
2026-07-09 00:55:24.209 DEBUG 21952 --- [http-nio-8080-exec-5] org.hibernate.SQL                        : 
    select
        u1_0.id,
        u1_0.activo,
        u1_0.apellido,
        u1_0.created_at,
        u1_0.dni,
        u1_0.email,
        u1_0.foto_perfil,
        u1_0.nombre,
        u1_0.password,
        u1_0.rol,
        u1_0.telefono,
        u1_0.updated_at 
    from
        usuarios u1_0 
    where
        u1_0.email=?
2026-07-09 00:55:24.211 DEBUG 21952 --- [http-nio-8080-exec-5] org.hibernate.SQL                        : 
    select
        p1_0.id,
        p1_0.contacto_emergencia_nombre,
        p1_0.contacto_emergencia_parentesco,
        p1_0.contacto_emergencia_telefono,
        p1_0.created_at,
        p1_0.direccion,
        p1_0.fecha_nacimiento,
        p1_0.genero,
        p1_0.grupo_sanguineo,
        p1_0.updated_at,
        p1_0.usuario_id 
    from
        pacientes p1_0 
    left join
        usuarios u1_0 
            on u1_0.id=p1_0.usuario_id 
    where
        u1_0.id=?
2026-07-09 00:55:24.212 DEBUG 21952 --- [http-nio-8080-exec-5] org.hibernate.SQL                        : 
    select
        e1_0.id,
        e1_0.activo,
        e1_0.costo,
        e1_0.created_at,
        e1_0.descripcion,
        e1_0.nombre 
    from
        especialidades e1_0 
    where
        e1_0.id=?
2026-07-09 00:55:24.212 DEBUG 21952 --- [http-nio-8080-exec-5] org.hibernate.SQL                        : 
    select
        m1_0.id,
        m1_0.created_at,
        m1_0.numero_colegiatura,
        m1_0.updated_at,
        m1_0.usuario_id 
    from
        medicos m1_0 
    where
        m1_0.id=?
2026-07-09 00:55:24.213 DEBUG 21952 --- [http-nio-8080-exec-5] org.hibernate.SQL                        : 
    insert 
    into
        citas
        (created_at, especialidad_id, estado, fecha, hora_fin, hora_inicio, medico_id, motivo_consulta, observaciones, paciente_id, updated_at, id) 
    values
        (?, ?, ?, ?, ?, ?, ?, ?, ?, ?, ?, default)
2026-07-09 00:55:24.215 DEBUG 21952 --- [http-nio-8080-exec-5] org.hibernate.SQL                        : 
    insert 
    into
        revinfo
        (revtstmp, rev) 
    values
        (?, default)
2026-07-09 00:55:24.216 DEBUG 21952 --- [http-nio-8080-exec-5] org.hibernate.SQL                        : 
    insert 
    into
        citas_aud
        (revtype, created_at, especialidad_id, estado, fecha, hora_fin, hora_inicio, medico_id, motivo_consulta, observaciones, paciente_id, updated_at, rev, id) 
    values
        (?, ?, ?, ?, ?, ?, ?, ?, ?, ?, ?, ?, ?, ?)
2026-07-09 00:55:24.217 DEBUG 21952 --- [http-nio-8080-exec-5] org.hibernate.SQL                        : 
    select
        u1_0.id,
        u1_0.activo,
        u1_0.apellido,
        u1_0.created_at,
        u1_0.dni,
        u1_0.email,
        u1_0.foto_perfil,
        u1_0.nombre,
        u1_0.password,
        u1_0.rol,
        u1_0.telefono,
        u1_0.updated_at 
    from
        usuarios u1_0 
    where
        u1_0.id=?
2026-07-09 00:55:24.218  INFO 21952 --- [task-2] com.sisol.salud.service.EmailService     : Preparando notificación (genérica) para: paciente1@sisol.com
2026-07-09 00:55:24.218 DEBUG 21952 --- [http-nio-8080-exec-5] org.hibernate.SQL                        : 
    insert 
    into
        notificaciones
        (asunto, cita_id, created_at, enviado, fecha_envio, mensaje, tipo, usuario_id, id) 
    values
        (?, ?, ?, ?, ?, ?, ?, ?, default)
2026-07-09 00:55:24.219  INFO 21952 --- [http-nio-8080-exec-5] c.s.salud.service.NotificacionService    : Registro de notificación guardado en BD para la cita ID: 2
2026-07-09 00:55:24.226 DEBUG 21952 --- [http-nio-8080-exec-2] org.hibernate.SQL                        : 
    select
        u1_0.id,
        u1_0.activo,
        u1_0.apellido,
        u1_0.created_at,
        u1_0.dni,
        u1_0.email,
        u1_0.foto_perfil,
        u1_0.nombre,
        u1_0.password,
        u1_0.rol,
        u1_0.telefono,
        u1_0.updated_at 
    from
        usuarios u1_0 
    where
        u1_0.email=?
2026-07-09 00:55:24.228 DEBUG 21952 --- [http-nio-8080-exec-2] org.hibernate.SQL                        : 
    select
        u1_0.id,
        u1_0.activo,
        u1_0.apellido,
        u1_0.created_at,
        u1_0.dni,
        u1_0.email,
        u1_0.foto_perfil,
        u1_0.nombre,
        u1_0.password,
        u1_0.rol,
        u1_0.telefono,
        u1_0.updated_at 
    from
        usuarios u1_0 
    where
        u1_0.email=?
2026-07-09 00:55:24.229 DEBUG 21952 --- [http-nio-8080-exec-2] org.hibernate.SQL                        : 
    select
        p1_0.id,
        p1_0.contacto_emergencia_nombre,
        p1_0.contacto_emergencia_parentesco,
        p1_0.contacto_emergencia_telefono,
        p1_0.created_at,
        p1_0.direccion,
        p1_0.fecha_nacimiento,
        p1_0.genero,
        p1_0.grupo_sanguineo,
        p1_0.updated_at,
        p1_0.usuario_id 
    from
        pacientes p1_0 
    left join
        usuarios u1_0 
            on u1_0.id=p1_0.usuario_id 
    where
        u1_0.id=?
2026-07-09 00:55:24.231 DEBUG 21952 --- [http-nio-8080-exec-2] org.hibernate.SQL                        : 
    select
        c1_0.id,
        c1_0.created_at,
        c1_0.especialidad_id,
        c1_0.estado,
        c1_0.fecha,
        c1_0.hora_fin,
        c1_0.hora_inicio,
        c1_0.medico_id,
        c1_0.motivo_consulta,
        c1_0.observaciones,
        c1_0.paciente_id,
        c1_0.updated_at 
    from
        citas c1_0 
    left join
        pacientes p1_0 
            on p1_0.id=c1_0.paciente_id 
    where
        p1_0.id=?
2026-07-09 00:55:24.252 DEBUG 21952 --- [http-nio-8080-exec-2] org.hibernate.SQL                        : 
    select
        e1_0.id,
        e1_0.activo,
        e1_0.costo,
        e1_0.created_at,
        e1_0.descripcion,
        e1_0.nombre 
    from
        especialidades e1_0 
    where
        e1_0.id=?
2026-07-09 00:55:24.253 DEBUG 21952 --- [http-nio-8080-exec-2] org.hibernate.SQL                        : 
    select
        m1_0.id,
        m1_0.created_at,
        m1_0.numero_colegiatura,
        m1_0.updated_at,
        m1_0.usuario_id 
    from
        medicos m1_0 
    where
        m1_0.id=?
2026-07-09 00:55:24.254 DEBUG 21952 --- [http-nio-8080-exec-2] org.hibernate.SQL                        : 
    select
        u1_0.id,
        u1_0.activo,
        u1_0.apellido,
        u1_0.created_at,
        u1_0.dni,
        u1_0.email,
        u1_0.foto_perfil,
        u1_0.nombre,
        u1_0.password,
        u1_0.rol,
        u1_0.telefono,
        u1_0.updated_at 
    from
        usuarios u1_0 
    where
        u1_0.id=?
2026-07-09 00:55:24.269 DEBUG 21952 --- [http-nio-8080-exec-9] org.hibernate.SQL                        : 
    select
        u1_0.id,
        u1_0.activo,
        u1_0.apellido,
        u1_0.created_at,
        u1_0.dni,
        u1_0.email,
        u1_0.foto_perfil,
        u1_0.nombre,
        u1_0.password,
        u1_0.rol,
        u1_0.telefono,
        u1_0.updated_at 
    from
        usuarios u1_0 
    where
        u1_0.email=?
2026-07-09 00:55:24.269 DEBUG 21952 --- [http-nio-8080-exec-8] org.hibernate.SQL                        : 
    select
        u1_0.id,
        u1_0.activo,
        u1_0.apellido,
        u1_0.created_at,
        u1_0.dni,
        u1_0.email,
        u1_0.foto_perfil,
        u1_0.nombre,
        u1_0.password,
        u1_0.rol,
        u1_0.telefono,
        u1_0.updated_at 
    from
        usuarios u1_0 
    where
        u1_0.email=?
2026-07-09 00:55:24.269 DEBUG 21952 --- [http-nio-8080-exec-4] org.hibernate.SQL                        : 
    select
        u1_0.id,
        u1_0.activo,
        u1_0.apellido,
        u1_0.created_at,
        u1_0.dni,
        u1_0.email,
        u1_0.foto_perfil,
        u1_0.nombre,
        u1_0.password,
        u1_0.rol,
        u1_0.telefono,
        u1_0.updated_at 
    from
        usuarios u1_0 
    where
        u1_0.email=?
2026-07-09 00:55:24.270 DEBUG 21952 --- [http-nio-8080-exec-10] org.hibernate.SQL                        : 
    select
        u1_0.id,
        u1_0.activo,
        u1_0.apellido,
        u1_0.created_at,
        u1_0.dni,
        u1_0.email,
        u1_0.foto_perfil,
        u1_0.nombre,
        u1_0.password,
        u1_0.rol,
        u1_0.telefono,
        u1_0.updated_at 
    from
        usuarios u1_0 
    where
        u1_0.email=?
2026-07-09 00:55:24.288 DEBUG 21952 --- [http-nio-8080-exec-6] org.hibernate.SQL                        : 
    select
        u1_0.id,
        u1_0.activo,
        u1_0.apellido,
        u1_0.created_at,
        u1_0.dni,
        u1_0.email,
        u1_0.foto_perfil,
        u1_0.nombre,
        u1_0.password,
        u1_0.rol,
        u1_0.telefono,
        u1_0.updated_at 
    from
        usuarios u1_0 
    where
        u1_0.email=?
2026-07-09 00:55:25.548  WARN 21952 --- [task-2] com.sisol.salud.service.EmailService     : No se pudo enviar el correo a paciente1@sisol.com
2026-07-09 00:55:25.549  WARN 21952 --- [task-2] com.sisol.salud.service.EmailService     : Error: Authentication failed
2026-07-09 00:55:25.549  WARN 21952 --- [task-2] com.sisol.salud.service.EmailService     : HTML que se hubiera enviado:
2026-07-09 00:55:25.551  INFO 21952 --- [task-2] com.sisol.salud.service.EmailService     : <!DOCTYPE html>
<html>
<head>
    <meta charset="UTF-8">
    <meta name="viewport" content="width=device-width, initial-scale=1.0">
    <title>Confirmación de Cita - SISOL Salud</title>
    <style>
        body {
            font-family: 'Segoe UI', Tahoma, Geneva, Verdana, sans-serif;
            background-color: #f4f7f6;
            margin: 0;
            padding: 0;
            color: #333333;
        }
        .email-container {
            max-width: 600px;
            margin: 40px auto;
            background-color: #ffffff;
            border-radius: 8px;
            overflow: hidden;
            box-shadow: 0 4px 15px rgba(0,0,0,0.05);
        }
        .header {
            background-color: #721c24; /* Color Maroon de SISOL */
            padding: 30px 20px;
            text-align: center;
        }
        .header h1 {
            color: #ffffff;
            margin: 0;
            font-size: 24px;
            letter-spacing: 1px;
        }
        .body-content {
            padding: 40px 30px;
        }
        .greeting {
            font-size: 18px;
            font-weight: 600;
            color: #721c24;
            margin-bottom: 20px;
        }
        .message {
            font-size: 15px;
            line-height: 1.6;
            margin-bottom: 30px;
            color: #555555;
        }
        .details-box {
            background-color: #fdf3f3;
            border-left: 4px solid #721c24;
            padding: 20px;
            border-radius: 4px;
            margin-bottom: 30px;
        }
        .detail-row {
            margin-bottom: 12px;
            font-size: 15px;
        }
        .detail-label {
            font-weight: bold;
            color: #721c24;
            display: inline-block;
            width: 120px;
        }
        .footer {
            background-color: #f8f9fa;
            text-align: center;
            padding: 20px;
            font-size: 12px;
            color: #999999;
            border-top: 1px solid #eeeeee;
        }
        .btn {
            display: inline-block;
            background-color: #721c24;
            color: #ffffff;
            text-decoration: none;
            padding: 12px 25px;
            border-radius: 5px;
            font-weight: bold;
            margin-top: 10px;
        }
    </style>
</head>
<body>
    <div class="email-container">
        <!-- Header -->
        <div class="header">
            <h1>SISOL Salud</h1>
        </div>
        
        <!-- Body -->
        <div class="body-content">
            <div class="greeting">¡Hola, <span>Paciente</span>!</div>
            
            <div class="message">
                Nos complace informarte que tu cita médica ha sido registrada y confirmada exitosamente en nuestro sistema. A continuación, te detallamos la información de tu reserva:
            </div>
            
            <div class="details-box">
                <div class="detail-row">
                    <span class="detail-label">Especialidad:</span>
                    <span>Cardiología</span>
                </div>
                <div class="detail-row">
                    <span class="detail-label">Médico:</span>
                    <span>Dr(a). Dr. Card Medico 0</span>
                </div>
                <div class="detail-row">
                    <span class="detail-label">Fecha:</span>
                    <span>2026-07-09</span>
                </div>
                <div class="detail-row">
                    <span class="detail-label">Hora:</span>
                    <span>16:45</span>
                </div>
            </div>
            
            <div class="message" style="font-size: 14px; background-color: #fff8e1; border-left: 4px solid #ffc107; padding: 15px;">
                <strong>Recordatorio Importante:</strong> Por favor preséntate 15 minutos antes de tu cita en la recepción del hospital con tu DNI físico. Si necesitas reprogramar o cancelar, puedes hacerlo desde el Portal del Paciente.
            </div>
        </div>
        
        <!-- Footer -->
        <div class="footer">
            <p>Este es un mensaje automático generado por <span>SISOL Salud</span>, por favor no respondas a este correo.</p>
            <p>&copy; 2026 Todos los derechos reservados.</p>
        </div>
    </div>
</body>
</html>

2026-07-09 00:55:30.732 DEBUG 21952 --- [http-nio-8080-exec-3] org.hibernate.SQL                        : 
    select
        u1_0.id,
        u1_0.activo,
        u1_0.apellido,
        u1_0.created_at,
        u1_0.dni,
        u1_0.email,
        u1_0.foto_perfil,
        u1_0.nombre,
        u1_0.password,
        u1_0.rol,
        u1_0.telefono,
        u1_0.updated_at 
    from
        usuarios u1_0 
    where
        u1_0.email=?
2026-07-09 00:55:30.734 DEBUG 21952 --- [http-nio-8080-exec-3] org.hibernate.SQL                        : 
    select
        u1_0.id,
        u1_0.activo,
        u1_0.apellido,
        u1_0.created_at,
        u1_0.dni,
        u1_0.email,
        u1_0.foto_perfil,
        u1_0.nombre,
        u1_0.password,
        u1_0.rol,
        u1_0.telefono,
        u1_0.updated_at 
    from
        usuarios u1_0 
    where
        u1_0.email=?
2026-07-09 00:55:30.737 DEBUG 21952 --- [http-nio-8080-exec-3] org.hibernate.SQL                        : 
    select
        p1_0.id,
        p1_0.contacto_emergencia_nombre,
        p1_0.contacto_emergencia_parentesco,
        p1_0.contacto_emergencia_telefono,
        p1_0.created_at,
        p1_0.direccion,
        p1_0.fecha_nacimiento,
        p1_0.genero,
        p1_0.grupo_sanguineo,
        p1_0.updated_at,
        p1_0.usuario_id 
    from
        pacientes p1_0 
    left join
        usuarios u1_0 
            on u1_0.id=p1_0.usuario_id 
    where
        u1_0.id=?
2026-07-09 00:55:30.738 DEBUG 21952 --- [http-nio-8080-exec-3] org.hibernate.SQL                        : 
    select
        c1_0.id,
        c1_0.created_at,
        c1_0.especialidad_id,
        c1_0.estado,
        c1_0.fecha,
        c1_0.hora_fin,
        c1_0.hora_inicio,
        c1_0.medico_id,
        c1_0.motivo_consulta,
        c1_0.observaciones,
        c1_0.paciente_id,
        c1_0.updated_at 
    from
        citas c1_0 
    left join
        pacientes p1_0 
            on p1_0.id=c1_0.paciente_id 
    where
        p1_0.id=?
2026-07-09 00:55:30.765 DEBUG 21952 --- [http-nio-8080-exec-3] org.hibernate.SQL                        : 
    select
        m1_0.id,
        m1_0.created_at,
        m1_0.numero_colegiatura,
        m1_0.updated_at,
        m1_0.usuario_id 
    from
        medicos m1_0 
    where
        m1_0.id=?
2026-07-09 00:55:30.767 DEBUG 21952 --- [http-nio-8080-exec-3] org.hibernate.SQL                        : 
    select
        u1_0.id,
        u1_0.activo,
        u1_0.apellido,
        u1_0.created_at,
        u1_0.dni,
        u1_0.email,
        u1_0.foto_perfil,
        u1_0.nombre,
        u1_0.password,
        u1_0.rol,
        u1_0.telefono,
        u1_0.updated_at 
    from
        usuarios u1_0 
    where
        u1_0.id=?
2026-07-09 00:55:30.768 DEBUG 21952 --- [http-nio-8080-exec-3] org.hibernate.SQL                        : 
    select
        e1_0.id,
        e1_0.activo,
        e1_0.costo,
        e1_0.created_at,
        e1_0.descripcion,
        e1_0.nombre 
    from
        especialidades e1_0 
    where
        e1_0.id=?
2026-07-09 00:55:30.783 DEBUG 21952 --- [http-nio-8080-exec-2] org.hibernate.SQL                        : 
    select
        u1_0.id,
        u1_0.activo,
        u1_0.apellido,
        u1_0.created_at,
        u1_0.dni,
        u1_0.email,
        u1_0.foto_perfil,
        u1_0.nombre,
        u1_0.password,
        u1_0.rol,
        u1_0.telefono,
        u1_0.updated_at 
    from
        usuarios u1_0 
    where
        u1_0.email=?
2026-07-09 00:55:30.783 DEBUG 21952 --- [http-nio-8080-exec-5] org.hibernate.SQL                        : 
    select
        u1_0.id,
        u1_0.activo,
        u1_0.apellido,
        u1_0.created_at,
        u1_0.dni,
        u1_0.email,
        u1_0.foto_perfil,
        u1_0.nombre,
        u1_0.password,
        u1_0.rol,
        u1_0.telefono,
        u1_0.updated_at 
    from
        usuarios u1_0 
    where
        u1_0.email=?
2026-07-09 00:55:30.783 DEBUG 21952 --- [http-nio-8080-exec-7] org.hibernate.SQL                        : 
    select
        u1_0.id,
        u1_0.activo,
        u1_0.apellido,
        u1_0.created_at,
        u1_0.dni,
        u1_0.email,
        u1_0.foto_perfil,
        u1_0.nombre,
        u1_0.password,
        u1_0.rol,
        u1_0.telefono,
        u1_0.updated_at 
    from
        usuarios u1_0 
    where
        u1_0.email=?
2026-07-09 00:55:30.783 DEBUG 21952 --- [http-nio-8080-exec-1] org.hibernate.SQL                        : 
    select
        u1_0.id,
        u1_0.activo,
        u1_0.apellido,
        u1_0.created_at,
        u1_0.dni,
        u1_0.email,
        u1_0.foto_perfil,
        u1_0.nombre,
        u1_0.password,
        u1_0.rol,
        u1_0.telefono,
        u1_0.updated_at 
    from
        usuarios u1_0 
    where
        u1_0.email=?
2026-07-09 00:55:30.804 DEBUG 21952 --- [http-nio-8080-exec-10] org.hibernate.SQL                        : 
    select
        u1_0.id,
        u1_0.activo,
        u1_0.apellido,
        u1_0.created_at,
        u1_0.dni,
        u1_0.email,
        u1_0.foto_perfil,
        u1_0.nombre,
        u1_0.password,
        u1_0.rol,
        u1_0.telefono,
        u1_0.updated_at 
    from
        usuarios u1_0 
    where
        u1_0.email=?
2026-07-09 00:55:31.292 DEBUG 21952 --- [http-nio-8080-exec-8] org.hibernate.SQL                        : 
    select
        u1_0.id,
        u1_0.activo,
        u1_0.apellido,
        u1_0.created_at,
        u1_0.dni,
        u1_0.email,
        u1_0.foto_perfil,
        u1_0.nombre,
        u1_0.password,
        u1_0.rol,
        u1_0.telefono,
        u1_0.updated_at 
    from
        usuarios u1_0 
    where
        u1_0.email=?
2026-07-09 00:55:31.295 DEBUG 21952 --- [http-nio-8080-exec-8] org.hibernate.SQL                        : 
    select
        e1_0.id,
        e1_0.activo,
        e1_0.costo,
        e1_0.created_at,
        e1_0.descripcion,
        e1_0.nombre 
    from
        especialidades e1_0 
    where
        e1_0.activo 
    fetch
        first ? rows only
2026-07-09 00:55:31.296 DEBUG 21952 --- [http-nio-8080-exec-8] org.hibernate.SQL                        : 
    select
        count(e1_0.id) 
    from
        especialidades e1_0 
    where
        e1_0.activo
2026-07-09 00:55:31.333 DEBUG 21952 --- [http-nio-8080-exec-4] org.hibernate.SQL                        : 
    select
        u1_0.id,
        u1_0.activo,
        u1_0.apellido,
        u1_0.created_at,
        u1_0.dni,
        u1_0.email,
        u1_0.foto_perfil,
        u1_0.nombre,
        u1_0.password,
        u1_0.rol,
        u1_0.telefono,
        u1_0.updated_at 
    from
        usuarios u1_0 
    where
        u1_0.email=?
2026-07-09 00:55:31.333 DEBUG 21952 --- [http-nio-8080-exec-3] org.hibernate.SQL                        : 
    select
        u1_0.id,
        u1_0.activo,
        u1_0.apellido,
        u1_0.created_at,
        u1_0.dni,
        u1_0.email,
        u1_0.foto_perfil,
        u1_0.nombre,
        u1_0.password,
        u1_0.rol,
        u1_0.telefono,
        u1_0.updated_at 
    from
        usuarios u1_0 
    where
        u1_0.email=?
2026-07-09 00:55:31.333 DEBUG 21952 --- [http-nio-8080-exec-6] org.hibernate.SQL                        : 
    select
        u1_0.id,
        u1_0.activo,
        u1_0.apellido,
        u1_0.created_at,
        u1_0.dni,
        u1_0.email,
        u1_0.foto_perfil,
        u1_0.nombre,
        u1_0.password,
        u1_0.rol,
        u1_0.telefono,
        u1_0.updated_at 
    from
        usuarios u1_0 
    where
        u1_0.email=?
2026-07-09 00:55:31.333 DEBUG 21952 --- [http-nio-8080-exec-9] org.hibernate.SQL                        : 
    select
        u1_0.id,
        u1_0.activo,
        u1_0.apellido,
        u1_0.created_at,
        u1_0.dni,
        u1_0.email,
        u1_0.foto_perfil,
        u1_0.nombre,
        u1_0.password,
        u1_0.rol,
        u1_0.telefono,
        u1_0.updated_at 
    from
        usuarios u1_0 
    where
        u1_0.email=?
2026-07-09 00:55:31.350 DEBUG 21952 --- [http-nio-8080-exec-5] org.hibernate.SQL                        : 
    select
        u1_0.id,
        u1_0.activo,
        u1_0.apellido,
        u1_0.created_at,
        u1_0.dni,
        u1_0.email,
        u1_0.foto_perfil,
        u1_0.nombre,
        u1_0.password,
        u1_0.rol,
        u1_0.telefono,
        u1_0.updated_at 
    from
        usuarios u1_0 
    where
        u1_0.email=?
